ticker,Company Name,Industry,sector,is_fo_stock,fo_category,Include,stage,stage_raw,stage_variant,stage_classification,stage_display,stage_confidence,stage_reason,stage_state_reason,stage_failed_since,last_stage2_date,stage_pending_raw,daily_setup_bucket,weekly_setup_bucket,combined_bucket,daily_score,weekly_score,combined_score,industry_boost,final_daily_score,final_weekly_score,final_combined_score,rs_3m_pct,rs_6m_pct,avg_turnover_inr,notes,current_rank,prev_rank,prev_stage,prev_daily_setup_bucket,prev_weekly_setup_bucket,prev_score,rank_change,combined_score_change,new_daily_breakout,new_weekly_breakout,entered_stage_2,new_top_10,new_top_20
APOLLOHOSP.NS,Apollo Hospitals Enterprise Limited,Healthcare,Unknown,True,F&O,1,Stage 2,Stage 2,Clean Stage 2,Clean Stage 2,Stage 2 • Clean Stage 2,0.9,"Price is above rising key averages, weekly structure is supportive, and the stock is near its 52-week high.",,,2026-08-17,,watchlist,weekly_near_pivot,watchlist,73.28,69.95,71.78,10.0,73.28,69.95,81.78,7.3,23.18,3376778924.16,"Stage 2, Clean Stage 2, trend_template_ok, weekly_vcp_ok, weekly_strong",1,1,Stage 2,watchlist,weekly_near_pivot,81.06,0,0.7199999999999989,False,False,False,False,False
SONACOMS.NS,Sona BLW Precision Forgings Limited,Automobile and Auto Components,Unknown,True,F&O,1,Stage 2,Stage 2,Extended Stage 2,Extended Stage 2,Stage 2 • Extended Stage 2,0.78,"Advancing structure remains intact, but price is stretched versus key moving averages or far above the 52-week low.",,,2026-08-17,,watchlist,weekly_breakout,watchlist,71.35,65.8,68.85,10.0,71.35,65.8,78.85,39.47,63.37,2373479395.23,"Stage 2, Extended Stage 2, trend_template_ok, weekly_vcp_ok, weekly_volume_dryup, weekly_strong",2,11,Stage 2,watchlist,weekly_breakout,73.46,9,5.390000000000001,False,False,False,True,False
GABRIEL.NS,Gabriel India Limited,Automobile and Auto Components,Unknown,False,Cash,1,Stage 2,Stage 2,Clean Stage 2,Clean Stage 2,Stage 2 • Clean Stage 2,0.9,"Price is above rising key averages, weekly structure is supportive, and the stock is near its 52-week high.",,,2026-08-17,,forming_vcp,weekly_breakout,watchlist,69.2,68.0,68.66,10.0,69.2,68.0,78.66,33.07,54.6,982431342.51,"Stage 2, Clean Stage 2, trend_template_ok, daily_vcp_ok, weekly_vcp_ok, volume_dryup, weekly_volume_dryup, weekly_strong",3,2,Stage 2,forming_vcp,weekly_breakout,78.66,-1,0.0,False,False,False,False,False
BOSCHLTD.NS,Bosch Limited,Automobile and Auto Components,Unknown,True,F&O,1,Stage 2,Stage 2,Extended Stage 2,Extended Stage 2,Stage 2 • Extended Stage 2,0.78,"Advancing structure remains intact, but price is stretched versus key moving averages or far above the 52-week low.",,,2026-08-17,,watchlist,weekly_breakout,watchlist,69.33,64.96,67.36,10.0,69.33,64.96,77.36,31.22,40.39,2005510585.24,"Stage 2, Extended Stage 2, trend_template_ok, weekly_vcp_ok, weekly_strong",4,9,Stage 2,watchlist,weekly_breakout,74.23,5,3.1299999999999955,False,False,False,False,False
DIVISLAB.NS,Divi's Laboratories Limited,Healthcare,Unknown,True,F&O,1,Stage 2,Stage 2,Clean Stage 2,Clean Stage 2,Stage 2 • Clean Stage 2,0.9,"Price is above rising key averages, weekly structure is supportive, and the stock is near its 52-week high.",,,2026-08-17,,forming_vcp,weekly_breakout,watchlist,67.56,64.75,66.3,10.0,67.56,64.75,76.3,23.25,46.22,4507656761.71,"Stage 2, Clean Stage 2, trend_template_ok, daily_vcp_ok, weekly_vcp_ok, weekly_volume_dryup, weekly_strong",5,6,Stage 2,watchlist,weekly_breakout,75.55,1,0.75,False,False,False,False,False
TVSMOTOR.NS,TVS Motor Company Limited,Automobile and Auto Components,Unknown,True,F&O,1,Stage 2,Stage 2,Clean Stage 2,Clean Stage 2,Stage 2 • Clean Stage 2,0.9,"Price is above rising key averages, weekly structure is supportive, and the stock is near its 52-week high.",,,2026-08-17,,watchlist,weekly_near_pivot,watchlist,60.6,70.74,65.16,10.0,60.6,70.74,75.16,30.73,18.64,5149123641.6,"Stage 2, Clean Stage 2, trend_template_ok, weekly_vcp_ok, volume_dryup, weekly_volume_dryup, weekly_strong",6,8,Stage 2,watchlist,weekly_near_pivot,74.74,2,0.4200000000000017,False,False,False,False,False
ASTERDM.NS,Aster DM Healthcare Limited,Healthcare,Unknown,False,Cash,1,Stage 2,Stage 2,Clean Stage 2,Clean Stage 2,Stage 2 • Clean Stage 2,0.9,"Price is above rising key averages, weekly structure is supportive, and the stock is near its 52-week high.",,,2026-08-17,,watchlist,weekly_near_pivot,watchlist,59.24,69.41,63.82,10.0,59.24,69.41,73.82,5.77,38.36,651111486.51,"Stage 2, Clean Stage 2, trend_template_ok, weekly_vcp_ok, weekly_strong",7,5,Stage 2,watchlist,weekly_near_pivot,75.69,-2,-1.8700000000000045,False,False,False,False,False
IPCALAB.NS,IPCA Laboratories Limited,Healthcare,Unknown,False,Cash,1,Stage 2,Stage 2,Clean Stage 2,Clean Stage 2,Stage 2 • Clean Stage 2,0.9,"Price is above rising key averages, weekly structure is supportive, and the stock is near its 52-week high.",,,2026-08-17,,watchlist,weekly_near_pivot,watchlist,60.66,66.76,63.41,10.0,60.66,66.76,73.41,12.07,34.21,1195968073.9,"Stage 2, Clean Stage 2, trend_template_ok, weekly_vcp_ok, weekly_strong",8,7,Stage 2,watchlist,weekly_near_pivot,74.89,-1,-1.480000000000004,False,False,False,False,False
TIIL.NS,Technocraft Industries (India) Limited,Capital Goods,Unknown,False,Cash,1,Stage 2,Stage 2,Extended Stage 2,Extended Stage 2,Stage 2 • Extended Stage 2,0.78,"Advancing structure remains intact, but price is stretched versus key moving averages or far above the 52-week low.",,,2026-08-17,,watchlist,weekly_breakout,watchlist,69.95,64.65,67.57,5.0,69.95,64.65,72.57,24.77,32.7,219985253.54,"Stage 2, Extended Stage 2, trend_template_ok, weekly_vcp_ok, weekly_strong",9,12,Stage 2,watchlist,weekly_breakout,71.11,3,1.4599999999999937,False,False,False,True,False
AUROPHARMA.NS,Aurobindo Pharma Limited,Healthcare,Unknown,True,F&O,1,Stage 2,Stage 2,Clean Stage 2,Clean Stage 2,Stage 2 • Clean Stage 2,0.9,"Price is above rising key averages, weekly structure is supportive, and the stock is near its 52-week high.",,,2026-08-17,,watchlist,weekly_breakout,watchlist,57.02,68.08,62.0,10.0,57.02,68.08,72.0,6.77,48.06,1541564182.2,"Stage 2, Clean Stage 2, trend_template_ok, weekly_vcp_ok, weekly_volume_dryup, weekly_strong",10,3,Stage 2,watchlist,weekly_near_pivot,76.82,-7,-4.819999999999993,False,True,False,False,False
AEGISLOG.NS,Aegis Logistics Ltd.,"Oil, Gas & Consumable Fuels",Unknown,False,Cash,1,Stage 2,Stage 2,Extended Stage 2,Extended Stage 2,Stage 2 • Extended Stage 2,0.78,"Advancing structure remains intact, but price is stretched versus key moving averages or far above the 52-week low.",,,2026-08-17,,watchlist,weekly_forming,watchlist,67.22,65.0,66.22,5.0,67.22,65.0,71.22,87.83,103.3,1665727740.55,"Stage 2, Extended Stage 2, trend_template_ok, weekly_vcp_ok, volume_dryup, weekly_volume_dryup, weekly_strong",11,16,Stage 2,watchlist,weekly_forming,69.22,5,2.0,False,False,False,False,False
EICHERMOT.NS,Eicher Motors Limited,Automobile and Auto Components,Unknown,True,F&O,1,Stage 2,Stage 2,Clean Stage 2,Clean Stage 2,Stage 2 • Clean Stage 2,0.9,"Price is above rising key averages, weekly structure is supportive, and the stock is near its 52-week high.",,,2026-08-17,,forming_vcp,weekly_breakout,watchlist,62.05,60.07,61.16,10.0,62.05,60.07,71.16,15.6,7.14,3957728724.11,"Stage 2, Clean Stage 2, trend_template_ok, daily_vcp_ok, weekly_vcp_ok, volume_dryup, weekly_volume_dryup, weekly_strong",12,13,Stage 2,forming_vcp,weekly_breakout,70.89,1,0.269999999999996,False,False,False,False,False
FLUOROCHEM.NS,Gujarat Fluorochemicals Limited,Chemicals,Unknown,False,Cash,1,Stage 2,Stage 2,Clean Stage 2,Clean Stage 2,Stage 2 • Clean Stage 2,0.9,"Price is above rising key averages, weekly structure is supportive, and the stock is near its 52-week high.",,,2026-08-17,,watchlist,weekly_breakout,watchlist,65.2,65.52,65.34,5.0,65.2,65.52,70.34,22.67,43.56,1257401002.61,"Stage 2, Clean Stage 2, trend_template_ok, weekly_vcp_ok, weekly_strong",13,4,Stage 2,watchlist,weekly_breakout,76.26,-9,-5.920000000000002,False,False,False,False,False
FEDERALBNK.NS,The Federal Bank Limited,Financial Services,Unknown,True,F&O,1,Stage 2,Stage 2,Clean Stage 2,Clean Stage 2,Stage 2 • Clean Stage 2,0.9,"Price is above rising key averages, weekly structure is supportive, and the stock is near its 52-week high.",,,2026-08-17,,watchlist,weekly_near_pivot,watchlist,66.44,70.24,68.15,2.0,66.44,70.24,70.15,21.88,30.52,1698351966.7,"Stage 2, Clean Stage 2, trend_template_ok, weekly_vcp_ok, volume_dryup, weekly_volume_dryup, weekly_strong",14,14,Stage 2,watchlist,weekly_near_pivot,69.85,0,0.30000000000001137,False,False,False,False,False
RKFORGE.NS,Ramkrishna Forgings Limited,Capital Goods,Unknown,False,Cash,1,Stage 2,Stage 2,Extended Stage 2,Extended Stage 2,Stage 2 • Extended Stage 2,0.78,"Advancing structure remains intact, but price is stretched versus key moving averages or far above the 52-week low.",,,2026-08-17,,watchlist,weekly_breakout,watchlist,64.12,66.09,65.01,5.0,64.12,66.09,70.01,31.27,40.61,1522116603.24,"Stage 2, Extended Stage 2, trend_template_ok, weekly_vcp_ok, weekly_volume_dryup, weekly_strong",15,15,Stage 2,watchlist,weekly_breakout,69.63,0,0.38000000000000966,False,False,False,False,False
MEDANTA.NS,Global Health Limited,Healthcare,Unknown,False,Cash,1,Stage 2,Stage 2,Early Stage 2,Early Stage 2,Stage 2 • Early Stage 2,0.72,"Price has moved above long-term structure, but the full moving-average stack is not clean yet.",,,2026-08-17,,watchlist,weekly_breakout,watchlist,57.17,58.74,57.88,10.0,57.17,58.74,67.88,14.41,31.64,421900478.64,"Stage 2, Early Stage 2, weekly_vcp_ok, weekly_strong",16,50,Stage 2,watchlist,weekly_breakout,61.12,34,6.759999999999998,False,False,False,False,True
HARSHA.NS,Harsha Engineers International Limited,Capital Goods,Unknown,False,Cash,1,Stage 2,Stage 2,Clean Stage 2,Clean Stage 2,Stage 2 • Clean Stage 2,0.9,"Price is above rising key averages, weekly structure is supportive, and the stock is near its 52-week high.",,,2026-08-17,,watchlist,weekly_near_pivot,watchlist,58.4,67.64,62.56,5.0,58.4,67.64,67.56,5.79,20.57,79903513.35,"Stage 2, Clean Stage 2, trend_template_ok, weekly_vcp_ok, weekly_strong",17,10,Stage 2,watchlist,weekly_near_pivot,73.63,-7,-6.069999999999993,False,False,False,False,False
ATHERENERG.NS,Ather Energy Ltd.,Automobile and Auto Components,Unknown,False,Cash,1,Stage 2,Stage 2,Extended Stage 2,Extended Stage 2,Stage 2 • Extended Stage 2,0.78,"Advancing structure remains intact, but price is stretched versus key moving averages or far above the 52-week low.",,,2026-08-17,,watchlist,weekly_near_pivot,watchlist,42.9,74.9,57.3,10.0,42.9,74.9,67.3,63.89,107.79,6417251244.08,"Stage 2, Extended Stage 2, trend_template_ok, weekly_vcp_ok, weekly_volume_dryup, weekly_strong",18,18,Stage 2,watchlist,weekly_near_pivot,66.81,0,0.4899999999999949,False,False,False,False,False
PRUDENT.NS,Prudent Corporate Advisory Services Limited,Financial Services,Unknown,False,Cash,1,Stage 2,Stage 2,Clean Stage 2,Clean Stage 2,Stage 2 • Clean Stage 2,0.9,"Price is above rising key averages, weekly structure is supportive, and the stock is near its 52-week high.",,,2026-08-17,,watchlist,weekly_breakout,watchlist,64.16,64.86,64.48,2.0,64.16,64.86,66.48,24.87,34.74,207610139.44,"Stage 2, Clean Stage 2, trend_template_ok, weekly_vcp_ok, weekly_strong",19,22,Stage 2,watchlist,weekly_breakout,65.84,3,0.6400000000000006,False,False,False,False,True
SSWL.NS,Steel Strips Wheels Limited,Automobile and Auto Components,Unknown,False,Cash,1,Stage 2,Stage 2,Extended Stage 2,Extended Stage 2,Stage 2 • Extended Stage 2,0.78,"Advancing structure remains intact, but price is stretched versus key moving averages or far above the 52-week low.",,,2026-08-17,,watchlist,weekly_breakout,watchlist,48.75,65.8,56.42,10.0,48.75,65.8,66.42,49.62,47.5,276117943.44,"Stage 2, Extended Stage 2, trend_template_ok, weekly_vcp_ok, volume_dryup, weekly_volume_dryup, weekly_strong",20,19,Stage 2,watchlist,weekly_breakout,66.42,-1,0.0,False,False,False,False,False
GLENMARK.NS,Glenmark Pharmaceuticals Limited,Healthcare,Unknown,True,F&O,1,Stage 2,Stage 2,Stage 2,Stage 2,Stage 2,0.76,Advancing structure detected.,,,2026-08-17,,watchlist,weekly_near_pivot,watchlist,45.99,68.53,56.13,10.0,45.99,68.53,66.13,-5.07,21.38,1146298778.84,"Stage 2, Stage 2, daily_vcp_ok, weekly_vcp_ok, volume_dryup, weekly_volume_dryup, weekly_strong",21,20,Stage 2,watchlist,weekly_near_pivot,66.33,-1,-0.20000000000000284,False,False,False,False,False
KARURVYSYA.NS,Karur Vysya Bank Limited,Financial Services,Unknown,False,Cash,1,Stage 2,Stage 2,Clean Stage 2,Clean Stage 2,Stage 2 • Clean Stage 2,0.9,"Price is above rising key averages, weekly structure is supportive, and the stock is near its 52-week high.",,,2026-08-17,,forming_vcp,weekly_breakout,watchlist,66.82,60.52,63.98,2.0,66.82,60.52,65.98,14.83,12.36,891547236.78,"Stage 2, Clean Stage 2, trend_template_ok, daily_vcp_ok, weekly_vcp_ok, volume_dryup, weekly_volume_dryup, weekly_strong",22,21,Stage 2,forming_vcp,weekly_breakout,65.95,-1,0.030000000000001137,False,False,False,False,False
ACE.NS,Action Construction Equipment Limited,Capital Goods,Unknown,False,Cash,1,Stage 2,Stage 2,Early Stage 2,Early Stage 2,Stage 2 • Early Stage 2,0.72,"Price has moved above long-term structure, but the full moving-average stack is not clean yet.",,,2026-08-17,,watchlist,weekly_breakout,watchlist,55.39,66.82,60.53,5.0,55.39,66.82,65.53,30.14,38.05,911483749.55,"Stage 2, Early Stage 2, weekly_vcp_ok, volume_dryup, weekly_strong",23,45,Stage 2,watchlist,weekly_breakout,62.55,22,2.980000000000004,False,False,False,False,False
RAJRATAN.NS,Rajratan Global Wire Limited,Automobile and Auto Components,Unknown,False,Cash,1,Stage 2,Stage 2,Early Stage 2,Early Stage 2,Stage 2 • Early Stage 2,0.72,"Price has moved above long-term structure, but the full moving-average stack is not clean yet.",,,2026-08-17,,watchlist,weekly_breakout,watchlist,50.01,61.71,55.28,10.0,50.01,61.71,65.28,23.07,16.03,124424117.93,"Stage 2, Early Stage 2, weekly_vcp_ok, volume_dryup, weekly_volume_dryup, weekly_strong",24,32,Stage 2,watchlist,weekly_breakout,63.73,8,1.5500000000000043,False,False,False,False,False
TVSSRICHAK.NS,TVS Srichakra Limited,Automobile and Auto Components,Unknown,False,Cash,1,Stage 2,Stage 2,Early Stage 2,Early Stage 2,Stage 2 • Early Stage 2,0.72,"Price has moved above long-term structure, but the full moving-average stack is not clean yet.",,,2026-08-17,,watchlist,weekly_breakout,watchlist,49.03,62.35,55.02,10.0,49.03,62.35,65.02,30.19,15.29,283505486.15,"Stage 2, Early Stage 2, weekly_vcp_ok, weekly_strong",25,17,Stage 2,watchlist,weekly_breakout,67.03,-8,-2.010000000000005,False,False,False,False,False
PRICOLLTD.NS,Pricol Limited,Automobile and Auto Components,Unknown,False,Cash,1,Stage 2,Stage 2,Extended Stage 2,Extended Stage 2,Stage 2 • Extended Stage 2,0.78,"Advancing structure remains intact, but price is stretched versus key moving averages or far above the 52-week low.",,,2026-08-17,,watchlist,weekly_breakout,watchlist,45.6,65.7,54.65,10.0,45.6,65.7,64.65,46.66,32.29,520823922.74,"Stage 2, Extended Stage 2, weekly_vcp_ok, weekly_strong",26,26,Stage 2,watchlist,weekly_breakout,64.54,0,0.10999999999999943,False,False,False,False,False
NYKAA.NS,FSN E-Commerce Ventures Limited,Consumer Services,Unknown,True,F&O,1,Stage 2,Stage 2,Messy Stage 2,Messy Stage 2,Stage 2 • Messy Stage 2,0.64,"Long-term structure is still constructive, but the short-term/weekly structure is not clean.",,,2026-08-17,,watchlist,weekly_breakout,watchlist,63.27,61.77,62.6,2.0,63.27,61.77,64.6,15.34,24.31,2108422713.97,"Stage 2, Messy Stage 2, trend_template_ok, weekly_vcp_ok, weekly_volume_dryup, weekly_strong",27,24,Stage 2,watchlist,weekly_breakout,64.97,-3,-0.37000000000000455,False,False,False,False,False
PNBHOUSING.NS,PNB Housing Finance Limited,Financial Services,Unknown,True,F&O,1,Stage 2,Stage 2,Clean Stage 2,Clean Stage 2,Stage 2 • Clean Stage 2,0.9,"Price is above rising key averages, weekly structure is supportive, and the stock is near its 52-week high.",,,2026-08-17,,watchlist,weekly_breakout,watchlist,61.92,62.9,62.36,2.0,61.92,62.9,64.36,6.89,44.11,1147410340.07,"Stage 2, Clean Stage 2, trend_template_ok, weekly_vcp_ok, weekly_volume_dryup, weekly_strong",28,27,Stage 2,watchlist,weekly_breakout,64.49,-1,-0.12999999999999545,False,False,False,False,False
SUNDRMFAST.NS,Sundram Fasteners Limited,Automobile and Auto Components,Unknown,False,Cash,1,Stage 2,Stage 2,Extended Stage 2,Extended Stage 2,Stage 2 • Extended Stage 2,0.78,"Advancing structure remains intact, but price is stretched versus key moving averages or far above the 52-week low.",,,2026-08-17,,watchlist,weekly_breakout,watchlist,44.94,65.8,54.33,10.0,44.94,65.8,64.33,45.22,39.28,300744518.01,"Stage 2, Extended Stage 2, weekly_vcp_ok, weekly_strong",29,39,Stage 2,watchlist,weekly_breakout,62.89,10,1.4399999999999977,False,False,False,False,False
MANAPPURAM.NS,Manappuram Finance Limited,Financial Services,Unknown,True,F&O,1,Stage 2,Stage 2,Clean Stage 2,Clean Stage 2,Stage 2 • Clean Stage 2,0.9,"Price is above rising key averages, weekly structure is supportive, and the stock is near its 52-week high.",,,2026-08-17,,watchlist,weekly_breakout,watchlist,62.9,60.6,61.86,2.0,62.9,60.6,63.86,6.95,21.02,2589583930.97,"Stage 2, Clean Stage 2, trend_template_ok, weekly_vcp_ok, weekly_strong",30,29,Stage 2,watchlist,weekly_breakout,63.95,-1,-0.09000000000000341,False,False,False,False,False
SUNPHARMA.NS,Sun Pharmaceutical Industries Limited,Healthcare,Unknown,True,F&O,1,Stage 2,Stage 2,Early Stage 2,Early Stage 2,Stage 2 • Early Stage 2,0.72,"Price has moved above long-term structure, but the full moving-average stack is not clean yet.",,,2026-08-17,,watchlist,weekly_near_pivot,watchlist,41.98,68.3,53.82,10.0,41.98,68.3,63.82,-2.56,16.55,4724763310.38,"Stage 2, Early Stage 2, weekly_vcp_ok, volume_dryup, weekly_volume_dryup, weekly_strong",31,30,Stage 2,watchlist,weekly_near_pivot,63.94,-1,-0.11999999999999744,False,False,False,False,False
NAZARA.NS,Nazara Technologies Limited,"Media, Entertainment & Publication",Unknown,False,Cash,1,Stage 2,Stage 2,Clean Stage 2,Clean Stage 2,Stage 2 • Clean Stage 2,0.9,"Price is above rising key averages, weekly structure is supportive, and the stock is near its 52-week high.",,,2026-08-17,,forming_vcp,weekly_breakout,watchlist,63.81,63.64,63.73,0.0,63.81,63.64,63.73,23.45,34.93,1077359360.97,"Stage 2, Clean Stage 2, trend_template_ok, daily_vcp_ok, weekly_vcp_ok, volume_dryup, weekly_volume_dryup, weekly_strong",32,49,Stage 2,watchlist,weekly_breakout,61.71,17,2.019999999999996,False,False,False,False,False
ARE&M.NS,Amara Raja Energy & Mobility Ltd.,Automobile and Auto Components,Unknown,False,Cash,1,Stage 2,Stage 2,Early Stage 2,Early Stage 2,Stage 2 • Early Stage 2,0.72,"Price has moved above long-term structure, but the full moving-average stack is not clean yet.",,,2026-08-17,,watchlist,weekly_breakout,watchlist,41.22,68.83,53.64,10.0,41.22,68.83,63.64,12.75,17.5,1328364927.37,"Stage 2, Early Stage 2, weekly_vcp_ok, weekly_strong",33,28,Stage 2,watchlist,weekly_breakout,63.96,-5,-0.3200000000000003,False,False,False,False,False
MSTCLTD.NS,Mstc Limited,Services,Unknown,False,Cash,1,Stage 2,Stage 2,Clean Stage 2,Clean Stage 2,Stage 2 • Clean Stage 2,0.9,"Price is above rising key averages, weekly structure is supportive, and the stock is near its 52-week high.",,,2026-08-17,,watchlist,weekly_near_pivot,watchlist,51.38,73.8,61.47,2.0,51.38,73.8,63.47,62.62,54.27,191373628.12,"Stage 2, Clean Stage 2, trend_template_ok, weekly_vcp_ok, volume_dryup, weekly_volume_dryup, weekly_strong",34,54,Stage 2,watchlist,weekly_forming,59.86,20,3.6099999999999994,False,False,False,False,False
GALAXYSURF.NS,Galaxy Surfactants Limited,Chemicals,Unknown,False,Cash,1,Stage 2,Stage 2,Extended Stage 2,Extended Stage 2,Stage 2 • Extended Stage 2,0.78,"Advancing structure remains intact, but price is stretched versus key moving averages or far above the 52-week low.",,,2026-08-17,,watchlist,weekly_breakout,watchlist,53.1,64.84,58.38,5.0,53.1,64.84,63.38,33.41,37.01,201123744.29,"Stage 2, Extended Stage 2, weekly_vcp_ok, weekly_strong",35,36,Stage 2,watchlist,weekly_breakout,63.22,1,0.1600000000000037,False,False,False,False,False
LAURUSLABS.NS,Laurus Labs Limited,Healthcare,Unknown,True,F&O,1,Stage 2,Stage 2,Extended Stage 2,Extended Stage 2,Stage 2 • Extended Stage 2,0.78,"Advancing structure remains intact, but price is stretched versus key moving averages or far above the 52-week low.",,,2026-08-17,,watchlist,weekly_breakout,watchlist,44.76,63.8,53.33,10.0,44.76,63.8,63.33,33.06,85.17,3897958449.42,"Stage 2, Extended Stage 2, trend_template_ok, weekly_vcp_ok, volume_dryup, weekly_volume_dryup, weekly_strong",36,35,Stage 2,watchlist,weekly_breakout,63.31,-1,0.01999999999999602,False,False,False,False,False
RAINBOW.NS,Rainbow Childrens Medicare Limited,Healthcare,Unknown,False,Cash,1,Stage 2,Stage 2,Early Stage 2,Early Stage 2,Stage 2 • Early Stage 2,0.72,"Price has moved above long-term structure, but the full moving-average stack is not clean yet.",,,2026-08-17,,watchlist,weekly_near_pivot,watchlist,39.98,69.45,53.24,10.0,39.98,69.45,63.24,6.76,29.74,148058449.77,"Stage 2, Early Stage 2, weekly_vcp_ok, weekly_strong",37,31,Stage 2,watchlist,weekly_near_pivot,63.9,-6,-0.6599999999999966,False,False,False,False,False
EDELWEISS.NS,Edelweiss Financial Services Limited,Financial Services,Unknown,False,Cash,1,Stage 2,Stage 2,Clean Stage 2,Clean Stage 2,Stage 2 • Clean Stage 2,0.9,"Price is above rising key averages, weekly structure is supportive, and the stock is near its 52-week high.",,,2026-08-17,,watchlist,weekly_forming,watchlist,61.68,60.48,61.14,2.0,61.68,60.48,63.14,8.97,6.84,379177411.61,"Stage 2, Clean Stage 2, trend_template_ok, weekly_vcp_ok, weekly_strong",38,34,Stage 2,watchlist,weekly_forming,63.32,-4,-0.17999999999999972,False,False,False,False,False
SUPRAJIT.NS,Suprajit Engineering Limited,Automobile and Auto Components,Unknown,False,Cash,1,Stage 2,Stage 2,Early Stage 2,Early Stage 2,Stage 2 • Early Stage 2,0.72,"Price has moved above long-term structure, but the full moving-average stack is not clean yet.",,,2026-08-17,,watchlist,weekly_breakout,watchlist,37.41,72.16,53.05,10.0,37.41,72.16,63.05,24.03,28.53,87373362.85,"Stage 2, Early Stage 2, weekly_vcp_ok, weekly_volume_dryup, weekly_strong",39,41,Stage 2,watchlist,weekly_breakout,62.74,2,0.30999999999999517,False,False,False,False,False
AKUMS.NS,Akums Drugs and Pharmaceuticals Ltd.,Healthcare,Unknown,False,Cash,1,Stage 2,Stage 2,Clean Stage 2,Clean Stage 2,Stage 2 • Clean Stage 2,0.9,"Price is above rising key averages, weekly structure is supportive, and the stock is near its 52-week high.",,,2026-08-17,,watchlist,weekly_breakout,watchlist,43.12,65.0,52.97,10.0,43.12,65.0,62.97,41.45,71.64,269489590.21,"Stage 2, Clean Stage 2, trend_template_ok, weekly_vcp_ok, weekly_volume_dryup, weekly_strong",40,37,Stage 2,watchlist,weekly_breakout,63.11,-3,-0.14000000000000057,False,False,False,False,False
HCG.NS,Healthcare Global Enterprises Limited,Healthcare,Unknown,False,Cash,1,Stage 2,Stage 2,Early Stage 2,Early Stage 2,Stage 2 • Early Stage 2,0.72,"Price has moved above long-term structure, but the full moving-average stack is not clean yet.",,,2026-08-17,,watchlist,weekly_breakout,watchlist,45.7,61.4,52.77,10.0,45.7,61.4,62.77,7.48,28.55,133279244.79,"Stage 2, Early Stage 2, weekly_vcp_ok, weekly_volume_dryup, weekly_strong",41,47,Stage 2,watchlist,weekly_breakout,62.19,6,0.5800000000000054,False,False,False,False,False
WELCORP.NS,Welspun Corp Limited,Capital Goods,Unknown,False,Cash,1,Stage 2,Stage 2,Extended Stage 2,Extended Stage 2,Stage 2 • Extended Stage 2,0.78,"Advancing structure remains intact, but price is stretched versus key moving averages or far above the 52-week low.",,,2026-08-17,,watchlist,weekly_breakout,watchlist,44.45,73.8,57.66,5.0,44.45,73.8,62.66,48.6,144.22,1193217172.81,"Stage 2, Extended Stage 2, trend_template_ok, weekly_vcp_ok, volume_dryup, weekly_volume_dryup, weekly_strong",42,42,Stage 2,watchlist,weekly_near_pivot,62.73,0,-0.07000000000000028,False,True,False,False,False
SHILPAMED.NS,Shilpa Medicare Limited,Healthcare,Unknown,False,Cash,1,Stage 2,Stage 2,Extended Stage 2,Extended Stage 2,Stage 2 • Extended Stage 2,0.78,"Advancing structure remains intact, but price is stretched versus key moving averages or far above the 52-week low.",,,2026-08-17,,watchlist,weekly_breakout,watchlist,41.88,65.8,52.64,10.0,41.88,65.8,62.64,68.05,153.79,2317015333.82,"Stage 2, Extended Stage 2, trend_template_ok, weekly_vcp_ok, weekly_volume_dryup, weekly_strong",43,43,Stage 2,watchlist,weekly_breakout,62.71,0,-0.07000000000000028,False,False,False,False,False
BALKRISIND.NS,Balkrishna Industries Limited,Automobile and Auto Components,Unknown,False,Cash,1,Stage 2,Stage 2,Early Stage 2,Early Stage 2,Stage 2 • Early Stage 2,0.72,"Price has moved above long-term structure, but the full moving-average stack is not clean yet.",,,2026-08-17,,watchlist,weekly_near_pivot,watchlist,44.25,61.75,52.12,10.0,44.25,61.75,62.12,6.18,-2.7,1321372479.39,"Stage 2, Early Stage 2, weekly_vcp_ok, volume_dryup, weekly_volume_dryup, weekly_strong",44,44,Stage 2,watchlist,weekly_near_pivot,62.57,0,-0.45000000000000284,False,False,False,False,False
KEI.NS,KEI Industries Limited,Capital Goods,Unknown,True,F&O,1,Stage 2,Stage 2,Clean Stage 2,Clean Stage 2,Stage 2 • Clean Stage 2,0.9,"Price is above rising key averages, weekly structure is supportive, and the stock is near its 52-week high.",,,2026-08-17,,watchlist,weekly_breakout,watchlist,45.57,70.17,56.64,5.0,45.57,70.17,61.64,8.6,35.13,2768717085.05,"Stage 2, Clean Stage 2, weekly_vcp_ok, weekly_volume_dryup, weekly_strong",45,48,Stage 2,watchlist,weekly_breakout,61.94,3,-0.29999999999999716,False,False,False,False,False
PCBL.NS,PCBL LIMITED,Chemicals,Unknown,False,Cash,1,Stage 2,Stage 2,Early Stage 2,Early Stage 2,Stage 2 • Early Stage 2,0.72,"Price has moved above long-term structure, but the full moving-average stack is not clean yet.",Stage 2 reclaimed after 3 confirmation runs.,,2026-08-17,,watchlist,weekly_near_pivot,watchlist,44.97,69.72,56.11,5.0,44.97,69.72,61.11,12.15,16.08,1201315655.93,"Stage 2, Early Stage 2, weekly_vcp_ok, volume_dryup, weekly_volume_dryup, weekly_strong",46,55,Stage 2 Failed,watchlist,weekly_near_pivot,59.73,9,1.3800000000000026,False,False,True,False,False
JINDWORLD.NS,Jindal Worldwide Limited,Textiles,Unknown,False,Cash,1,Stage 2,Stage 2,Early Stage 2,Early Stage 2,Stage 2 • Early Stage 2,0.72,"Price has moved above long-term structure, but the full moving-average stack is not clean yet.",,,2026-08-17,,watchlist,weekly_breakout,watchlist,46.51,66.44,55.48,5.0,46.51,66.44,60.48,34.86,40.57,924119133.65,"Stage 2, Early Stage 2, weekly_vcp_ok, volume_dryup, weekly_volume_dryup, weekly_strong",47,25,Stage 2,watchlist,weekly_breakout,64.71,-22,-4.229999999999997,False,False,False,False,False
CRAFTSMAN.NS,Craftsman Automation Limited,Automobile and Auto Components,Unknown,False,Cash,1,Stage 2,Stage 2,Clean Stage 2,Clean Stage 2,Stage 2 • Clean Stage 2,0.9,"Price is above rising key averages, weekly structure is supportive, and the stock is near its 52-week high.",,,2026-08-17,,watchlist,weekly_watchlist,watchlist,60.58,37.59,50.23,10.0,60.58,37.59,60.23,25.19,42.74,649796294.73,"Stage 2, Clean Stage 2, trend_template_ok, volume_dryup, weekly_volume_dryup",48,61,Stage 2,watchlist,weekly_watchlist,59.52,13,0.7099999999999937,False,False,False,False,False
HFCL.NS,HFCL Limited,Telecommunication,Unknown,False,Cash,1,Stage 2,Stage 2,Extended Stage 2,Extended Stage 2,Stage 2 • Extended Stage 2,0.78,"Advancing structure remains intact, but price is stretched versus key moving averages or far above the 52-week low.",,,2026-08-17,,watchlist,weekly_watchlist,watchlist,64.99,31.6,49.96,10.0,64.99,31.6,59.96,53.24,224.94,5818662806.32,"Stage 2, Extended Stage 2, trend_template_ok, weekly_volume_dryup",49,62,Stage 2,watchlist,weekly_watchlist,59.32,13,0.6400000000000006,False,False,False,False,False
HEROMOTOCO.NS,Hero MotoCorp Limited,Automobile and Auto Components,Unknown,True,F&O,1,Stage 2,Stage 2,Early Stage 2,Early Stage 2,Stage 2 • Early Stage 2,0.72,"Price has moved above long-term structure, but the full moving-average stack is not clean yet.",,,2026-08-17,,watchlist,weekly_breakout,watchlist,40.8,60.4,49.62,10.0,40.8,60.4,59.62,15.43,10.53,4618197919.31,"Stage 2, Early Stage 2, weekly_vcp_ok, weekly_volume_dryup, weekly_strong",50,56,Stage 2,watchlist,weekly_breakout,59.72,6,-0.10000000000000142,False,False,False,False,False
APLLTD.NS,Alembic Pharmaceuticals Limited,Healthcare,Unknown,False,Cash,1,Stage 2,Stage 2,Early Stage 2,Early Stage 2,Stage 2 • Early Stage 2,0.72,"Price has moved above long-term structure, but the full moving-average stack is not clean yet.",Stage 2 confirmed with 3 raw confirmation runs.,,2026-08-17,,watchlist,weekly_breakout,watchlist,40.13,61.04,49.54,10.0,40.13,61.04,59.54,9.45,11.93,95960692.44,"Stage 2, Early Stage 2, weekly_vcp_ok, weekly_volume_dryup, weekly_strong",51,40,Not Sure,watchlist,weekly_breakout,62.8,-11,-3.259999999999998,False,False,True,False,False
CHOLAFIN.NS,Cholamandalam Investment and Finance Company Limited,Financial Services,Unknown,True,F&O,1,Stage 2,Stage 2,Early Stage 2,Early Stage 2,Stage 2 • Early Stage 2,0.72,"Price has moved above long-term structure, but the full moving-average stack is not clean yet.",,,2026-08-17,,watchlist,weekly_near_pivot,watchlist,46.82,70.62,57.53,2.0,46.82,70.62,59.53,22.24,14.92,2906384200.45,"Stage 2, Early Stage 2, weekly_vcp_ok, volume_dryup, weekly_volume_dryup, weekly_strong",52,60,Stage 2,watchlist,weekly_breakout,59.52,8,0.00999999999999801,False,False,False,False,False
GAIL.NS,GAIL (India) Limited,"Oil, Gas & Consumable Fuels",Unknown,True,F&O,1,Stage 2,Stage 2,Early Stage 2,Early Stage 2,Stage 2 • Early Stage 2,0.72,"Price has moved above long-term structure, but the full moving-average stack is not clean yet.",,,2026-08-17,,watchlist,weekly_near_pivot,watchlist,43.78,67.46,54.44,5.0,43.78,67.46,59.44,5.95,10.66,2182748332.71,"Stage 2, Early Stage 2, weekly_vcp_ok, weekly_volume_dryup, weekly_strong",53,57,Stage 2,watchlist,weekly_near_pivot,59.61,4,-0.1700000000000017,False,False,False,False,False
APLAPOLLO.NS,APL Apollo Tubes Limited,Capital Goods,Unknown,True,F&O,1,Stage 2,Stage 2,Early Stage 2,Early Stage 2,Stage 2 • Early Stage 2,0.72,"Price has moved above long-term structure, but the full moving-average stack is not clean yet.",,,2026-08-17,,watchlist,weekly_near_pivot,watchlist,43.79,67.01,54.24,5.0,43.79,67.01,59.24,11.92,0.16,1379330752.79,"Stage 2, Early Stage 2, weekly_vcp_ok, weekly_strong",54,67,Stage 2,watchlist,weekly_near_pivot,58.7,13,0.5399999999999991,False,False,False,False,False
AARTIDRUGS.NS,Aarti Drugs Limited,Healthcare,Unknown,False,Cash,1,Stage 2,Stage 2,Early Stage 2,Early Stage 2,Stage 2 • Early Stage 2,0.72,"Price has moved above long-term structure, but the full moving-average stack is not clean yet.",,,2026-08-17,,watchlist,weekly_near_pivot,watchlist,33.43,68.16,49.06,10.0,33.43,68.16,59.06,6.55,17.0,94929029.28,"Stage 2, Early Stage 2, weekly_vcp_ok, weekly_volume_dryup, weekly_strong",55,66,Stage 2,watchlist,weekly_near_pivot,58.9,11,0.1600000000000037,False,False,False,False,False
TORNTPHARM.NS,Torrent Pharmaceuticals Limited,Healthcare,Unknown,True,F&O,1,Stage 2,Stage 2,Clean Stage 2,Clean Stage 2,Stage 2 • Clean Stage 2,0.9,"Price is above rising key averages, weekly structure is supportive, and the stock is near its 52-week high.",,,2026-08-17,,forming_vcp,weekly_watchlist,watchlist,67.07,26.88,48.98,10.0,67.07,26.88,58.98,9.06,23.76,2585075762.49,"Stage 2, Clean Stage 2, trend_template_ok, daily_vcp_ok, volume_dryup, weekly_volume_dryup",56,69,Stage 2,forming_vcp,weekly_watchlist,58.42,13,0.5599999999999952,False,False,False,False,False
UNIONBANK.NS,Union Bank of India,Financial Services,Unknown,True,F&O,1,Stage 2,Stage 2,Early Stage 2,Early Stage 2,Stage 2 • Early Stage 2,0.72,"Price has moved above long-term structure, but the full moving-average stack is not clean yet.",,,2026-08-17,,watchlist,weekly_near_pivot,watchlist,46.32,69.87,56.92,2.0,46.32,69.87,58.92,18.18,11.5,2607830563.78,"Stage 2, Early Stage 2, weekly_vcp_ok, weekly_volume_dryup, weekly_strong",57,65,Stage 2,watchlist,weekly_near_pivot,59.09,8,-0.1700000000000017,False,False,False,False,False
PFIZER.NS,Pfizer Limited,Healthcare,Unknown,False,Cash,1,Stage 2,Stage 2,Early Stage 2,Early Stage 2,Stage 2 • Early Stage 2,0.72,"Price has moved above long-term structure, but the full moving-average stack is not clean yet.",Stage 2 confirmed with 3 raw confirmation runs.,,2026-08-17,,watchlist,weekly_near_pivot,watchlist,37.35,62.7,48.76,10.0,37.35,62.7,58.76,2.45,3.2,197508433.37,"Stage 2, Early Stage 2, weekly_vcp_ok, weekly_strong",58,77,Not Sure,watchlist,weekly_near_pivot,57.41,19,1.3500000000000014,False,False,True,False,False
FINEORG.NS,Fine Organic Industries Limited,Chemicals,Unknown,False,Cash,1,Stage 2,Stage 2,Clean Stage 2,Clean Stage 2,Stage 2 • Clean Stage 2,0.9,"Price is above rising key averages, weekly structure is supportive, and the stock is near its 52-week high.",,,2026-08-17,,watchlist,weekly_near_pivot,watchlist,40.18,69.96,53.58,5.0,40.18,69.96,58.58,9.15,21.4,178856572.38,"Stage 2, Clean Stage 2, trend_template_ok, weekly_vcp_ok, weekly_strong",59,68,Stage 2,watchlist,weekly_near_pivot,58.68,9,-0.10000000000000142,False,False,False,False,False
ENDURANCE.NS,Endurance Technologies Limited,Automobile and Auto Components,Unknown,False,Cash,1,Stage 2,Stage 2,Early Stage 2,Early Stage 2,Stage 2 • Early Stage 2,0.72,"Price has moved above long-term structure, but the full moving-average stack is not clean yet.",,,2026-08-17,,watchlist,weekly_breakout,watchlist,37.19,62.44,48.55,10.0,37.19,62.44,58.55,9.39,26.0,463385985.75,"Stage 2, Early Stage 2, weekly_vcp_ok, weekly_strong",60,52,Stage 2,watchlist,weekly_breakout,60.86,-8,-2.3100000000000023,False,False,False,False,False
EPL.NS,EPL Limited,Capital Goods,Unknown,False,Cash,1,Stage 2,Stage 2,Clean Stage 2,Clean Stage 2,Stage 2 • Clean Stage 2,0.9,"Price is above rising key averages, weekly structure is supportive, and the stock is near its 52-week high.",,,2026-08-17,,watchlist,weekly_near_pivot,watchlist,40.1,69.75,53.44,5.0,40.1,69.75,58.44,11.53,16.97,333333390.83,"Stage 2, Clean Stage 2, trend_template_ok, weekly_vcp_ok, weekly_strong",61,58,Stage 2,watchlist,weekly_near_pivot,59.59,-3,-1.1500000000000057,False,False,False,False,False
BALRAMCHIN.NS,Balrampur Chini Mills Limited,Fast Moving Consumer Goods,Unknown,False,Cash,1,Stage 2,Stage 2,Clean Stage 2,Clean Stage 2,Stage 2 • Clean Stage 2,0.9,"Price is above rising key averages, weekly structure is supportive, and the stock is near its 52-week high.",,,2026-08-17,,watchlist,weekly_breakout,watchlist,53.6,64.3,58.42,0.0,53.6,64.3,58.42,20.12,44.9,474577935.02,"Stage 2, Clean Stage 2, trend_template_ok, weekly_vcp_ok, weekly_strong",62,23,Stage 2,watchlist,weekly_breakout,65.04,-39,-6.6200000000000045,False,False,False,False,False
GOKEX.NS,Gokaldas Exports Limited,Textiles,Unknown,False,Cash,1,Stage 2,Stage 2,Early Stage 2,Early Stage 2,Stage 2 • Early Stage 2,0.72,"Price has moved above long-term structure, but the full moving-average stack is not clean yet.",,,2026-08-17,,watchlist,weekly_forming,watchlist,47.25,60.85,53.37,5.0,47.25,60.85,58.37,17.26,2.22,234921687.89,"Stage 2, Early Stage 2, weekly_vcp_ok, volume_dryup, weekly_volume_dryup, weekly_strong",63,51,Stage 2,watchlist,weekly_forming,61.11,-12,-2.740000000000002,False,False,False,False,False
DEEPAKNTR.NS,Deepak Nitrite Limited,Chemicals,Unknown,False,Cash,1,Stage 2,Stage 2,Early Stage 2,Early Stage 2,Stage 2 • Early Stage 2,0.72,"Price has moved above long-term structure, but the full moving-average stack is not clean yet.",,,2026-08-17,,watchlist,weekly_near_pivot,watchlist,42.09,66.69,53.16,5.0,42.09,66.69,58.16,-4.43,13.34,863309069.98,"Stage 2, Early Stage 2, weekly_vcp_ok, weekly_strong",64,63,Stage 2,watchlist,weekly_near_pivot,59.19,-1,-1.0300000000000011,False,False,False,False,False
CREDITACC.NS,CREDITACCESS GRAMEEN LIMITED,Financial Services,Unknown,False,Cash,1,Stage 2,Stage 2,Clean Stage 2,Clean Stage 2,Stage 2 • Clean Stage 2,0.9,"Price is above rising key averages, weekly structure is supportive, and the stock is near its 52-week high.",,,2026-08-17,,watchlist,weekly_near_pivot,watchlist,44.82,69.99,56.15,2.0,44.82,69.99,58.15,15.87,26.04,663151739.35,"Stage 2, Clean Stage 2, trend_template_ok, weekly_vcp_ok, volume_dryup, weekly_volume_dryup, weekly_strong",65,71,Stage 2,watchlist,weekly_near_pivot,58.36,6,-0.21000000000000085,False,False,False,False,False
LALPATHLAB.NS,Dr. Lal Path Labs Ltd.,Healthcare,Unknown,False,Cash,1,Stage 2,Stage 2,Clean Stage 2,Clean Stage 2,Stage 2 • Clean Stage 2,0.9,"Price is above rising key averages, weekly structure is supportive, and the stock is near its 52-week high.",,,2026-08-17,,watchlist,weekly_watchlist,watchlist,64.01,28.53,48.04,10.0,64.01,28.53,58.04,10.21,39.14,909283460.8,"Stage 2, Clean Stage 2, trend_template_ok, volume_dryup, weekly_volume_dryup",66,73,Stage 2,watchlist,weekly_watchlist,58.27,7,-0.23000000000000398,False,False,False,False,False
INDIANB.NS,Indian Bank,Financial Services,Unknown,True,F&O,1,Stage 2,Stage 2,Early Stage 2,Early Stage 2,Stage 2 • Early Stage 2,0.72,"Price has moved above long-term structure, but the full moving-average stack is not clean yet.",,,2026-08-17,,watchlist,weekly_near_pivot,watchlist,46.91,67.17,56.03,2.0,46.91,67.17,58.03,7.16,6.52,1298789956.37,"Stage 2, Early Stage 2, daily_vcp_ok, weekly_vcp_ok, volume_dryup, weekly_volume_dryup, weekly_strong",67,70,Stage 2,watchlist,weekly_near_pivot,58.38,3,-0.3500000000000014,False,False,False,False,False
ICICIBANK.NS,ICICI Bank Limited,Financial Services,Unknown,True,F&O,1,Stage 2,Stage 2,Early Stage 2,Early Stage 2,Stage 2 • Early Stage 2,0.72,"Price has moved above long-term structure, but the full moving-average stack is not clean yet.",,,2026-08-17,,watchlist,weekly_near_pivot,watchlist,46.09,67.75,55.84,2.0,46.09,67.75,57.84,12.61,6.86,16349236534.82,"Stage 2, Early Stage 2, daily_vcp_ok, weekly_vcp_ok, volume_dryup, weekly_volume_dryup, weekly_strong",68,76,Stage 2,watchlist,weekly_near_pivot,57.71,8,0.13000000000000256,False,False,False,False,False
ITDC.NS,India Tourism Development Corporation Limited,Consumer Services,Unknown,False,Cash,1,Stage 2,Stage 2,Early Stage 2,Early Stage 2,Stage 2 • Early Stage 2,0.72,"Price has moved above long-term structure, but the full moving-average stack is not clean yet.",,,2026-08-17,,watchlist,weekly_forming,watchlist,49.28,63.7,55.77,2.0,49.28,63.7,57.77,25.46,33.51,644421838.17,"Stage 2, Early Stage 2, weekly_vcp_ok, volume_dryup, weekly_volume_dryup, weekly_strong",69,72,Stage 2,watchlist,weekly_forming,58.27,3,-0.5,False,False,False,False,False
SCHNEIDER.NS,Schneider Electric Infrastructure Limited,Capital Goods,Unknown,False,Cash,1,Stage 2,Stage 2,Early Stage 2,Early Stage 2,Stage 2 • Early Stage 2,0.72,"Price has moved above long-term structure, but the full moving-average stack is not clean yet.",,,2026-08-17,,watchlist,weekly_forming,watchlist,44.1,62.95,52.58,5.0,44.1,62.95,57.58,-4.5,56.01,579602485.8,"Stage 2, Early Stage 2, weekly_vcp_ok, weekly_strong",70,79,Stage 2,watchlist,weekly_forming,57.05,9,0.5300000000000011,False,False,False,False,False
YATHARTH.NS,Yatharth Hospital & Trauma Care Services Limited,Healthcare,Unknown,False,Cash,1,Stage 2,Stage 2,Clean Stage 2,Clean Stage 2,Stage 2 • Clean Stage 2,0.9,"Price is above rising key averages, weekly structure is supportive, and the stock is near its 52-week high.",,,2026-08-17,,watchlist,weekly_watchlist,watchlist,61.34,30.09,47.28,10.0,61.34,30.09,57.28,-2.55,31.47,260922909.68,"Stage 2, Clean Stage 2, trend_template_ok",71,170,Stage 2,watchlist,weekly_watchlist,47.11,99,10.170000000000002,False,False,False,False,False
PETRONET.NS,Petronet LNG Limited,"Oil, Gas & Consumable Fuels",Unknown,True,F&O,1,Stage 2,Stage 2,Stage 2,Stage 2,Stage 2,0.76,Advancing structure detected.,,,2026-08-17,,watchlist,weekly_near_pivot,watchlist,39.38,67.86,52.2,5.0,39.38,67.86,57.2,5.32,4.24,505253472.77,"Stage 2, Stage 2, weekly_vcp_ok, volume_dryup, weekly_strong",72,150,Stage 2,watchlist,weekly_near_pivot,49.71,78,7.490000000000002,False,False,False,False,False
ABCAPITAL.NS,Aditya Birla Capital Limited,Financial Services,Unknown,True,F&O,1,Stage 2,Stage 2,Clean Stage 2,Clean Stage 2,Stage 2 • Clean Stage 2,0.9,"Price is above rising key averages, weekly structure is supportive, and the stock is near its 52-week high.",,,2026-08-17,,watchlist,weekly_near_pivot,watchlist,43.51,69.31,55.12,2.0,43.51,69.31,57.12,12.5,22.63,1440043655.98,"Stage 2, Clean Stage 2, trend_template_ok, weekly_vcp_ok, volume_dryup, weekly_volume_dryup, weekly_strong",73,116,Stage 2,watchlist,weekly_breakout,53.18,43,3.9399999999999977,False,False,False,False,False
ASIANPAINT.NS,Asian Paints Limited,Consumer Durables,Unknown,True,F&O,1,Stage 2,Stage 2,Early Stage 2,Early Stage 2,Stage 2 • Early Stage 2,0.72,"Price has moved above long-term structure, but the full moving-average stack is not clean yet.",,,2026-08-17,,watchlist,weekly_near_pivot,watchlist,44.98,67.4,55.07,2.0,44.98,67.4,57.07,-0.02,15.97,2792895161.49,"Stage 2, Early Stage 2, daily_vcp_ok, weekly_vcp_ok, volume_dryup, weekly_volume_dryup, weekly_strong",74,87,Stage 2,watchlist,weekly_near_pivot,56.0,13,1.0700000000000003,False,False,False,False,False
PNB.NS,Punjab National Bank,Financial Services,Unknown,True,F&O,1,Stage 2,Stage 2,Early Stage 2,Early Stage 2,Stage 2 • Early Stage 2,0.72,"Price has moved above long-term structure, but the full moving-average stack is not clean yet.",,,2026-08-17,,watchlist,weekly_breakout,watchlist,45.27,66.69,54.91,2.0,45.27,66.69,56.91,14.82,2.04,1566257582.71,"Stage 2, Early Stage 2, weekly_vcp_ok, weekly_strong",75,111,Stage 2,watchlist,weekly_breakout,53.99,36,2.9199999999999946,False,False,False,False,False
VIJAYA.NS,Vijaya Diagnostic Centre Limited,Healthcare,Unknown,False,Cash,1,Stage 2,Stage 2,Clean Stage 2,Clean Stage 2,Stage 2 • Clean Stage 2,0.9,"Price is above rising key averages, weekly structure is supportive, and the stock is near its 52-week high.",,,2026-08-17,,watchlist,weekly_watchlist,watchlist,63.45,26.45,46.8,10.0,63.45,26.45,56.8,20.06,52.47,332714432.53,"Stage 2, Clean Stage 2, trend_template_ok",76,82,Stage 2,watchlist,weekly_watchlist,56.89,6,-0.09000000000000341,False,False,False,False,False
OBEROIRLTY.NS,Oberoi Realty Limited,Realty,Unknown,True,F&O,1,Stage 2,Stage 2,Early Stage 2,Early Stage 2,Stage 2 • Early Stage 2,0.72,"Price has moved above long-term structure, but the full moving-average stack is not clean yet.",,,2026-08-17,,watchlist,weekly_near_pivot,watchlist,46.35,69.45,56.75,0.0,46.35,69.45,56.75,12.59,23.93,829067564.41,"Stage 2, Early Stage 2, weekly_vcp_ok, weekly_strong",77,53,Stage 2,watchlist,weekly_near_pivot,60.28,-24,-3.530000000000001,False,False,False,False,False
PAISALO.NS,Paisalo Digital Limited,Financial Services,Unknown,False,Cash,1,Stage 2,Stage 2,Extended Stage 2,Extended Stage 2,Stage 2 • Extended Stage 2,0.78,"Advancing structure remains intact, but price is stretched versus key moving averages or far above the 52-week low.",,,2026-08-17,,watchlist,weekly_forming,watchlist,44.8,66.9,54.75,2.0,44.8,66.9,56.75,32.32,105.84,735826391.82,"Stage 2, Extended Stage 2, trend_template_ok, weekly_vcp_ok, volume_dryup, weekly_volume_dryup, weekly_strong",78,81,Stage 2,watchlist,weekly_forming,56.93,3,-0.17999999999999972,False,False,False,False,False
ELGIEQUIP.NS,Elgi Equipments Limited,Capital Goods,Unknown,False,Cash,1,Stage 2,Stage 2,Clean Stage 2,Clean Stage 2,Stage 2 • Clean Stage 2,0.9,"Price is above rising key averages, weekly structure is supportive, and the stock is near its 52-week high.",,,2026-08-17,,watchlist,weekly_watchlist,watchlist,67.68,32.25,51.74,5.0,67.68,32.25,56.74,12.07,26.45,205775785.88,"Stage 2, Clean Stage 2, trend_template_ok",79,78,Stage 2,watchlist,weekly_watchlist,57.35,-1,-0.6099999999999994,False,False,False,False,False
JTLIND.NS,JTL INDUSTRIES LIMITED,Capital Goods,Unknown,False,Cash,1,Stage 2,Stage 2,Early Stage 2,Early Stage 2,Stage 2 • Early Stage 2,0.72,"Price has moved above long-term structure, but the full moving-average stack is not clean yet.",,,2026-08-17,,watchlist,weekly_forming,watchlist,44.72,60.31,51.74,5.0,44.72,60.31,56.74,4.42,20.68,172944305.91,"Stage 2, Early Stage 2, weekly_vcp_ok, weekly_volume_dryup, weekly_strong",80,83,Stage 2,watchlist,weekly_forming,56.78,3,-0.03999999999999915,False,False,False,False,False
VOLTAMP.NS,Voltamp Transformers Limited,Capital Goods,Unknown,False,Cash,1,Stage 2,Stage 2,Stage 2,Stage 2,Stage 2,0.76,Advancing structure detected.,,,2026-08-17,,watchlist,weekly_forming,watchlist,43.54,61.64,51.69,5.0,43.54,61.64,56.69,9.74,28.68,625361648.48,"Stage 2, Stage 2, weekly_vcp_ok, volume_dryup, weekly_volume_dryup, weekly_strong",81,90,Stage 2,watchlist,weekly_forming,55.57,9,1.1199999999999974,False,False,False,False,False
M&MFIN.NS,Mahindra & Mahindra Financial Services Limited,Financial Services,Unknown,False,Cash,1,Stage 2,Stage 2,Early Stage 2,Early Stage 2,Stage 2 • Early Stage 2,0.72,"Price has moved above long-term structure, but the full moving-average stack is not clean yet.",,,2026-08-17,,watchlist,weekly_breakout,watchlist,48.79,61.85,54.67,2.0,48.79,61.85,56.67,25.83,14.64,1732921470.25,"Stage 2, Early Stage 2, weekly_vcp_ok, volume_dryup, weekly_volume_dryup, weekly_strong",82,80,Stage 2,watchlist,weekly_breakout,57.04,-2,-0.36999999999999744,False,False,False,False,False
UNOMINDA.NS,UNO Minda Limited,Automobile and Auto Components,Unknown,True,F&O,1,Stage 2,Stage 2,Early Stage 2,Early Stage 2,Stage 2 • Early Stage 2,0.72,"Price has moved above long-term structure, but the full moving-average stack is not clean yet.",Stage 2 confirmed with 3 raw confirmation runs.,,2026-08-17,,watchlist,weekly_forming,watchlist,46.31,46.82,46.54,10.0,46.31,46.82,56.54,18.73,8.48,1054570825.03,"Stage 2, Early Stage 2, weekly_vcp_ok, weekly_volume_dryup",83,38,Not Sure,watchlist,weekly_forming,62.94,-45,-6.399999999999999,False,False,True,False,False
TANLA.NS,Tanla Platforms Limited,Information Technology,Unknown,False,Cash,1,Stage 2,Stage 2,Early Stage 2,Early Stage 2,Stage 2 • Early Stage 2,0.72,"Price has moved above long-term structure, but the full moving-average stack is not clean yet.",,,2026-08-17,,watchlist,weekly_near_pivot,watchlist,42.29,69.36,54.47,2.0,42.29,69.36,56.47,8.26,27.34,1414551266.61,"Stage 2, Early Stage 2, daily_vcp_ok, weekly_vcp_ok, volume_dryup, weekly_volume_dryup, weekly_strong",84,84,Stage 2,watchlist,weekly_near_pivot,56.76,0,-0.28999999999999915,False,False,False,False,False
BASF.NS,BASF India Limited,Chemicals,Unknown,False,Cash,1,Stage 2,Stage 2,Early Stage 2,Early Stage 2,Stage 2 • Early Stage 2,0.72,"Price has moved above long-term structure, but the full moving-average stack is not clean yet.",Stage 2 reclaimed after 3 confirmation runs.,,2026-08-17,,watchlist,weekly_near_pivot,watchlist,36.66,69.51,51.44,5.0,36.66,69.51,56.44,9.85,16.26,346199083.58,"Stage 2, Early Stage 2, weekly_vcp_ok, weekly_strong",85,74,Stage 2 Failed,watchlist,weekly_near_pivot,58.11,-11,-1.6700000000000017,False,False,True,False,False
DATAPATTNS.NS,Data Patterns (India) Limited,Capital Goods,Unknown,False,Cash,1,Stage 2,Stage 2,Clean Stage 2,Clean Stage 2,Stage 2 • Clean Stage 2,0.9,"Price is above rising key averages, weekly structure is supportive, and the stock is near its 52-week high.",,,2026-08-17,,watchlist,weekly_watchlist,watchlist,59.67,41.2,51.36,5.0,59.67,41.2,56.36,17.63,74.5,5241201181.39,"Stage 2, Clean Stage 2, trend_template_ok, volume_dryup, weekly_volume_dryup",86,178,Stage 2,watchlist,weekly_watchlist,46.18,92,10.18,False,False,False,False,False
AJANTPHARM.NS,Ajanta Pharma Limited,Healthcare,Unknown,False,Cash,1,Stage 2,Stage 2,Clean Stage 2,Clean Stage 2,Stage 2 • Clean Stage 2,0.9,"Price is above rising key averages, weekly structure is supportive, and the stock is near its 52-week high.",,,2026-08-17,,forming_vcp,weekly_watchlist,watchlist,66.38,21.74,46.29,10.0,66.38,21.74,56.29,15.33,34.08,404840534.77,"Stage 2, Clean Stage 2, trend_template_ok, daily_vcp_ok, volume_dryup",87,86,Stage 2,forming_vcp,weekly_watchlist,56.05,-1,0.240000000000002,False,False,False,False,False
BHARTIARTL.NS,Bharti Airtel Limited,Telecommunication,Unknown,True,F&O,1,Stage 2,Stage 2,Early Stage 2,Early Stage 2,Stage 2 • Early Stage 2,0.72,"Price has moved above long-term structure, but the full moving-average stack is not clean yet.",,,2026-08-17,,watchlist,weekly_near_pivot,watchlist,29.81,66.36,46.26,10.0,29.81,66.36,56.26,2.69,2.93,13375031910.39,"Stage 2, Early Stage 2, weekly_vcp_ok, weekly_strong",88,136,Stage 2,watchlist,weekly_breakout,50.96,48,5.299999999999997,False,False,False,False,False
USHAMART.NS,Usha Martin Limited,Capital Goods,Unknown,False,Cash,1,Stage 2,Stage 2,Clean Stage 2,Clean Stage 2,Stage 2 • Clean Stage 2,0.9,"Price is above rising key averages, weekly structure is supportive, and the stock is near its 52-week high.",,,2026-08-17,,near_pivot,weekly_watchlist,watchlist,70.68,27.09,51.06,5.0,70.68,27.09,56.06,5.99,28.89,283296570.09,"Stage 2, Clean Stage 2, trend_template_ok, daily_vcp_ok, volume_dryup, weekly_volume_dryup",89,143,Stage 2,forming_vcp,weekly_watchlist,50.4,54,5.660000000000004,False,False,False,False,False
MRPL.NS,Mangalore Refinery and Petrochemicals Limited,"Oil, Gas & Consumable Fuels",Unknown,False,Cash,1,Stage 2,Stage 2,Early Stage 2,Early Stage 2,Stage 2 • Early Stage 2,0.72,"Price has moved above long-term structure, but the full moving-average stack is not clean yet.",,,2026-08-17,,watchlist,weekly_forming,watchlist,43.0,60.86,51.04,5.0,43.0,60.86,56.04,16.2,3.4,2388727313.16,"Stage 2, Early Stage 2, weekly_vcp_ok, weekly_strong",90,102,Stage 2,watchlist,weekly_forming,54.55,12,1.490000000000002,False,False,False,False,False
BAJFINANCE.NS,Bajaj Finance Limited,Financial Services,Unknown,True,F&O,1,Stage 2,Stage 2,Early Stage 2,Early Stage 2,Stage 2 • Early Stage 2,0.72,"Price has moved above long-term structure, but the full moving-average stack is not clean yet.",,,2026-08-17,,watchlist,weekly_breakout,watchlist,48.21,61.14,54.03,2.0,48.21,61.14,56.03,17.25,16.19,10669452807.98,"Stage 2, Early Stage 2, weekly_vcp_ok, volume_dryup, weekly_volume_dryup, weekly_strong",91,88,Stage 2,watchlist,weekly_breakout,55.87,-3,0.1600000000000037,False,False,False,False,False
HEG.NS,HEG Limited,Capital Goods,Unknown,False,Cash,1,Stage 2,Stage 2,Extended Stage 2,Extended Stage 2,Stage 2 • Extended Stage 2,0.78,"Advancing structure remains intact, but price is stretched versus key moving averages or far above the 52-week low.",,,2026-08-17,,watchlist,weekly_watchlist,watchlist,70.91,26.45,50.9,5.0,70.91,26.45,55.9,24.53,48.01,1965783838.06,"Stage 2, Extended Stage 2, trend_template_ok",92,115,Stage 2,forming_vcp,weekly_watchlist,53.21,23,2.6899999999999977,False,False,False,False,False
SHRIRAMFIN.NS,Shriram Finance Ltd.,Financial Services,Unknown,True,F&O,1,Stage 2,Stage 2,Clean Stage 2,Clean Stage 2,Stage 2 • Clean Stage 2,0.9,"Price is above rising key averages, weekly structure is supportive, and the stock is near its 52-week high.",,,2026-08-17,,watchlist,weekly_breakout,watchlist,40.97,69.52,53.82,2.0,40.97,69.52,55.82,16.49,9.68,5873005617.65,"Stage 2, Clean Stage 2, trend_template_ok, weekly_vcp_ok, volume_dryup, weekly_volume_dryup, weekly_strong",93,120,Stage 2,watchlist,weekly_breakout,52.66,27,3.1600000000000037,False,False,False,False,False
AEGISVOPAK.NS,Aegis Vopak Terminals Ltd.,"Oil, Gas & Consumable Fuels",Unknown,False,Cash,1,Stage 2,Stage 2,Early Stage 2,Early Stage 2,Stage 2 • Early Stage 2,0.72,"Price has moved above long-term structure, but the full moving-average stack is not clean yet.",,,2026-08-17,,watchlist,weekly_forming,watchlist,51.2,50.29,50.79,5.0,51.2,50.29,55.79,30.65,31.23,413845317.35,"Stage 2, Early Stage 2, weekly_vcp_ok, volume_dryup, weekly_volume_dryup",94,95,Stage 2,watchlist,weekly_forming,55.29,1,0.5,False,False,False,False,False
KIMS.NS,Krishna Institute of Medical Sciences Limited,Healthcare,Unknown,False,Cash,1,Stage 2,Stage 2,Messy Stage 2,Messy Stage 2,Stage 2 • Messy Stage 2,0.64,"Long-term structure is still constructive, but the short-term/weekly structure is not clean.",,,2026-08-17,,watchlist,weekly_watchlist,watchlist,62.74,25.04,45.78,10.0,62.74,25.04,55.78,2.76,23.68,530687086.26,"Stage 2, Messy Stage 2, trend_template_ok, weekly_volume_dryup",95,185,Stage 2,watchlist,weekly_watchlist,45.84,90,9.939999999999998,False,False,False,False,False
CUB.NS,City Union Bank Limited,Financial Services,Unknown,False,Cash,1,Stage 2,Stage 2,Early Stage 2,Early Stage 2,Stage 2 • Early Stage 2,0.72,"Price has moved above long-term structure, but the full moving-average stack is not clean yet.",,,2026-08-17,,watchlist,weekly_forming,watchlist,47.78,60.69,53.59,2.0,47.78,60.69,55.59,17.62,11.24,923386855.62,"Stage 2, Early Stage 2, weekly_vcp_ok, volume_dryup, weekly_volume_dryup, weekly_strong",96,101,Stage 2,watchlist,weekly_forming,54.56,5,1.0300000000000011,False,False,False,False,False
AUBANK.NS,AU Small Finance Bank Limited,Financial Services,Unknown,True,F&O,1,Stage 2,Stage 2,Clean Stage 2,Clean Stage 2,Stage 2 • Clean Stage 2,0.9,"Price is above rising key averages, weekly structure is supportive, and the stock is near its 52-week high.",,,2026-08-17,,watchlist,weekly_near_pivot,watchlist,40.75,69.19,53.55,2.0,40.75,69.19,55.55,10.35,12.6,1775878368.26,"Stage 2, Clean Stage 2, trend_template_ok, weekly_vcp_ok, volume_dryup, weekly_volume_dryup, weekly_strong",97,92,Stage 2,watchlist,weekly_near_pivot,55.45,-5,0.09999999999999432,False,False,False,False,False
TI.NS,Tilaknagar Industries Limited,Fast Moving Consumer Goods,Unknown,False,Cash,1,Stage 2,Stage 2,Extended Stage 2,Extended Stage 2,Stage 2 • Extended Stage 2,0.78,"Advancing structure remains intact, but price is stretched versus key moving averages or far above the 52-week low.",,,2026-08-17,,watchlist,weekly_breakout,watchlist,48.1,64.54,55.5,0.0,48.1,64.54,55.5,31.91,35.49,751436876.83,"Stage 2, Extended Stage 2, weekly_vcp_ok, weekly_strong",98,89,Stage 2,watchlist,weekly_breakout,55.6,-9,-0.10000000000000142,False,False,False,False,False
MARICO.NS,Marico Limited,Fast Moving Consumer Goods,Unknown,True,F&O,1,Stage 2,Stage 2,Messy Stage 2,Messy Stage 2,Stage 2 • Messy Stage 2,0.64,"Long-term structure is still constructive, but the short-term/weekly structure is not clean.",,,2026-08-17,,watchlist,weekly_near_pivot,watchlist,45.33,67.32,55.23,0.0,45.33,67.32,55.23,-0.57,15.72,1525409155.7,"Stage 2, Messy Stage 2, daily_vcp_ok, weekly_vcp_ok, volume_dryup, weekly_volume_dryup, weekly_strong",99,93,Stage 2,watchlist,weekly_near_pivot,55.38,-6,-0.15000000000000568,False,False,False,False,False
GODREJPROP.NS,Godrej Properties Limited,Realty,Unknown,True,F&O,1,Stage 2,Stage 2,Early Stage 2,Early Stage 2,Stage 2 • Early Stage 2,0.72,"Price has moved above long-term structure, but the full moving-average stack is not clean yet.",,,2026-08-17,,watchlist,weekly_breakout,watchlist,42.91,70.09,55.14,0.0,42.91,70.09,55.14,14.77,17.08,1423368204.32,"Stage 2, Early Stage 2, weekly_vcp_ok, weekly_volume_dryup, weekly_strong",100,98,Stage 2,watchlist,weekly_breakout,54.82,-2,0.3200000000000003,False,False,False,False,False
ENGINERSIN.NS,Engineers India Limited,Construction,Unknown,False,Cash,1,Stage 2,Stage 2,Stage 2,Stage 2,Stage 2,0.76,Advancing structure detected.,,,2026-08-17,,watchlist,weekly_near_pivot,watchlist,44.24,68.19,55.02,0.0,44.24,68.19,55.02,11.36,20.54,511169934.92,"Stage 2, Stage 2, weekly_vcp_ok, weekly_strong",101,145,Stage 2,watchlist,weekly_forming,50.07,44,4.950000000000003,False,False,False,False,False
GLAND.NS,Gland Pharma Limited,Healthcare,Unknown,False,Cash,1,Stage 2,Stage 2,Extended Stage 2,Extended Stage 2,Stage 2 • Extended Stage 2,0.78,"Advancing structure remains intact, but price is stretched versus key moving averages or far above the 52-week low.",,,2026-08-17,,watchlist,weekly_watchlist,watchlist,62.45,23.6,44.97,10.0,62.45,23.6,54.97,21.6,65.27,2549590700.21,"Stage 2, Extended Stage 2, trend_template_ok, weekly_volume_dryup",102,96,Stage 2,watchlist,weekly_watchlist,54.97,-6,0.0,False,False,False,False,False
BAJAJHLDNG.NS,Bajaj Holdings & Investment Limited,Financial Services,Unknown,True,F&O,1,Stage 2,Stage 2,Early Stage 2,Early Stage 2,Stage 2 • Early Stage 2,0.72,"Price has moved above long-term structure, but the full moving-average stack is not clean yet.",,,2026-08-17,,watchlist,weekly_breakout,watchlist,40.38,68.33,52.96,2.0,40.38,68.33,54.96,6.72,7.57,553807342.9,"Stage 2, Early Stage 2, weekly_vcp_ok, volume_dryup, weekly_strong",103,33,Stage 2,watchlist,weekly_breakout,63.66,-70,-8.699999999999996,False,False,False,False,False
INOXINDIA.NS,INOX India Ltd.,Capital Goods,Unknown,False,Cash,1,Stage 2,Stage 2,Clean Stage 2,Clean Stage 2,Stage 2 • Clean Stage 2,0.9,"Price is above rising key averages, weekly structure is supportive, and the stock is near its 52-week high.",,,2026-08-17,,watchlist,weekly_watchlist,watchlist,64.83,31.6,49.88,5.0,64.83,31.6,54.88,32.02,73.26,336884135.39,"Stage 2, Clean Stage 2, trend_template_ok, volume_dryup, weekly_volume_dryup",104,97,Stage 2,watchlist,weekly_watchlist,54.94,-7,-0.05999999999999517,False,False,False,False,False
SHAREINDIA.NS,Share India Securities Limited,Financial Services,Unknown,False,Cash,1,Stage 2,Stage 2,Early Stage 2,Early Stage 2,Stage 2 • Early Stage 2,0.72,"Price has moved above long-term structure, but the full moving-average stack is not clean yet.",,,2026-08-17,,watchlist,weekly_breakout,watchlist,43.16,64.38,52.71,2.0,43.16,64.38,54.71,24.19,30.6,157831094.05,"Stage 2, Early Stage 2, weekly_vcp_ok, volume_dryup, weekly_volume_dryup, weekly_strong",105,123,Stage 2,watchlist,weekly_breakout,52.46,18,2.25,False,False,False,False,False
GLAXO.NS,GlaxoSmithKline Pharmaceuticals Limited,Healthcare,Unknown,False,Cash,1,Stage 2,Stage 2,Early Stage 2,Early Stage 2,Stage 2 • Early Stage 2,0.72,"Price has moved above long-term structure, but the full moving-average stack is not clean yet.",,,2026-08-17,,watchlist,weekly_breakout,watchlist,30.19,62.15,44.57,10.0,30.19,62.15,54.57,23.77,19.72,234287268.6,"Stage 2, Early Stage 2, weekly_vcp_ok, weekly_strong",106,75,Stage 2,watchlist,weekly_breakout,58.07,-31,-3.5,False,False,False,False,False
JBCHEPHARM.NS,JB Chemicals & Pharmaceuticals Limited,Healthcare,Unknown,False,Cash,1,Stage 2,Stage 2,Clean Stage 2,Clean Stage 2,Stage 2 • Clean Stage 2,0.9,"Price is above rising key averages, weekly structure is supportive, and the stock is near its 52-week high.",,,2026-08-17,,watchlist,weekly_watchlist,watchlist,64.99,19.54,44.54,10.0,64.99,19.54,54.54,16.19,35.22,1395004622.68,"Stage 2, Clean Stage 2, trend_template_ok",107,104,Stage 2,watchlist,weekly_watchlist,54.52,-3,0.01999999999999602,False,False,False,False,False
SAILIFE.NS,Sai Life Sciences Ltd.,Healthcare,Unknown,False,Cash,1,Stage 2,Stage 2,Clean Stage 2,Clean Stage 2,Stage 2 • Clean Stage 2,0.9,"Price is above rising key averages, weekly structure is supportive, and the stock is near its 52-week high.",,,2026-08-17,,watchlist,weekly_watchlist,watchlist,59.7,26.0,44.54,10.0,59.7,26.0,54.54,24.22,63.4,788062873.0,"Stage 2, Clean Stage 2, trend_template_ok, weekly_volume_dryup",108,103,Stage 2,watchlist,weekly_watchlist,54.54,-5,0.0,False,False,False,False,False
SAREGAMA.NS,Saregama India Limited,"Media, Entertainment & Publication",Unknown,False,Cash,1,Stage 2,Stage 2,Clean Stage 2,Clean Stage 2,Stage 2 • Clean Stage 2,0.9,"Price is above rising key averages, weekly structure is supportive, and the stock is near its 52-week high.",,,2026-08-17,,watchlist,weekly_breakout,watchlist,44.36,66.9,54.5,0.0,44.36,66.9,54.5,25.79,55.44,493901215.06,"Stage 2, Clean Stage 2, trend_template_ok, weekly_vcp_ok, weekly_volume_dryup, weekly_strong",109,109,Stage 2,watchlist,weekly_breakout,54.17,0,0.3299999999999983,False,False,False,False,False
JINDALSAW.NS,Jindal Saw Limited,Capital Goods,Unknown,False,Cash,1,Stage 2,Stage 2,Clean Stage 2,Clean Stage 2,Stage 2 • Clean Stage 2,0.9,"Price is above rising key averages, weekly structure is supportive, and the stock is near its 52-week high.",,,2026-08-17,,watchlist,weekly_watchlist,watchlist,65.21,30.25,49.48,5.0,65.21,30.25,54.48,19.25,47.28,287289491.66,"Stage 2, Clean Stage 2, trend_template_ok, volume_dryup, weekly_volume_dryup",110,105,Stage 2,watchlist,weekly_watchlist,54.51,-5,-0.030000000000001137,False,False,False,False,False
TMB.NS,Tamilnad Mercantile Bank Limited,Financial Services,Unknown,False,Cash,1,Stage 2,Stage 2,Clean Stage 2,Clean Stage 2,Stage 2 • Clean Stage 2,0.9,"Price is above rising key averages, weekly structure is supportive, and the stock is near its 52-week high.",,,2026-08-17,,watchlist,weekly_watchlist,watchlist,70.1,30.89,52.46,2.0,70.1,30.89,54.46,22.34,38.54,592137944.55,"Stage 2, Clean Stage 2, trend_template_ok, volume_dryup, weekly_volume_dryup",111,139,Stage 2,watchlist,weekly_watchlist,50.76,28,3.700000000000003,False,False,False,False,False
ASHOKLEY.NS,Ashok Leyland Limited,Capital Goods,Unknown,True,F&O,1,Stage 2,Stage 2,Early Stage 2,Early Stage 2,Stage 2 • Early Stage 2,0.72,"Price has moved above long-term structure, but the full moving-average stack is not clean yet.",,,2026-08-17,,watchlist,weekly_near_pivot,watchlist,34.45,67.63,49.38,5.0,34.45,67.63,54.38,14.14,-6.88,3522399569.19,"Stage 2, Early Stage 2, weekly_vcp_ok, weekly_strong",112,46,Stage 2,watchlist,weekly_near_pivot,62.31,-66,-7.93,False,False,False,False,False
ASAHIINDIA.NS,Asahi India Glass Limited,Automobile and Auto Components,Unknown,False,Cash,1,Not Sure,Stage 2,Pending Stage 2,Pending Stage 2,Not Sure • Pending Stage 2,0.55,Stage 2 pending confirmation: needs 3 raw Stage 2 runs; current count 1.,Stage 2 pending confirmation: needs 3 raw Stage 2 runs; current count 1.,,2026-02-02,Stage 2,watchlist,weekly_watchlist,watchlist,57.92,27.72,44.33,10.0,57.92,27.72,54.33,10.51,6.68,210763007.45,"Stage 2, Early Stage 2 | Stage 2 pending confirmation: needs 3 raw Stage 2 runs; current count 1.",113,437,Stage 1,watchlist,weekly_watchlist,27.34,324,26.99,False,False,False,False,False
VGUARD.NS,V-Guard Industries Limited,Consumer Durables,Unknown,False,Cash,1,Not Sure,Stage 2,Pending Stage 2,Pending Stage 2,Not Sure • Pending Stage 2,0.55,Stage 2 pending confirmation: needs 3 raw Stage 2 runs; current count 1.,Stage 2 pending confirmation: needs 3 raw Stage 2 runs; current count 1.,,,Stage 2,watchlist,weekly_near_pivot,watchlist,39.6,67.51,52.16,2.0,39.6,67.51,54.16,7.83,9.27,981442139.24,"Stage 2, Early Stage 2, weekly_vcp_ok, weekly_strong | Stage 2 pending confirmation: needs 3 raw Stage 2 runs; current count 1.",114,231,Not Sure,watchlist,weekly_watchlist,43.32,117,10.839999999999996,False,False,False,False,False
JKPAPER.NS,JK Paper Limited,Forest Materials,Unknown,False,Cash,1,Stage 2,Stage 2,Early Stage 2,Early Stage 2,Stage 2 • Early Stage 2,0.72,"Price has moved above long-term structure, but the full moving-average stack is not clean yet.",,,2026-08-17,,watchlist,weekly_near_pivot,watchlist,24.88,67.53,44.07,10.0,24.88,67.53,54.07,-4.59,10.92,441867885.47,"Stage 2, Early Stage 2, weekly_vcp_ok, volume_dryup, weekly_volume_dryup, weekly_strong",115,107,Stage 2,watchlist,weekly_near_pivot,54.44,-8,-0.36999999999999744,False,False,False,False,False
INGERRAND.NS,Ingersoll Rand (India) Limited,Capital Goods,Unknown,False,Cash,1,Stage 2,Stage 2,Clean Stage 2,Clean Stage 2,Stage 2 • Clean Stage 2,0.9,"Price is above rising key averages, weekly structure is supportive, and the stock is near its 52-week high.",,,2026-08-17,,watchlist,weekly_watchlist,watchlist,65.92,28.03,48.87,5.0,65.92,28.03,53.87,3.29,29.03,144374868.41,"Stage 2, Clean Stage 2, trend_template_ok",116,209,Stage 2,watchlist,weekly_watchlist,44.16,93,9.71,False,False,False,False,False
KKCL.NS,Kewal Kiran Clothing Limited,Textiles,Unknown,False,Cash,1,Stage 2,Stage 2,Early Stage 2,Early Stage 2,Stage 2 • Early Stage 2,0.72,"Price has moved above long-term structure, but the full moving-average stack is not clean yet.",,,2026-08-17,,watchlist,weekly_near_pivot,watchlist,33.12,68.0,48.82,5.0,33.12,68.0,53.82,15.15,6.9,38463375.92,"Stage 2, Early Stage 2, weekly_vcp_ok, weekly_volume_dryup, weekly_strong",117,59,Stage 2,watchlist,weekly_breakout,59.58,-58,-5.759999999999998,False,False,False,False,False
PHOENIXLTD.NS,The Phoenix Mills Limited,Realty,Unknown,True,F&O,1,Stage 2,Stage 2,Early Stage 2,Early Stage 2,Stage 2 • Early Stage 2,0.72,"Price has moved above long-term structure, but the full moving-average stack is not clean yet.",,,2026-08-17,,watchlist,weekly_forming,watchlist,48.52,60.22,53.79,0.0,48.52,60.22,53.79,9.19,15.04,1149694135.84,"Stage 2, Early Stage 2, daily_vcp_ok, weekly_vcp_ok, volume_dryup, weekly_volume_dryup, weekly_strong",118,94,Stage 2,watchlist,weekly_forming,55.34,-24,-1.5500000000000043,False,False,False,False,False
SBIN.NS,State Bank of India,Financial Services,Unknown,True,F&O,1,Stage 2,Stage 2,Early Stage 2,Early Stage 2,Stage 2 • Early Stage 2,0.72,"Price has moved above long-term structure, but the full moving-average stack is not clean yet.",,,2026-08-17,,watchlist,weekly_near_pivot,watchlist,39.74,66.13,51.62,2.0,39.74,66.13,53.62,8.97,-5.67,11372785998.61,"Stage 2, Early Stage 2, weekly_vcp_ok, weekly_volume_dryup, weekly_strong",119,110,Stage 2,watchlist,weekly_near_pivot,54.12,-9,-0.5,False,False,False,False,False
LTFOODS.NS,LT Foods Ltd.,Fast Moving Consumer Goods,Unknown,False,Cash,1,Stage 2,Stage 2,Early Stage 2,Early Stage 2,Stage 2 • Early Stage 2,0.72,"Price has moved above long-term structure, but the full moving-average stack is not clean yet.",,,2026-08-17,,watchlist,weekly_forming,watchlist,48.22,60.12,53.58,0.0,48.22,60.12,53.58,5.82,6.39,339902497.78,"Stage 2, Early Stage 2, daily_vcp_ok, weekly_vcp_ok, volume_dryup, weekly_volume_dryup, weekly_strong",120,127,Stage 2,watchlist,weekly_forming,52.02,7,1.5599999999999952,False,False,False,False,False
INDGN.NS,Indegene Ltd.,Healthcare,Unknown,False,Cash,1,Stage 2,Stage 2,Early Stage 2,Early Stage 2,Stage 2 • Early Stage 2,0.72,"Price has moved above long-term structure, but the full moving-average stack is not clean yet.",Stage 2 confirmed with 3 raw confirmation runs.,,2026-08-17,,watchlist,weekly_breakout,watchlist,22.84,68.89,43.56,10.0,22.84,68.89,53.56,10.16,20.72,390661439.94,"Stage 2, Early Stage 2, weekly_vcp_ok, weekly_volume_dryup, weekly_strong",121,112,Not Sure,watchlist,weekly_breakout,53.73,-9,-0.1699999999999946,False,False,True,False,False
VRLLOG.NS,VRL Logistics Limited,Services,Unknown,False,Cash,1,Stage 2,Stage 2,Extended Stage 2,Extended Stage 2,Stage 2 • Extended Stage 2,0.78,"Advancing structure remains intact, but price is stretched versus key moving averages or far above the 52-week low.",,,2026-08-17,,watchlist,weekly_breakout,watchlist,42.37,62.2,51.29,2.0,42.37,62.2,53.29,22.54,10.41,233557987.95,"Stage 2, Extended Stage 2, weekly_vcp_ok, weekly_volume_dryup, weekly_strong",122,124,Stage 2,watchlist,weekly_breakout,52.33,2,0.9600000000000009,False,False,False,False,False
VARROC.NS,Varroc Engineering Limited,Automobile and Auto Components,Unknown,False,Cash,1,Stage 2,Stage 2,Extended Stage 2,Extended Stage 2,Stage 2 • Extended Stage 2,0.78,"Advancing structure remains intact, but price is stretched versus key moving averages or far above the 52-week low.",,,2026-08-17,,watchlist,weekly_breakout,watchlist,24.62,65.8,43.15,10.0,24.62,65.8,53.15,46.86,57.6,921767294.18,"Stage 2, Extended Stage 2, weekly_vcp_ok, weekly_volume_dryup, weekly_strong",123,114,Stage 2,watchlist,weekly_breakout,53.22,-9,-0.07000000000000028,False,False,False,False,False
LLOYDSME.NS,Lloyds Metals And Energy Limited,Metals & Mining,Unknown,False,Cash,1,Stage 2,Stage 2,Clean Stage 2,Clean Stage 2,Stage 2 • Clean Stage 2,0.9,"Price is above rising key averages, weekly structure is supportive, and the stock is near its 52-week high.",,,2026-08-17,,watchlist,weekly_watchlist,watchlist,60.45,44.2,53.14,0.0,60.45,44.2,53.14,11.2,69.27,1358049712.75,"Stage 2, Clean Stage 2, trend_template_ok",124,117,Stage 2,watchlist,weekly_watchlist,53.14,-7,0.0,False,False,False,False,False
WELENT.NS,Welspun Enterprises Limited,Construction,Unknown,False,Cash,1,Stage 2,Stage 2,Early Stage 2,Early Stage 2,Stage 2 • Early Stage 2,0.72,"Price has moved above long-term structure, but the full moving-average stack is not clean yet.",,,2026-08-17,,watchlist,weekly_forming,watchlist,44.8,62.87,52.93,0.0,44.8,62.87,52.93,16.86,22.85,185145987.6,"Stage 2, Early Stage 2, weekly_vcp_ok, weekly_volume_dryup, weekly_strong",125,121,Stage 2,watchlist,weekly_forming,52.62,-4,0.3100000000000023,False,False,False,False,False
WSTCSTPAPR.NS,West Coast Paper Mills Limited,Forest Materials,Unknown,False,Cash,1,Stage 2,Stage 2,Clean Stage 2,Clean Stage 2,Stage 2 • Clean Stage 2,0.9,"Price is above rising key averages, weekly structure is supportive, and the stock is near its 52-week high.",,,2026-08-17,,watchlist,weekly_watchlist,watchlist,59.34,22.4,42.72,10.0,59.34,22.4,52.72,27.77,52.49,236255369.93,"Stage 2, Clean Stage 2, trend_template_ok",126,126,Stage 2,watchlist,weekly_watchlist,52.19,0,0.5300000000000011,False,False,False,False,False
NEULANDLAB.NS,Neuland Laboratories Limited,Healthcare,Unknown,False,Cash,1,Stage 2,Stage 2,Extended Stage 2,Extended Stage 2,Stage 2 • Extended Stage 2,0.78,"Advancing structure remains intact, but price is stretched versus key moving averages or far above the 52-week low.",,,2026-08-17,,watchlist,weekly_breakout,watchlist,23.75,65.8,42.67,10.0,23.75,65.8,52.67,38.32,82.75,2360735531.37,"Stage 2, Extended Stage 2, weekly_vcp_ok, weekly_strong",127,119,Stage 2,watchlist,weekly_breakout,52.94,-8,-0.269999999999996,False,False,False,False,False
AARTIIND.NS,Aarti Industries Limited,Chemicals,Unknown,False,Cash,1,Stage 2,Stage 2,Clean Stage 2,Clean Stage 2,Stage 2 • Clean Stage 2,0.9,"Price is above rising key averages, weekly structure is supportive, and the stock is near its 52-week high.",,,2026-08-17,,watchlist,weekly_watchlist,watchlist,62.66,29.19,47.6,5.0,62.66,29.19,52.6,9.35,22.51,870720750.62,"Stage 2, Clean Stage 2, trend_template_ok",128,125,Stage 2,watchlist,weekly_watchlist,52.25,-3,0.3500000000000014,False,False,False,False,False
PRESTIGE.NS,Prestige Estates Projects Ltd.,Realty,Unknown,True,F&O,1,Stage 2,Stage 2,Early Stage 2,Early Stage 2,Stage 2 • Early Stage 2,0.72,"Price has moved above long-term structure, but the full moving-average stack is not clean yet.",,,2026-08-17,,watchlist,weekly_forming,watchlist,46.11,60.15,52.43,0.0,46.11,60.15,52.43,12.75,10.79,985761727.54,"Stage 2, Early Stage 2, weekly_vcp_ok, volume_dryup, weekly_volume_dryup, weekly_strong",129,91,Stage 2,watchlist,weekly_forming,55.46,-38,-3.030000000000001,False,False,False,False,False
MINDACORP.NS,Minda Corporation Limited,Automobile and Auto Components,Unknown,False,Cash,1,Stage 2,Stage 2,Clean Stage 2,Clean Stage 2,Stage 2 • Clean Stage 2,0.9,"Price is above rising key averages, weekly structure is supportive, and the stock is near its 52-week high.",,,2026-08-17,,watchlist,weekly_watchlist,watchlist,57.88,23.04,42.2,10.0,57.88,23.04,52.2,42.24,32.12,526094004.67,"Stage 2, Clean Stage 2, trend_template_ok",130,118,Stage 2,watchlist,weekly_watchlist,53.04,-12,-0.8399999999999963,False,False,False,False,False
RRKABEL.NS,R R Kabel Limited,Capital Goods,Unknown,False,Cash,1,Stage 2,Stage 2,Extended Stage 2,Extended Stage 2,Stage 2 • Extended Stage 2,0.78,"Advancing structure remains intact, but price is stretched versus key moving averages or far above the 52-week low.",,,2026-08-17,,watchlist,weekly_watchlist,watchlist,56.08,36.2,47.13,5.0,56.08,36.2,52.13,40.31,104.86,1933173678.98,"Stage 2, Extended Stage 2, trend_template_ok, volume_dryup, weekly_volume_dryup",131,176,Stage 2,watchlist,weekly_watchlist,46.52,45,5.609999999999999,False,False,False,False,False
WESTLIFE.NS,WESTLIFE FOODWORLD LIMITED,Consumer Services,Unknown,False,Cash,1,Stage 2,Stage 2,Early Stage 2,Early Stage 2,Stage 2 • Early Stage 2,0.72,"Price has moved above long-term structure, but the full moving-average stack is not clean yet.",Stage 2 confirmed with 3 raw confirmation runs.,,2026-08-17,,watchlist,weekly_breakout,watchlist,40.3,61.9,50.02,2.0,40.3,61.9,52.02,22.82,18.2,127960608.22,"Stage 2, Early Stage 2, weekly_vcp_ok, weekly_volume_dryup, weekly_strong",132,128,Not Sure,watchlist,weekly_breakout,51.94,-4,0.0800000000000054,False,False,True,False,False
PTCIL.NS,PTC Industries Limited,Capital Goods,Unknown,False,Cash,1,Stage 2,Stage 2,Early Stage 2,Early Stage 2,Stage 2 • Early Stage 2,0.72,"Price has moved above long-term structure, but the full moving-average stack is not clean yet.",,,2026-08-17,,watchlist,weekly_near_pivot,watchlist,27.95,69.5,46.65,5.0,27.95,69.5,51.65,23.33,13.64,637379133.7,"Stage 2, Early Stage 2, weekly_vcp_ok, weekly_strong",133,160,Stage 2,watchlist,weekly_breakout,48.94,27,2.710000000000001,False,False,False,False,False
PIDILITIND.NS,Pidilite Industries Limited,Chemicals,Unknown,True,F&O,1,Stage 2,Stage 2,Clean Stage 2,Clean Stage 2,Stage 2 • Clean Stage 2,0.9,"Price is above rising key averages, weekly structure is supportive, and the stock is near its 52-week high.",,,2026-08-17,,watchlist,weekly_watchlist,watchlist,59.42,30.42,46.37,5.0,59.42,30.42,51.37,13.04,19.15,2051550178.5,"Stage 2, Clean Stage 2, trend_template_ok, weekly_volume_dryup",134,142,Stage 2,watchlist,weekly_watchlist,50.46,8,0.9099999999999966,False,False,False,False,False
KDDL.NS,KDDL Limited,Consumer Durables,Unknown,False,Cash,1,Stage 2,Stage 2,Extended Stage 2,Extended Stage 2,Stage 2 • Extended Stage 2,0.78,"Advancing structure remains intact, but price is stretched versus key moving averages or far above the 52-week low.",,,2026-08-17,,watchlist,weekly_watchlist,watchlist,59.95,36.4,49.35,2.0,59.95,36.4,51.35,44.0,88.3,210594583.19,"Stage 2, Extended Stage 2, trend_template_ok, weekly_volume_dryup",135,154,Stage 2,watchlist,weekly_watchlist,49.35,19,2.0,False,False,False,False,False
JLHL.NS,Jupiter Life Line Hospitals Limited,Healthcare,Unknown,False,Cash,1,Stage 2,Stage 2,Early Stage 2,Early Stage 2,Stage 2 • Early Stage 2,0.72,"Price has moved above long-term structure, but the full moving-average stack is not clean yet.",,,2026-08-17,,watchlist,weekly_breakout,watchlist,23.54,62.82,41.22,10.0,23.54,62.82,51.22,15.31,34.86,73057410.08,"Stage 2, Early Stage 2, weekly_vcp_ok, weekly_volume_dryup, weekly_strong",136,134,Stage 2,watchlist,weekly_breakout,51.16,-2,0.060000000000002274,False,False,False,False,False
KTKBANK.NS,The Karnataka Bank Limited,Financial Services,Unknown,False,Cash,1,Stage 2,Stage 2,Clean Stage 2,Clean Stage 2,Stage 2 • Clean Stage 2,0.9,"Price is above rising key averages, weekly structure is supportive, and the stock is near its 52-week high.",,,2026-08-17,,watchlist,weekly_watchlist,watchlist,63.97,31.11,49.18,2.0,63.97,31.11,51.18,15.83,59.28,1014143445.45,"Stage 2, Clean Stage 2, trend_template_ok, weekly_volume_dryup",137,138,Stage 2,watchlist,weekly_watchlist,50.78,1,0.3999999999999986,False,False,False,False,False
BALAMINES.NS,Balaji Amines Limited,Chemicals,Unknown,False,Cash,1,Stage 2,Stage 2,Early Stage 2,Early Stage 2,Stage 2 • Early Stage 2,0.72,"Price has moved above long-term structure, but the full moving-average stack is not clean yet.",,,2026-08-17,,watchlist,weekly_forming,watchlist,30.04,65.8,46.13,5.0,30.04,65.8,51.13,13.13,99.59,487652412.78,"Stage 2, Early Stage 2, weekly_vcp_ok, volume_dryup, weekly_volume_dryup, weekly_strong",138,130,Stage 2,watchlist,weekly_forming,51.69,-8,-0.5599999999999952,False,False,False,False,False
AGARWALEYE.NS,Dr. Agarwal's Health Care Ltd.,Healthcare,Unknown,False,Cash,1,Stage 2,Stage 2,Early Stage 2,Early Stage 2,Stage 2 • Early Stage 2,0.72,"Price has moved above long-term structure, but the full moving-average stack is not clean yet.",Stage 2 reclaimed after 3 confirmation runs.,,2026-08-17,,watchlist,weekly_breakout,watchlist,19.35,67.76,41.13,10.0,19.35,67.76,51.13,2.89,16.71,1356300895.85,"Stage 2, Early Stage 2, weekly_vcp_ok, weekly_strong",139,137,Stage 2 Failed,watchlist,weekly_breakout,50.89,-2,0.240000000000002,False,False,True,False,False
STARHEALTH.NS,Star Health and Allied Insurance Company Limited,Financial Services,Unknown,False,Cash,1,Stage 2,Stage 2,Messy Stage 2,Messy Stage 2,Stage 2 • Messy Stage 2,0.64,"Long-term structure is still constructive, but the short-term/weekly structure is not clean.",,,2026-08-17,,watchlist,weekly_watchlist,watchlist,66.7,27.51,49.06,2.0,66.7,27.51,51.06,8.91,30.17,312858358.9,"Stage 2, Messy Stage 2, trend_template_ok, volume_dryup, weekly_volume_dryup",140,131,Stage 2,watchlist,weekly_watchlist,51.4,-9,-0.3399999999999963,False,False,False,False,False
JSWENERGY.NS,JSW Energy Limited,Power,Unknown,True,F&O,1,Stage 2,Stage 2,Messy Stage 2,Messy Stage 2,Stage 2 • Messy Stage 2,0.64,"Long-term structure is still constructive, but the short-term/weekly structure is not clean.",,,2026-08-17,,watchlist,weekly_forming,watchlist,45.77,57.46,51.03,0.0,45.77,57.46,51.03,-2.2,18.84,945125525.33,"Stage 2, Messy Stage 2, weekly_vcp_ok, volume_dryup, weekly_volume_dryup, weekly_strong",141,129,Stage 2,watchlist,weekly_forming,51.79,-12,-0.759999999999998,False,False,False,False,False
PRINCEPIPE.NS,Prince Pipes And Fittings Limited,Capital Goods,Unknown,False,Cash,1,Stage 2,Stage 2,Early Stage 2,Early Stage 2,Stage 2 • Early Stage 2,0.72,"Price has moved above long-term structure, but the full moving-average stack is not clean yet.",,,2026-08-17,,watchlist,weekly_near_pivot,watchlist,27.96,67.63,45.81,5.0,27.96,67.63,50.81,5.69,12.64,73416930.0,"Stage 2, Early Stage 2, weekly_vcp_ok, weekly_strong",142,147,Stage 2,watchlist,weekly_near_pivot,49.84,5,0.9699999999999989,False,False,False,False,False
SOLARINDS.NS,Solar Industries India Limited,Chemicals,Unknown,True,F&O,1,Stage 2,Stage 2,Clean Stage 2,Clean Stage 2,Stage 2 • Clean Stage 2,0.9,"Price is above rising key averages, weekly structure is supportive, and the stock is near its 52-week high.",,,2026-08-17,,watchlist,weekly_watchlist,watchlist,64.76,22.36,45.68,5.0,64.76,22.36,50.68,10.05,57.52,2612255608.01,"Stage 2, Clean Stage 2, trend_template_ok",143,141,Stage 2,watchlist,weekly_watchlist,50.48,-2,0.20000000000000284,False,False,False,False,False
SYRMA.NS,Syrma SGS Technology Limited,Capital Goods,Unknown,False,Cash,1,Stage 2,Stage 2,Extended Stage 2,Extended Stage 2,Stage 2 • Extended Stage 2,0.78,"Advancing structure remains intact, but price is stretched versus key moving averages or far above the 52-week low.",,,2026-08-17,,watchlist,weekly_watchlist,watchlist,55.05,34.0,45.58,5.0,55.05,34.0,50.58,44.59,79.55,2400784434.28,"Stage 2, Extended Stage 2, trend_template_ok, weekly_volume_dryup",144,218,Stage 2,watchlist,weekly_watchlist,43.75,74,6.829999999999998,False,False,False,False,False
SIEMENS.NS,Siemens Ltd.,Capital Goods,Unknown,True,F&O,1,Stage 2,Stage 2,Clean Stage 2,Clean Stage 2,Stage 2 • Clean Stage 2,0.9,"Price is above rising key averages, weekly structure is supportive, and the stock is near its 52-week high.",,,2026-08-17,,watchlist,weekly_watchlist,watchlist,64.06,22.51,45.36,5.0,64.06,22.51,50.36,2.36,30.78,1555011464.14,"Stage 2, Clean Stage 2, trend_template_ok, weekly_volume_dryup",145,106,Stage 2,watchlist,weekly_watchlist,54.44,-39,-4.079999999999998,False,False,False,False,False
PPLPHARMA.NS,Piramal Pharma Ltd.,Healthcare,Unknown,False,Cash,1,Stage 2,Stage 2,Early Stage 2,Early Stage 2,Stage 2 • Early Stage 2,0.72,"Price has moved above long-term structure, but the full moving-average stack is not clean yet.",,,2026-08-17,,watchlist,weekly_watchlist,watchlist,45.56,33.59,40.17,10.0,45.56,33.59,50.17,17.6,34.32,1574756036.6,"Stage 2, Early Stage 2, volume_dryup, weekly_volume_dryup",146,152,Stage 2,watchlist,weekly_watchlist,49.38,6,0.7899999999999991,False,False,False,False,False
CRISIL.NS,CRISIL Limited,Financial Services,Unknown,False,Cash,1,Stage 2,Stage 2,Early Stage 2,Early Stage 2,Stage 2 • Early Stage 2,0.72,"Price has moved above long-term structure, but the full moving-average stack is not clean yet.",,,2026-08-17,,watchlist,weekly_near_pivot,watchlist,32.38,66.89,47.91,2.0,32.38,66.89,49.91,3.71,7.15,329254218.42,"Stage 2, Early Stage 2, weekly_vcp_ok, volume_dryup, weekly_volume_dryup, weekly_strong",147,144,Stage 2,watchlist,weekly_breakout,50.21,-3,-0.30000000000000426,False,False,False,False,False
STLTECH.NS,Sterlite Technologies Limited,Telecommunication,Unknown,False,Cash,1,Stage 2,Stage 2,Extended Stage 2,Extended Stage 2,Stage 2 • Extended Stage 2,0.78,"Advancing structure remains intact, but price is stretched versus key moving averages or far above the 52-week low.",,,2026-08-17,,watchlist,weekly_watchlist,watchlist,43.4,35.2,39.71,10.0,43.4,35.2,49.71,51.79,325.71,1377678633.15,"Stage 2, Extended Stage 2, trend_template_ok, weekly_volume_dryup",148,149,Stage 2,watchlist,weekly_watchlist,49.79,1,-0.0799999999999983,False,False,False,False,False
EXIDEIND.NS,Exide Industries Limited,Automobile and Auto Components,Unknown,True,F&O,1,Stage 2,Stage 2,Early Stage 2,Early Stage 2,Stage 2 • Early Stage 2,0.72,"Price has moved above long-term structure, but the full moving-average stack is not clean yet.",,,2026-08-17,,watchlist,weekly_watchlist,watchlist,44.18,34.0,39.6,10.0,44.18,34.0,49.6,35.71,44.79,2934513828.17,"Stage 2, Early Stage 2, weekly_volume_dryup",149,151,Stage 2,watchlist,weekly_watchlist,49.6,2,0.0,False,False,False,False,False
SUMICHEM.NS,Sumitomo Chemical India Limited,Chemicals,Unknown,False,Cash,1,Stage 2,Stage 2,Early Stage 2,Early Stage 2,Stage 2 • Early Stage 2,0.72,"Price has moved above long-term structure, but the full moving-average stack is not clean yet.",,,2026-08-17,,watchlist,weekly_watchlist,watchlist,51.2,35.68,44.22,5.0,51.2,35.68,49.22,18.41,42.4,371873750.13,"Stage 2, Early Stage 2, volume_dryup, weekly_volume_dryup",150,155,Stage 2,watchlist,weekly_watchlist,49.32,5,-0.10000000000000142,False,False,False,False,False
GRANULES.NS,Granules India Limited,Healthcare,Unknown,False,Cash,1,Stage 2,Stage 2,Clean Stage 2,Clean Stage 2,Stage 2 • Clean Stage 2,0.9,"Price is above rising key averages, weekly structure is supportive, and the stock is near its 52-week high.",,,2026-08-17,,watchlist,weekly_watchlist,watchlist,46.38,30.28,39.14,10.0,46.38,30.28,49.14,9.65,57.19,716342360.85,"Stage 2, Clean Stage 2, trend_template_ok, volume_dryup, weekly_volume_dryup",151,156,Stage 2,watchlist,weekly_watchlist,49.32,5,-0.17999999999999972,False,False,False,False,False
DALMIASUG.NS,Dalmia Bharat Sugar and Industries Limited,Fast Moving Consumer Goods,Unknown,False,Cash,1,Stage 2,Stage 2,Extended Stage 2,Extended Stage 2,Stage 2 • Extended Stage 2,0.78,"Advancing structure remains intact, but price is stretched versus key moving averages or far above the 52-week low.",,,2026-08-17,,watchlist,weekly_watchlist,watchlist,62.95,32.0,49.02,0.0,62.95,32.0,49.02,30.75,57.92,438292819.28,"Stage 2, Extended Stage 2, trend_template_ok",152,140,Stage 2,watchlist,weekly_watchlist,50.52,-12,-1.5,False,False,False,False,False
FUSION.NS,Fusion Micro Finance Limited,Financial Services,Unknown,False,Cash,1,Stage 2,Stage 2,Early Stage 2,Early Stage 2,Stage 2 • Early Stage 2,0.72,"Price has moved above long-term structure, but the full moving-average stack is not clean yet.",,,2026-08-17,,watchlist,weekly_forming,watchlist,36.87,58.97,46.81,2.0,36.87,58.97,48.81,4.63,7.05,182679693.57,"Stage 2, Early Stage 2, weekly_vcp_ok, weekly_volume_dryup, weekly_strong",153,158,Stage 2,watchlist,weekly_forming,49.23,5,-0.4199999999999946,False,False,False,False,False
ZENTEC.NS,Zen Technologies Ltd.,Capital Goods,Unknown,False,Cash,1,Stage 2,Stage 2,Clean Stage 2,Clean Stage 2,Stage 2 • Clean Stage 2,0.9,"Price is above rising key averages, weekly structure is supportive, and the stock is near its 52-week high.",,,2026-08-17,,watchlist,weekly_watchlist,watchlist,51.94,33.84,43.8,5.0,51.94,33.84,48.8,21.61,56.82,1017103201.61,"Stage 2, Clean Stage 2, trend_template_ok",154,232,Stage 2,watchlist,weekly_watchlist,43.29,78,5.509999999999998,False,False,False,False,False
MAZDOCK.NS,Mazagon Dock Shipbuilders Limited,Capital Goods,Unknown,True,F&O,1,Stage 2,Stage 2,Early Stage 2,Early Stage 2,Stage 2 • Early Stage 2,0.72,"Price has moved above long-term structure, but the full moving-average stack is not clean yet.",Stage 2 confirmed with 3 raw confirmation runs.,,2026-08-17,,watchlist,weekly_forming,watchlist,29.79,60.81,43.75,5.0,29.79,60.81,48.75,3.42,15.72,2324732385.74,"Stage 2, Early Stage 2, weekly_vcp_ok, weekly_strong",155,254,Not Sure,watchlist,weekly_forming,41.84,99,6.909999999999997,False,False,True,False,False
UNITDSPR.NS,United Spirits Ltd.,Fast Moving Consumer Goods,Unknown,True,F&O,1,Stage 2,Stage 2,Early Stage 2,Early Stage 2,Stage 2 • Early Stage 2,0.72,"Price has moved above long-term structure, but the full moving-average stack is not clean yet.",,,2026-08-17,,watchlist,weekly_forming,watchlist,49.96,47.06,48.66,0.0,49.96,47.06,48.66,15.49,14.12,1282619425.78,"Stage 2, Early Stage 2, daily_vcp_ok, weekly_vcp_ok, volume_dryup, weekly_volume_dryup",156,157,Stage 2,watchlist,weekly_forming,49.28,1,-0.6200000000000045,False,False,False,False,False
ETERNAL.NS,Eternal Ltd.,Consumer Services,Unknown,True,F&O,1,Stage 2,Stage 2,Early Stage 2,Early Stage 2,Stage 2 • Early Stage 2,0.72,"Price has moved above long-term structure, but the full moving-average stack is not clean yet.",,,2026-08-17,,watchlist,weekly_breakout,watchlist,25.36,71.58,46.16,2.0,25.36,71.58,48.16,28.6,18.21,9939619642.93,"Stage 2, Early Stage 2, weekly_vcp_ok, volume_dryup, weekly_volume_dryup, weekly_strong",157,163,Stage 2,watchlist,weekly_breakout,48.47,6,-0.3100000000000023,False,False,False,False,False
KAJARIACER.NS,Kajaria Ceramics Limited,Consumer Durables,Unknown,False,Cash,1,Stage 2,Stage 2,Clean Stage 2,Clean Stage 2,Stage 2 • Clean Stage 2,0.9,"Price is above rising key averages, weekly structure is supportive, and the stock is near its 52-week high.",,,2026-08-17,,watchlist,weekly_watchlist,watchlist,60.28,28.68,46.06,2.0,60.28,28.68,48.06,14.37,36.4,340960663.52,"Stage 2, Clean Stage 2, trend_template_ok",158,122,Stage 2,watchlist,weekly_watchlist,52.61,-36,-4.549999999999997,False,False,False,False,False
POONAWALLA.NS,Poonawalla Fincorp Limited,Financial Services,Unknown,False,Cash,1,Stage 2,Stage 2,Early Stage 2,Early Stage 2,Stage 2 • Early Stage 2,0.72,"Price has moved above long-term structure, but the full moving-average stack is not clean yet.",,,2026-08-17,,watchlist,weekly_forming,watchlist,44.52,47.42,45.83,2.0,44.52,47.42,47.83,22.59,10.6,646880161.74,"Stage 2, Early Stage 2, weekly_vcp_ok, weekly_volume_dryup",159,165,Stage 2,watchlist,weekly_forming,48.25,6,-0.4200000000000017,False,False,False,False,False
IMFA.NS,Indian Metals & Ferro Alloys Limited,Metals & Mining,Unknown,False,Cash,1,Stage 2,Stage 2,Stage 2,Stage 2,Stage 2,0.76,Advancing structure detected.,,,2026-08-17,,watchlist,weekly_forming,watchlist,38.54,59.11,47.8,0.0,38.54,59.11,47.8,-2.94,5.05,318830224.6,"Stage 2, Stage 2, weekly_vcp_ok, weekly_volume_dryup, weekly_strong",160,169,Stage 2,watchlist,weekly_forming,47.21,9,0.5899999999999963,False,False,False,False,False
CONCORDBIO.NS,Concord Biotech Limited,Healthcare,Unknown,False,Cash,1,Stage 2,Stage 2,Early Stage 2,Early Stage 2,Stage 2 • Early Stage 2,0.72,"Price has moved above long-term structure, but the full moving-average stack is not clean yet.",,,2026-08-17,,watchlist,weekly_watchlist,watchlist,47.38,25.96,37.74,10.0,47.38,25.96,47.74,38.25,41.33,299444892.49,"Stage 2, Early Stage 2",161,187,Stage 2,watchlist,weekly_watchlist,45.79,26,1.9500000000000028,False,False,False,False,False
RAYMOND.NS,Raymond Limited,Textiles,Unknown,False,Cash,1,Stage 2,Stage 2,Clean Stage 2,Clean Stage 2,Stage 2 • Clean Stage 2,0.9,"Price is above rising key averages, weekly structure is supportive, and the stock is near its 52-week high.",,,2026-08-17,,watchlist,weekly_watchlist,watchlist,53.03,30.04,42.68,5.0,53.03,30.04,47.68,13.46,62.93,336009665.52,"Stage 2, Clean Stage 2, trend_template_ok",162,100,Stage 2,watchlist,weekly_watchlist,54.69,-62,-7.009999999999998,False,False,False,False,False
HONAUT.NS,Honeywell Automation India Limited,Capital Goods,Unknown,False,Cash,1,Stage 2,Stage 2,Early Stage 2,Early Stage 2,Stage 2 • Early Stage 2,0.72,"Price has moved above long-term structure, but the full moving-average stack is not clean yet.",,,2026-08-17,,watchlist,weekly_forming,watchlist,26.95,61.75,42.61,5.0,26.95,61.75,47.61,18.99,20.54,258073289.5,"Stage 2, Early Stage 2, weekly_vcp_ok, volume_dryup, weekly_volume_dryup, weekly_strong",163,85,Stage 2,watchlist,weekly_forming,56.55,-78,-8.939999999999998,False,False,False,False,False
ICIL.NS,Indo Count Industries Limited,Textiles,Unknown,False,Cash,1,Stage 2,Stage 2,Clean Stage 2,Clean Stage 2,Stage 2 • Clean Stage 2,0.9,"Price is above rising key averages, weekly structure is supportive, and the stock is near its 52-week high.",,,2026-08-17,,watchlist,weekly_watchlist,watchlist,47.25,36.4,42.37,5.0,47.25,36.4,47.37,40.98,49.87,736000569.47,"Stage 2, Clean Stage 2, trend_template_ok",164,309,Stage 2,watchlist,weekly_watchlist,36.09,145,11.279999999999994,False,False,False,False,False
JUBLINGREA.NS,Jubilant Ingrevia Limited,Chemicals,Unknown,False,Cash,1,Stage 2,Stage 2,Early Stage 2,Early Stage 2,Stage 2 • Early Stage 2,0.72,"Price has moved above long-term structure, but the full moving-average stack is not clean yet.",,,2026-08-17,,watchlist,weekly_forming,watchlist,28.13,59.5,42.25,5.0,28.13,59.5,47.25,-2.82,19.78,415940459.79,"Stage 2, Early Stage 2, weekly_vcp_ok, volume_dryup, weekly_volume_dryup, weekly_strong",165,135,Stage 2,watchlist,weekly_near_pivot,50.99,-30,-3.740000000000002,False,False,False,False,False
KALYANKJIL.NS,Kalyan Jewellers India Limited,Consumer Durables,Unknown,True,F&O,1,Stage 2,Stage 2,Extended Stage 2,Extended Stage 2,Stage 2 • Extended Stage 2,0.78,"Advancing structure remains intact, but price is stretched versus key moving averages or far above the 52-week low.",,,2026-08-17,,watchlist,weekly_breakout,watchlist,27.62,65.8,44.8,2.0,27.62,65.8,46.8,68.75,48.94,12547599640.75,"Stage 2, Extended Stage 2, weekly_vcp_ok, volume_dryup, weekly_volume_dryup, weekly_strong",166,188,Stage 2,watchlist,weekly_breakout,45.64,22,1.1599999999999966,False,False,False,False,False
CHOICEIN.NS,Choice International Limited,Financial Services,Unknown,False,Cash,1,Stage 2,Stage 2,Early Stage 2,Early Stage 2,Stage 2 • Early Stage 2,0.72,"Price has moved above long-term structure, but the full moving-average stack is not clean yet.",,,2026-08-17,,watchlist,weekly_near_pivot,watchlist,25.1,68.77,44.75,2.0,25.1,68.77,46.75,18.91,10.81,385783144.92,"Stage 2, Early Stage 2, weekly_vcp_ok, volume_dryup, weekly_volume_dryup, weekly_strong",167,174,Stage 2,watchlist,weekly_near_pivot,46.78,7,-0.030000000000001137,False,False,False,False,False
CASTROLIND.NS,Castrol India Limited,"Oil, Gas & Consumable Fuels",Unknown,False,Cash,1,Stage 2,Stage 2,Early Stage 2,Early Stage 2,Stage 2 • Early Stage 2,0.72,"Price has moved above long-term structure, but the full moving-average stack is not clean yet.",,,2026-08-17,,watchlist,weekly_breakout,watchlist,19.84,68.49,41.73,5.0,19.84,68.49,46.73,4.08,11.81,581941948.19,"Stage 2, Early Stage 2, weekly_vcp_ok, weekly_strong",168,172,Stage 2,watchlist,weekly_breakout,46.9,4,-0.1700000000000017,False,False,False,False,False
PRIVISCL.NS,Privi Speciality Chemicals Limited,Chemicals,Unknown,False,Cash,1,Stage 2,Stage 2,Early Stage 2,Early Stage 2,Stage 2 • Early Stage 2,0.72,"Price has moved above long-term structure, but the full moving-average stack is not clean yet.",,,2026-08-17,,watchlist,weekly_forming,watchlist,25.32,61.77,41.72,5.0,25.32,61.77,46.72,7.22,32.52,310195829.82,"Stage 2, Early Stage 2, weekly_vcp_ok, volume_dryup, weekly_strong",169,166,Stage 2,watchlist,weekly_forming,48.25,-3,-1.5300000000000011,False,False,False,False,False
HAL.NS,Hindustan Aeronautics Limited,Capital Goods,Unknown,True,F&O,1,Stage 2,Stage 2,Early Stage 2,Early Stage 2,Stage 2 • Early Stage 2,0.72,"Price has moved above long-term structure, but the full moving-average stack is not clean yet.",,,2026-08-17,,watchlist,weekly_breakout,watchlist,24.99,62.03,41.66,5.0,24.99,62.03,46.66,15.0,27.28,5592416603.25,"Stage 2, Early Stage 2, weekly_vcp_ok, weekly_strong",170,168,Stage 2,watchlist,weekly_breakout,47.76,-2,-1.1000000000000014,False,False,False,False,False
POLYMED.NS,Poly Medicure Limited,Healthcare,Unknown,False,Cash,1,Stage 1,Stage 1,Stage 1 - Early Turn,Stage 1 - Early Turn,Stage 1 • Stage 1 - Early Turn,0.66,The stock is improving from a repair/base area but has not confirmed a clean Stage 2 yet.,,,,,watchlist,weekly_watchlist,watchlist,20.49,56.27,36.59,10.0,20.49,56.27,46.59,20.33,44.42,333273302.07,"Stage 1, Stage 1 - Early Turn, weekly_vcp_ok, weekly_strong, stage1_not_actionable, stage1_needs_more_base",171,173,Stage 1,watchlist,weekly_watchlist,46.86,2,-0.269999999999996,False,False,False,False,False
REDINGTON.NS,Redington Limited,Services,Unknown,False,Cash,1,Stage 2,Stage 2,Early Stage 2,Early Stage 2,Stage 2 • Early Stage 2,0.72,"Price has moved above long-term structure, but the full moving-average stack is not clean yet.",,,2026-08-17,,watchlist,weekly_breakout,watchlist,27.88,65.0,44.58,2.0,27.88,65.0,46.58,48.89,33.85,3676826058.8,"Stage 2, Early Stage 2, weekly_vcp_ok, volume_dryup, weekly_volume_dryup, weekly_strong",172,183,Stage 2,watchlist,weekly_breakout,45.96,11,0.6199999999999974,False,False,False,False,False
M&M.NS,Mahindra & Mahindra Limited,Automobile and Auto Components,Unknown,True,F&O,1,Stage 1,Stage 1,Stage 1 - Early Turn,Stage 1 - Early Turn,Stage 1 • Stage 1 - Early Turn,0.66,The stock is improving from a repair/base area but has not confirmed a clean Stage 2 yet.,,,2026-01-13,,watchlist,weekly_watchlist,watchlist,24.29,51.33,36.46,10.0,24.29,51.33,46.46,10.24,5.08,8446938465.61,"Stage 1, Stage 1 - Early Turn, daily_vcp_ok, weekly_vcp_ok, volume_dryup, weekly_volume_dryup, weekly_strong, stage1_needs_more_base",173,184,Stage 1,watchlist,weekly_watchlist,45.92,11,0.5399999999999991,False,False,False,False,False
KOLTEPATIL.NS,Kolte - Patil Developers Limited,Realty,Unknown,False,Cash,1,Stage 2,Stage 2,Extended Stage 2,Extended Stage 2,Stage 2 • Extended Stage 2,0.78,"Advancing structure remains intact, but price is stretched versus key moving averages or far above the 52-week low.",,,2026-08-17,,watchlist,weekly_forming,watchlist,43.72,49.62,46.38,0.0,43.72,49.62,46.38,18.25,36.97,409043879.01,"Stage 2, Extended Stage 2, weekly_vcp_ok, weekly_volume_dryup",174,164,Stage 2,watchlist,weekly_forming,48.4,-10,-2.019999999999996,False,False,False,False,False
MARKSANS.NS,Marksans Pharma Limited,Healthcare,Unknown,False,Cash,1,Stage 2,Stage 2,Extended Stage 2,Extended Stage 2,Stage 2 • Extended Stage 2,0.78,"Advancing structure remains intact, but price is stretched versus key moving averages or far above the 52-week low.",,,2026-08-17,,watchlist,weekly_watchlist,watchlist,47.67,22.4,36.3,10.0,47.67,22.4,46.3,48.07,80.09,1433677991.85,"Stage 2, Extended Stage 2, trend_template_ok",175,159,Stage 2,watchlist,weekly_watchlist,49.12,-16,-2.8200000000000003,False,False,False,False,False
ABB.NS,ABB India Limited,Capital Goods,Unknown,True,F&O,1,Stage 2,Stage 2,Clean Stage 2,Clean Stage 2,Stage 2 • Clean Stage 2,0.9,"Price is above rising key averages, weekly structure is supportive, and the stock is near its 52-week high.",,,2026-08-17,,watchlist,weekly_watchlist,watchlist,45.17,36.51,41.27,5.0,45.17,36.51,46.27,18.67,38.43,2395286842.79,"Stage 2, Clean Stage 2, trend_template_ok, volume_dryup, weekly_volume_dryup",176,180,Stage 2,watchlist,weekly_watchlist,46.14,4,0.13000000000000256,False,False,False,False,False
APARINDS.NS,Apar Industries Limited,Capital Goods,Unknown,False,Cash,1,Stage 2,Stage 2,Extended Stage 2,Extended Stage 2,Stage 2 • Extended Stage 2,0.78,"Advancing structure remains intact, but price is stretched versus key moving averages or far above the 52-week low.",,,2026-08-17,,watchlist,weekly_watchlist,watchlist,48.03,32.8,41.18,5.0,48.03,32.8,46.18,31.94,86.73,3183213008.3,"Stage 2, Extended Stage 2, trend_template_ok",177,215,Stage 2,watchlist,weekly_watchlist,43.82,38,2.3599999999999994,False,False,False,False,False
FIVESTAR.NS,Five-Star Business Finance Limited,Financial Services,Unknown,False,Cash,1,Stage 2,Stage 2,Early Stage 2,Early Stage 2,Stage 2 • Early Stage 2,0.72,"Price has moved above long-term structure, but the full moving-average stack is not clean yet.",,,2026-08-17,,watchlist,weekly_breakout,watchlist,22.39,70.44,44.01,2.0,22.39,70.44,46.01,18.61,27.8,355285724.8,"Stage 2, Early Stage 2, weekly_vcp_ok, volume_dryup, weekly_volume_dryup, weekly_strong",178,181,Stage 2,watchlist,weekly_breakout,46.12,3,-0.10999999999999943,False,False,False,False,False
DIXON.NS,Dixon Technologies (India) Limited,Consumer Durables,Unknown,True,F&O,1,Stage 2,Stage 2,Early Stage 2,Early Stage 2,Stage 2 • Early Stage 2,0.72,"Price has moved above long-term structure, but the full moving-average stack is not clean yet.",,,2026-08-17,,watchlist,weekly_near_pivot,watchlist,22.13,70.43,43.87,2.0,22.13,70.43,45.87,18.75,27.58,4639707335.55,"Stage 2, Early Stage 2, weekly_vcp_ok, volume_dryup, weekly_volume_dryup, weekly_strong",179,212,Stage 2,watchlist,weekly_near_pivot,43.98,33,1.8900000000000006,False,False,False,False,False
IIFL.NS,IIFL Finance Limited,Financial Services,Unknown,False,Cash,1,Stage 2,Stage 2,Early Stage 2,Early Stage 2,Stage 2 • Early Stage 2,0.72,"Price has moved above long-term structure, but the full moving-average stack is not clean yet.",,,2026-08-17,,watchlist,weekly_breakout,watchlist,27.7,63.62,43.86,2.0,27.7,63.62,45.86,32.54,25.69,1211140372.02,"Stage 2, Early Stage 2, weekly_vcp_ok, volume_dryup, weekly_volume_dryup, weekly_strong",180,179,Stage 2,watchlist,weekly_breakout,46.17,-1,-0.3100000000000023,False,False,False,False,False
POLICYBZR.NS,PB Fintech Limited,Financial Services,Unknown,True,F&O,1,Not Sure,Not Sure,Not Sure,Not Sure,Not Sure,0.0,Stage rules did not identify a reliable structure.,No confident stage classification.,,2025-12-31,,watchlist,weekly_watchlist,watchlist,33.4,56.53,43.81,2.0,33.4,56.53,45.81,-5.94,22.23,1915734815.91,"Not Sure, Not Sure, weekly_vcp_ok, volume_dryup, weekly_volume_dryup, weekly_strong",181,194,Not Sure,watchlist,weekly_watchlist,44.94,13,0.8700000000000045,False,False,False,False,False
THELEELA.NS,Leela Palaces Hotels & Resorts Ltd.,Consumer Services,Unknown,False,Cash,1,Stage 2,Stage 2,Clean Stage 2,Clean Stage 2,Stage 2 • Clean Stage 2,0.9,"Price is above rising key averages, weekly structure is supportive, and the stock is near its 52-week high.",,,2026-08-17,,watchlist,weekly_watchlist,watchlist,55.46,29.55,43.8,2.0,55.46,29.55,45.8,22.91,24.58,285877355.76,"Stage 2, Clean Stage 2, trend_template_ok, weekly_volume_dryup",182,304,Stage 2,watchlist,weekly_watchlist,36.32,122,9.479999999999997,False,False,False,False,False
GRASIM.NS,Grasim Industries Limited,Construction Materials,Unknown,True,F&O,1,Stage 2,Stage 2,Clean Stage 2,Clean Stage 2,Stage 2 • Clean Stage 2,0.9,"Price is above rising key averages, weekly structure is supportive, and the stock is near its 52-week high.",,,2026-08-17,,watchlist,weekly_watchlist,watchlist,58.33,30.05,45.6,0.0,58.33,30.05,45.6,10.09,18.41,2681810919.54,"Stage 2, Clean Stage 2",183,192,Stage 2,watchlist,weekly_watchlist,45.04,9,0.5600000000000023,False,False,False,False,False
MOTHERSON.NS,Samvardhana Motherson International Limited,Automobile and Auto Components,Unknown,True,F&O,1,Stage 2,Stage 2,Clean Stage 2,Clean Stage 2,Stage 2 • Clean Stage 2,0.9,"Price is above rising key averages, weekly structure is supportive, and the stock is near its 52-week high.",,,2026-08-17,,watchlist,weekly_watchlist,watchlist,44.22,25.04,35.59,10.0,44.22,25.04,45.59,23.38,35.06,3528481020.16,"Stage 2, Clean Stage 2, trend_template_ok, weekly_volume_dryup",184,191,Stage 2,watchlist,weekly_watchlist,45.16,7,0.4300000000000068,False,False,False,False,False
EMCURE.NS,Emcure Pharmaceuticals Ltd.,Healthcare,Unknown,False,Cash,1,Stage 2,Stage 2,Clean Stage 2,Clean Stage 2,Stage 2 • Clean Stage 2,0.9,"Price is above rising key averages, weekly structure is supportive, and the stock is near its 52-week high.",,,2026-08-17,,watchlist,weekly_watchlist,watchlist,42.01,27.4,35.44,10.0,42.01,27.4,45.44,6.14,31.9,297577714.09,"Stage 2, Clean Stage 2, trend_template_ok, weekly_volume_dryup",185,175,Stage 2,watchlist,weekly_watchlist,46.73,-10,-1.2899999999999991,False,False,False,False,False
HNDFDS.NS,Hindustan Foods Limited,Fast Moving Consumer Goods,Unknown,False,Cash,1,Stage 2,Stage 2,Early Stage 2,Early Stage 2,Stage 2 • Early Stage 2,0.72,"Price has moved above long-term structure, but the full moving-average stack is not clean yet.",,,2026-08-17,,watchlist,weekly_breakout,watchlist,29.71,64.48,45.36,0.0,29.71,64.48,45.36,21.85,33.95,56815427.03,"Stage 2, Early Stage 2, weekly_vcp_ok, weekly_strong",186,253,Stage 2,watchlist,weekly_breakout,41.84,67,3.519999999999996,False,False,False,False,False
ALKEM.NS,Alkem Laboratories Limited,Healthcare,Unknown,True,F&O,1,Stage 2 Failed,Stage 1,Failed Stage 2,Failed Stage 2,Stage 2 Failed • Failed Stage 2,0.72,"This stock was recently Stage 2, but the latest structure no longer satisfies Stage 2 rules. It is kept as Stage 2 Failed until a fresh base/repair structure forms.",Recent Stage 2 break; public stage held as Stage 2 Failed.,2026-08-18,2026-08-11,,watchlist,weekly_watchlist,watchlist,22.93,50.53,35.35,10.0,22.93,50.53,45.35,-1.08,8.33,683588181.38,"Stage 1, Stage 1 - Base/Repair, weekly_vcp_ok, weekly_strong, stage1_not_actionable, stage1_needs_more_base | Stage 2 failed state applied from stage memory.",187,257,Stage 2 Failed,watchlist,weekly_watchlist,41.37,70,3.980000000000004,False,False,False,False,False
TATVA.NS,Tatva Chintan Pharma Chem Limited,Chemicals,Unknown,False,Cash,1,Stage 2,Stage 2,Early Stage 2,Early Stage 2,Stage 2 • Early Stage 2,0.72,"Price has moved above long-term structure, but the full moving-average stack is not clean yet.",,,2026-08-17,,watchlist,weekly_watchlist,watchlist,52.1,25.79,40.26,5.0,52.1,25.79,45.26,32.48,45.45,311667371.96,"Stage 2, Early Stage 2, volume_dryup, weekly_volume_dryup",188,190,Stage 2,watchlist,weekly_watchlist,45.36,2,-0.10000000000000142,False,False,False,False,False
AARTIPHARM.NS,Aarti Pharmalabs Limited,Healthcare,Unknown,False,Cash,1,Stage 1,Stage 1,Stage 1 - Early Turn,Stage 1 - Early Turn,Stage 1 • Stage 1 - Early Turn,0.66,The stock is improving from a repair/base area but has not confirmed a clean Stage 2 yet.,,,2025-11-07,,watchlist,weekly_watchlist,watchlist,25.08,47.65,35.24,10.0,25.08,47.65,45.24,20.68,26.84,1088250805.29,"Stage 1, Stage 1 - Early Turn, weekly_vcp_ok, weekly_strong, stage1_not_actionable, stage1_needs_more_base",189,234,Stage 1,watchlist,weekly_watchlist,43.26,45,1.980000000000004,False,False,False,False,False
WABAG.NS,VA Tech Wabag Limited,Utilities,Unknown,False,Cash,1,Stage 2,Stage 2,Messy Stage 2,Messy Stage 2,Stage 2 • Messy Stage 2,0.64,"Long-term structure is still constructive, but the short-term/weekly structure is not clean.",,,2026-08-17,,watchlist,weekly_watchlist,watchlist,45.64,22.4,35.18,10.0,45.64,22.4,45.18,38.8,60.44,983566208.12,"Stage 2, Messy Stage 2, trend_template_ok, volume_dryup, weekly_volume_dryup",190,418,Stage 2,watchlist,weekly_watchlist,28.29,228,16.89,False,False,False,False,False
CARBORUNIV.NS,Carborundum Universal Limited,Capital Goods,Unknown,False,Cash,1,Stage 2,Stage 2,Clean Stage 2,Clean Stage 2,Stage 2 • Clean Stage 2,0.9,"Price is above rising key averages, weekly structure is supportive, and the stock is near its 52-week high.",,,2026-08-17,,watchlist,weekly_watchlist,watchlist,47.94,30.68,40.17,5.0,47.94,30.68,45.17,4.83,41.97,224688106.81,"Stage 2, Clean Stage 2, trend_template_ok",191,236,Stage 2,watchlist,weekly_watchlist,43.17,45,2.0,False,False,False,False,False
WELSPUNLIV.NS,Welspun Living Ltd.,Textiles,Unknown,False,Cash,1,Stage 2,Stage 2,Clean Stage 2,Clean Stage 2,Stage 2 • Clean Stage 2,0.9,"Price is above rising key averages, weekly structure is supportive, and the stock is near its 52-week high.",,,2026-08-17,,watchlist,weekly_watchlist,watchlist,47.19,31.56,40.16,5.0,47.19,31.56,45.16,23.62,32.01,1387299225.96,"Stage 2, Clean Stage 2, trend_template_ok",192,108,Stage 2,watchlist,weekly_watchlist,54.31,-84,-9.150000000000006,False,False,False,False,False
NEOGEN.NS,Neogen Chemicals Limited,Chemicals,Unknown,False,Cash,1,Stage 2,Stage 2,Extended Stage 2,Extended Stage 2,Stage 2 • Extended Stage 2,0.78,"Advancing structure remains intact, but price is stretched versus key moving averages or far above the 52-week low.",,,2026-08-17,,watchlist,weekly_watchlist,watchlist,47.12,31.6,40.14,5.0,47.12,31.6,45.14,35.42,87.09,504435573.84,"Stage 2, Extended Stage 2, trend_template_ok",193,217,Stage 2,watchlist,weekly_watchlist,43.76,24,1.3800000000000026,False,False,False,False,False
HOMEFIRST.NS,Home First Finance Company India Limited,Financial Services,Unknown,False,Cash,1,Stage 2 Failed,Not Sure,Failed Stage 2,Failed Stage 2,Stage 2 Failed • Failed Stage 2,0.72,"This stock was recently Stage 2, but the latest structure no longer satisfies Stage 2 rules. It is kept as Stage 2 Failed until a fresh base/repair structure forms.",Recent Stage 2 break; public stage held as Stage 2 Failed.,2026-08-18,2026-08-17,,watchlist,weekly_watchlist,watchlist,39.6,47.44,43.13,2.0,39.6,47.44,45.13,9.25,7.14,189716331.37,"Not Sure, Not Sure, weekly_vcp_ok, volume_dryup, weekly_volume_dryup, weekly_strong | Stage 2 failed state applied from stage memory.",194,99,Stage 2 Failed,watchlist,weekly_forming,54.7,-95,-9.57,False,False,False,False,False
NESTLEIND.NS,Nestle India Limited,Fast Moving Consumer Goods,Unknown,True,F&O,1,Stage 2,Stage 2,Clean Stage 2,Clean Stage 2,Stage 2 • Clean Stage 2,0.9,"Price is above rising key averages, weekly structure is supportive, and the stock is near its 52-week high.",,,2026-08-17,,forming_vcp,weekly_watchlist,watchlist,60.81,25.76,45.04,0.0,60.81,25.76,45.04,1.3,20.32,3918322735.5,"Stage 2, Clean Stage 2, trend_template_ok, daily_vcp_ok, weekly_volume_dryup",195,203,Stage 2,watchlist,weekly_watchlist,44.59,8,0.44999999999999574,False,False,False,False,False
SANGHVIMOV.NS,Sanghvi Movers Limited,Capital Goods,Unknown,False,Cash,1,Stage 2,Stage 2,Extended Stage 2,Extended Stage 2,Stage 2 • Extended Stage 2,0.78,"Advancing structure remains intact, but price is stretched versus key moving averages or far above the 52-week low.",,,2026-08-17,,watchlist,weekly_watchlist,watchlist,42.88,36.2,39.87,5.0,42.88,36.2,44.87,60.36,86.63,241198291.08,"Stage 2, Extended Stage 2, trend_template_ok, weekly_volume_dryup",196,195,Stage 2,watchlist,weekly_watchlist,44.94,-1,-0.07000000000000028,False,False,False,False,False
CONCOR.NS,Container Corporation of India Limited,Services,Unknown,True,F&O,1,Stage 2,Stage 2,Early Stage 2,Early Stage 2,Stage 2 • Early Stage 2,0.72,"Price has moved above long-term structure, but the full moving-average stack is not clean yet.",Stage 2 confirmed with 3 raw confirmation runs.,,2026-08-17,,watchlist,weekly_near_pivot,watchlist,23.06,66.95,42.81,2.0,23.06,66.95,44.81,1.15,10.31,1268181801.1,"Stage 2, Early Stage 2, weekly_vcp_ok, volume_dryup, weekly_strong",197,197,Not Sure,watchlist,weekly_near_pivot,44.76,0,0.05000000000000426,False,False,True,False,False
BHEL.NS,Bharat Heavy Electricals Limited,Capital Goods,Unknown,True,F&O,1,Stage 2,Stage 2,Stage 2,Stage 2,Stage 2,0.76,Advancing structure detected.,,,2026-08-17,,watchlist,weekly_watchlist,watchlist,48.12,29.49,39.74,5.0,48.12,29.49,44.74,2.5,68.42,3494564327.89,"Stage 2, Stage 2, volume_dryup",198,133,Stage 2,watchlist,weekly_watchlist,51.16,-65,-6.419999999999995,False,False,False,False,False
NAVINFLUOR.NS,Navin Fluorine International Limited,Chemicals,Unknown,False,Cash,1,Stage 2,Stage 2,Clean Stage 2,Clean Stage 2,Stage 2 • Clean Stage 2,0.9,"Price is above rising key averages, weekly structure is supportive, and the stock is near its 52-week high.",,,2026-08-17,,watchlist,weekly_watchlist,watchlist,44.67,33.64,39.71,5.0,44.67,33.64,44.71,14.14,38.26,2937698122.28,"Stage 2, Clean Stage 2, trend_template_ok, weekly_volume_dryup",199,206,Stage 2,watchlist,weekly_watchlist,44.35,7,0.35999999999999943,False,False,False,False,False
APOLLOTYRE.NS,Apollo Tyres Limited,Automobile and Auto Components,Unknown,False,Cash,1,Stage 1,Stage 1,Stage 1 - Early Turn,Stage 1 - Early Turn,Stage 1 • Stage 1 - Early Turn,0.66,The stock is improving from a repair/base area but has not confirmed a clean Stage 2 yet.,,,2026-01-15,,watchlist,weekly_watchlist,watchlist,20.64,51.88,34.7,10.0,20.64,51.88,44.7,15.94,-6.09,268916934.98,"Stage 1, Stage 1 - Early Turn, weekly_vcp_ok, volume_dryup, weekly_volume_dryup, weekly_strong, stage1_not_actionable, stage1_needs_more_base",200,200,Stage 1,watchlist,weekly_watchlist,44.71,0,-0.00999999999999801,False,False,False,False,False
CARTRADE.NS,Cartrade Tech Limited,Consumer Services,Unknown,False,Cash,1,Stage 2,Stage 2,Early Stage 2,Early Stage 2,Stage 2 • Early Stage 2,0.72,"Price has moved above long-term structure, but the full moving-average stack is not clean yet.",,,2026-08-17,,watchlist,weekly_forming,watchlist,23.76,65.8,42.68,2.0,23.76,65.8,44.68,54.03,43.48,1765539986.98,"Stage 2, Early Stage 2, weekly_vcp_ok, volume_dryup, weekly_volume_dryup, weekly_strong",201,204,Stage 2,watchlist,weekly_forming,44.58,3,0.10000000000000142,False,False,False,False,False
AGI.NS,AGI Greenpac Limited,Capital Goods,Unknown,False,Cash,1,Stage 1,Stage 1,Stage 1 - Early Turn,Stage 1 - Early Turn,Stage 1 • Stage 1 - Early Turn,0.66,The stock is improving from a repair/base area but has not confirmed a clean Stage 2 yet.,,,,,watchlist,weekly_watchlist,watchlist,27.54,54.34,39.6,5.0,27.54,54.34,44.6,20.67,24.68,95616712.74,"Stage 1, Stage 1 - Early Turn, weekly_vcp_ok, volume_dryup, weekly_volume_dryup, weekly_strong, stage1_not_actionable, stage1_needs_more_base",202,186,Stage 1,watchlist,weekly_watchlist,45.8,-16,-1.1999999999999957,False,False,False,False,False
BAJAJ-AUTO.NS,Bajaj Auto Limited,Automobile and Auto Components,Unknown,True,F&O,1,Stage 2,Stage 2,Clean Stage 2,Clean Stage 2,Stage 2 • Clean Stage 2,0.9,"Price is above rising key averages, weekly structure is supportive, and the stock is near its 52-week high.",,,2026-08-17,,watchlist,weekly_watchlist,watchlist,45.29,21.54,34.6,10.0,45.29,21.54,44.6,9.61,25.77,4242805850.93,"Stage 2, Clean Stage 2, trend_template_ok, volume_dryup, weekly_volume_dryup",203,199,Stage 2,watchlist,weekly_watchlist,44.74,-4,-0.14000000000000057,False,False,False,False,False
MSUMI.NS,Motherson Sumi Wiring India Limited,Automobile and Auto Components,Unknown,False,Cash,1,Stage 1,Stage 1,Stage 1 - Early Turn,Stage 1 - Early Turn,Stage 1 • Stage 1 - Early Turn,0.66,The stock is improving from a repair/base area but has not confirmed a clean Stage 2 yet.,,,2026-01-09,,watchlist,weekly_watchlist,watchlist,21.92,50.05,34.58,10.0,21.92,50.05,44.58,1.18,1.34,394708156.65,"Stage 1, Stage 1 - Early Turn, weekly_vcp_ok, volume_dryup, weekly_volume_dryup, weekly_strong, stage1_not_actionable, stage1_needs_more_base",204,220,Stage 1,watchlist,weekly_watchlist,43.66,16,0.9200000000000017,False,False,False,False,False
PAYTM.NS,One 97 Communications Limited,Financial Services,Unknown,True,F&O,1,Stage 2,Stage 2,Extended Stage 2,Extended Stage 2,Stage 2 • Extended Stage 2,0.78,"Advancing structure remains intact, but price is stretched versus key moving averages or far above the 52-week low.",,,2026-08-17,,watchlist,weekly_breakout,watchlist,23.88,65.33,42.53,2.0,23.88,65.33,44.53,37.04,38.23,6696156766.41,"Stage 2, Extended Stage 2, weekly_vcp_ok, weekly_volume_dryup, weekly_strong",205,198,Stage 2,watchlist,weekly_breakout,44.74,-7,-0.21000000000000085,False,False,False,False,False
RBLBANK.NS,RBL Bank Limited,Financial Services,Unknown,True,F&O,1,Stage 2,Stage 2,Clean Stage 2,Clean Stage 2,Stage 2 • Clean Stage 2,0.9,"Price is above rising key averages, weekly structure is supportive, and the stock is near its 52-week high.",,,2026-08-17,,watchlist,weekly_watchlist,watchlist,44.08,40.53,42.48,2.0,44.08,40.53,44.48,14.93,28.36,1374948401.29,"Stage 2, Clean Stage 2, trend_template_ok, volume_dryup, weekly_volume_dryup",206,205,Stage 2,watchlist,weekly_watchlist,44.41,-1,0.07000000000000028,False,False,False,False,False
PGEL.NS,PG Electroplast Limited,Consumer Durables,Unknown,True,F&O,1,Stage 2,Stage 2,Early Stage 2,Early Stage 2,Stage 2 • Early Stage 2,0.72,"Price has moved above long-term structure, but the full moving-average stack is not clean yet.",,,2026-08-17,,watchlist,weekly_near_pivot,watchlist,20.52,68.7,42.2,2.0,20.52,68.7,44.2,26.63,2.34,1331869826.86,"Stage 2, Early Stage 2, weekly_vcp_ok, weekly_volume_dryup, weekly_strong",207,239,Stage 2,watchlist,weekly_near_pivot,42.86,32,1.3400000000000034,False,False,False,False,False
TITAN.NS,Titan Company Limited,Consumer Durables,Unknown,True,F&O,1,Stage 2,Stage 2,Clean Stage 2,Clean Stage 2,Stage 2 • Clean Stage 2,0.9,"Price is above rising key averages, weekly structure is supportive, and the stock is near its 52-week high.",,,2026-08-17,,watchlist,weekly_watchlist,watchlist,49.66,33.06,42.19,2.0,49.66,33.06,44.19,21.38,27.19,4737524618.73,"Stage 2, Clean Stage 2, trend_template_ok, weekly_volume_dryup",208,246,Stage 2,watchlist,weekly_watchlist,42.3,38,1.8900000000000006,False,False,False,False,False
OFSS.NS,Oracle Financial Services Software Limited,Information Technology,Unknown,True,F&O,1,Stage 2,Stage 2,Clean Stage 2,Clean Stage 2,Stage 2 • Clean Stage 2,0.9,"Price is above rising key averages, weekly structure is supportive, and the stock is near its 52-week high.",,,2026-08-17,,watchlist,weekly_watchlist,watchlist,45.75,37.6,42.08,2.0,45.75,37.6,44.08,17.82,86.08,4540402504.0,"Stage 2, Clean Stage 2, trend_template_ok, volume_dryup, weekly_volume_dryup",209,207,Stage 2,watchlist,weekly_watchlist,44.29,-2,-0.21000000000000085,False,False,False,False,False
FCL.NS,Fineotex Chemical Limited,Chemicals,Unknown,False,Cash,1,Stage 2,Stage 2,Extended Stage 2,Extended Stage 2,Stage 2 • Extended Stage 2,0.78,"Advancing structure remains intact, but price is stretched versus key moving averages or far above the 52-week low.",,,2026-08-17,,watchlist,weekly_watchlist,watchlist,45.17,31.6,39.06,5.0,45.17,31.6,44.06,29.83,84.15,519503122.95,"Stage 2, Extended Stage 2, trend_template_ok, weekly_volume_dryup",210,262,Stage 2,watchlist,weekly_watchlist,40.96,52,3.1000000000000014,False,False,False,False,False
HSCL.NS,Himadri Speciality Chemical Limited,Chemicals,Unknown,False,Cash,1,Stage 2,Stage 2,Clean Stage 2,Clean Stage 2,Stage 2 • Clean Stage 2,0.9,"Price is above rising key averages, weekly structure is supportive, and the stock is near its 52-week high.",,,2026-08-17,,watchlist,weekly_watchlist,watchlist,46.0,30.4,38.98,5.0,46.0,30.4,43.98,32.69,79.82,4751056264.03,"Stage 2, Clean Stage 2, trend_template_ok, volume_dryup, weekly_volume_dryup",211,211,Stage 2,watchlist,weekly_watchlist,44.05,0,-0.07000000000000028,False,False,False,False,False
KRBL.NS,KRBL Limited,Fast Moving Consumer Goods,Unknown,False,Cash,1,Stage 2,Stage 2,Early Stage 2,Early Stage 2,Stage 2 • Early Stage 2,0.72,"Price has moved above long-term structure, but the full moving-average stack is not clean yet.",Stage 2 reclaimed after 3 confirmation runs.,,2026-08-17,,watchlist,weekly_near_pivot,watchlist,22.81,69.83,43.97,0.0,22.81,69.83,43.97,17.33,11.92,120972647.1,"Stage 2, Early Stage 2, weekly_vcp_ok, weekly_strong",212,227,Stage 2 Failed,watchlist,weekly_near_pivot,43.52,15,0.44999999999999574,False,False,True,False,False
GRAVITA.NS,Gravita India Limited,Metals & Mining,Unknown,False,Cash,1,Stage 2,Stage 2,Early Stage 2,Early Stage 2,Stage 2 • Early Stage 2,0.72,"Price has moved above long-term structure, but the full moving-average stack is not clean yet.",,,2026-08-17,,watchlist,weekly_near_pivot,watchlist,23.22,69.24,43.93,0.0,23.22,69.24,43.93,8.4,15.0,440438040.01,"Stage 2, Early Stage 2, weekly_vcp_ok, volume_dryup, weekly_volume_dryup, weekly_strong",213,214,Stage 2,watchlist,weekly_near_pivot,43.88,1,0.04999999999999716,False,False,False,False,False
RATEGAIN.NS,Rategain Travel Technologies Limited,Information Technology,Unknown,False,Cash,1,Stage 2,Stage 2,Clean Stage 2,Clean Stage 2,Stage 2 • Clean Stage 2,0.9,"Price is above rising key averages, weekly structure is supportive, and the stock is near its 52-week high.",,,2026-08-17,,watchlist,weekly_watchlist,watchlist,41.88,42.0,41.93,2.0,41.88,42.0,43.93,29.04,67.68,581539583.61,"Stage 2, Clean Stage 2, trend_template_ok, weekly_volume_dryup",214,213,Stage 2,watchlist,weekly_watchlist,43.93,-1,0.0,False,False,False,False,False
SCHAEFFLER.NS,Schaeffler India Limited,Automobile and Auto Components,Unknown,False,Cash,1,Stage 2 Failed,Stage 3,Failed Stage 2,Failed Stage 2,Stage 2 Failed • Failed Stage 2,0.72,"This stock was recently Stage 2, but the latest structure no longer satisfies Stage 2 rules. It is kept as Stage 2 Failed until a fresh base/repair structure forms.",Recent Stage 2 break; public stage held as Stage 2 Failed.,2026-08-18,2026-08-12,,watchlist,weekly_watchlist,watchlist,26.17,43.26,33.86,10.0,26.17,43.26,43.86,-1.93,14.53,294186356.02,"Stage 3, Stage 3 - Transition, weekly_vcp_ok, weekly_strong, distribution_risk | Stage 2 failed state applied from stage memory.",215,241,Stage 2 Failed,watchlist,weekly_watchlist,42.82,26,1.0399999999999991,False,False,False,False,False
ANANDRATHI.NS,Anand Rathi Wealth Limited,Financial Services,Unknown,False,Cash,1,Stage 2,Stage 2,Clean Stage 2,Clean Stage 2,Stage 2 • Clean Stage 2,0.9,"Price is above rising key averages, weekly structure is supportive, and the stock is near its 52-week high.",,,2026-08-17,,watchlist,weekly_watchlist,watchlist,45.56,37.14,41.77,2.0,45.56,37.14,43.77,22.26,53.13,456899170.06,"Stage 2, Clean Stage 2, trend_template_ok, volume_dryup, weekly_volume_dryup",216,219,Stage 2,watchlist,weekly_watchlist,43.72,3,0.05000000000000426,False,False,False,False,False
ZFCVINDIA.NS,ZF Commercial Vehicle Control Systems India Limited,Automobile and Auto Components,Unknown,False,Cash,1,Stage 2,Stage 2,Clean Stage 2,Clean Stage 2,Stage 2 • Clean Stage 2,0.9,"Price is above rising key averages, weekly structure is supportive, and the stock is near its 52-week high.",,,2026-08-17,,watchlist,weekly_watchlist,watchlist,46.54,18.14,33.76,10.0,46.54,18.14,43.76,6.54,6.83,312971660.68,"Stage 2, Clean Stage 2, volume_dryup, weekly_volume_dryup",217,233,Stage 2,watchlist,weekly_watchlist,43.28,16,0.4799999999999969,False,False,False,False,False
AETHER.NS,Aether Industries Limited,Chemicals,Unknown,False,Cash,1,Stage 2,Stage 2,Extended Stage 2,Extended Stage 2,Stage 2 • Extended Stage 2,0.78,"Advancing structure remains intact, but price is stretched versus key moving averages or far above the 52-week low.",,,2026-08-17,,watchlist,weekly_watchlist,watchlist,46.12,29.6,38.69,5.0,46.12,29.6,43.69,48.53,74.94,423036685.15,"Stage 2, Extended Stage 2, trend_template_ok, volume_dryup, weekly_volume_dryup",218,238,Stage 2,watchlist,weekly_watchlist,42.91,20,0.7800000000000011,False,False,False,False,False
LODHA.NS,Macrotech Developers Limited,Realty,Unknown,True,F&O,1,Stage 2,Stage 2,Early Stage 2,Early Stage 2,Stage 2 • Early Stage 2,0.72,"Price has moved above long-term structure, but the full moving-average stack is not clean yet.",,,2026-08-17,,watchlist,weekly_forming,watchlist,27.53,63.33,43.64,0.0,27.53,63.33,43.64,36.14,19.19,3036207122.27,"Stage 2, Early Stage 2, weekly_vcp_ok, volume_dryup, weekly_volume_dryup, weekly_strong",219,146,Stage 2,watchlist,weekly_near_pivot,49.87,-73,-6.229999999999997,False,False,False,False,False
SANSERA.NS,Sansera Engineering Limited,Automobile and Auto Components,Unknown,False,Cash,1,Stage 2,Stage 2,Extended Stage 2,Extended Stage 2,Stage 2 • Extended Stage 2,0.78,"Advancing structure remains intact, but price is stretched versus key moving averages or far above the 52-week low.",,,2026-08-17,,watchlist,weekly_watchlist,watchlist,42.75,22.4,33.59,10.0,42.75,22.4,43.59,38.31,89.63,1065775291.54,"Stage 2, Extended Stage 2, trend_template_ok",220,223,Stage 2,watchlist,weekly_watchlist,43.59,3,0.0,False,False,False,False,False
BIOCON.NS,Biocon Ltd.,Healthcare,Unknown,True,F&O,1,Stage 2 Failed,Stage 1,Failed Stage 2,Failed Stage 2,Stage 2 Failed • Failed Stage 2,0.72,"This stock was recently Stage 2, but the latest structure no longer satisfies Stage 2 rules. It is kept as Stage 2 Failed until a fresh base/repair structure forms.",Recent Stage 2 break; public stage held as Stage 2 Failed.,2026-08-18,2026-08-14,,watchlist,weekly_watchlist,watchlist,18.43,52.04,33.55,10.0,18.43,52.04,43.55,-4.81,16.18,1666482885.58,"Stage 1, Stage 1 - Base/Repair, weekly_vcp_ok, weekly_volume_dryup, weekly_strong, stage1_not_actionable, stage1_needs_more_base | Stage 2 failed state applied from stage memory.",221,276,Stage 2 Failed,watchlist,weekly_watchlist,39.67,55,3.8799999999999955,False,False,False,False,False
QUESS.NS,Quess Corp Limited,Services,Unknown,False,Cash,1,Stage 2,Stage 2,Extended Stage 2,Extended Stage 2,Stage 2 • Extended Stage 2,0.78,"Advancing structure remains intact, but price is stretched versus key moving averages or far above the 52-week low.",,,2026-08-17,,watchlist,weekly_watchlist,watchlist,45.75,36.4,41.54,2.0,45.75,36.4,43.54,65.81,72.01,481060703.7,"Stage 2, Extended Stage 2, trend_template_ok, volume_dryup, weekly_volume_dryup",222,226,Stage 2,watchlist,weekly_watchlist,43.54,4,0.0,False,False,False,False,False
ALKYLAMINE.NS,Alkyl Amines Chemicals Limited,Chemicals,Unknown,False,Cash,1,Stage 2,Stage 2,Early Stage 2,Early Stage 2,Stage 2 • Early Stage 2,0.72,"Price has moved above long-term structure, but the full moving-average stack is not clean yet.",,,2026-08-17,,watchlist,weekly_watchlist,watchlist,43.6,32.21,38.47,5.0,43.6,32.21,43.47,8.82,29.3,271183828.05,"Stage 2, Early Stage 2, weekly_volume_dryup",223,222,Stage 2,watchlist,weekly_watchlist,43.61,-1,-0.14000000000000057,False,False,False,False,False
ROLEXRINGS.NS,Rolex Rings Limited,Automobile and Auto Components,Unknown,False,Cash,1,Stage 2,Stage 2,Extended Stage 2,Extended Stage 2,Stage 2 • Extended Stage 2,0.78,"Advancing structure remains intact, but price is stretched versus key moving averages or far above the 52-week low.",,,2026-08-17,,watchlist,weekly_watchlist,watchlist,40.98,24.3,33.47,10.0,40.98,24.3,43.47,21.47,29.57,1210972507.43,"Stage 2, Extended Stage 2, trend_template_ok",224,210,Stage 2,watchlist,weekly_watchlist,44.1,-14,-0.6300000000000026,False,False,False,False,False
BHARATFORG.NS,Bharat Forge Limited,Capital Goods,Unknown,True,F&O,1,Stage 2,Stage 2,Early Stage 2,Early Stage 2,Stage 2 • Early Stage 2,0.72,"Price has moved above long-term structure, but the full moving-average stack is not clean yet.",,,2026-08-17,,watchlist,weekly_watchlist,watchlist,45.63,29.53,38.39,5.0,45.63,29.53,43.39,8.97,26.35,2606620814.06,"Stage 2, Early Stage 2",225,221,Stage 2,watchlist,weekly_watchlist,43.61,-4,-0.21999999999999886,False,False,False,False,False
WOCKPHARMA.NS,Wockhardt Limited,Healthcare,Unknown,False,Cash,1,Stage 2,Stage 2,Early Stage 2,Early Stage 2,Stage 2 • Early Stage 2,0.72,"Price has moved above long-term structure, but the full moving-average stack is not clean yet.",,,2026-08-17,,watchlist,weekly_watchlist,watchlist,40.38,24.73,33.34,10.0,40.38,24.73,43.34,16.09,39.2,1287194194.79,"Stage 2, Early Stage 2, volume_dryup, weekly_volume_dryup",226,201,Stage 2,watchlist,weekly_watchlist,44.67,-25,-1.3299999999999983,False,False,False,False,False
TEJASNET.NS,Tejas Networks Limited,Telecommunication,Unknown,False,Cash,1,Not Sure,Not Sure,Not Sure,Not Sure,Not Sure,0.0,Stage rules did not identify a reliable structure.,No confident stage classification.,,2026-07-16,,watchlist,weekly_watchlist,watchlist,16.5,53.92,33.34,10.0,16.5,53.92,43.34,8.96,61.26,822078094.12,"Not Sure, Not Sure, weekly_vcp_ok, volume_dryup, weekly_volume_dryup, weekly_strong",227,228,Not Sure,watchlist,weekly_watchlist,43.5,1,-0.1599999999999966,False,False,False,False,False
360ONE.NS,360 ONE WAM LIMITED,Financial Services,Unknown,True,F&O,1,Stage 2,Stage 2,Early Stage 2,Early Stage 2,Stage 2 • Early Stage 2,0.72,"Price has moved above long-term structure, but the full moving-average stack is not clean yet.",,,2026-08-17,,watchlist,weekly_watchlist,watchlist,46.25,35.27,41.31,2.0,46.25,35.27,43.31,2.64,10.06,1108081465.77,"Stage 2, Early Stage 2, daily_vcp_ok, volume_dryup, weekly_volume_dryup",228,162,Stage 2,watchlist,weekly_watchlist,48.63,-66,-5.32,False,False,False,False,False
BHARTIHEXA.NS,Bharti Hexacom Ltd.,Telecommunication,Unknown,False,Cash,1,Stage 1,Stage 1,Stage 1 - Early Turn,Stage 1 - Early Turn,Stage 1 • Stage 1 - Early Turn,0.66,The stock is improving from a repair/base area but has not confirmed a clean Stage 2 yet.,,,2026-01-05,,watchlist,weekly_watchlist,watchlist,18.54,51.34,33.3,10.0,18.54,51.34,43.3,2.95,1.47,293741269.14,"Stage 1, Stage 1 - Early Turn, weekly_vcp_ok, weekly_strong, stage1_not_actionable, stage1_needs_more_base",229,193,Stage 1,watchlist,weekly_watchlist,45.04,-36,-1.740000000000002,False,False,False,False,False
AIAENG.NS,AIA Engineering Limited,Capital Goods,Unknown,False,Cash,1,Stage 2,Stage 2,Early Stage 2,Early Stage 2,Stage 2 • Early Stage 2,0.72,"Price has moved above long-term structure, but the full moving-average stack is not clean yet.",,,2026-08-17,,watchlist,weekly_forming,watchlist,19.82,60.84,38.28,5.0,19.82,60.84,43.28,9.39,21.0,288027138.6,"Stage 2, Early Stage 2, weekly_vcp_ok, volume_dryup, weekly_strong",230,252,Stage 2,watchlist,weekly_forming,42.1,22,1.1799999999999997,False,False,False,False,False
BDL.NS,Bharat Dynamics Limited,Capital Goods,Unknown,True,F&O,1,Not Sure,Not Sure,Not Sure,Not Sure,Not Sure,0.0,Stage rules did not identify a reliable structure.,No confident stage classification.,,,,watchlist,weekly_watchlist,watchlist,26.41,52.33,38.07,5.0,26.41,52.33,43.07,4.88,17.1,2090681154.39,"Not Sure, Not Sure, weekly_vcp_ok, weekly_strong",231,235,Not Sure,watchlist,weekly_watchlist,43.2,4,-0.13000000000000256,False,False,False,False,False
SOUTHBANK.NS,The South Indian Bank Limited,Financial Services,Unknown,False,Cash,1,Stage 2,Stage 2,Early Stage 2,Early Stage 2,Stage 2 • Early Stage 2,0.72,"Price has moved above long-term structure, but the full moving-average stack is not clean yet.",,,2026-08-17,,watchlist,weekly_forming,watchlist,25.27,60.32,41.04,2.0,25.27,60.32,43.04,8.02,17.18,486090183.14,"Stage 2, Early Stage 2, weekly_vcp_ok, volume_dryup, weekly_volume_dryup, weekly_strong",232,230,Stage 2,watchlist,weekly_forming,43.36,-2,-0.3200000000000003,False,False,False,False,False
COHANCE.NS,Cohance Lifesciences Ltd.,Healthcare,Unknown,False,Cash,1,Stage 1,Stage 1,Stage 1 - Early Turn,Stage 1 - Early Turn,Stage 1 • Stage 1 - Early Turn,0.66,The stock is improving from a repair/base area but has not confirmed a clean Stage 2 yet.,,,,,watchlist,weekly_watchlist,watchlist,20.71,47.89,32.94,10.0,20.71,47.89,42.94,6.44,54.46,447798920.58,"Stage 1, Stage 1 - Early Turn, weekly_vcp_ok, weekly_volume_dryup, weekly_strong, stage1_not_actionable, stage1_needs_more_base",233,153,Not Sure,watchlist,weekly_watchlist,49.38,-80,-6.440000000000005,False,False,False,False,False
EQUITASBNK.NS,Equitas Small Finance Bank Limited,Financial Services,Unknown,False,Cash,1,Stage 2,Stage 2,Early Stage 2,Early Stage 2,Stage 2 • Early Stage 2,0.72,"Price has moved above long-term structure, but the full moving-average stack is not clean yet.",,,2026-08-17,,watchlist,weekly_forming,watchlist,24.82,60.5,40.88,2.0,24.82,60.5,42.88,9.91,17.05,244907622.66,"Stage 2, Early Stage 2, weekly_vcp_ok, volume_dryup, weekly_volume_dryup, weekly_strong",234,244,Stage 2,watchlist,weekly_forming,42.55,10,0.3300000000000054,False,False,False,False,False
TASTYBITE.NS,Tasty Bite Eatables Limited,Fast Moving Consumer Goods,Unknown,False,Cash,1,Stage 2,Stage 2,Early Stage 2,Early Stage 2,Stage 2 • Early Stage 2,0.72,"Price has moved above long-term structure, but the full moving-average stack is not clean yet.",,,2026-08-17,,watchlist,weekly_watchlist,watchlist,51.3,31.26,42.28,0.0,51.3,31.26,42.28,34.24,38.32,169764511.52,"Stage 2, Early Stage 2",235,243,Stage 2,watchlist,weekly_watchlist,42.6,8,-0.3200000000000003,False,False,False,False,False
GARFIBRES.NS,Garware Technical Fibres Limited,Textiles,Unknown,False,Cash,1,Stage 2,Stage 2,Early Stage 2,Early Stage 2,Stage 2 • Early Stage 2,0.72,"Price has moved above long-term structure, but the full moving-average stack is not clean yet.",,,2026-08-17,,watchlist,weekly_watchlist,watchlist,47.44,24.36,37.05,5.0,47.44,24.36,42.05,22.09,17.5,58644698.62,"Stage 2, Early Stage 2, volume_dryup, weekly_volume_dryup",236,224,Stage 2,watchlist,weekly_watchlist,43.59,-12,-1.5400000000000063,False,False,False,False,False
POWERINDIA.NS,Hitachi Energy India Limited,Capital Goods,Unknown,True,F&O,1,Stage 2,Stage 2,Stage 2,Stage 2,Stage 2,0.76,Advancing structure detected.,,,2026-08-17,,watchlist,weekly_watchlist,watchlist,42.0,30.48,36.82,5.0,42.0,30.48,41.82,-2.75,59.51,4628225438.25,"Stage 2, Stage 2, weekly_volume_dryup",237,250,Stage 2,watchlist,weekly_watchlist,42.21,13,-0.39000000000000057,False,False,False,False,False
IFCI.NS,IFCI Limited,Financial Services,Unknown,False,Cash,1,Stage 2,Stage 2,Clean Stage 2,Clean Stage 2,Stage 2 • Clean Stage 2,0.9,"Price is above rising key averages, weekly structure is supportive, and the stock is near its 52-week high.",,,2026-08-17,,watchlist,weekly_watchlist,watchlist,51.25,25.79,39.79,2.0,51.25,25.79,41.79,30.52,35.4,1443089598.56,"Stage 2, Clean Stage 2, trend_template_ok, volume_dryup, weekly_volume_dryup",238,202,Stage 2,watchlist,weekly_watchlist,44.62,-36,-2.8299999999999983,False,False,False,False,False
BLUEJET.NS,Blue Jet Healthcare Ltd.,Healthcare,Unknown,False,Cash,1,Stage 2,Stage 2,Early Stage 2,Early Stage 2,Stage 2 • Early Stage 2,0.72,"Price has moved above long-term structure, but the full moving-average stack is not clean yet.",Stage 2 reclaimed after 3 confirmation runs.,,2026-08-17,,watchlist,weekly_watchlist,watchlist,23.09,42.0,31.6,10.0,23.09,42.0,41.6,36.82,58.83,655151989.47,"Stage 2, Early Stage 2, volume_dryup, weekly_volume_dryup",239,265,Stage 2 Failed,watchlist,weekly_watchlist,40.57,26,1.0300000000000011,False,False,True,False,False
DYNAMATECH.NS,Dynamatic Technologies Limited,Capital Goods,Unknown,False,Cash,1,Stage 2,Stage 2,Stage 2,Stage 2,Stage 2,0.76,Advancing structure detected.,,,2026-08-17,,watchlist,weekly_watchlist,watchlist,48.55,21.82,36.52,5.0,48.55,21.82,41.52,10.8,27.39,212352432.93,"Stage 2, Stage 2",240,263,Stage 2,watchlist,weekly_watchlist,40.94,23,0.5800000000000054,False,False,False,False,False
SHARDAMOTR.NS,Sharda Motor Industries Limited,Automobile and Auto Components,Unknown,False,Cash,1,Stage 1,Stage 1,Stage 1 - Early Turn,Stage 1 - Early Turn,Stage 1 • Stage 1 - Early Turn,0.66,The stock is improving from a repair/base area but has not confirmed a clean Stage 2 yet.,,,,,watchlist,weekly_watchlist,watchlist,20.0,45.24,31.36,10.0,20.0,45.24,41.36,7.78,4.64,93135145.9,"Stage 1, Stage 1 - Early Turn, weekly_vcp_ok, weekly_strong, stage1_not_actionable, stage1_needs_more_base",241,271,Not Sure,watchlist,weekly_watchlist,40.05,30,1.3100000000000023,False,False,False,False,False
GRWRHITECH.NS,Garware Hi-Tech Films Limited,Capital Goods,Unknown,False,Cash,1,Stage 2,Stage 2,Extended Stage 2,Extended Stage 2,Stage 2 • Extended Stage 2,0.78,"Advancing structure remains intact, but price is stretched versus key moving averages or far above the 52-week low.",,,2026-08-17,,watchlist,weekly_watchlist,watchlist,41.88,29.6,36.35,5.0,41.88,29.6,41.35,24.05,74.07,592409666.58,"Stage 2, Extended Stage 2, trend_template_ok, weekly_volume_dryup",242,256,Stage 2,watchlist,weekly_watchlist,41.42,14,-0.07000000000000028,False,False,False,False,False
MAHLIFE.NS,Mahindra Lifespace Developers Limited,Realty,Unknown,False,Cash,1,Stage 2,Stage 2,Early Stage 2,Early Stage 2,Stage 2 • Early Stage 2,0.72,"Price has moved above long-term structure, but the full moving-average stack is not clean yet.",,,2026-08-17,,watchlist,weekly_watchlist,watchlist,48.67,32.27,41.29,0.0,48.67,32.27,41.29,15.94,10.71,140961448.28,"Stage 2, Early Stage 2, volume_dryup, weekly_volume_dryup",243,229,Stage 2,watchlist,weekly_watchlist,43.4,-14,-2.1099999999999994,False,False,False,False,False
INDUSINDBK.NS,IndusInd Bank Ltd.,Financial Services,Unknown,True,F&O,1,Stage 2,Stage 2,Clean Stage 2,Clean Stage 2,Stage 2 • Clean Stage 2,0.9,"Price is above rising key averages, weekly structure is supportive, and the stock is near its 52-week high.",,,2026-08-17,,watchlist,weekly_watchlist,watchlist,42.97,34.34,39.09,2.0,42.97,34.34,41.09,9.74,13.71,1822892161.27,"Stage 2, Clean Stage 2, trend_template_ok, volume_dryup, weekly_volume_dryup",244,258,Stage 2,watchlist,weekly_watchlist,41.32,14,-0.22999999999999687,False,False,False,False,False
TVSHLTD.NS,TVS Holdings Limited,Automobile and Auto Components,Unknown,False,Cash,1,Stage 2 Failed,Stage 1,Failed Stage 2,Failed Stage 2,Stage 2 Failed • Failed Stage 2,0.72,"This stock was recently Stage 2, but the latest structure no longer satisfies Stage 2 rules. It is kept as Stage 2 Failed until a fresh base/repair structure forms.",Recent Stage 2 break; public stage held as Stage 2 Failed.,2026-08-18,2026-08-13,,watchlist,weekly_watchlist,watchlist,20.45,44.0,31.05,10.0,20.45,44.0,41.05,3.16,-3.9,100793272.25,"Stage 1, Stage 1 - Base/Repair, weekly_vcp_ok, weekly_volume_dryup, weekly_strong, stage1_not_actionable, stage1_needs_more_base | Stage 2 failed state applied from stage memory.",245,249,Stage 2 Failed,watchlist,weekly_watchlist,42.27,4,-1.220000000000006,False,False,False,False,False
CAPLIPOINT.NS,Caplin Point Laboratories Limited,Healthcare,Unknown,False,Cash,1,Stage 2,Stage 2,Early Stage 2,Early Stage 2,Stage 2 • Early Stage 2,0.72,"Price has moved above long-term structure, but the full moving-average stack is not clean yet.",,,2026-08-17,,watchlist,weekly_watchlist,watchlist,25.8,37.27,30.96,10.0,25.8,37.27,40.96,23.02,53.67,288666880.55,"Stage 2, Early Stage 2, volume_dryup",246,259,Stage 2,watchlist,weekly_watchlist,41.21,13,-0.25,False,False,False,False,False
CHENNPETRO.NS,Chennai Petroleum Corporation Limited,"Oil, Gas & Consumable Fuels",Unknown,False,Cash,1,Stage 2,Stage 2,Extended Stage 2,Extended Stage 2,Stage 2 • Extended Stage 2,0.78,"Advancing structure remains intact, but price is stretched versus key moving averages or far above the 52-week low.",,,2026-08-17,,watchlist,weekly_watchlist,watchlist,45.01,24.8,35.92,5.0,45.01,24.8,40.92,42.17,72.66,3843808131.57,"Stage 2, Extended Stage 2, trend_template_ok",247,272,Stage 2,watchlist,weekly_watchlist,40.02,25,0.8999999999999986,False,False,False,False,False
PVRINOX.NS,PVR INOX Limited,"Media, Entertainment & Publication",Unknown,False,Cash,1,Stage 2,Stage 2,Early Stage 2,Early Stage 2,Stage 2 • Early Stage 2,0.72,"Price has moved above long-term structure, but the full moving-average stack is not clean yet.",,,2026-08-17,,watchlist,weekly_forming,watchlist,34.94,48.2,40.91,0.0,34.94,48.2,40.91,20.32,20.71,625451519.99,"Stage 2, Early Stage 2, weekly_vcp_ok, volume_dryup, weekly_volume_dryup",248,331,Stage 2,watchlist,weekly_forming,34.65,83,6.259999999999998,False,False,False,False,False
ABREL.NS,Aditya Birla Real Estate Ltd.,Forest Materials,Unknown,False,Cash,1,Stage 1,Stage 1,Stage 1 - Early Turn,Stage 1 - Early Turn,Stage 1 • Stage 1 - Early Turn,0.66,The stock is improving from a repair/base area but has not confirmed a clean Stage 2 yet.,,,,,watchlist,weekly_watchlist,watchlist,20.43,43.4,30.77,10.0,20.43,43.4,40.77,9.52,6.43,198106037.3,"Stage 1, Stage 1 - Early Turn, weekly_vcp_ok, weekly_strong, stage1_not_actionable, stage1_needs_more_base",249,261,Stage 1,watchlist,weekly_watchlist,41.09,12,-0.3200000000000003,False,False,False,False,False
MRF.NS,MRF Limited,Automobile and Auto Components,Unknown,False,Cash,1,Not Sure,Stage 1,Pending Stage 1,Pending Stage 1,Not Sure • Pending Stage 1,0.55,Blocked public stage jump Stage 4 -> Stage 1; waiting for intermediate/confirmed structure.,Blocked public stage jump Stage 4 -> Stage 1; waiting for intermediate/confirmed structure.,,2025-12-01,Stage 1,watchlist,weekly_watchlist,watchlist,20.8,42.9,30.75,10.0,20.8,42.9,40.75,3.52,-3.63,556939066.5,"Stage 1, Stage 1 - Early Turn, weekly_vcp_ok, volume_dryup, weekly_volume_dryup, weekly_strong, stage1_not_actionable, stage1_needs_more_base | Blocked public stage jump Stage 4 -> Stage 1; waiting for intermediate/confirmed structure.",250,303,Stage 4,watchlist,weekly_watchlist,36.36,53,4.390000000000001,False,False,False,False,False
SHOPERSTOP.NS,Shoppers Stop Limited,Consumer Services,Unknown,False,Cash,1,Stage 2,Stage 2,Early Stage 2,Early Stage 2,Stage 2 • Early Stage 2,0.72,"Price has moved above long-term structure, but the full moving-average stack is not clean yet.",,,2026-08-17,,watchlist,weekly_breakout,watchlist,18.86,63.04,38.74,2.0,18.86,63.04,40.74,28.14,24.22,24346487.63,"Stage 2, Early Stage 2, weekly_vcp_ok, volume_dryup, weekly_volume_dryup, weekly_strong",251,278,Stage 2,watchlist,weekly_breakout,39.57,27,1.1700000000000017,False,False,False,False,False
COROMANDEL.NS,Coromandel International Limited,Chemicals,Unknown,False,Cash,1,Stage 1,Stage 1,Stage 1 - Early Turn,Stage 1 - Early Turn,Stage 1 • Stage 1 - Early Turn,0.66,The stock is improving from a repair/base area but has not confirmed a clean Stage 2 yet.,,,2025-12-09,,watchlist,weekly_watchlist,watchlist,23.74,50.2,35.65,5.0,23.74,50.2,40.65,7.7,-3.75,240208670.06,"Stage 1, Stage 1 - Early Turn, weekly_vcp_ok, volume_dryup, weekly_volume_dryup, weekly_strong, stage1_not_actionable, stage1_needs_more_base",252,255,Stage 1,watchlist,weekly_watchlist,41.74,3,-1.0900000000000034,False,False,False,False,False
UJJIVANSFB.NS,Ujjivan Small Finance Bank Limited,Financial Services,Unknown,False,Cash,1,Stage 2,Stage 2,Clean Stage 2,Clean Stage 2,Stage 2 • Clean Stage 2,0.9,"Price is above rising key averages, weekly structure is supportive, and the stock is near its 52-week high.",,,2026-08-17,,watchlist,weekly_watchlist,watchlist,46.12,29.39,38.59,2.0,46.12,29.39,40.59,34.77,23.12,1798250002.8,"Stage 2, Clean Stage 2, trend_template_ok, volume_dryup, weekly_volume_dryup",253,269,Stage 2,watchlist,weekly_watchlist,40.16,16,0.4300000000000068,False,False,False,False,False
ASTRAMICRO.NS,Astra Microwave Products Limited,Capital Goods,Unknown,False,Cash,1,Stage 2,Stage 2,Extended Stage 2,Extended Stage 2,Stage 2 • Extended Stage 2,0.78,"Advancing structure remains intact, but price is stretched versus key moving averages or far above the 52-week low.",,,2026-08-17,,watchlist,weekly_watchlist,watchlist,45.34,23.6,35.56,5.0,45.34,23.6,40.56,48.47,98.46,1135728402.02,"Stage 2, Extended Stage 2, trend_template_ok, volume_dryup, weekly_volume_dryup",254,373,Stage 2,watchlist,weekly_watchlist,30.73,119,9.830000000000002,False,False,False,False,False
ADANIGREEN.NS,Adani Green Energy Limited,Power,Unknown,True,F&O,1,Stage 2,Stage 2,Messy Stage 2,Messy Stage 2,Stage 2 • Messy Stage 2,0.64,"Long-term structure is still constructive, but the short-term/weekly structure is not clean.",,,2026-08-17,,watchlist,weekly_forming,watchlist,23.49,60.67,40.22,0.0,23.49,60.67,40.22,-5.95,34.63,3014454325.98,"Stage 2, Messy Stage 2, weekly_vcp_ok, volume_dryup, weekly_volume_dryup, weekly_strong",255,264,Stage 2,watchlist,weekly_forming,40.87,9,-0.6499999999999986,False,False,False,False,False
ANANTRAJ.NS,Anant Raj Limited,Realty,Unknown,False,Cash,1,Stage 2,Stage 2,Early Stage 2,Early Stage 2,Stage 2 • Early Stage 2,0.72,"Price has moved above long-term structure, but the full moving-average stack is not clean yet.",,,2026-08-17,,watchlist,weekly_breakout,watchlist,22.06,62.06,40.06,0.0,22.06,62.06,40.06,21.13,21.52,1343776940.84,"Stage 2, Early Stage 2, weekly_vcp_ok, volume_dryup, weekly_volume_dryup, weekly_strong",256,251,Stage 2,watchlist,weekly_breakout,42.2,-5,-2.1400000000000006,False,False,False,False,False
JSWINFRA.NS,JSW Infrastructure Ltd.,Services,Unknown,False,Cash,1,Stage 2,Stage 2,Clean Stage 2,Clean Stage 2,Stage 2 • Clean Stage 2,0.9,"Price is above rising key averages, weekly structure is supportive, and the stock is near its 52-week high.",,,2026-08-17,,watchlist,weekly_watchlist,watchlist,45.97,28.15,37.95,2.0,45.97,28.15,39.95,23.42,34.03,1068228724.41,"Stage 2, Clean Stage 2, trend_template_ok, volume_dryup, weekly_volume_dryup",257,267,Stage 2,watchlist,weekly_watchlist,40.25,10,-0.29999999999999716,False,False,False,False,False
NETWEB.NS,Netweb Technologies India Limited,Information Technology,Unknown,False,Cash,1,Stage 2,Stage 2,Extended Stage 2,Extended Stage 2,Stage 2 • Extended Stage 2,0.78,"Advancing structure remains intact, but price is stretched versus key moving averages or far above the 52-week low.",,,2026-08-17,,watchlist,weekly_watchlist,watchlist,47.62,26.0,37.89,2.0,47.62,26.0,39.89,37.5,78.97,7232383733.07,"Stage 2, Extended Stage 2, trend_template_ok",258,167,Stage 2,watchlist,weekly_watchlist,48.06,-91,-8.170000000000002,False,False,False,False,False
ORIENTELEC.NS,Orient Electric Limited,Consumer Durables,Unknown,False,Cash,1,Stage 2 Failed,Not Sure,Failed Stage 2,Failed Stage 2,Stage 2 Failed • Failed Stage 2,0.72,"This stock was recently Stage 2, but the latest structure no longer satisfies Stage 2 rules. It is kept as Stage 2 Failed until a fresh base/repair structure forms.",Recent Stage 2 break; public stage held as Stage 2 Failed.,2026-08-18,2026-08-17,,watchlist,weekly_watchlist,watchlist,29.33,47.9,37.69,2.0,29.33,47.9,39.69,-1.32,11.36,329131519.37,"Not Sure, Not Sure, weekly_vcp_ok, weekly_volume_dryup, weekly_strong | Stage 2 failed state applied from stage memory.",259,113,Stage 2,watchlist,weekly_near_pivot,53.27,-146,-13.580000000000005,False,False,False,False,False
KIRLOSBROS.NS,Kirloskar Brothers Limited,Capital Goods,Unknown,False,Cash,1,Stage 2,Stage 2,Clean Stage 2,Clean Stage 2,Stage 2 • Clean Stage 2,0.9,"Price is above rising key averages, weekly structure is supportive, and the stock is near its 52-week high.",,,2026-08-17,,watchlist,weekly_watchlist,watchlist,44.49,22.29,34.5,5.0,44.49,22.29,39.5,17.43,25.47,137883123.7,"Stage 2, Clean Stage 2, volume_dryup, weekly_volume_dryup",260,274,Stage 2,watchlist,weekly_watchlist,39.94,14,-0.4399999999999977,False,False,False,False,False
ZEEL.NS,Zee Entertainment Enterprises Limited,"Media, Entertainment & Publication",Unknown,False,Cash,1,Stage 2 Failed,Stage 2,Failed Stage 2,Failed Stage 2,Stage 2 Failed • Failed Stage 2,0.7,Failed Stage 2 cooling period is still active; waiting for a fresh base or confirmed reclaim.,Failed Stage 2 hold period active.,,2026-07-31,,watchlist,weekly_forming,watchlist,21.19,61.85,39.49,0.0,21.19,61.85,39.49,25.0,15.47,3257321056.6,"Stage 2, Early Stage 2, weekly_vcp_ok, weekly_strong | Failed Stage 2 hold period active.",261,381,Stage 2 Failed,watchlist,weekly_watchlist,30.4,120,9.090000000000003,False,False,False,False,False
JAMNAAUTO.NS,Jamna Auto Industries Limited,Automobile and Auto Components,Unknown,False,Cash,1,Stage 2 Failed,Stage 1,Failed Stage 2,Failed Stage 2,Stage 2 Failed • Failed Stage 2,0.72,"This stock was recently Stage 2, but the latest structure no longer satisfies Stage 2 rules. It is kept as Stage 2 Failed until a fresh base/repair structure forms.",Recent Stage 2 break; public stage held as Stage 2 Failed.,2026-08-18,2026-08-10,,watchlist,weekly_watchlist,watchlist,19.0,41.8,29.26,10.0,19.0,41.8,39.26,4.79,-11.07,368599437.88,"Stage 1, Stage 1 - Base/Repair, weekly_vcp_ok, weekly_volume_dryup, weekly_strong, stage1_not_actionable, stage1_needs_more_base | Stage 2 failed state applied from stage memory.",262,279,Stage 2 Failed,watchlist,weekly_watchlist,39.26,17,0.0,False,False,False,False,False
ACMESOLAR.NS,ACME Solar Holdings Ltd.,Power,Unknown,False,Cash,1,Stage 2,Stage 2,Clean Stage 2,Clean Stage 2,Stage 2 • Clean Stage 2,0.9,"Price is above rising key averages, weekly structure is supportive, and the stock is near its 52-week high.",,,2026-08-17,,watchlist,weekly_watchlist,watchlist,46.25,30.4,39.12,0.0,46.25,30.4,39.12,26.14,64.3,641848194.0,"Stage 2, Clean Stage 2, trend_template_ok, volume_dryup, weekly_volume_dryup",263,478,Stage 2,watchlist,weekly_watchlist,25.29,215,13.829999999999998,False,False,False,False,False
COFORGE.NS,Coforge Limited,Information Technology,Unknown,True,F&O,1,Stage 2,Stage 2,Early Stage 2,Early Stage 2,Stage 2 • Early Stage 2,0.72,"Price has moved above long-term structure, but the full moving-average stack is not clean yet.",,,2026-08-17,,watchlist,weekly_watchlist,watchlist,47.25,24.75,37.12,2.0,47.25,24.75,39.12,24.18,31.29,5577528070.9,"Stage 2, Early Stage 2, daily_vcp_ok, volume_dryup, weekly_volume_dryup",264,273,Stage 2,watchlist,weekly_watchlist,39.96,9,-0.8400000000000034,False,False,False,False,False
HONASA.NS,Honasa Consumer Ltd.,Fast Moving Consumer Goods,Unknown,False,Cash,1,Stage 2,Stage 2,Clean Stage 2,Clean Stage 2,Stage 2 • Clean Stage 2,0.9,"Price is above rising key averages, weekly structure is supportive, and the stock is near its 52-week high.",,,2026-08-17,,watchlist,weekly_watchlist,watchlist,42.92,34.0,38.91,0.0,42.92,34.0,38.91,31.07,63.43,1028257229.44,"Stage 2, Clean Stage 2, trend_template_ok",265,275,Stage 2,watchlist,weekly_watchlist,39.92,10,-1.0100000000000051,False,False,False,False,False
MAHSCOOTER.NS,Maharashtra Scooters Limited,Financial Services,Unknown,False,Cash,1,Stage 1,Stage 1,Stage 1 - Early Turn,Stage 1 - Early Turn,Stage 1 • Stage 1 - Early Turn,0.66,The stock is improving from a repair/base area but has not confirmed a clean Stage 2 yet.,,,2025-11-10,,watchlist,weekly_watchlist,watchlist,24.02,52.67,36.91,2.0,24.02,52.67,38.91,13.5,4.16,63955550.45,"Stage 1, Stage 1 - Early Turn, weekly_vcp_ok, volume_dryup, weekly_volume_dryup, weekly_strong, stage1_not_actionable, stage1_needs_more_base",266,283,Stage 1,watchlist,weekly_watchlist,38.35,17,0.5599999999999952,False,False,False,False,False
HIKAL.NS,Hikal Limited,Healthcare,Unknown,False,Cash,1,Not Sure,Stage 2,Pending Stage 2,Pending Stage 2,Not Sure • Pending Stage 2,0.55,Stage 2 pending confirmation: needs 3 raw Stage 2 runs; current count 1.,Stage 2 pending confirmation: needs 3 raw Stage 2 runs; current count 1.,,,Stage 2,watchlist,weekly_forming,watchlist,15.39,45.44,28.91,10.0,15.39,45.44,38.91,3.72,9.68,99227528.08,"Stage 2, Early Stage 2, weekly_vcp_ok, weekly_volume_dryup | Stage 2 pending confirmation: needs 3 raw Stage 2 runs; current count 1.",267,438,Not Sure,watchlist,weekly_watchlist,27.33,171,11.579999999999998,False,False,False,False,False
RADICO.NS,Radico Khaitan Limited,Fast Moving Consumer Goods,Unknown,False,Cash,1,Stage 2,Stage 2,Clean Stage 2,Clean Stage 2,Stage 2 • Clean Stage 2,0.9,"Price is above rising key averages, weekly structure is supportive, and the stock is near its 52-week high.",,,2026-08-17,,watchlist,weekly_watchlist,watchlist,42.87,34.0,38.88,0.0,42.87,34.0,38.88,34.68,74.5,2063747737.16,"Stage 2, Clean Stage 2, trend_template_ok, weekly_volume_dryup",268,281,Stage 2,watchlist,weekly_watchlist,39.09,13,-0.21000000000000085,False,False,False,False,False
BAJAJHIND.NS,Bajaj Hindusthan Sugar Limited,Fast Moving Consumer Goods,Unknown,False,Cash,1,Not Sure,Not Sure,Not Sure,Not Sure,Not Sure,0.0,Stage rules did not identify a reliable structure.,No confident stage classification.,,,,watchlist,weekly_watchlist,watchlist,32.21,46.88,38.81,0.0,32.21,46.88,38.81,-1.53,20.38,138919135.11,"Not Sure, Not Sure, weekly_vcp_ok, weekly_strong",269,456,Stage 4,watchlist,weekly_watchlist,26.28,187,12.530000000000001,False,False,False,False,False
BEML.NS,BEML Limited,Capital Goods,Unknown,False,Cash,1,Stage 2 Failed,Not Sure,Failed Stage 2,Failed Stage 2,Stage 2 Failed • Failed Stage 2,0.72,"This stock was recently Stage 2, but the latest structure no longer satisfies Stage 2 rules. It is kept as Stage 2 Failed until a fresh base/repair structure forms.",Recent Stage 2 break; public stage held as Stage 2 Failed.,2026-08-18,2026-08-07,,watchlist,weekly_watchlist,watchlist,13.85,57.43,33.46,5.0,13.85,57.43,38.46,4.91,20.41,826570875.88,"Not Sure, Not Sure, weekly_vcp_ok, weekly_strong | Stage 2 failed state applied from stage memory.",270,335,Stage 2 Failed,watchlist,weekly_watchlist,34.42,65,4.039999999999999,False,False,False,False,False
MPHASIS.NS,MphasiS Limited,Information Technology,Unknown,True,F&O,1,Stage 1,Stage 1,Stage 1 - Early Turn,Stage 1 - Early Turn,Stage 1 • Stage 1 - Early Turn,0.66,The stock is improving from a repair/base area but has not confirmed a clean Stage 2 yet.,,,2026-01-19,,watchlist,weekly_watchlist,watchlist,29.73,44.66,36.45,2.0,29.73,44.66,38.45,10.14,7.44,1509295767.11,"Stage 1, Stage 1 - Early Turn, weekly_vcp_ok, volume_dryup, weekly_volume_dryup, weekly_strong, stage1_not_actionable, stage1_needs_more_base",271,349,Stage 1,watchlist,weekly_watchlist,32.67,78,5.780000000000001,False,False,False,False,False
EMUDHRA.NS,eMudhra Limited,Information Technology,Unknown,False,Cash,1,Stage 1,Stage 1,Stage 1 - Early Turn,Stage 1 - Early Turn,Stage 1 • Stage 1 - Early Turn,0.66,The stock is improving from a repair/base area but has not confirmed a clean Stage 2 yet.,,,,,watchlist,weekly_watchlist,watchlist,21.83,54.32,36.45,2.0,21.83,54.32,38.45,17.69,27.53,115942647.64,"Stage 1, Stage 1 - Early Turn, weekly_vcp_ok, volume_dryup, weekly_volume_dryup, weekly_strong, stage1_not_actionable, stage1_needs_more_base",272,312,Stage 1,watchlist,weekly_watchlist,35.79,40,2.6600000000000037,False,False,False,False,False
JAYNECOIND.NS,Jayaswal Neco Industries Limited,Capital Goods,Unknown,False,Cash,1,Stage 2 Failed,Stage 2,Failed Stage 2,Failed Stage 2,Stage 2 Failed • Failed Stage 2,0.7,Failed Stage 2 cooling period is still active; waiting for a fresh base or confirmed reclaim.,Failed Stage 2 hold period active.,,2026-08-13,,watchlist,weekly_watchlist,watchlist,37.24,28.68,33.39,5.0,37.24,28.68,38.39,-14.5,17.3,318026187.38,"Stage 2, Stage 2, volume_dryup, weekly_volume_dryup | Failed Stage 2 hold period active.",273,606,Stage 2 Failed,watchlist,weekly_watchlist,17.24,333,21.150000000000002,False,False,False,False,False
CUMMINSIND.NS,Cummins India Limited,Capital Goods,Unknown,True,F&O,1,Stage 2 Failed,Stage 1,Failed Stage 2,Failed Stage 2,Stage 2 Failed • Failed Stage 2,0.72,"This stock was recently Stage 2, but the latest structure no longer satisfies Stage 2 rules. It is kept as Stage 2 Failed until a fresh base/repair structure forms.",Recent Stage 2 break; public stage held as Stage 2 Failed.,2026-08-18,2026-08-11,,watchlist,weekly_watchlist,watchlist,24.03,44.13,33.08,5.0,24.03,44.13,38.08,-1.88,25.21,2412983076.32,"Stage 1, Stage 1 - Base/Repair, weekly_vcp_ok, weekly_volume_dryup, weekly_strong, stage1_not_actionable, stage1_needs_more_base | Stage 2 failed state applied from stage memory.",274,301,Stage 2 Failed,watchlist,weekly_watchlist,36.41,27,1.6700000000000017,False,False,False,False,False
LXCHEM.NS,Laxmi Organic Industries Limited,Chemicals,Unknown,False,Cash,1,Stage 2,Stage 2,Early Stage 2,Early Stage 2,Stage 2 • Early Stage 2,0.72,"Price has moved above long-term structure, but the full moving-average stack is not clean yet.",,,2026-08-17,,watchlist,weekly_watchlist,watchlist,41.69,22.11,32.88,5.0,41.69,22.11,37.88,12.97,28.14,421345662.72,"Stage 2, Early Stage 2, volume_dryup, weekly_volume_dryup",275,286,Stage 2,watchlist,weekly_watchlist,38.23,11,-0.3499999999999943,False,False,False,False,False
CAMS.NS,Computer Age Management Services Limited,Financial Services,Unknown,True,F&O,1,Stage 2 Failed,Stage 1,Failed Stage 2,Failed Stage 2,Stage 2 Failed • Failed Stage 2,0.72,"This stock was recently Stage 2, but the latest structure no longer satisfies Stage 2 rules. It is kept as Stage 2 Failed until a fresh base/repair structure forms.",Recent Stage 2 break; public stage held as Stage 2 Failed.,2026-08-18,2026-08-11,,watchlist,weekly_watchlist,watchlist,29.23,43.81,35.79,2.0,29.23,43.81,37.79,-0.49,10.59,985538755.14,"Stage 1, Stage 1 - Base/Repair, stage1_base_ready, weekly_vcp_ok, weekly_strong, stage1_not_actionable | Stage 2 failed state applied from stage memory.",276,260,Stage 2 Failed,watchlist,weekly_watchlist,41.15,-16,-3.3599999999999994,False,False,False,False,False
GMRAIRPORT.NS,GMR Airports Ltd.,Services,Unknown,True,F&O,1,Stage 2,Stage 2,Early Stage 2,Early Stage 2,Stage 2 • Early Stage 2,0.72,"Price has moved above long-term structure, but the full moving-average stack is not clean yet.",,,2026-08-17,,watchlist,weekly_watchlist,watchlist,42.96,26.96,35.76,2.0,42.96,26.96,37.76,2.7,6.85,1135820907.88,"Stage 2, Early Stage 2, daily_vcp_ok, volume_dryup, weekly_volume_dryup",277,282,Stage 2,watchlist,weekly_watchlist,38.62,5,-0.8599999999999994,False,False,False,False,False
SIS.NS,SIS LIMITED,Services,Unknown,False,Cash,1,Stage 2,Stage 2,Early Stage 2,Early Stage 2,Stage 2 • Early Stage 2,0.72,"Price has moved above long-term structure, but the full moving-average stack is not clean yet.",,,2026-08-17,,watchlist,weekly_watchlist,watchlist,45.87,23.37,35.75,2.0,45.87,23.37,37.75,3.4,38.3,61187497.94,"Stage 2, Early Stage 2, daily_vcp_ok, volume_dryup, weekly_volume_dryup",278,291,Stage 2,watchlist,weekly_watchlist,37.57,13,0.17999999999999972,False,False,False,False,False
NAM-INDIA.NS,Nippon Life India Asset Management Limited,Financial Services,Unknown,True,F&O,1,Stage 2,Stage 2,Clean Stage 2,Clean Stage 2,Stage 2 • Clean Stage 2,0.9,"Price is above rising key averages, weekly structure is supportive, and the stock is near its 52-week high.",,,2026-08-17,,watchlist,weekly_watchlist,watchlist,42.27,27.78,35.75,2.0,42.27,27.78,37.75,7.73,34.1,1135837617.99,"Stage 2, Clean Stage 2, trend_template_ok, weekly_volume_dryup",279,225,Stage 2,watchlist,weekly_watchlist,43.56,-54,-5.810000000000002,False,False,False,False,False
3MINDIA.NS,3M India Limited,Diversified,Unknown,False,Cash,1,Stage 2,Stage 2,Early Stage 2,Early Stage 2,Stage 2 • Early Stage 2,0.72,"Price has moved above long-term structure, but the full moving-average stack is not clean yet.",,,2026-08-17,,watchlist,weekly_watchlist,watchlist,44.24,29.64,37.67,0.0,44.24,29.64,37.67,11.88,0.49,141214225.0,"Stage 2, Early Stage 2",280,290,Stage 2,watchlist,weekly_watchlist,37.6,10,0.07000000000000028,False,False,False,False,False
SFL.NS,Sheela Foam Limited,Consumer Durables,Unknown,False,Cash,1,Stage 2,Stage 2,Early Stage 2,Early Stage 2,Stage 2 • Early Stage 2,0.72,"Price has moved above long-term structure, but the full moving-average stack is not clean yet.",,,2026-08-17,,watchlist,weekly_forming,watchlist,15.25,60.18,35.47,2.0,15.25,60.18,37.47,2.92,20.84,241101632.45,"Stage 2, Early Stage 2, weekly_vcp_ok, weekly_volume_dryup, weekly_strong",281,161,Stage 2,watchlist,weekly_forming,48.79,-120,-11.32,False,False,False,False,False
LTM.NS,LTIMindtree Ltd.,Information Technology,Unknown,True,F&O,1,Stage 1,Stage 1,Stage 1 - Early Turn,Stage 1 - Early Turn,Stage 1 • Stage 1 - Early Turn,0.66,The stock is improving from a repair/base area but has not confirmed a clean Stage 2 yet.,,,,,watchlist,weekly_watchlist,watchlist,21.95,51.79,35.38,2.0,21.95,51.79,37.38,13.39,-4.49,2044462140.84,"Stage 1, Stage 1 - Early Turn, daily_vcp_ok, weekly_vcp_ok, volume_dryup, weekly_volume_dryup, weekly_strong, stage1_needs_more_base",282,237,Stage 1,watchlist,weekly_watchlist,43.12,-45,-5.739999999999995,False,False,False,False,False
RBA.NS,Restaurant Brands Asia Limited,Consumer Services,Unknown,False,Cash,1,Stage 2,Stage 2,Extended Stage 2,Extended Stage 2,Stage 2 • Extended Stage 2,0.78,"Advancing structure remains intact, but price is stretched versus key moving averages or far above the 52-week low.",,,2026-08-17,,watchlist,weekly_watchlist,watchlist,43.87,24.8,35.29,2.0,43.87,24.8,37.29,53.44,71.86,1999115208.67,"Stage 2, Extended Stage 2, trend_template_ok",283,293,Stage 2,watchlist,weekly_watchlist,37.15,10,0.14000000000000057,False,False,False,False,False
SONATSOFTW.NS,Sonata Software Limited,Information Technology,Unknown,False,Cash,1,Stage 1,Stage 1,Stage 1 - Early Turn,Stage 1 - Early Turn,Stage 1 • Stage 1 - Early Turn,0.66,The stock is improving from a repair/base area but has not confirmed a clean Stage 2 yet.,,,,,watchlist,weekly_watchlist,watchlist,20.04,53.39,35.05,2.0,20.04,53.39,37.05,14.79,21.12,604968193.75,"Stage 1, Stage 1 - Early Turn, weekly_vcp_ok, volume_dryup, weekly_volume_dryup, weekly_strong, stage1_not_actionable, stage1_needs_more_base",284,289,Stage 1,watchlist,weekly_watchlist,37.71,5,-0.6600000000000037,False,False,False,False,False
KPIL.NS,Kalpataru Projects International Limited,Construction,Unknown,False,Cash,1,Stage 2,Stage 2,Clean Stage 2,Clean Stage 2,Stage 2 • Clean Stage 2,0.9,"Price is above rising key averages, weekly structure is supportive, and the stock is near its 52-week high.",,,2026-08-17,,watchlist,weekly_watchlist,watchlist,42.47,30.34,37.01,0.0,42.47,30.34,37.01,8.84,34.58,451228784.52,"Stage 2, Clean Stage 2, trend_template_ok",285,287,Stage 2,watchlist,weekly_watchlist,38.21,2,-1.2000000000000028,False,False,False,False,False
BANKINDIA.NS,Bank of India,Financial Services,Unknown,True,F&O,1,Stage 1,Stage 1,Stage 1 - Base/Repair,Stage 1 - Base/Repair,Stage 1 • Stage 1 - Base/Repair,0.7,Price is near long-term moving averages with no strong long-term downtrend signal.,,,2026-07-21,,watchlist,weekly_watchlist,watchlist,21.55,50.9,34.76,2.0,21.55,50.9,36.76,3.43,-5.4,1071564779.63,"Stage 1, Stage 1 - Base/Repair, weekly_vcp_ok, volume_dryup, weekly_volume_dryup, weekly_strong, stage1_not_actionable, stage1_needs_more_base",286,294,Stage 1,watchlist,weekly_watchlist,37.12,8,-0.35999999999999943,False,False,False,False,False
TBOTEK.NS,TBO Tek Ltd.,Consumer Services,Unknown,False,Cash,1,Stage 2,Stage 2,Early Stage 2,Early Stage 2,Stage 2 • Early Stage 2,0.72,"Price has moved above long-term structure, but the full moving-average stack is not clean yet.",,,2026-08-17,,watchlist,weekly_watchlist,watchlist,38.87,29.72,34.75,2.0,38.87,29.72,36.75,42.88,18.33,519913052.97,"Stage 2, Early Stage 2, volume_dryup, weekly_volume_dryup",287,320,Stage 2,watchlist,weekly_watchlist,35.4,33,1.3500000000000014,False,False,False,False,False
RAILTEL.NS,Railtel Corporation Of India Limited,Telecommunication,Unknown,False,Cash,1,Stage 4,Stage 4,Stage 4 - Confirmed Downtrend,Stage 4 - Confirmed Downtrend,Stage 4 • Stage 4 - Confirmed Downtrend,0.86,Price is below a bearish moving-average stack with falling trend signals.,,,,,watchlist,weekly_watchlist,watchlist,19.1,35.8,26.62,10.0,19.1,35.8,36.62,-15.0,-9.23,140389333.74,"Stage 4, Stage 4 - Confirmed Downtrend, weekly_vcp_ok, volume_dryup, weekly_volume_dryup, weekly_strong, downtrend",288,298,Stage 4,watchlist,weekly_watchlist,36.62,10,0.0,False,False,False,False,False
GRINDWELL.NS,Grindwell Norton Limited,Capital Goods,Unknown,False,Cash,1,Stage 2,Stage 2,Messy Stage 2,Messy Stage 2,Stage 2 • Messy Stage 2,0.64,"Long-term structure is still constructive, but the short-term/weekly structure is not clean.",,,2026-08-17,,watchlist,weekly_watchlist,watchlist,42.21,18.66,31.61,5.0,42.21,18.66,36.61,8.01,34.55,93973166.31,"Stage 2, Messy Stage 2, trend_template_ok, volume_dryup, weekly_volume_dryup",289,284,Stage 2,watchlist,weekly_watchlist,38.33,-5,-1.7199999999999989,False,False,False,False,False
SPLPETRO.NS,Supreme Petrochem Limited,Chemicals,Unknown,False,Cash,1,Stage 2 Failed,Stage 3,Failed Stage 2,Failed Stage 2,Stage 2 Failed • Failed Stage 2,0.72,"This stock was recently Stage 2, but the latest structure no longer satisfies Stage 2 rules. It is kept as Stage 2 Failed until a fresh base/repair structure forms.",Recent Stage 2 break; public stage held as Stage 2 Failed.,2026-08-18,2026-08-17,,watchlist,weekly_watchlist,watchlist,23.01,42.03,31.57,5.0,23.01,42.03,36.57,1.89,20.42,167999331.67,"Stage 3, Stage 3 - Transition, weekly_vcp_ok, volume_dryup, weekly_strong, distribution_risk | Stage 2 failed state applied from stage memory.",290,64,Stage 2,watchlist,weekly_near_pivot,59.17,-226,-22.6,False,False,False,False,False
BECTORFOOD.NS,Mrs. Bectors Food Specialities Limited,Fast Moving Consumer Goods,Unknown,False,Cash,1,Stage 1,Stage 1,Stage 1 - Early Turn,Stage 1 - Early Turn,Stage 1 • Stage 1 - Early Turn,0.66,The stock is improving from a repair/base area but has not confirmed a clean Stage 2 yet.,,,,,watchlist,weekly_watchlist,watchlist,26.26,48.62,36.32,0.0,26.26,48.62,36.32,44.8,23.37,806710496.43,"Stage 1, Stage 1 - Early Turn, weekly_vcp_ok, volume_dryup, weekly_volume_dryup, weekly_strong, stage1_not_actionable, stage1_needs_more_base",291,325,Stage 1,watchlist,weekly_watchlist,35.04,34,1.2800000000000011,False,False,False,False,False
CCL.NS,CCL Products (India) Limited,Fast Moving Consumer Goods,Unknown,False,Cash,1,Stage 2,Stage 2,Early Stage 2,Early Stage 2,Stage 2 • Early Stage 2,0.72,"Price has moved above long-term structure, but the full moving-average stack is not clean yet.",,,2026-08-17,,watchlist,weekly_watchlist,watchlist,46.86,23.26,36.24,0.0,46.86,23.26,36.24,0.25,16.36,182857902.4,"Stage 2, Early Stage 2, volume_dryup, weekly_volume_dryup",292,306,Stage 2,watchlist,weekly_watchlist,36.16,14,0.0800000000000054,False,False,False,False,False
TVSSCS.NS,TVS Supply Chain Solutions Limited,Services,Unknown,False,Cash,1,Stage 2,Stage 2,Early Stage 2,Early Stage 2,Stage 2 • Early Stage 2,0.72,"Price has moved above long-term structure, but the full moving-average stack is not clean yet.",,,2026-08-17,,watchlist,weekly_forming,watchlist,14.64,58.07,34.18,2.0,14.64,58.07,36.18,3.55,-0.84,68976008.26,"Stage 2, Early Stage 2, weekly_vcp_ok, weekly_strong",293,311,Stage 2,watchlist,weekly_forming,35.85,18,0.3299999999999983,False,False,False,False,False
TTML.NS,Tata Teleservices (Maharashtra) Limited,Telecommunication,Unknown,False,Cash,1,Stage 4,Stage 4,Stage 4 - Confirmed Downtrend,Stage 4 - Confirmed Downtrend,Stage 4 • Stage 4 - Confirmed Downtrend,0.86,Price is below a bearish moving-average stack with falling trend signals.,,,,,watchlist,weekly_watchlist,watchlist,18.2,35.8,26.12,10.0,18.2,35.8,36.12,-12.23,-6.11,96923735.42,"Stage 4, Stage 4 - Confirmed Downtrend, weekly_vcp_ok, volume_dryup, weekly_volume_dryup, weekly_strong, downtrend",294,308,Stage 4,watchlist,weekly_watchlist,36.12,14,0.0,False,False,False,False,False
JKTYRE.NS,JK Tyre & Industries Limited,Automobile and Auto Components,Unknown,False,Cash,1,Stage 4,Stage 4,Stage 4 - Weak/Declining,Stage 4 - Weak/Declining,Stage 4 • Stage 4 - Weak/Declining,0.72,Price is below long-term support with weak trend evidence.,,,2026-03-02,,watchlist,weekly_watchlist,watchlist,17.13,36.9,26.03,10.0,17.13,36.9,36.03,3.31,-26.29,346194230.99,"Stage 4, Stage 4 - Weak/Declining, weekly_vcp_ok, weekly_volume_dryup, weekly_strong, downtrend",295,314,Stage 4,watchlist,weekly_watchlist,35.72,19,0.3100000000000023,False,False,False,False,False
GUJALKALI.NS,Gujarat Alkalies and Chemicals Limited,Chemicals,Unknown,False,Cash,1,Stage 2,Stage 2,Stage 2,Stage 2,Stage 2,0.76,Advancing structure detected.,,,2026-08-17,,watchlist,weekly_watchlist,watchlist,26.82,36.09,30.99,5.0,26.82,36.09,35.99,-6.25,47.19,107748175.47,"Stage 2, Stage 2, volume_dryup, weekly_volume_dryup",296,313,Stage 2,watchlist,weekly_watchlist,35.79,17,0.20000000000000284,False,False,False,False,False
NEWGEN.NS,Newgen Software Technologies Limited,Information Technology,Unknown,False,Cash,1,Stage 1,Stage 1,Stage 1 - Early Turn,Stage 1 - Early Turn,Stage 1 • Stage 1 - Early Turn,0.66,The stock is improving from a repair/base area but has not confirmed a clean Stage 2 yet.,,,,,watchlist,weekly_watchlist,watchlist,24.61,45.41,33.97,2.0,24.61,45.41,35.97,13.91,11.23,1097640623.39,"Stage 1, Stage 1 - Early Turn, weekly_vcp_ok, volume_dryup, weekly_volume_dryup, weekly_strong, stage1_not_actionable, stage1_needs_more_base",297,504,Stage 1,watchlist,weekly_watchlist,23.92,207,12.049999999999997,False,False,False,False,False
BPCL.NS,Bharat Petroleum Corporation Limited,"Oil, Gas & Consumable Fuels",Unknown,True,F&O,1,Not Sure,Stage 4,Pending Stage 4,Pending Stage 4,Not Sure • Pending Stage 4,0.55,Blocked public stage jump Stage 1 -> Stage 4; waiting for intermediate/confirmed structure.,Blocked public stage jump Stage 1 -> Stage 4; waiting for intermediate/confirmed structure.,,2026-03-02,Stage 4,watchlist,weekly_watchlist,watchlist,19.3,44.9,30.82,5.0,19.3,44.9,35.82,3.01,-11.25,1806597753.11,"Stage 4, Stage 4 - Weak/Declining, weekly_vcp_ok, volume_dryup, weekly_volume_dryup, weekly_strong, downtrend | Blocked public stage jump Stage 1 -> Stage 4; waiting for intermediate/confirmed structure.",298,270,Stage 1,watchlist,weekly_watchlist,40.16,-28,-4.339999999999996,False,False,False,False,False
FORCEMOT.NS,FORCE MOTORS LTD,Automobile and Auto Components,Unknown,True,F&O,1,Not Sure,Stage 4,Pending Stage 4,Pending Stage 4,Not Sure • Pending Stage 4,0.55,Blocked public stage jump Stage 1 -> Stage 4; waiting for intermediate/confirmed structure.,Blocked public stage jump Stage 1 -> Stage 4; waiting for intermediate/confirmed structure.,,2026-05-06,Stage 4,watchlist,weekly_watchlist,watchlist,16.7,36.9,25.79,10.0,16.7,36.9,35.79,-10.41,-23.4,1827083799.3,"Stage 4, Stage 4 - Weak/Declining, weekly_vcp_ok, volume_dryup, weekly_strong, downtrend | Blocked public stage jump Stage 1 -> Stage 4; waiting for intermediate/confirmed structure.",299,268,Stage 1,watchlist,weekly_watchlist,40.18,-31,-4.390000000000001,False,False,False,False,False
TECHM.NS,Tech Mahindra Limited,Information Technology,Unknown,True,F&O,1,Stage 2,Stage 2,Early Stage 2,Early Stage 2,Stage 2 • Early Stage 2,0.72,"Price has moved above long-term structure, but the full moving-average stack is not clean yet.",,,2026-08-17,,watchlist,weekly_watchlist,watchlist,41.1,24.8,33.77,2.0,41.1,24.8,35.77,11.54,12.44,4833141147.36,"Stage 2, Early Stage 2",300,305,Stage 2,watchlist,weekly_watchlist,36.27,5,-0.5,False,False,False,False,False
ERIS.NS,Eris Lifesciences Limited,Healthcare,Unknown,False,Cash,1,Stage 4,Stage 4,Stage 4 - Weak/Declining,Stage 4 - Weak/Declining,Stage 4 • Stage 4 - Weak/Declining,0.72,Price is below long-term support with weak trend evidence.,,,,,watchlist,weekly_watchlist,watchlist,16.45,36.9,25.65,10.0,16.45,36.9,35.65,-8.88,-4.14,142165502.85,"Stage 4, Stage 4 - Weak/Declining, weekly_vcp_ok, weekly_strong, downtrend",301,327,Stage 4,watchlist,weekly_watchlist,34.91,26,0.740000000000002,False,False,False,False,False
GMMPFAUDLR.NS,GMM Pfaudler Limited,Capital Goods,Unknown,False,Cash,1,Stage 1,Stage 1,Stage 1 - Early Turn,Stage 1 - Early Turn,Stage 1 • Stage 1 - Early Turn,0.66,The stock is improving from a repair/base area but has not confirmed a clean Stage 2 yet.,,,,,watchlist,weekly_watchlist,watchlist,17.6,46.55,30.63,5.0,17.6,46.55,35.63,25.96,10.55,465958842.38,"Stage 1, Stage 1 - Early Turn, weekly_vcp_ok, weekly_strong, stage1_not_actionable, stage1_needs_more_base",302,321,Stage 1,watchlist,weekly_watchlist,35.31,19,0.3200000000000003,False,False,False,False,False
INDIGOPNTS.NS,Indigo Paints Limited,Consumer Durables,Unknown,False,Cash,1,Stage 2,Stage 2,Early Stage 2,Early Stage 2,Stage 2 • Early Stage 2,0.72,"Price has moved above long-term structure, but the full moving-average stack is not clean yet.",,,2026-08-17,,watchlist,weekly_watchlist,watchlist,37.5,28.84,33.6,2.0,37.5,28.84,35.6,12.73,23.66,208504406.85,"Stage 2, Early Stage 2",303,300,Stage 2,watchlist,weekly_watchlist,36.45,-3,-0.8500000000000014,False,False,False,False,False
BATAINDIA.NS,Bata India Limited,Consumer Durables,Unknown,False,Cash,1,Stage 1,Stage 1,Stage 1 - Early Turn,Stage 1 - Early Turn,Stage 1 • Stage 1 - Early Turn,0.66,The stock is improving from a repair/base area but has not confirmed a clean Stage 2 yet.,,,,,watchlist,weekly_watchlist,watchlist,18.92,51.48,33.57,2.0,18.92,51.48,35.57,8.89,-3.06,497490644.31,"Stage 1, Stage 1 - Early Turn, weekly_vcp_ok, weekly_strong, stage1_not_actionable, stage1_needs_more_base",304,330,Stage 1,watchlist,weekly_watchlist,34.76,26,0.8100000000000023,False,False,False,False,False
GREENLAM.NS,Greenlam Industries Limited,Consumer Durables,Unknown,False,Cash,1,Stage 2,Stage 2,Early Stage 2,Early Stage 2,Stage 2 • Early Stage 2,0.72,"Price has moved above long-term structure, but the full moving-average stack is not clean yet.",,,2026-08-17,,watchlist,weekly_watchlist,watchlist,42.79,21.99,33.43,2.0,42.79,21.99,35.43,6.56,9.33,69338742.7,"Stage 2, Early Stage 2",305,345,Stage 2,watchlist,weekly_watchlist,33.15,40,2.280000000000001,False,False,False,False,False
MASTEK.NS,Mastek Limited,Information Technology,Unknown,False,Cash,1,Stage 1,Stage 1,Stage 1 - Early Turn,Stage 1 - Early Turn,Stage 1 • Stage 1 - Early Turn,0.66,The stock is improving from a repair/base area but has not confirmed a clean Stage 2 yet.,,,,,watchlist,weekly_watchlist,watchlist,18.48,51.24,33.22,2.0,18.48,51.24,35.22,1.44,1.92,205427302.95,"Stage 1, Stage 1 - Early Turn, weekly_vcp_ok, volume_dryup, weekly_volume_dryup, weekly_strong, stage1_not_actionable, stage1_needs_more_base",306,297,Stage 1,watchlist,weekly_watchlist,36.81,-9,-1.5900000000000034,False,False,False,False,False
SANOFI.NS,Sanofi India Limited,Healthcare,Unknown,False,Cash,1,Stage 4,Stage 4,Stage 4 - Weak/Declining,Stage 4 - Weak/Declining,Stage 4 • Stage 4 - Weak/Declining,0.72,Price is below long-term support with weak trend evidence.,,,,,watchlist,weekly_watchlist,watchlist,16.37,35.8,25.11,10.0,16.37,35.8,35.11,-1.62,-12.06,87325083.68,"Stage 4, Stage 4 - Weak/Declining, weekly_vcp_ok, volume_dryup, weekly_volume_dryup, weekly_strong, downtrend",307,323,Stage 4,watchlist,weekly_watchlist,35.25,16,-0.14000000000000057,False,False,False,False,False
LTF.NS,L&T Finance Ltd.,Financial Services,Unknown,True,F&O,1,Stage 2,Stage 2,Early Stage 2,Early Stage 2,Stage 2 • Early Stage 2,0.72,"Price has moved above long-term structure, but the full moving-average stack is not clean yet.",,,2026-08-17,,watchlist,weekly_watchlist,watchlist,38.64,26.24,33.06,2.0,38.64,26.24,35.06,17.19,21.19,1566874012.86,"Stage 2, Early Stage 2, volume_dryup, weekly_volume_dryup",308,431,Stage 2,watchlist,weekly_watchlist,27.59,123,7.470000000000002,False,False,False,False,False
GNFC.NS,Gujarat Narmada Valley Fertilizers and Chemicals Limited,Chemicals,Unknown,False,Cash,1,Stage 2,Stage 2,Early Stage 2,Early Stage 2,Stage 2 • Early Stage 2,0.72,"Price has moved above long-term structure, but the full moving-average stack is not clean yet.",,,2026-08-17,,watchlist,weekly_watchlist,watchlist,30.05,29.98,30.02,5.0,30.05,29.98,35.02,15.19,36.57,323081063.23,"Stage 2, Early Stage 2",309,329,Stage 2,watchlist,weekly_watchlist,34.83,20,0.19000000000000483,False,False,False,False,False
MIDHANI.NS,Mishra Dhatu Nigam Limited,Capital Goods,Unknown,False,Cash,1,Stage 2,Stage 2,Stage 2,Stage 2,Stage 2,0.76,Advancing structure detected.,Stage 2 reclaimed after 3 confirmation runs.,,2026-08-17,,watchlist,weekly_watchlist,watchlist,29.55,30.36,29.91,5.0,29.55,30.36,34.91,3.92,27.72,757941228.09,"Stage 2, Stage 2",310,302,Stage 2 Failed,watchlist,weekly_watchlist,36.37,-8,-1.4600000000000009,False,False,True,False,False
ZYDUSLIFE.NS,Zydus Lifesciences Limited,Healthcare,Unknown,True,F&O,1,Stage 2,Stage 2,Early Stage 2,Early Stage 2,Stage 2 • Early Stage 2,0.72,"Price has moved above long-term structure, but the full moving-average stack is not clean yet.",,,2026-08-17,,watchlist,weekly_watchlist,watchlist,21.1,29.47,24.87,10.0,21.1,29.47,34.87,5.31,29.41,1744669132.87,"Stage 2, Early Stage 2",311,189,Stage 2,watchlist,weekly_watchlist,45.63,-122,-10.760000000000005,False,False,False,False,False
FSL.NS,Firstsource Solutions Limited,Services,Unknown,False,Cash,1,Stage 1,Stage 1,Stage 1 - Early Turn,Stage 1 - Early Turn,Stage 1 • Stage 1 - Early Turn,0.66,The stock is improving from a repair/base area but has not confirmed a clean Stage 2 yet.,,,,,watchlist,weekly_watchlist,watchlist,17.63,51.48,32.86,2.0,17.63,51.48,34.86,2.01,14.81,1893798333.64,"Stage 1, Stage 1 - Early Turn, weekly_vcp_ok, weekly_volume_dryup, weekly_strong, stage1_not_actionable, stage1_needs_more_base",312,324,Stage 1,watchlist,weekly_watchlist,35.2,12,-0.3400000000000034,False,False,False,False,False
MAXHEALTH.NS,Max Healthcare Institute Limited,Healthcare,Unknown,True,F&O,1,Stage 2 Failed,Stage 4,Failed Stage 2,Failed Stage 2,Stage 2 Failed • Failed Stage 2,0.72,"This stock was recently Stage 2, but the latest structure no longer satisfies Stage 2 rules. It is kept as Stage 2 Failed until a fresh base/repair structure forms.",Recent Stage 2 break; public stage held as Stage 2 Failed.,2026-08-18,2026-08-06,,watchlist,weekly_watchlist,watchlist,14.76,36.9,24.72,10.0,14.76,36.9,34.72,-8.83,0.44,1989561846.04,"Stage 4, Stage 4 - Weak/Declining, weekly_vcp_ok, weekly_strong, downtrend | Stage 2 failed state applied from stage memory.",313,326,Stage 2 Failed,watchlist,weekly_watchlist,34.93,13,-0.21000000000000085,False,False,False,False,False
PRAJIND.NS,Praj Industries Limited,Capital Goods,Unknown,False,Cash,1,Stage 3,Stage 3,Stage 3 - Transition,Stage 3 - Transition,Stage 3 • Stage 3 - Transition,0.62,"The structure is transitioning after prior strength, but it is not yet a confirmed Stage 4 decline.",,,,,watchlist,weekly_watchlist,watchlist,14.71,47.8,29.6,5.0,14.71,47.8,34.6,-14.75,8.17,349107588.47,"Stage 3, Stage 3 - Transition, weekly_vcp_ok, weekly_strong, distribution_risk",314,390,Stage 3,watchlist,weekly_watchlist,29.86,76,4.740000000000002,False,False,False,False,False
CERA.NS,Cera Sanitaryware Limited,Consumer Durables,Unknown,False,Cash,1,Stage 2,Stage 2,Early Stage 2,Early Stage 2,Stage 2 • Early Stage 2,0.72,"Price has moved above long-term structure, but the full moving-average stack is not clean yet.",,,2026-08-17,,watchlist,weekly_watchlist,watchlist,43.83,18.86,32.59,2.0,43.83,18.86,34.59,-0.04,20.6,65311663.08,"Stage 2, Early Stage 2, volume_dryup, weekly_volume_dryup",315,358,Stage 2,watchlist,weekly_watchlist,31.69,43,2.900000000000002,False,False,False,False,False
BRIGADE.NS,Brigade Enterprises Limited,Realty,Unknown,False,Cash,1,Stage 1,Stage 1,Stage 1 - Early Turn,Stage 1 - Early Turn,Stage 1 • Stage 1 - Early Turn,0.66,The stock is improving from a repair/base area but has not confirmed a clean Stage 2 yet.,,,,,watchlist,weekly_watchlist,watchlist,20.25,52.01,34.54,0.0,20.25,52.01,34.54,17.16,4.91,242552729.62,"Stage 1, Stage 1 - Early Turn, weekly_vcp_ok, volume_dryup, weekly_volume_dryup, weekly_strong, stage1_not_actionable, stage1_needs_more_base",316,245,Stage 1,watchlist,weekly_watchlist,42.31,-71,-7.770000000000003,False,False,False,False,False
HEIDELBERG.NS,HeidelbergCement India Limited,Construction Materials,Unknown,False,Cash,1,Stage 1,Stage 1,Stage 1 - Early Turn,Stage 1 - Early Turn,Stage 1 • Stage 1 - Early Turn,0.66,The stock is improving from a repair/base area but has not confirmed a clean Stage 2 yet.,,,,,watchlist,weekly_watchlist,watchlist,20.9,51.09,34.49,0.0,20.9,51.09,34.49,-0.51,2.43,12018007.27,"Stage 1, Stage 1 - Early Turn, daily_vcp_ok, weekly_vcp_ok, volume_dryup, weekly_volume_dryup, weekly_strong, stage1_needs_more_base",317,307,Not Sure,watchlist,weekly_watchlist,36.14,-10,-1.6499999999999986,False,False,False,False,False
JIOFIN.NS,Jio Financial Services Limited,Financial Services,Unknown,True,F&O,1,Stage 1,Stage 1,Stage 1 - Early Turn,Stage 1 - Early Turn,Stage 1 • Stage 1 - Early Turn,0.66,The stock is improving from a repair/base area but has not confirmed a clean Stage 2 yet.,,,,,watchlist,weekly_watchlist,watchlist,17.08,51.04,32.36,2.0,17.08,51.04,34.36,1.47,-0.08,4867429356.97,"Stage 1, Stage 1 - Early Turn, weekly_vcp_ok, weekly_strong, stage1_not_actionable, stage1_needs_more_base",318,336,Stage 1,watchlist,weekly_watchlist,34.41,18,-0.04999999999999716,False,False,False,False,False
SPARC.NS,Sun Pharma Advanced Research Company Limited,Healthcare,Unknown,False,Cash,1,Stage 2 Failed,Stage 1,Failed Stage 2,Failed Stage 2,Stage 2 Failed • Failed Stage 2,0.72,"This stock was recently Stage 2, but the latest structure no longer satisfies Stage 2 rules. It is kept as Stage 2 Failed until a fresh base/repair structure forms.",Recent Stage 2 break; public stage held as Stage 2 Failed.,2026-08-18,2026-08-07,,watchlist,weekly_watchlist,watchlist,5.53,47.33,24.34,10.0,5.53,47.33,34.34,5.02,50.3,215179050.74,"Stage 1, Stage 1 - Unclear/Repair, weekly_vcp_ok, volume_dryup, weekly_volume_dryup, weekly_strong, stage1_not_actionable, stage1_needs_more_base | Stage 2 failed state applied from stage memory.",319,328,Stage 2 Failed,watchlist,weekly_watchlist,34.84,9,-0.5,False,False,False,False,False
DCAL.NS,Dishman Carbogen Amcis Limited,Healthcare,Unknown,False,Cash,1,Stage 4,Stage 4,Stage 4 - Confirmed Downtrend,Stage 4 - Confirmed Downtrend,Stage 4 • Stage 4 - Confirmed Downtrend,0.86,Price is below a bearish moving-average stack with falling trend signals.,,,2025-11-12,,watchlist,weekly_watchlist,watchlist,14.75,35.8,24.22,10.0,14.75,35.8,34.22,-15.39,-7.97,64356671.55,"Stage 4, Stage 4 - Confirmed Downtrend, weekly_vcp_ok, weekly_strong, downtrend",320,319,Stage 4,watchlist,weekly_watchlist,35.43,-1,-1.2100000000000009,False,False,False,False,False
INDUSTOWER.NS,Indus Towers Limited,Telecommunication,Unknown,True,F&O,1,Stage 4,Stage 4,Stage 4 - Weak/Declining,Stage 4 - Weak/Declining,Stage 4 • Stage 4 - Weak/Declining,0.72,Price is below long-term support with weak trend evidence.,,,2026-03-27,,watchlist,weekly_watchlist,watchlist,14.2,35.8,23.92,10.0,14.2,35.8,33.92,-11.65,-11.2,1772271847.39,"Stage 4, Stage 4 - Weak/Declining, weekly_vcp_ok, weekly_strong, downtrend",321,285,Not Sure,watchlist,weekly_watchlist,38.3,-36,-4.3799999999999955,False,False,False,False,False
FINCABLES.NS,Finolex Cables Limited,Capital Goods,Unknown,False,Cash,1,Stage 2,Stage 2,Extended Stage 2,Extended Stage 2,Stage 2 • Extended Stage 2,0.78,"Advancing structure remains intact, but price is stretched versus key moving averages or far above the 52-week low.",,,2026-08-17,,watchlist,weekly_watchlist,watchlist,28.25,29.6,28.86,5.0,28.25,29.6,33.86,26.95,68.36,2405531471.34,"Stage 2, Extended Stage 2",322,315,Stage 2,watchlist,weekly_watchlist,35.68,-7,-1.8200000000000003,False,False,False,False,False
LAOPALA.NS,La Opala RG Limited,Consumer Durables,Unknown,False,Cash,1,Stage 1,Stage 1,Stage 1 - Early Turn,Stage 1 - Early Turn,Stage 1 • Stage 1 - Early Turn,0.66,The stock is improving from a repair/base area but has not confirmed a clean Stage 2 yet.,,,,,watchlist,weekly_watchlist,watchlist,16.06,51.16,31.85,2.0,16.06,51.16,33.85,9.15,4.42,117919517.05,"Stage 1, Stage 1 - Early Turn, weekly_vcp_ok, weekly_volume_dryup, weekly_strong, stage1_not_actionable, stage1_needs_more_base",323,355,Stage 1,watchlist,weekly_watchlist,31.9,32,1.9500000000000028,False,False,False,False,False
ESABINDIA.NS,Esab India Limited,Capital Goods,Unknown,False,Cash,1,Stage 2,Stage 2,Stage 2,Stage 2,Stage 2,0.76,Advancing structure detected.,Stage 2 confirmed with 3 raw confirmation runs.,,2026-08-17,,watchlist,weekly_watchlist,watchlist,36.85,18.88,28.76,5.0,36.85,18.88,33.76,-8.61,17.41,53553112.63,"Stage 2, Stage 2",324,317,Not Sure,watchlist,weekly_watchlist,35.61,-7,-1.8500000000000014,False,False,True,False,False
CANBK.NS,Canara Bank,Financial Services,Unknown,True,F&O,1,Stage 1,Stage 1,Stage 1 - Base/Repair,Stage 1 - Base/Repair,Stage 1 • Stage 1 - Base/Repair,0.7,Price is near long-term moving averages with no strong long-term downtrend signal.,,,2026-02-23,,watchlist,weekly_watchlist,watchlist,22.45,42.9,31.65,2.0,22.45,42.9,33.65,2.04,-4.57,2515908520.34,"Stage 1, Stage 1 - Base/Repair, weekly_vcp_ok, volume_dryup, weekly_volume_dryup, weekly_strong, stage1_not_actionable, stage1_needs_more_base",325,339,Stage 1,watchlist,weekly_watchlist,33.82,14,-0.1700000000000017,False,False,False,False,False
ADANIENSOL.NS,Adani Energy Solutions Limited,Power,Unknown,True,F&O,1,Stage 2,Stage 2,Messy Stage 2,Messy Stage 2,Stage 2 • Messy Stage 2,0.64,"Long-term structure is still constructive, but the short-term/weekly structure is not clean.",,,2026-08-17,,watchlist,weekly_watchlist,watchlist,43.04,22.08,33.61,0.0,43.04,22.08,33.61,15.22,61.59,3607932912.51,"Stage 2, Messy Stage 2, trend_template_ok",326,497,Stage 2,watchlist,weekly_watchlist,24.23,171,9.379999999999999,False,False,False,False,False
DCBBANK.NS,DCB Bank Limited,Financial Services,Unknown,False,Cash,1,Stage 2 Failed,Stage 1,Failed Stage 2,Failed Stage 2,Stage 2 Failed • Failed Stage 2,0.72,"This stock was recently Stage 2, but the latest structure no longer satisfies Stage 2 rules. It is kept as Stage 2 Failed until a fresh base/repair structure forms.",Recent Stage 2 break; public stage held as Stage 2 Failed.,2026-08-18,2026-08-13,,watchlist,weekly_watchlist,watchlist,23.1,41.8,31.52,2.0,23.1,41.8,33.52,-0.16,0.03,298676387.45,"Stage 1, Stage 1 - Base/Repair, weekly_vcp_ok, weekly_volume_dryup, weekly_strong, stage1_not_actionable, stage1_needs_more_base | Stage 2 failed state applied from stage memory.",327,338,Stage 2 Failed,watchlist,weekly_watchlist,33.92,11,-0.3999999999999986,False,False,False,False,False
VINATIORGA.NS,Vinati Organics Limited,Chemicals,Unknown,False,Cash,1,Stage 4,Stage 4,Stage 4 - Weak/Declining,Stage 4 - Weak/Declining,Stage 4 • Stage 4 - Weak/Declining,0.72,Price is below long-term support with weak trend evidence.,,,,,watchlist,weekly_watchlist,watchlist,15.1,44.9,28.51,5.0,15.1,44.9,33.51,-1.28,-4.7,86009043.29,"Stage 4, Stage 4 - Weak/Declining, weekly_vcp_ok, weekly_strong, downtrend",328,341,Stage 4,watchlist,weekly_watchlist,33.51,13,0.0,False,False,False,False,False
ONESOURCE.NS,Onesource Specialty Pharma Ltd.,Healthcare,Unknown,False,Cash,1,Stage 2 Failed,Stage 4,Failed Stage 2,Failed Stage 2,Stage 2 Failed • Failed Stage 2,0.72,"This stock was recently Stage 2, but the latest structure no longer satisfies Stage 2 rules. It is kept as Stage 2 Failed until a fresh base/repair structure forms.",Recent Stage 2 break; public stage held as Stage 2 Failed.,2026-08-18,2026-07-30,,watchlist,weekly_watchlist,watchlist,12.83,36.52,23.49,10.0,12.83,36.52,33.49,-17.89,25.07,401020309.87,"Stage 4, Stage 4 - Weak/Declining, weekly_vcp_ok, volume_dryup, weekly_volume_dryup, weekly_strong, downtrend | Stage 2 failed state applied from stage memory.",329,334,Stage 2 Failed,watchlist,weekly_watchlist,34.46,5,-0.9699999999999989,False,False,False,False,False
METROPOLIS.NS,Metropolis Healthcare Limited,Healthcare,Unknown,False,Cash,1,Stage 2,Stage 2,Early Stage 2,Early Stage 2,Stage 2 • Early Stage 2,0.72,"Price has moved above long-term structure, but the full moving-average stack is not clean yet.",,,2026-08-17,,watchlist,weekly_watchlist,watchlist,22.77,24.01,23.33,10.0,22.77,24.01,33.33,4.53,19.56,136133595.86,"Stage 2, Early Stage 2, volume_dryup, weekly_volume_dryup",330,342,Stage 2,watchlist,weekly_watchlist,33.22,12,0.10999999999999943,False,False,False,False,False
BORORENEW.NS,BOROSIL RENEWABLES LIMITED,Capital Goods,Unknown,False,Cash,1,Stage 2 Failed,Not Sure,Failed Stage 2,Failed Stage 2,Stage 2 Failed • Failed Stage 2,0.72,"This stock was recently Stage 2, but the latest structure no longer satisfies Stage 2 rules. It is kept as Stage 2 Failed until a fresh base/repair structure forms.",Recent Stage 2 break; public stage held as Stage 2 Failed.,2026-08-18,2026-08-05,,watchlist,weekly_watchlist,watchlist,11.15,48.83,28.11,5.0,11.15,48.83,33.11,8.85,21.44,238412319.93,"Not Sure, Not Sure, weekly_vcp_ok, volume_dryup, weekly_volume_dryup, weekly_strong | Stage 2 failed state applied from stage memory.",331,346,Stage 2 Failed,watchlist,weekly_watchlist,33.02,15,0.0899999999999963,False,False,False,False,False
CLEAN.NS,Clean Science and Technology Limited,Chemicals,Unknown,False,Cash,1,Not Sure,Not Sure,Not Sure,Not Sure,Not Sure,0.0,Stage rules did not identify a reliable structure.,No confident stage classification.,,,,watchlist,weekly_watchlist,watchlist,5.64,55.52,28.09,5.0,5.64,55.52,33.09,7.4,17.77,436899248.64,"Not Sure, Not Sure, weekly_vcp_ok, weekly_strong",332,343,Not Sure,watchlist,weekly_watchlist,33.18,11,-0.0899999999999963,False,False,False,False,False
TTKPRESTIG.NS,TTK Prestige Limited,Consumer Durables,Unknown,False,Cash,1,Stage 2,Stage 2,Early Stage 2,Early Stage 2,Stage 2 • Early Stage 2,0.72,"Price has moved above long-term structure, but the full moving-average stack is not clean yet.",,,2026-08-17,,watchlist,weekly_watchlist,watchlist,41.75,17.9,31.02,2.0,41.75,17.9,33.02,9.56,13.47,522059726.24,"Stage 2, Early Stage 2, volume_dryup, weekly_volume_dryup",333,371,Stage 2,watchlist,weekly_watchlist,30.85,38,2.1700000000000017,False,False,False,False,False
BAJAJFINSV.NS,Bajaj Finserv Limited,Financial Services,Unknown,True,F&O,1,Stage 1,Stage 1,Stage 1 - Early Turn,Stage 1 - Early Turn,Stage 1 • Stage 1 - Early Turn,0.66,The stock is improving from a repair/base area but has not confirmed a clean Stage 2 yet.,,,2025-12-02,,watchlist,weekly_watchlist,watchlist,20.78,43.45,30.98,2.0,20.78,43.45,32.98,12.02,4.45,2881817815.69,"Stage 1, Stage 1 - Early Turn, weekly_vcp_ok, weekly_volume_dryup, weekly_strong, stage1_not_actionable, stage1_needs_more_base",334,350,Stage 1,watchlist,weekly_watchlist,32.62,16,0.35999999999999943,False,False,False,False,False
KOTAKBANK.NS,Kotak Mahindra Bank Limited,Financial Services,Unknown,True,F&O,1,Stage 4,Stage 4,Stage 4 - Weak/Declining,Stage 4 - Weak/Declining,Stage 4 • Stage 4 - Weak/Declining,0.72,Price is below long-term support with weak trend evidence.,,,2026-06-26,,watchlist,weekly_watchlist,watchlist,20.44,43.8,30.95,2.0,20.44,43.8,32.95,-0.63,-1.7,4556315738.5,"Stage 4, Stage 4 - Weak/Declining, weekly_vcp_ok, volume_dryup, weekly_volume_dryup, weekly_strong, downtrend",335,288,Not Sure,watchlist,weekly_watchlist,37.89,-47,-4.939999999999998,False,False,False,False,False
DCXINDIA.NS,DCX Systems Limited,Capital Goods,Unknown,False,Cash,1,Stage 4,Stage 4,Stage 4 - Weak/Declining,Stage 4 - Weak/Declining,Stage 4 • Stage 4 - Weak/Declining,0.72,Price is below long-term support with weak trend evidence.,,,,,watchlist,weekly_watchlist,watchlist,19.62,38.0,27.89,5.0,19.62,38.0,32.89,-13.31,2.59,95195818.76,"Stage 4, Stage 4 - Weak/Declining, weekly_vcp_ok, volume_dryup, weekly_strong, downtrend",336,374,Stage 4,watchlist,weekly_watchlist,30.6,38,2.289999999999999,False,False,False,False,False
RATNAMANI.NS,Ratnamani Metals & Tubes Limited,Capital Goods,Unknown,False,Cash,1,Stage 1,Stage 1,Stage 1 - Unclear/Repair,Stage 1 - Unclear/Repair,Stage 1 • Stage 1 - Unclear/Repair,0.58,Not enough evidence for Stage 2 or Stage 4; classified as repair/unclear structure.,,,2026-07-17,,watchlist,weekly_watchlist,watchlist,15.83,42.54,27.85,5.0,15.83,42.54,32.85,-9.18,16.54,136215640.53,"Stage 1, Stage 1 - Unclear/Repair, weekly_vcp_ok, weekly_volume_dryup, weekly_strong, stage1_not_actionable, stage1_needs_more_base",337,360,Stage 1,watchlist,weekly_watchlist,31.48,23,1.370000000000001,False,False,False,False,False
ASTRAZEN.NS,AstraZeneca Pharma India Limited,Healthcare,Unknown,False,Cash,1,Stage 4,Stage 4,Stage 4 - Confirmed Downtrend,Stage 4 - Confirmed Downtrend,Stage 4 • Stage 4 - Confirmed Downtrend,0.86,Price is below a bearish moving-average stack with falling trend signals.,,,2025-11-28,,watchlist,weekly_watchlist,watchlist,11.22,36.9,22.78,10.0,11.22,36.9,32.78,-12.77,-7.91,68233156.6,"Stage 4, Stage 4 - Confirmed Downtrend, weekly_vcp_ok, weekly_strong, downtrend",338,318,Stage 4,watchlist,weekly_watchlist,35.52,-20,-2.740000000000002,False,False,False,False,False
SUBROS.NS,Subros Limited,Automobile and Auto Components,Unknown,False,Cash,1,Stage 4,Stage 4,Stage 4 - Weak/Declining,Stage 4 - Weak/Declining,Stage 4 • Stage 4 - Weak/Declining,0.72,Price is below long-term support with weak trend evidence.,,,2025-11-10,,watchlist,weekly_watchlist,watchlist,12.02,35.8,22.72,10.0,12.02,35.8,32.72,0.83,-1.05,48498593.23,"Stage 4, Stage 4 - Weak/Declining, weekly_vcp_ok, volume_dryup, weekly_volume_dryup, weekly_strong, downtrend",339,348,Stage 4,watchlist,weekly_watchlist,32.76,9,-0.03999999999999915,False,False,False,False,False
BOROLTD.NS,Borosil Limited,Consumer Durables,Unknown,False,Cash,1,Stage 1,Stage 1,Stage 1 - Early Turn,Stage 1 - Early Turn,Stage 1 • Stage 1 - Early Turn,0.66,The stock is improving from a repair/base area but has not confirmed a clean Stage 2 yet.,,,,,watchlist,weekly_watchlist,watchlist,14.24,50.84,30.71,2.0,14.24,50.84,32.71,7.34,3.08,17694314.01,"Stage 1, Stage 1 - Early Turn, weekly_vcp_ok, weekly_strong, stage1_not_actionable, stage1_needs_more_base",340,405,Stage 1,watchlist,weekly_watchlist,29.09,65,3.620000000000001,False,False,False,False,False
ECLERX.NS,eClerx Services Limited,Services,Unknown,False,Cash,1,Stage 1,Stage 1,Stage 1 - Early Turn,Stage 1 - Early Turn,Stage 1 • Stage 1 - Early Turn,0.66,The stock is improving from a repair/base area but has not confirmed a clean Stage 2 yet.,,,2026-02-05,,watchlist,weekly_watchlist,watchlist,19.28,43.94,30.38,2.0,19.28,43.94,32.38,16.95,4.47,505123772.28,"Stage 1, Stage 1 - Early Turn, weekly_vcp_ok, volume_dryup, weekly_volume_dryup, weekly_strong, stage1_not_actionable, stage1_needs_more_base",341,344,Stage 1,watchlist,weekly_watchlist,33.17,3,-0.7899999999999991,False,False,False,False,False
YESBANK.NS,Yes Bank Limited,Financial Services,Unknown,True,F&O,1,Stage 2,Stage 2,Early Stage 2,Early Stage 2,Stage 2 • Early Stage 2,0.72,"Price has moved above long-term structure, but the full moving-average stack is not clean yet.",,,2026-08-17,,watchlist,weekly_watchlist,watchlist,34.3,25.53,30.35,2.0,34.3,25.53,32.35,2.16,13.15,1120817574.52,"Stage 2, Early Stage 2, volume_dryup, weekly_volume_dryup",342,340,Stage 2,watchlist,weekly_watchlist,33.81,-2,-1.4600000000000009,False,False,False,False,False
SUNDARMFIN.NS,Sundaram Finance Limited,Financial Services,Unknown,False,Cash,1,Stage 1,Stage 1,Stage 1 - Base/Repair,Stage 1 - Base/Repair,Stage 1 • Stage 1 - Base/Repair,0.7,Price is near long-term moving averages with no strong long-term downtrend signal.,,,2026-03-17,,watchlist,weekly_watchlist,watchlist,20.83,41.8,30.27,2.0,20.83,41.8,32.27,-0.09,-9.32,264932236.32,"Stage 1, Stage 1 - Base/Repair, weekly_vcp_ok, volume_dryup, weekly_volume_dryup, weekly_strong, stage1_not_actionable, stage1_needs_more_base",343,356,Not Sure,watchlist,weekly_watchlist,31.85,13,0.4200000000000017,False,False,False,False,False
APOLLO.NS,Apollo Micro Systems Limited,Capital Goods,Unknown,False,Cash,1,Stage 2,Stage 2,Early Stage 2,Early Stage 2,Stage 2 • Early Stage 2,0.72,"Price has moved above long-term structure, but the full moving-average stack is not clean yet.",,,2026-08-17,,watchlist,weekly_watchlist,watchlist,25.3,29.6,27.23,5.0,25.3,29.6,32.23,6.19,74.14,1905139624.4,"Stage 2, Early Stage 2, volume_dryup, weekly_volume_dryup",344,353,Stage 2,watchlist,weekly_watchlist,32.18,9,0.04999999999999716,False,False,False,False,False
IOC.NS,Indian Oil Corporation Ltd.,"Oil, Gas & Consumable Fuels",Unknown,True,F&O,1,Stage 4,Stage 4,Stage 4 - Weak/Declining,Stage 4 - Weak/Declining,Stage 4 • Stage 4 - Weak/Declining,0.72,Price is below long-term support with weak trend evidence.,,,2026-03-06,,watchlist,weekly_watchlist,watchlist,19.2,36.9,27.16,5.0,19.2,36.9,32.16,-2.28,-13.94,1240872567.35,"Stage 4, Stage 4 - Weak/Declining, weekly_vcp_ok, volume_dryup, weekly_volume_dryup, weekly_strong, downtrend",345,352,Stage 4,watchlist,weekly_watchlist,32.23,7,-0.07000000000000028,False,False,False,False,False
MANYAVAR.NS,Vedant Fashions Limited,Consumer Services,Unknown,False,Cash,1,Stage 1,Stage 1,Stage 1 - Early Turn,Stage 1 - Early Turn,Stage 1 • Stage 1 - Early Turn,0.66,The stock is improving from a repair/base area but has not confirmed a clean Stage 2 yet.,,,,,watchlist,weekly_watchlist,watchlist,15.99,47.44,30.14,2.0,15.99,47.44,32.14,27.39,17.96,1437572581.92,"Stage 1, Stage 1 - Early Turn, weekly_vcp_ok, weekly_volume_dryup, weekly_strong, stage1_not_actionable, stage1_needs_more_base",346,351,Stage 1,watchlist,weekly_watchlist,32.31,5,-0.1700000000000017,False,False,False,False,False
LUXIND.NS,Lux Industries Limited,Textiles,Unknown,False,Cash,1,Stage 3,Stage 3,Stage 3 - Distribution/Damage,Stage 3 - Distribution/Damage,Stage 3 • Stage 3 - Distribution/Damage,0.76,"Prior strength exists, but short-term and/or weekly structure is deteriorating.",,,2026-06-04,,watchlist,weekly_watchlist,watchlist,15.16,41.78,27.14,5.0,15.16,41.78,32.14,-11.68,31.44,30241966.32,"Stage 3, Stage 3 - Distribution/Damage, weekly_vcp_ok, volume_dryup, weekly_strong, distribution_risk",347,208,Not Sure,watchlist,weekly_watchlist,44.27,-139,-12.130000000000003,False,False,False,False,False
ABBOTINDIA.NS,Abbott India Limited,Healthcare,Unknown,False,Cash,1,Stage 2 Failed,Stage 4,Failed Stage 2,Failed Stage 2,Stage 2 Failed • Failed Stage 2,0.72,"This stock was recently Stage 2, but the latest structure no longer satisfies Stage 2 rules. It is kept as Stage 2 Failed until a fresh base/repair structure forms.",Recent Stage 2 break; public stage held as Stage 2 Failed.,2026-08-18,2026-08-12,,watchlist,weekly_watchlist,watchlist,15.15,30.69,22.14,10.0,15.15,30.69,32.14,-2.85,8.79,302765877.36,"Stage 4, Stage 4 - Weak/Declining, weekly_vcp_ok, downtrend | Stage 2 failed state applied from stage memory.",348,266,Stage 2 Failed,watchlist,weekly_watchlist,40.39,-82,-8.25,False,False,False,False,False
ULTRACEMCO.NS,UltraTech Cement Limited,Construction Materials,Unknown,True,F&O,1,Stage 2 Failed,Stage 1,Failed Stage 2,Failed Stage 2,Stage 2 Failed • Failed Stage 2,0.72,"This stock was recently Stage 2, but the latest structure no longer satisfies Stage 2 rules. It is kept as Stage 2 Failed until a fresh base/repair structure forms.",Recent Stage 2 break; public stage held as Stage 2 Failed.,2026-08-18,2026-08-17,,watchlist,weekly_watchlist,watchlist,23.87,41.8,31.94,0.0,23.87,41.8,31.94,-0.54,-3.64,2947556825.37,"Stage 1, Stage 1 - Base/Repair, weekly_vcp_ok, volume_dryup, weekly_strong, stage1_not_actionable, stage1_needs_more_base | Stage 2 failed state applied from stage memory.",349,148,Stage 2,watchlist,weekly_forming,49.8,-201,-17.859999999999996,False,False,False,False,False
SBILIFE.NS,SBI Life Insurance Company Limited,Financial Services,Unknown,True,F&O,1,Not Sure,Stage 4,Pending Stage 4,Pending Stage 4,Not Sure • Pending Stage 4,0.55,Blocked public stage jump Stage 1 -> Stage 4; waiting for intermediate/confirmed structure.,Blocked public stage jump Stage 1 -> Stage 4; waiting for intermediate/confirmed structure.,,2026-03-02,Stage 4,watchlist,weekly_watchlist,watchlist,18.35,43.8,29.8,2.0,18.35,43.8,31.8,-6.59,-6.48,1627579840.87,"Stage 4, Stage 4 - Weak/Declining, weekly_vcp_ok, volume_dryup, weekly_volume_dryup, weekly_strong, downtrend | Blocked public stage jump Stage 1 -> Stage 4; waiting for intermediate/confirmed structure.",350,316,Stage 1,watchlist,weekly_watchlist,35.62,-34,-3.8199999999999967,False,False,False,False,False
OLECTRA.NS,Olectra Greentech Limited,Automobile and Auto Components,Unknown,False,Cash,1,Stage 2 Failed,Not Sure,Failed Stage 2,Failed Stage 2,Stage 2 Failed • Failed Stage 2,0.72,"This stock was recently Stage 2, but the latest structure no longer satisfies Stage 2 rules. It is kept as Stage 2 Failed until a fresh base/repair structure forms.",Recent Stage 2 break; public stage held as Stage 2 Failed.,2026-08-18,2026-08-13,,watchlist,weekly_watchlist,watchlist,33.19,7.89,21.8,10.0,33.19,7.89,31.8,7.4,35.5,421590724.41,"Not Sure, Not Sure, volume_dryup, weekly_volume_dryup | Stage 2 failed state applied from stage memory.",351,357,Stage 2 Failed,watchlist,weekly_watchlist,31.78,6,0.019999999999999574,False,False,False,False,False
VMART.NS,V-Mart Retail Limited,Consumer Services,Unknown,False,Cash,1,Stage 2,Stage 2,Early Stage 2,Early Stage 2,Stage 2 • Early Stage 2,0.72,"Price has moved above long-term structure, but the full moving-average stack is not clean yet.",,,2026-08-17,,watchlist,weekly_watchlist,watchlist,28.92,30.76,29.75,2.0,28.92,30.76,31.75,25.94,33.7,119220820.51,"Stage 2, Early Stage 2, volume_dryup, weekly_volume_dryup",352,365,Stage 2,watchlist,weekly_watchlist,31.26,13,0.48999999999999844,False,False,False,False,False
CENTURYPLY.NS,Century Plyboards (India) Limited,Consumer Durables,Unknown,False,Cash,1,Stage 2 Failed,Stage 1,Failed Stage 2,Failed Stage 2,Stage 2 Failed • Failed Stage 2,0.72,"This stock was recently Stage 2, but the latest structure no longer satisfies Stage 2 rules. It is kept as Stage 2 Failed until a fresh base/repair structure forms.",Recent Stage 2 break; public stage held as Stage 2 Failed.,2026-08-18,2026-08-11,,watchlist,weekly_watchlist,watchlist,19.57,41.8,29.57,2.0,19.57,41.8,31.57,-4.35,3.67,73691880.71,"Stage 1, Stage 1 - Base/Repair, weekly_vcp_ok, volume_dryup, weekly_volume_dryup, weekly_strong, stage1_not_actionable, stage1_needs_more_base | Stage 2 failed state applied from stage memory.",353,398,Stage 2 Failed,watchlist,weekly_watchlist,29.49,45,2.080000000000002,False,False,False,False,False
ESCORTS.NS,Escorts Kubota Limited,Capital Goods,Unknown,False,Cash,1,Stage 4,Stage 4,Stage 4 - Weak/Declining,Stage 4 - Weak/Declining,Stage 4 • Stage 4 - Weak/Declining,0.72,Price is below long-term support with weak trend evidence.,,,2026-02-10,,watchlist,weekly_watchlist,watchlist,19.02,35.8,26.57,5.0,19.02,35.8,31.57,4.98,-7.23,392493128.28,"Stage 4, Stage 4 - Weak/Declining, weekly_vcp_ok, volume_dryup, weekly_volume_dryup, weekly_strong, downtrend",354,277,Not Sure,watchlist,weekly_watchlist,39.58,-77,-8.009999999999998,False,False,False,False,False
SHYAMMETL.NS,Shyam Metalics and Energy Limited,Metals & Mining,Unknown,False,Cash,1,Stage 2,Stage 2,Clean Stage 2,Clean Stage 2,Stage 2 • Clean Stage 2,0.9,"Price is above rising key averages, weekly structure is supportive, and the stock is near its 52-week high.",,,2026-08-17,,watchlist,weekly_watchlist,watchlist,40.5,20.5,31.5,0.0,40.5,20.5,31.5,5.88,19.12,470925647.27,"Stage 2, Clean Stage 2, trend_template_ok",355,536,Stage 2,watchlist,weekly_watchlist,21.3,181,10.2,False,False,False,False,False
MTARTECH.NS,Mtar Technologies Limited,Capital Goods,Unknown,False,Cash,1,Stage 2,Stage 2,Extended Stage 2,Extended Stage 2,Stage 2 • Extended Stage 2,0.78,"Advancing structure remains intact, but price is stretched versus key moving averages or far above the 52-week low.",,,2026-08-17,,watchlist,weekly_watchlist,watchlist,25.66,27.2,26.35,5.0,25.66,27.2,31.35,-12.23,98.16,1414653482.2,"Stage 2, Extended Stage 2, volume_dryup, weekly_volume_dryup",356,364,Stage 2,watchlist,weekly_watchlist,31.27,8,0.08000000000000185,False,False,False,False,False
SKIPPER.NS,Skipper Limited,Capital Goods,Unknown,False,Cash,1,Stage 2,Stage 2,Early Stage 2,Early Stage 2,Stage 2 • Early Stage 2,0.72,"Price has moved above long-term structure, but the full moving-average stack is not clean yet.",,,2026-08-17,,watchlist,weekly_watchlist,watchlist,24.88,28.15,26.35,5.0,24.88,28.15,31.35,15.35,50.17,297915145.55,"Stage 2, Early Stage 2, weekly_volume_dryup",357,366,Stage 2,watchlist,weekly_watchlist,31.22,9,0.13000000000000256,False,False,False,False,False
MAHSEAMLES.NS,Maharashtra Seamless Limited,Capital Goods,Unknown,False,Cash,1,Stage 2 Failed,Stage 2,Failed Stage 2,Failed Stage 2,Stage 2 Failed • Failed Stage 2,0.7,Failed Stage 2 cooling period is still active; waiting for a fresh base or confirmed reclaim.,Failed Stage 2 hold period active.,,2026-08-14,,watchlist,weekly_watchlist,watchlist,23.28,30.1,26.35,5.0,23.28,30.1,31.35,-4.24,23.26,65943017.58,"Stage 2, Stage 2 | Failed Stage 2 hold period active.",358,619,Stage 2 Failed,watchlist,weekly_watchlist,16.36,261,14.990000000000002,False,False,False,False,False
HEXT.NS,Hexaware Technologies Ltd.,Information Technology,Unknown,False,Cash,1,Stage 1,Stage 1,Stage 1 - Early Turn,Stage 1 - Early Turn,Stage 1 • Stage 1 - Early Turn,0.66,The stock is improving from a repair/base area but has not confirmed a clean Stage 2 yet.,,,,,watchlist,weekly_watchlist,watchlist,18.58,42.43,29.31,2.0,18.58,42.43,31.31,5.56,0.76,542354965.05,"Stage 1, Stage 1 - Early Turn, weekly_vcp_ok, volume_dryup, weekly_volume_dryup, weekly_strong, stage1_not_actionable, stage1_needs_more_base",359,354,Stage 1,watchlist,weekly_watchlist,32.12,-5,-0.8099999999999987,False,False,False,False,False
PARADEEP.NS,Paradeep Phosphates Limited,Chemicals,Unknown,False,Cash,1,Stage 1,Stage 1,Stage 1 - Early Turn,Stage 1 - Early Turn,Stage 1 • Stage 1 - Early Turn,0.66,The stock is improving from a repair/base area but has not confirmed a clean Stage 2 yet.,,,,,watchlist,weekly_watchlist,watchlist,3.25,54.3,26.22,5.0,3.25,54.3,31.22,17.52,27.51,1998635239.6,"Stage 1, Stage 1 - Early Turn, weekly_vcp_ok, volume_dryup, weekly_volume_dryup, weekly_strong, stage1_not_actionable, stage1_needs_more_base",360,368,Stage 1,watchlist,weekly_watchlist,31.06,8,0.16000000000000014,False,False,False,False,False
TIMETECHNO.NS,Time Technoplast Limited,Capital Goods,Unknown,False,Cash,1,Stage 2 Failed,Stage 4,Failed Stage 2,Failed Stage 2,Stage 2 Failed • Failed Stage 2,0.72,"This stock was recently Stage 2, but the latest structure no longer satisfies Stage 2 rules. It is kept as Stage 2 Failed until a fresh base/repair structure forms.",Recent Stage 2 break; public stage held as Stage 2 Failed.,2026-08-18,2026-08-14,,watchlist,weekly_watchlist,watchlist,17.87,36.26,26.15,5.0,17.87,36.26,31.15,4.41,0.17,753099897.34,"Stage 4, Stage 4 - Weak/Declining, weekly_vcp_ok, weekly_volume_dryup, weekly_strong, downtrend | Stage 2 failed state applied from stage memory.",361,247,Stage 2 Failed,watchlist,weekly_watchlist,42.3,-114,-11.149999999999999,False,False,False,False,False
SAPPHIRE.NS,Sapphire Foods India Limited,Consumer Services,Unknown,False,Cash,1,Stage 1,Stage 1,Stage 1 - Early Turn,Stage 1 - Early Turn,Stage 1 • Stage 1 - Early Turn,0.66,The stock is improving from a repair/base area but has not confirmed a clean Stage 2 yet.,,,,,watchlist,weekly_watchlist,watchlist,14.62,46.82,29.11,2.0,14.62,46.82,31.11,25.22,13.99,829036777.33,"Stage 1, Stage 1 - Early Turn, weekly_vcp_ok, weekly_volume_dryup, weekly_strong, stage1_not_actionable, stage1_needs_more_base",362,362,Stage 1,watchlist,weekly_watchlist,31.41,0,-0.3000000000000007,False,False,False,False,False
ADANIENT.NS,Adani Enterprises Limited,Metals & Mining,Unknown,True,F&O,1,Stage 2,Stage 2,Early Stage 2,Early Stage 2,Stage 2 • Early Stage 2,0.72,"Price has moved above long-term structure, but the full moving-average stack is not clean yet.",,,2026-08-17,,watchlist,weekly_watchlist,watchlist,29.15,33.25,30.99,0.0,29.15,33.25,30.99,8.58,39.92,3256775162.53,"Stage 2, Early Stage 2, volume_dryup, weekly_volume_dryup",363,361,Stage 2,watchlist,weekly_watchlist,31.43,-2,-0.4400000000000013,False,False,False,False,False
RELAXO.NS,Relaxo Footwears Limited,Consumer Durables,Unknown,False,Cash,1,Stage 2 Failed,Not Sure,Failed Stage 2,Failed Stage 2,Stage 2 Failed • Failed Stage 2,0.72,"This stock was recently Stage 2, but the latest structure no longer satisfies Stage 2 rules. It is kept as Stage 2 Failed until a fresh base/repair structure forms.",Recent Stage 2 break; public stage held as Stage 2 Failed.,2026-08-18,2026-08-14,,watchlist,weekly_watchlist,watchlist,11.81,49.86,28.93,2.0,11.81,49.86,30.93,29.84,10.72,433683122.6,"Not Sure, Not Sure, weekly_vcp_ok, volume_dryup, weekly_volume_dryup, weekly_strong | Stage 2 failed state applied from stage memory.",364,401,Stage 2 Failed,watchlist,weekly_watchlist,29.33,37,1.6000000000000014,False,False,False,False,False
JPPOWER.NS,Jaiprakash Power Ventures Limited,Power,Unknown,False,Cash,1,Stage 2 Failed,Stage 1,Failed Stage 2,Failed Stage 2,Stage 2 Failed • Failed Stage 2,0.72,"This stock was recently Stage 2, but the latest structure no longer satisfies Stage 2 rules. It is kept as Stage 2 Failed until a fresh base/repair structure forms.",Recent Stage 2 break; public stage held as Stage 2 Failed.,2026-08-18,2026-08-12,,watchlist,weekly_watchlist,watchlist,21.19,42.69,30.87,0.0,21.19,42.69,30.87,-10.03,18.97,1226133423.34,"Stage 1, Stage 1 - Unclear/Repair, weekly_vcp_ok, volume_dryup, weekly_volume_dryup, weekly_strong, stage1_not_actionable, stage1_needs_more_base | Stage 2 failed state applied from stage memory.",365,332,Stage 2 Failed,watchlist,weekly_watchlist,34.64,-33,-3.7699999999999996,False,False,False,False,False
MGL.NS,Mahanagar Gas Limited,"Oil, Gas & Consumable Fuels",Unknown,False,Cash,1,Stage 2 Failed,Not Sure,Failed Stage 2,Failed Stage 2,Stage 2 Failed • Failed Stage 2,0.72,"This stock was recently Stage 2, but the latest structure no longer satisfies Stage 2 rules. It is kept as Stage 2 Failed until a fresh base/repair structure forms.",Recent Stage 2 break; public stage held as Stage 2 Failed.,2026-08-18,2026-08-17,,watchlist,weekly_watchlist,watchlist,7.58,48.23,25.87,5.0,7.58,48.23,30.87,5.11,8.19,384827017.39,"Not Sure, Not Sure, weekly_vcp_ok, weekly_volume_dryup, weekly_strong | Stage 2 failed state applied from stage memory.",366,171,Stage 2,watchlist,weekly_forming,47.05,-195,-16.179999999999996,False,False,False,False,False
CHALET.NS,Chalet Hotels Limited,Consumer Services,Unknown,False,Cash,1,Stage 1,Stage 1,Stage 1 - Early Turn,Stage 1 - Early Turn,Stage 1 • Stage 1 - Early Turn,0.66,The stock is improving from a repair/base area but has not confirmed a clean Stage 2 yet.,,,2025-11-06,,watchlist,weekly_watchlist,watchlist,14.15,46.69,28.79,2.0,14.15,46.69,30.79,2.33,3.2,84066177.43,"Stage 1, Stage 1 - Early Turn, weekly_vcp_ok, volume_dryup, weekly_volume_dryup, weekly_strong, stage1_not_actionable, stage1_needs_more_base",367,372,Stage 1,watchlist,weekly_watchlist,30.8,5,-0.010000000000001563,False,False,False,False,False
KPRMILL.NS,K.P.R. Mill Ltd.,Textiles,Unknown,False,Cash,1,Stage 2,Stage 2,Early Stage 2,Early Stage 2,Stage 2 • Early Stage 2,0.72,"Price has moved above long-term structure, but the full moving-average stack is not clean yet.",,,2026-08-17,,watchlist,weekly_watchlist,watchlist,29.62,21.05,25.76,5.0,29.62,21.05,30.76,15.5,27.0,349938548.57,"Stage 2, Early Stage 2, volume_dryup, weekly_volume_dryup",368,310,Stage 2,watchlist,weekly_watchlist,36.05,-58,-5.289999999999996,False,False,False,False,False
HINDALCO.NS,Hindalco Industries Limited,Metals & Mining,Unknown,True,F&O,1,Stage 2,Stage 2,Stage 2,Stage 2,Stage 2,0.76,Advancing structure detected.,,,2026-08-17,,watchlist,weekly_watchlist,watchlist,39.9,19.25,30.61,0.0,39.9,19.25,30.61,-2.08,14.56,5076928429.88,"Stage 2, Stage 2, weekly_volume_dryup",369,370,Stage 2,watchlist,weekly_watchlist,30.94,1,-0.33000000000000185,False,False,False,False,False
DEVYANI.NS,Devyani International Limited,Consumer Services,Unknown,False,Cash,1,Stage 1,Stage 1,Stage 1 - Early Turn,Stage 1 - Early Turn,Stage 1 • Stage 1 - Early Turn,0.66,The stock is improving from a repair/base area but has not confirmed a clean Stage 2 yet.,,,,,watchlist,weekly_watchlist,watchlist,17.82,41.75,28.59,2.0,17.82,41.75,30.59,22.24,13.97,1067182325.78,"Stage 1, Stage 1 - Early Turn, weekly_vcp_ok, weekly_strong, stage1_not_actionable, stage1_needs_more_base",370,369,Stage 1,watchlist,weekly_watchlist,30.99,-1,-0.3999999999999986,False,False,False,False,False
JYOTICNC.NS,Jyoti CNC Automation Ltd.,Capital Goods,Unknown,False,Cash,1,Stage 1,Stage 1,Stage 1 - Early Turn,Stage 1 - Early Turn,Stage 1 • Stage 1 - Early Turn,0.66,The stock is improving from a repair/base area but has not confirmed a clean Stage 2 yet.,,,,,watchlist,weekly_watchlist,watchlist,7.81,47.29,25.58,5.0,7.81,47.29,30.58,36.94,17.95,1068418038.8,"Stage 1, Stage 1 - Early Turn, weekly_vcp_ok, weekly_strong, stage1_not_actionable, stage1_needs_more_base",371,408,Stage 1,watchlist,weekly_watchlist,29.0,37,1.5799999999999983,False,False,False,False,False
NUVAMA.NS,Nuvama Wealth Management Ltd.,Financial Services,Unknown,True,F&O,1,Stage 2,Stage 2,Early Stage 2,Early Stage 2,Stage 2 • Early Stage 2,0.72,"Price has moved above long-term structure, but the full moving-average stack is not clean yet.",,,2026-08-17,,watchlist,weekly_watchlist,watchlist,25.87,31.8,28.54,2.0,25.87,31.8,30.54,16.37,41.67,1035387292.49,"Stage 2, Early Stage 2, volume_dryup, weekly_volume_dryup",372,385,Stage 2,watchlist,weekly_watchlist,30.14,13,0.3999999999999986,False,False,False,False,False
PIIND.NS,PI Industries Limited,Chemicals,Unknown,True,F&O,1,Stage 4,Stage 4,Stage 4 - Confirmed Downtrend,Stage 4 - Confirmed Downtrend,Stage 4 • Stage 4 - Confirmed Downtrend,0.86,Price is below a bearish moving-average stack with falling trend signals.,,,,,watchlist,weekly_watchlist,watchlist,16.2,36.9,25.52,5.0,16.2,36.9,30.52,-11.2,-11.52,833411648.93,"Stage 4, Stage 4 - Confirmed Downtrend, weekly_vcp_ok, weekly_strong, downtrend",373,429,Stage 4,watchlist,weekly_watchlist,27.77,56,2.75,False,False,False,False,False
GHCL.NS,GHCL Limited,Chemicals,Unknown,False,Cash,1,Stage 4,Stage 4,Stage 4 - Weak/Declining,Stage 4 - Weak/Declining,Stage 4 • Stage 4 - Weak/Declining,0.72,Price is below long-term support with weak trend evidence.,,,,,watchlist,weekly_watchlist,watchlist,16.97,35.8,25.44,5.0,16.97,35.8,30.44,-0.57,-4.75,62757161.99,"Stage 4, Stage 4 - Weak/Declining, weekly_vcp_ok, volume_dryup, weekly_volume_dryup, weekly_strong, downtrend",374,377,Stage 4,watchlist,weekly_watchlist,30.44,3,0.0,False,False,False,False,False
RENUKA.NS,Shree Renuka Sugars Limited,Fast Moving Consumer Goods,Unknown,False,Cash,1,Stage 4,Stage 4,Stage 4 - Weak/Declining,Stage 4 - Weak/Declining,Stage 4 • Stage 4 - Weak/Declining,0.72,Price is below long-term support with weak trend evidence.,,,,,watchlist,weekly_watchlist,watchlist,20.1,43.0,30.41,0.0,20.1,43.0,30.41,-4.6,2.23,111090342.68,"Stage 4, Stage 4 - Weak/Declining, weekly_vcp_ok, weekly_strong, downtrend",375,380,Stage 4,watchlist,weekly_watchlist,30.41,5,0.0,False,False,False,False,False
AADHARHFC.NS,Aadhar Housing Finance Ltd.,Financial Services,Unknown,False,Cash,1,Stage 2 Failed,Not Sure,Failed Stage 2,Failed Stage 2,Stage 2 Failed • Failed Stage 2,0.72,"This stock was recently Stage 2, but the latest structure no longer satisfies Stage 2 rules. It is kept as Stage 2 Failed until a fresh base/repair structure forms.",Recent Stage 2 break; public stage held as Stage 2 Failed.,2026-08-18,2026-08-13,,watchlist,weekly_watchlist,watchlist,11.97,48.14,28.25,2.0,11.97,48.14,30.25,0.55,11.81,154754794.82,"Not Sure, Not Sure, weekly_vcp_ok, volume_dryup, weekly_volume_dryup, weekly_strong | Stage 2 failed state applied from stage memory.",376,513,Stage 2 Failed,watchlist,weekly_watchlist,23.31,137,6.940000000000001,False,False,False,False,False
TRIDENT.NS,Trident Limited,Textiles,Unknown,False,Cash,1,Stage 4,Stage 4,Stage 4 - Weak/Declining,Stage 4 - Weak/Declining,Stage 4 • Stage 4 - Weak/Declining,0.72,Price is below long-term support with weak trend evidence.,,,,,watchlist,weekly_watchlist,watchlist,16.62,35.8,25.25,5.0,16.62,35.8,30.25,-1.68,0.67,164402680.36,"Stage 4, Stage 4 - Weak/Declining, weekly_vcp_ok, volume_dryup, weekly_volume_dryup, weekly_strong, downtrend",377,322,Stage 4,watchlist,weekly_watchlist,35.3,-55,-5.049999999999997,False,False,False,False,False
NATIONALUM.NS,National Aluminium Company Limited,Metals & Mining,Unknown,True,F&O,1,Stage 3,Stage 3,Stage 3 - Transition,Stage 3 - Transition,Stage 3 • Stage 3 - Transition,0.62,"The structure is transitioning after prior strength, but it is not yet a confirmed Stage 4 decline.",,,2026-06-05,,watchlist,weekly_watchlist,watchlist,21.35,41.01,30.2,0.0,21.35,41.01,30.2,-5.54,17.62,3056702723.31,"Stage 3, Stage 3 - Transition, weekly_vcp_ok, weekly_strong, distribution_risk",378,379,Stage 3,watchlist,weekly_watchlist,30.41,1,-0.21000000000000085,False,False,False,False,False
ARVIND.NS,Arvind Limited,Textiles,Unknown,False,Cash,1,Stage 2,Stage 2,Early Stage 2,Early Stage 2,Stage 2 • Early Stage 2,0.72,"Price has moved above long-term structure, but the full moving-average stack is not clean yet.",,,2026-08-17,,watchlist,weekly_watchlist,watchlist,26.97,23.01,25.19,5.0,26.97,23.01,30.19,9.44,52.65,325774053.06,"Stage 2, Early Stage 2",379,132,Stage 2,watchlist,weekly_watchlist,51.27,-247,-21.080000000000002,False,False,False,False,False
RHIM.NS,RHI MAGNESITA INDIA LIMITED,Capital Goods,Unknown,False,Cash,1,Stage 4,Stage 4,Stage 4 - Weak/Declining,Stage 4 - Weak/Declining,Stage 4 • Stage 4 - Weak/Declining,0.72,Price is below long-term support with weak trend evidence.,,,,,watchlist,weekly_watchlist,watchlist,16.45,35.8,25.16,5.0,16.45,35.8,30.16,-6.68,-6.98,338741335.83,"Stage 4, Stage 4 - Weak/Declining, weekly_vcp_ok, volume_dryup, weekly_volume_dryup, weekly_strong, downtrend",380,384,Stage 4,watchlist,weekly_watchlist,30.16,4,0.0,False,False,False,False,False
TEXRAIL.NS,Texmaco Rail & Engineering Limited,Capital Goods,Unknown,False,Cash,1,Stage 4,Stage 4,Stage 4 - Weak/Declining,Stage 4 - Weak/Declining,Stage 4 • Stage 4 - Weak/Declining,0.72,Price is below long-term support with weak trend evidence.,,,,,watchlist,weekly_watchlist,watchlist,16.32,35.8,25.09,5.0,16.32,35.8,30.09,-5.35,-1.75,135588105.34,"Stage 4, Stage 4 - Weak/Declining, weekly_vcp_ok, volume_dryup, weekly_volume_dryup, weekly_strong, downtrend",381,387,Stage 4,watchlist,weekly_watchlist,29.95,6,0.14000000000000057,False,False,False,False,False
UTKARSHBNK.NS,Utkarsh Small Finance Bank Limited,Financial Services,Unknown,False,Cash,1,Stage 4,Stage 4,Stage 4 - Weak/Declining,Stage 4 - Weak/Declining,Stage 4 • Stage 4 - Weak/Declining,0.72,Price is below long-term support with weak trend evidence.,,,,,watchlist,weekly_watchlist,watchlist,20.28,36.98,27.8,2.0,20.28,36.98,29.8,3.75,8.02,53443555.38,"Stage 4, Stage 4 - Weak/Declining, weekly_vcp_ok, volume_dryup, weekly_volume_dryup, weekly_strong, downtrend",382,389,Stage 4,watchlist,weekly_watchlist,29.91,7,-0.10999999999999943,False,False,False,False,False
BBL.NS,Bharat Bijlee Limited,Capital Goods,Unknown,False,Cash,1,Stage 4,Stage 4,Stage 4 - Weak/Declining,Stage 4 - Weak/Declining,Stage 4 • Stage 4 - Weak/Declining,0.72,Price is below long-term support with weak trend evidence.,,,,,watchlist,weekly_watchlist,watchlist,15.75,35.8,24.77,5.0,15.75,35.8,29.77,-16.52,1.4,90421439.39,"Stage 4, Stage 4 - Weak/Declining, weekly_vcp_ok, weekly_volume_dryup, weekly_strong, downtrend",383,399,Stage 4,watchlist,weekly_watchlist,29.41,16,0.35999999999999943,False,False,False,False,False
SANDUMA.NS,Sandur Manganese & Iron Ores Limited,"Oil, Gas & Consumable Fuels",Unknown,False,Cash,1,Stage 4,Stage 4,Stage 4 - Confirmed Downtrend,Stage 4 - Confirmed Downtrend,Stage 4 • Stage 4 - Confirmed Downtrend,0.86,Price is below a bearish moving-average stack with falling trend signals.,,,2026-06-05,,watchlist,weekly_watchlist,watchlist,15.63,35.8,24.71,5.0,15.63,35.8,29.71,-12.73,2.96,164297204.21,"Stage 4, Stage 4 - Confirmed Downtrend, weekly_vcp_ok, weekly_volume_dryup, weekly_strong, downtrend",384,396,Stage 4,watchlist,weekly_watchlist,29.55,12,0.16000000000000014,False,False,False,False,False
TATATECH.NS,Tata Technologies Ltd.,Information Technology,Unknown,False,Cash,1,Stage 2,Stage 2,Early Stage 2,Early Stage 2,Stage 2 • Early Stage 2,0.72,"Price has moved above long-term structure, but the full moving-average stack is not clean yet.",,,2026-08-17,,watchlist,weekly_watchlist,watchlist,25.0,30.99,27.7,2.0,25.0,30.99,29.7,25.82,48.03,1925073758.44,"Stage 2, Early Stage 2, weekly_volume_dryup",385,393,Stage 2,watchlist,weekly_watchlist,29.76,8,-0.060000000000002274,False,False,False,False,False
ZAGGLE.NS,Zaggle Prepaid Ocean Services Limited,Information Technology,Unknown,False,Cash,1,Stage 4,Stage 4,Stage 4 - Confirmed Downtrend,Stage 4 - Confirmed Downtrend,Stage 4 • Stage 4 - Confirmed Downtrend,0.86,Price is below a bearish moving-average stack with falling trend signals.,,,,,watchlist,weekly_watchlist,watchlist,21.0,35.8,27.66,2.0,21.0,35.8,29.66,-26.63,-39.48,365965034.61,"Stage 4, Stage 4 - Confirmed Downtrend, weekly_vcp_ok, weekly_strong, downtrend",386,394,Stage 4,watchlist,weekly_watchlist,29.66,8,0.0,False,False,False,False,False
SWANCORP.NS,Swan Corp Ltd.,Chemicals,Unknown,False,Cash,1,Stage 4,Stage 4,Stage 4 - Confirmed Downtrend,Stage 4 - Confirmed Downtrend,Stage 4 • Stage 4 - Confirmed Downtrend,0.86,Price is below a bearish moving-average stack with falling trend signals.,,,2026-01-07,,watchlist,weekly_watchlist,watchlist,15.55,35.8,24.66,5.0,15.55,35.8,29.66,-6.22,-18.96,254715304.86,"Stage 4, Stage 4 - Confirmed Downtrend, weekly_vcp_ok, weekly_strong, downtrend",387,383,Stage 4,watchlist,weekly_watchlist,30.19,-4,-0.5300000000000011,False,False,False,False,False
CENTRALBK.NS,Central Bank of India,Financial Services,Unknown,False,Cash,1,Stage 4,Stage 4,Stage 4 - Weak/Declining,Stage 4 - Weak/Declining,Stage 4 • Stage 4 - Weak/Declining,0.72,Price is below long-term support with weak trend evidence.,,,,,watchlist,weekly_watchlist,watchlist,20.0,36.9,27.61,2.0,20.0,36.9,29.61,-2.76,-10.91,173269973.99,"Stage 4, Stage 4 - Weak/Declining, weekly_vcp_ok, volume_dryup, weekly_volume_dryup, weekly_strong, downtrend",388,395,Stage 4,watchlist,weekly_watchlist,29.61,7,0.0,False,False,False,False,False
KEC.NS,KEC International Limited,Capital Goods,Unknown,False,Cash,1,Stage 4,Stage 4,Stage 4 - Confirmed Downtrend,Stage 4 - Confirmed Downtrend,Stage 4 • Stage 4 - Confirmed Downtrend,0.86,Price is below a bearish moving-average stack with falling trend signals.,,,,,watchlist,weekly_watchlist,watchlist,15.45,35.8,24.61,5.0,15.45,35.8,29.61,-12.57,-22.57,466328922.35,"Stage 4, Stage 4 - Confirmed Downtrend, weekly_vcp_ok, weekly_volume_dryup, weekly_strong, downtrend",389,414,Stage 4,watchlist,weekly_watchlist,28.72,25,0.8900000000000006,False,False,False,False,False
IDFCFIRSTB.NS,IDFC First Bank Limited,Financial Services,Unknown,True,F&O,1,Stage 2,Stage 2,Early Stage 2,Early Stage 2,Stage 2 • Early Stage 2,0.72,"Price has moved above long-term structure, but the full moving-average stack is not clean yet.",,,2026-08-17,,watchlist,weekly_watchlist,watchlist,25.44,30.14,27.56,2.0,25.44,30.14,29.56,21.45,7.98,1932192323.43,"Stage 2, Early Stage 2, volume_dryup, weekly_volume_dryup",390,392,Stage 2,watchlist,weekly_watchlist,29.76,2,-0.20000000000000284,False,False,False,False,False
RACE.NS,Race Eco Chain Limited,Utilities,Unknown,False,Cash,1,Stage 4,Stage 4,Stage 4 - Confirmed Downtrend,Stage 4 - Confirmed Downtrend,Stage 4 • Stage 4 - Confirmed Downtrend,0.86,Price is below a bearish moving-average stack with falling trend signals.,,,,,watchlist,weekly_watchlist,watchlist,6.2,35.8,19.52,10.0,6.2,35.8,29.52,-15.5,-8.46,638767.67,"Stage 4, Stage 4 - Confirmed Downtrend, weekly_vcp_ok, weekly_strong, downtrend",391,484,Stage 4,watchlist,weekly_watchlist,25.03,93,4.489999999999998,False,False,False,False,False
VSTTILLERS.NS,V.S.T Tillers Tractors Limited,Capital Goods,Unknown,False,Cash,1,Stage 4,Stage 4,Stage 4 - Confirmed Downtrend,Stage 4 - Confirmed Downtrend,Stage 4 • Stage 4 - Confirmed Downtrend,0.86,Price is below a bearish moving-average stack with falling trend signals.,,,2026-02-26,,watchlist,weekly_watchlist,watchlist,15.1,35.8,24.41,5.0,15.1,35.8,29.41,-7.12,-21.88,54673239.45,"Stage 4, Stage 4 - Confirmed Downtrend, weekly_vcp_ok, weekly_strong, downtrend",392,400,Stage 4,watchlist,weekly_watchlist,29.41,8,0.0,False,False,False,False,False
GALLANTT.NS,Gallantt Ispat Limited,Capital Goods,Unknown,False,Cash,1,Stage 4,Stage 4,Stage 4 - Weak/Declining,Stage 4 - Weak/Declining,Stage 4 • Stage 4 - Weak/Declining,0.72,Price is below long-term support with weak trend evidence.,,,2026-06-26,,watchlist,weekly_watchlist,watchlist,16.7,33.8,24.39,5.0,16.7,33.8,29.39,-16.57,5.89,106447494.63,"Stage 4, Stage 4 - Weak/Declining, weekly_vcp_ok, volume_dryup, weekly_volume_dryup, weekly_strong, downtrend",393,397,Stage 4,watchlist,weekly_watchlist,29.53,4,-0.14000000000000057,False,False,False,False,False
HINDCOPPER.NS,Hindustan Copper Ltd.,Metals & Mining,Unknown,False,Cash,1,Stage 1,Stage 1,Stage 1 - Base/Repair,Stage 1 - Base/Repair,Stage 1 • Stage 1 - Base/Repair,0.7,Price is near long-term moving averages with no strong long-term downtrend signal.,,,2026-06-03,,watchlist,weekly_watchlist,watchlist,18.3,42.89,29.37,0.0,18.3,42.89,29.37,1.81,9.06,5607723604.69,"Stage 1, Stage 1 - Base/Repair, weekly_vcp_ok, weekly_strong, stage1_not_actionable, stage1_needs_more_base",394,347,Stage 1,watchlist,weekly_watchlist,32.98,-47,-3.609999999999996,False,False,False,False,False
GULFOILLUB.NS,Gulf Oil Lubricants India Limited,"Oil, Gas & Consumable Fuels",Unknown,False,Cash,1,Stage 1,Stage 1,Stage 1 - Early Turn,Stage 1 - Early Turn,Stage 1 • Stage 1 - Early Turn,0.66,The stock is improving from a repair/base area but has not confirmed a clean Stage 2 yet.,,,2025-11-17,,watchlist,weekly_watchlist,watchlist,5.85,46.92,24.33,5.0,5.85,46.92,29.33,28.9,11.33,133316613.35,"Stage 1, Stage 1 - Early Turn, weekly_vcp_ok, volume_dryup, weekly_volume_dryup, weekly_strong, stage1_not_actionable, stage1_needs_more_base",395,420,Stage 1,watchlist,weekly_watchlist,28.21,25,1.1199999999999974,False,False,False,False,False
WHIRLPOOL.NS,Whirlpool of India Limited,Consumer Durables,Unknown,False,Cash,1,Stage 4,Stage 4,Stage 4 - Confirmed Downtrend,Stage 4 - Confirmed Downtrend,Stage 4 • Stage 4 - Confirmed Downtrend,0.86,Price is below a bearish moving-average stack with falling trend signals.,,,2025-11-07,,watchlist,weekly_watchlist,watchlist,13.7,43.8,27.25,2.0,13.7,43.8,29.25,-12.13,-8.41,317016750.68,"Stage 4, Stage 4 - Confirmed Downtrend, weekly_vcp_ok, weekly_volume_dryup, weekly_strong, downtrend",396,439,Stage 4,watchlist,weekly_watchlist,27.31,43,1.9400000000000013,False,False,False,False,False
COCHINSHIP.NS,Cochin Shipyard Limited,Capital Goods,Unknown,True,F&O,1,Stage 4,Stage 4,Stage 4 - Weak/Declining,Stage 4 - Weak/Declining,Stage 4 • Stage 4 - Weak/Declining,0.72,Price is below long-term support with weak trend evidence.,,,2025-10-17,,watchlist,weekly_watchlist,watchlist,13.42,37.24,24.14,5.0,13.42,37.24,29.14,-3.47,6.82,1555787598.44,"Stage 4, Stage 4 - Weak/Declining, weekly_vcp_ok, weekly_strong, downtrend",397,386,Stage 4,watchlist,weekly_watchlist,30.06,-11,-0.9199999999999982,False,False,False,False,False
JISLJALEQS.NS,Jain Irrigation Systems Limited,Capital Goods,Unknown,False,Cash,1,Stage 4,Stage 4,Stage 4 - Weak/Declining,Stage 4 - Weak/Declining,Stage 4 • Stage 4 - Weak/Declining,0.72,Price is below long-term support with weak trend evidence.,,,,,watchlist,weekly_watchlist,watchlist,13.68,36.9,24.13,5.0,13.68,36.9,29.13,-9.36,-19.16,65436206.29,"Stage 4, Stage 4 - Weak/Declining, weekly_vcp_ok, weekly_volume_dryup, weekly_strong, downtrend",398,391,Stage 4,watchlist,weekly_watchlist,29.83,-7,-0.6999999999999993,False,False,False,False,False
AAVAS.NS,Aavas Financiers Ltd.,Financial Services,Unknown,False,Cash,1,Stage 4,Stage 4,Stage 4 - Weak/Declining,Stage 4 - Weak/Declining,Stage 4 • Stage 4 - Weak/Declining,0.72,Price is below long-term support with weak trend evidence.,,,,,watchlist,weekly_watchlist,watchlist,19.2,36.8,27.12,2.0,19.2,36.8,29.12,-2.58,12.57,125878689.33,"Stage 4, Stage 4 - Weak/Declining, weekly_vcp_ok, volume_dryup, weekly_volume_dryup, weekly_strong, downtrend",399,376,Stage 4,watchlist,weekly_watchlist,30.54,-23,-1.4199999999999982,False,False,False,False,False
COLPAL.NS,Colgate Palmolive (India) Limited,Fast Moving Consumer Goods,Unknown,True,F&O,1,Stage 4,Stage 4,Stage 4 - Weak/Declining,Stage 4 - Weak/Declining,Stage 4 • Stage 4 - Weak/Declining,0.72,Price is below long-term support with weak trend evidence.,,,,,watchlist,weekly_watchlist,watchlist,23.49,35.8,29.03,0.0,23.49,35.8,29.03,-12.7,-4.5,812849212.86,"Stage 4, Stage 4 - Weak/Declining, weekly_vcp_ok, volume_dryup, weekly_volume_dryup, weekly_strong, downtrend",400,448,Stage 4,watchlist,weekly_watchlist,26.65,48,2.3800000000000026,False,False,False,False,False
SPANDANA.NS,Spandana Sphoorty Financial Limited,Financial Services,Unknown,False,Cash,1,Stage 2 Failed,Stage 1,Failed Stage 2,Failed Stage 2,Stage 2 Failed • Failed Stage 2,0.72,"This stock was recently Stage 2, but the latest structure no longer satisfies Stage 2 rules. It is kept as Stage 2 Failed until a fresh base/repair structure forms.",Recent Stage 2 break; public stage held as Stage 2 Failed.,2026-08-18,2026-07-29,,watchlist,weekly_watchlist,watchlist,14.9,41.8,27.0,2.0,14.9,41.8,29.0,-8.11,-2.31,86391314.21,"Stage 1, Stage 1 - Base/Repair, weekly_vcp_ok, volume_dryup, weekly_volume_dryup, weekly_strong, stage1_not_actionable, stage1_needs_more_base | Stage 2 failed state applied from stage memory.",401,407,Stage 2 Failed,watchlist,weekly_watchlist,29.0,6,0.0,False,False,False,False,False
FINPIPE.NS,Finolex Industries Limited,Capital Goods,Unknown,False,Cash,1,Stage 4,Stage 4,Stage 4 - Confirmed Downtrend,Stage 4 - Confirmed Downtrend,Stage 4 • Stage 4 - Confirmed Downtrend,0.86,Price is below a bearish moving-average stack with falling trend signals.,,,,,watchlist,weekly_watchlist,watchlist,14.31,35.8,23.98,5.0,14.31,35.8,28.98,-10.5,-10.2,80251327.53,"Stage 4, Stage 4 - Confirmed Downtrend, weekly_vcp_ok, volume_dryup, weekly_volume_dryup, weekly_strong, downtrend",402,409,Stage 4,watchlist,weekly_watchlist,28.99,7,-0.00999999999999801,False,False,False,False,False
SURYAROSNI.NS,Surya Roshni Limited,Capital Goods,Unknown,False,Cash,1,Stage 4,Stage 4,Stage 4 - Weak/Declining,Stage 4 - Weak/Declining,Stage 4 • Stage 4 - Weak/Declining,0.72,Price is below long-term support with weak trend evidence.,,,2026-07-10,,watchlist,weekly_watchlist,watchlist,14.2,35.8,23.92,5.0,14.2,35.8,28.92,-9.29,3.75,189782680.93,"Stage 4, Stage 4 - Weak/Declining, weekly_vcp_ok, weekly_strong, downtrend",403,410,Stage 4,watchlist,weekly_watchlist,28.92,7,0.0,False,False,False,False,False
NH.NS,Narayana Hrudayalaya Ltd.,Healthcare,Unknown,False,Cash,1,Stage 2 Failed,Stage 1,Failed Stage 2,Failed Stage 2,Stage 2 Failed • Failed Stage 2,0.72,"This stock was recently Stage 2, but the latest structure no longer satisfies Stage 2 rules. It is kept as Stage 2 Failed until a fresh base/repair structure forms.",Recent Stage 2 break; public stage held as Stage 2 Failed.,2026-08-18,2026-08-07,,watchlist,weekly_watchlist,watchlist,0.0,41.8,18.81,10.0,0.0,41.8,28.81,-6.98,5.29,717517237.84,"Stage 1, Stage 1 - Base/Repair, weekly_vcp_ok, weekly_volume_dryup, weekly_strong, stage1_not_actionable, stage1_needs_more_base | Stage 2 failed state applied from stage memory.",404,412,Stage 2 Failed,watchlist,weekly_watchlist,28.84,8,-0.030000000000001137,False,False,False,False,False
CYIENTDLM.NS,Cyient DLM Limited,Capital Goods,Unknown,False,Cash,1,Stage 2,Stage 2,Extended Stage 2,Extended Stage 2,Stage 2 • Extended Stage 2,0.78,"Advancing structure remains intact, but price is stretched versus key moving averages or far above the 52-week low.",,,2026-08-17,,watchlist,weekly_watchlist,watchlist,24.95,22.4,23.8,5.0,24.95,22.4,28.8,76.33,108.58,419804331.51,"Stage 2, Extended Stage 2",405,216,Stage 2,watchlist,weekly_watchlist,43.8,-189,-14.999999999999996,False,False,False,False,False
HCLTECH.NS,HCL Technologies Limited,Information Technology,Unknown,True,F&O,1,Not Sure,Stage 4,Pending Stage 4,Pending Stage 4,Not Sure • Pending Stage 4,0.55,Blocked public stage jump Stage 1 -> Stage 4; waiting for intermediate/confirmed structure.,Blocked public stage jump Stage 1 -> Stage 4; waiting for intermediate/confirmed structure.,,2026-02-05,Stage 4,watchlist,weekly_watchlist,watchlist,17.84,37.67,26.76,2.0,17.84,37.67,28.76,10.28,-2.59,3568063905.25,"Stage 4, Stage 4 - Weak/Declining, weekly_vcp_ok, volume_dryup, weekly_volume_dryup, weekly_strong, downtrend | Blocked public stage jump Stage 1 -> Stage 4; waiting for intermediate/confirmed structure.",406,295,Stage 1,watchlist,weekly_watchlist,37.09,-111,-8.330000000000002,False,False,False,False,False
PAGEIND.NS,Page Industries Limited,Textiles,Unknown,True,F&O,1,Stage 2 Failed,Stage 4,Failed Stage 2,Failed Stage 2,Stage 2 Failed • Failed Stage 2,0.72,"This stock was recently Stage 2, but the latest structure no longer satisfies Stage 2 rules. It is kept as Stage 2 Failed until a fresh base/repair structure forms.",Recent Stage 2 break; public stage held as Stage 2 Failed.,2026-08-18,2026-08-06,,watchlist,weekly_watchlist,watchlist,13.27,36.56,23.75,5.0,13.27,36.56,28.75,-6.45,14.02,1283602391.75,"Stage 4, Stage 4 - Weak/Declining, weekly_vcp_ok, weekly_strong, downtrend | Stage 2 failed state applied from stage memory.",407,182,Stage 2 Failed,watchlist,weekly_watchlist,46.0,-225,-17.25,False,False,False,False,False
BLUEDART.NS,Blue Dart Express Limited,Services,Unknown,False,Cash,1,Stage 4,Stage 4,Stage 4 - Weak/Declining,Stage 4 - Weak/Declining,Stage 4 • Stage 4 - Weak/Declining,0.72,Price is below long-term support with weak trend evidence.,,,,,watchlist,weekly_watchlist,watchlist,18.43,36.9,26.74,2.0,18.43,36.9,28.74,1.59,-6.83,260771136.04,"Stage 4, Stage 4 - Weak/Declining, weekly_vcp_ok, volume_dryup, weekly_volume_dryup, weekly_strong, downtrend",408,476,Stage 4,watchlist,weekly_watchlist,25.32,68,3.419999999999998,False,False,False,False,False
IONEXCHANG.NS,ION Exchange (India) Limited,Construction,Unknown,False,Cash,1,Stage 2 Failed,Stage 1,Failed Stage 2,Failed Stage 2,Stage 2 Failed • Failed Stage 2,0.72,"This stock was recently Stage 2, but the latest structure no longer satisfies Stage 2 rules. It is kept as Stage 2 Failed until a fresh base/repair structure forms.",Recent Stage 2 break; public stage held as Stage 2 Failed.,2026-08-18,2026-08-05,,watchlist,weekly_watchlist,watchlist,20.95,38.13,28.68,0.0,20.95,38.13,28.68,-6.95,1.4,176532937.88,"Stage 1, Stage 1 - Base/Repair, weekly_vcp_ok, volume_dryup, weekly_volume_dryup, weekly_strong, stage1_not_actionable, stage1_needs_more_base | Stage 2 failed state applied from stage memory.",409,609,Stage 2 Failed,watchlist,weekly_watchlist,17.16,200,11.52,False,False,False,False,False
PFC.NS,Power Finance Corporation Limited,Financial Services,Unknown,True,F&O,1,Stage 1,Stage 1,Stage 1 - Base/Repair,Stage 1 - Base/Repair,Stage 1 • Stage 1 - Base/Repair,0.7,Price is near long-term moving averages with no strong long-term downtrend signal.,,,2026-07-01,,watchlist,weekly_watchlist,watchlist,15.92,39.8,26.67,2.0,15.92,39.8,28.67,-13.94,2.03,3103893898.2,"Stage 1, Stage 1 - Base/Repair, weekly_vcp_ok, weekly_strong, stage1_not_actionable, stage1_needs_more_base",410,416,Stage 1,watchlist,weekly_watchlist,28.61,6,0.060000000000002274,False,False,False,False,False
ZYDUSWELL.NS,Zydus Wellness Limited,Fast Moving Consumer Goods,Unknown,False,Cash,1,Stage 2,Stage 2,Early Stage 2,Early Stage 2,Stage 2 • Early Stage 2,0.72,"Price has moved above long-term structure, but the full moving-average stack is not clean yet.",,,2026-08-17,,watchlist,weekly_watchlist,watchlist,38.28,16.73,28.58,0.0,38.28,16.73,28.58,-4.87,28.17,213312026.52,"Stage 2, Early Stage 2, volume_dryup, weekly_volume_dryup",411,402,Stage 2,watchlist,weekly_watchlist,29.13,-9,-0.5500000000000007,False,False,False,False,False
MANKIND.NS,Mankind Pharma Limited,Healthcare,Unknown,True,F&O,1,Stage 2,Stage 2,Early Stage 2,Early Stage 2,Stage 2 • Early Stage 2,0.72,"Price has moved above long-term structure, but the full moving-average stack is not clean yet.",,,2026-08-17,,watchlist,weekly_watchlist,watchlist,20.62,15.82,18.46,10.0,20.62,15.82,28.46,-7.3,21.49,1114807326.76,"Stage 2, Early Stage 2, volume_dryup",412,375,Stage 2,watchlist,weekly_watchlist,30.55,-37,-2.09,False,False,False,False,False
INDHOTEL.NS,The Indian Hotels Company Limited,Consumer Services,Unknown,True,F&O,1,Stage 2,Stage 2,Early Stage 2,Early Stage 2,Stage 2 • Early Stage 2,0.72,"Price has moved above long-term structure, but the full moving-average stack is not clean yet.",,,2026-08-17,,watchlist,weekly_watchlist,watchlist,23.11,30.24,26.32,2.0,23.11,30.24,28.32,7.89,10.5,1372552713.16,"Stage 2, Early Stage 2, volume_dryup, weekly_volume_dryup",413,417,Stage 2,watchlist,weekly_watchlist,28.33,4,-0.00999999999999801,False,False,False,False,False
DMART.NS,Avenue Supermarts Limited,Consumer Services,Unknown,True,F&O,1,Stage 4,Stage 4,Stage 4 - Weak/Declining,Stage 4 - Weak/Declining,Stage 4 • Stage 4 - Weak/Declining,0.72,Price is below long-term support with weak trend evidence.,,,2025-10-23,,watchlist,weekly_watchlist,watchlist,18.34,35.99,26.28,2.0,18.34,35.99,28.28,-5.9,7.83,2125952870.77,"Stage 4, Stage 4 - Weak/Declining, weekly_vcp_ok, volume_dryup, weekly_volume_dryup, weekly_strong, downtrend",414,424,Stage 4,watchlist,weekly_watchlist,28.13,10,0.15000000000000213,False,False,False,False,False
VIPIND.NS,VIP Industries Limited,Consumer Durables,Unknown,False,Cash,1,Stage 4,Stage 4,Stage 4 - Weak/Declining,Stage 4 - Weak/Declining,Stage 4 • Stage 4 - Weak/Declining,0.72,Price is below long-term support with weak trend evidence.,,,,,watchlist,weekly_watchlist,watchlist,16.66,38.0,26.26,2.0,16.66,38.0,28.26,3.18,-12.68,65671867.18,"Stage 4, Stage 4 - Weak/Declining, weekly_vcp_ok, weekly_strong, downtrend",415,474,Stage 4,watchlist,weekly_watchlist,25.41,59,2.8500000000000014,False,False,False,False,False
KIRLOSENG.NS,Kirloskar Oil Engines Limited,Capital Goods,Unknown,False,Cash,1,Stage 2,Stage 2,Extended Stage 2,Extended Stage 2,Stage 2 • Extended Stage 2,0.78,"Advancing structure remains intact, but price is stretched versus key moving averages or far above the 52-week low.",,,2026-08-17,,watchlist,weekly_watchlist,watchlist,22.93,23.6,23.23,5.0,22.93,23.6,28.23,25.52,55.44,999614095.11,"Stage 2, Extended Stage 2, volume_dryup, weekly_volume_dryup",416,427,Stage 2,watchlist,weekly_watchlist,27.99,11,0.240000000000002,False,False,False,False,False
BEL.NS,Bharat Electronics Limited,Capital Goods,Unknown,True,F&O,1,Stage 4,Stage 4,Stage 4 - Weak/Declining,Stage 4 - Weak/Declining,Stage 4 • Stage 4 - Weak/Declining,0.72,Price is below long-term support with weak trend evidence.,,,2026-04-29,,watchlist,weekly_watchlist,watchlist,12.04,36.9,23.23,5.0,12.04,36.9,28.23,-3.83,0.58,5162561976.75,"Stage 4, Stage 4 - Weak/Declining, weekly_vcp_ok, weekly_volume_dryup, weekly_strong, downtrend",417,422,Stage 4,watchlist,weekly_watchlist,28.19,5,0.03999999999999915,False,False,False,False,False
CYIENT.NS,Cyient Limited,Information Technology,Unknown,False,Cash,1,Stage 4,Stage 4,Stage 4 - Confirmed Downtrend,Stage 4 - Confirmed Downtrend,Stage 4 • Stage 4 - Confirmed Downtrend,0.86,Price is below a bearish moving-average stack with falling trend signals.,,,,,watchlist,weekly_watchlist,watchlist,18.29,35.8,26.17,2.0,18.29,35.8,28.17,-6.81,-7.33,500766611.4,"Stage 4, Stage 4 - Confirmed Downtrend, weekly_vcp_ok, volume_dryup, weekly_strong, downtrend",418,460,Stage 4,watchlist,weekly_watchlist,26.07,42,2.1000000000000014,False,False,False,False,False
KSCL.NS,Kaveri Seed Company Limited,Fast Moving Consumer Goods,Unknown,False,Cash,1,Stage 4,Stage 4,Stage 4 - Confirmed Downtrend,Stage 4 - Confirmed Downtrend,Stage 4 • Stage 4 - Confirmed Downtrend,0.86,Price is below a bearish moving-average stack with falling trend signals.,,,,,watchlist,weekly_watchlist,watchlist,20.97,36.9,28.14,0.0,20.97,36.9,28.14,-20.55,-8.42,105341217.61,"Stage 4, Stage 4 - Confirmed Downtrend, weekly_vcp_ok, volume_dryup, weekly_strong, downtrend",419,463,Stage 4,watchlist,weekly_watchlist,26.0,44,2.1400000000000006,False,False,False,False,False
INFY.NS,Infosys Limited,Information Technology,Unknown,True,F&O,1,Stage 4,Stage 4,Stage 4 - Weak/Declining,Stage 4 - Weak/Declining,Stage 4 • Stage 4 - Weak/Declining,0.72,Price is below long-term support with weak trend evidence.,,,2026-02-03,,watchlist,weekly_watchlist,watchlist,17.27,36.9,26.1,2.0,17.27,36.9,28.1,-6.54,-10.81,14975808599.43,"Stage 4, Stage 4 - Weak/Declining, weekly_vcp_ok, volume_dryup, weekly_volume_dryup, weekly_strong, downtrend",420,419,Stage 4,watchlist,weekly_watchlist,28.21,-1,-0.10999999999999943,False,False,False,False,False
LEMONTREE.NS,Lemon Tree Hotels Limited,Consumer Services,Unknown,False,Cash,1,Stage 4,Stage 4,Stage 4 - Confirmed Downtrend,Stage 4 - Confirmed Downtrend,Stage 4 • Stage 4 - Confirmed Downtrend,0.86,Price is below a bearish moving-average stack with falling trend signals.,,,2025-11-17,,watchlist,weekly_watchlist,watchlist,17.94,35.8,25.98,2.0,17.94,35.8,27.98,-3.87,-8.57,331131384.17,"Stage 4, Stage 4 - Confirmed Downtrend, weekly_vcp_ok, volume_dryup, weekly_volume_dryup, weekly_strong, downtrend",421,426,Stage 4,watchlist,weekly_watchlist,27.99,5,-0.00999999999999801,False,False,False,False,False
HAVELLS.NS,Havells India Limited,Consumer Durables,Unknown,True,F&O,1,Stage 1,Stage 1,Stage 1 - Early Turn,Stage 1 - Early Turn,Stage 1 • Stage 1 - Early Turn,0.66,The stock is improving from a repair/base area but has not confirmed a clean Stage 2 yet.,,,,,watchlist,weekly_watchlist,watchlist,6.03,50.35,25.97,2.0,6.03,50.35,27.97,6.23,-0.75,1430910670.79,"Stage 1, Stage 1 - Early Turn, weekly_vcp_ok, volume_dryup, weekly_volume_dryup, weekly_strong, stage1_not_actionable, stage1_needs_more_base",422,467,Stage 1,watchlist,weekly_watchlist,25.74,45,2.2300000000000004,False,False,False,False,False
GSFC.NS,Gujarat State Fertilizers & Chemicals Limited,Chemicals,Unknown,False,Cash,1,Stage 4,Stage 4,Stage 4 - Confirmed Downtrend,Stage 4 - Confirmed Downtrend,Stage 4 • Stage 4 - Confirmed Downtrend,0.86,Price is below a bearish moving-average stack with falling trend signals.,,,,,watchlist,weekly_watchlist,watchlist,12.47,35.8,22.97,5.0,12.47,35.8,27.97,-7.31,-5.41,91216638.47,"Stage 4, Stage 4 - Confirmed Downtrend, weekly_vcp_ok, weekly_strong, downtrend",423,378,Stage 4,watchlist,weekly_watchlist,30.43,-45,-2.460000000000001,False,False,False,False,False
TATAINVEST.NS,Tata Investment Corporation Ltd.,Financial Services,Unknown,False,Cash,1,Stage 4,Stage 4,Stage 4 - Weak/Declining,Stage 4 - Weak/Declining,Stage 4 • Stage 4 - Weak/Declining,0.72,Price is below long-term support with weak trend evidence.,,,2025-10-29,,watchlist,weekly_watchlist,watchlist,16.55,37.45,25.96,2.0,16.55,37.45,27.96,-3.71,9.22,291561013.25,"Stage 4, Stage 4 - Weak/Declining, weekly_vcp_ok, weekly_volume_dryup, weekly_strong, downtrend",424,425,Stage 4,watchlist,weekly_watchlist,28.05,1,-0.08999999999999986,False,False,False,False,False
SAFARI.NS,Safari Industries (India) Limited,Consumer Durables,Unknown,False,Cash,1,Stage 4,Stage 4,Stage 4 - Weak/Declining,Stage 4 - Weak/Declining,Stage 4 • Stage 4 - Weak/Declining,0.72,Price is below long-term support with weak trend evidence.,,,2025-12-24,,watchlist,weekly_watchlist,watchlist,17.89,35.8,25.95,2.0,17.89,35.8,27.95,-4.74,-8.93,67694826.12,"Stage 4, Stage 4 - Weak/Declining, weekly_vcp_ok, volume_dryup, weekly_volume_dryup, weekly_strong, downtrend",425,493,Stage 4,watchlist,weekly_watchlist,24.57,68,3.379999999999999,False,False,False,False,False
CEATLTD.NS,Ceat Ltd.,Automobile and Auto Components,Unknown,False,Cash,1,Stage 2 Failed,Stage 1,Failed Stage 2,Failed Stage 2,Stage 2 Failed • Failed Stage 2,0.72,"This stock was recently Stage 2, but the latest structure no longer satisfies Stage 2 rules. It is kept as Stage 2 Failed until a fresh base/repair structure forms.",Recent Stage 2 break; public stage held as Stage 2 Failed.,2026-08-18,2026-08-07,,watchlist,weekly_watchlist,watchlist,0.0,39.22,17.65,10.0,0.0,39.22,27.65,13.03,-2.16,384332800.96,"Stage 1, Stage 1 - Early Turn, weekly_vcp_ok, volume_dryup, weekly_volume_dryup, weekly_strong, stage1_not_actionable, stage1_needs_more_base | Stage 2 failed state applied from stage memory.",426,430,Stage 2 Failed,watchlist,weekly_watchlist,27.64,4,0.00999999999999801,False,False,False,False,False
SYNGENE.NS,Syngene International Limited,Healthcare,Unknown,False,Cash,1,Stage 4,Stage 4,Stage 4 - Confirmed Downtrend,Stage 4 - Confirmed Downtrend,Stage 4 • Stage 4 - Confirmed Downtrend,0.86,Price is below a bearish moving-average stack with falling trend signals.,,,,,watchlist,weekly_watchlist,watchlist,2.73,35.8,17.61,10.0,2.73,35.8,27.61,-15.78,-0.86,678301075.95,"Stage 4, Stage 4 - Confirmed Downtrend, weekly_vcp_ok, volume_dryup, weekly_volume_dryup, weekly_strong, downtrend",427,435,Stage 4,watchlist,weekly_watchlist,27.39,8,0.21999999999999886,False,False,False,False,False
JWL.NS,Jupiter Wagons Limited,Capital Goods,Unknown,False,Cash,1,Stage 4,Stage 4,Stage 4 - Confirmed Downtrend,Stage 4 - Confirmed Downtrend,Stage 4 • Stage 4 - Confirmed Downtrend,0.86,Price is below a bearish moving-average stack with falling trend signals.,,,,,watchlist,weekly_watchlist,watchlist,14.61,32.13,22.49,5.0,14.61,32.13,27.49,-11.44,-8.23,344124237.55,"Stage 4, Stage 4 - Confirmed Downtrend, weekly_vcp_ok, volume_dryup, weekly_volume_dryup, weekly_strong, downtrend",428,440,Stage 4,watchlist,weekly_watchlist,27.08,12,0.41000000000000014,False,False,False,False,False
HINDPETRO.NS,Hindustan Petroleum Corporation Limited,"Oil, Gas & Consumable Fuels",Unknown,True,F&O,1,Stage 4,Stage 4,Stage 4 - Weak/Declining,Stage 4 - Weak/Declining,Stage 4 • Stage 4 - Weak/Declining,0.72,Price is below long-term support with weak trend evidence.,,,2026-01-07,,watchlist,weekly_watchlist,watchlist,11.57,35.8,22.47,5.0,11.57,35.8,27.47,-2.98,-8.88,2624097239.07,"Stage 4, Stage 4 - Weak/Declining, weekly_vcp_ok, weekly_strong, downtrend",429,367,Stage 4,watchlist,weekly_watchlist,31.15,-62,-3.6799999999999997,False,False,False,False,False
ATUL.NS,Atul Limited,Chemicals,Unknown,False,Cash,1,Stage 1,Stage 1,Stage 1 - Base/Repair,Stage 1 - Base/Repair,Stage 1 • Stage 1 - Base/Repair,0.7,Price is near long-term moving averages with no strong long-term downtrend signal.,,,2026-07-03,,watchlist,weekly_watchlist,watchlist,0.0,49.8,22.41,5.0,0.0,49.8,27.41,-7.56,5.82,577298580.73,"Stage 1, Stage 1 - Base/Repair, weekly_vcp_ok, weekly_volume_dryup, weekly_strong, stage1_not_actionable, stage1_needs_more_base",430,432,Stage 1,watchlist,weekly_watchlist,27.52,2,-0.10999999999999943,False,False,False,False,False
IKS.NS,Inventurus Knowledge Solutions Ltd.,Information Technology,Unknown,False,Cash,1,Stage 2,Stage 2,Early Stage 2,Early Stage 2,Stage 2 • Early Stage 2,0.72,"Price has moved above long-term structure, but the full moving-average stack is not clean yet.",,,2026-08-17,,watchlist,weekly_watchlist,watchlist,21.31,30.38,25.39,2.0,21.31,30.38,27.39,12.34,19.47,275399974.06,"Stage 2, Early Stage 2, weekly_volume_dryup",431,441,Stage 2,watchlist,weekly_watchlist,27.03,10,0.35999999999999943,False,False,False,False,False
RAIN.NS,Rain Industries Limited,Chemicals,Unknown,False,Cash,1,Stage 2,Stage 2,Early Stage 2,Early Stage 2,Stage 2 • Early Stage 2,0.72,"Price has moved above long-term structure, but the full moving-average stack is not clean yet.",,,2026-08-17,,watchlist,weekly_watchlist,watchlist,18.88,26.6,22.35,5.0,18.88,26.6,27.35,31.6,42.35,1415731671.32,"Stage 2, Early Stage 2, weekly_volume_dryup",432,292,Stage 2,watchlist,weekly_watchlist,37.43,-140,-10.079999999999998,False,False,False,False,False
PDSL.NS,PDS Limited,Textiles,Unknown,False,Cash,1,Stage 2,Stage 2,Early Stage 2,Early Stage 2,Stage 2 • Early Stage 2,0.72,"Price has moved above long-term structure, but the full moving-average stack is not clean yet.",,,2026-08-17,,watchlist,weekly_watchlist,watchlist,25.62,18.25,22.3,5.0,25.62,18.25,27.3,22.16,16.37,53954680.82,"Stage 2, Early Stage 2, volume_dryup, weekly_volume_dryup",433,337,Stage 2,watchlist,weekly_watchlist,33.93,-96,-6.629999999999999,False,False,False,False,False
SBFC.NS,SBFC Finance Limited,Financial Services,Unknown,False,Cash,1,Stage 4,Stage 4,Stage 4 - Weak/Declining,Stage 4 - Weak/Declining,Stage 4 • Stage 4 - Weak/Declining,0.72,Price is below long-term support with weak trend evidence.,,,2025-11-17,,watchlist,weekly_watchlist,watchlist,16.33,36.13,25.24,2.0,16.33,36.13,27.24,0.78,2.53,124121967.54,"Stage 4, Stage 4 - Weak/Declining, weekly_vcp_ok, weekly_strong, downtrend",434,436,Stage 4,watchlist,weekly_watchlist,27.35,2,-0.11000000000000298,False,False,False,False,False
BLS.NS,BLS International Services Ltd.,Consumer Services,Unknown,False,Cash,1,Stage 4,Stage 4,Stage 4 - Weak/Declining,Stage 4 - Weak/Declining,Stage 4 • Stage 4 - Weak/Declining,0.72,Price is below long-term support with weak trend evidence.,,,,,watchlist,weekly_watchlist,watchlist,15.42,37.22,25.23,2.0,15.42,37.22,27.23,-2.21,5.41,464665553.26,"Stage 4, Stage 4 - Weak/Declining, weekly_vcp_ok, weekly_strong, downtrend",435,428,Stage 4,watchlist,weekly_watchlist,27.83,-7,-0.5999999999999979,False,False,False,False,False
VOLTAS.NS,Voltas Limited,Consumer Durables,Unknown,True,F&O,1,Stage 4,Stage 4,Stage 4 - Weak/Declining,Stage 4 - Weak/Declining,Stage 4 • Stage 4 - Weak/Declining,0.72,Price is below long-term support with weak trend evidence.,,,2026-03-12,,watchlist,weekly_watchlist,watchlist,15.64,36.9,25.21,2.0,15.64,36.9,27.21,-3.27,-11.9,1093544700.94,"Stage 4, Stage 4 - Weak/Declining, weekly_vcp_ok, weekly_strong, downtrend",436,423,Stage 4,watchlist,weekly_watchlist,28.16,-13,-0.9499999999999993,False,False,False,False,False
BLUESTARCO.NS,Blue Star Limited,Consumer Durables,Unknown,True,F&O,1,Stage 4,Stage 4,Stage 4 - Weak/Declining,Stage 4 - Weak/Declining,Stage 4 • Stage 4 - Weak/Declining,0.72,Price is below long-term support with weak trend evidence.,,,2026-03-12,,watchlist,weekly_watchlist,watchlist,16.42,35.8,25.14,2.0,16.42,35.8,27.14,-11.43,-19.08,925547555.9,"Stage 4, Stage 4 - Weak/Declining, weekly_vcp_ok, weekly_strong, downtrend",437,479,Stage 4,watchlist,weekly_watchlist,25.25,42,1.8900000000000006,False,False,False,False,False
SOBHA.NS,Sobha Limited,Realty,Unknown,False,Cash,1,Stage 4,Stage 4,Stage 4 - Weak/Declining,Stage 4 - Weak/Declining,Stage 4 • Stage 4 - Weak/Declining,0.72,Price is below long-term support with weak trend evidence.,,,2026-01-12,,watchlist,weekly_watchlist,watchlist,20.0,35.8,27.11,0.0,20.0,35.8,27.11,-7.46,-5.52,162161931.01,"Stage 4, Stage 4 - Weak/Declining, weekly_vcp_ok, volume_dryup, weekly_volume_dryup, weekly_strong, downtrend",438,403,Stage 4,watchlist,weekly_watchlist,29.11,-35,-2.0,False,False,False,False,False
SUNTECK.NS,Sunteck Realty Limited,Realty,Unknown,False,Cash,1,Stage 4,Stage 4,Stage 4 - Weak/Declining,Stage 4 - Weak/Declining,Stage 4 • Stage 4 - Weak/Declining,0.72,Price is below long-term support with weak trend evidence.,,,2025-11-14,,watchlist,weekly_watchlist,watchlist,19.1,36.9,27.11,0.0,19.1,36.9,27.11,0.79,-18.97,108503783.46,"Stage 4, Stage 4 - Weak/Declining, weekly_vcp_ok, volume_dryup, weekly_volume_dryup, weekly_strong, downtrend",439,404,Stage 4,watchlist,weekly_watchlist,29.11,-35,-2.0,False,False,False,False,False
GESHIP.NS,The Great Eastern Shipping Company Limited,Services,Unknown,False,Cash,1,Stage 2 Failed,Stage 3,Failed Stage 2,Failed Stage 2,Stage 2 Failed • Failed Stage 2,0.72,"This stock was recently Stage 2, but the latest structure no longer satisfies Stage 2 rules. It is kept as Stage 2 Failed until a fresh base/repair structure forms.",Recent Stage 2 break; public stage held as Stage 2 Failed.,2026-08-18,2026-08-04,,watchlist,weekly_watchlist,watchlist,16.55,35.4,25.03,2.0,16.55,35.4,27.03,-22.92,6.59,1429541027.4,"Stage 3, Stage 3 - Distribution/Damage, weekly_vcp_ok, weekly_strong, distribution_risk | Stage 2 failed state applied from stage memory.",440,518,Stage 2 Failed,watchlist,weekly_watchlist,22.49,78,4.540000000000003,False,False,False,False,False
CSBBANK.NS,CSB Bank Limited,Financial Services,Unknown,False,Cash,1,Stage 4,Stage 4,Stage 4 - Confirmed Downtrend,Stage 4 - Confirmed Downtrend,Stage 4 • Stage 4 - Confirmed Downtrend,0.86,Price is below a bearish moving-average stack with falling trend signals.,,,2026-01-30,,watchlist,weekly_watchlist,watchlist,15.11,36.9,24.92,2.0,15.11,36.9,26.92,-14.09,-13.42,183302553.55,"Stage 4, Stage 4 - Confirmed Downtrend, weekly_vcp_ok, volume_dryup, weekly_volume_dryup, weekly_strong, downtrend",441,442,Stage 4,watchlist,weekly_watchlist,26.96,1,-0.03999999999999915,False,False,False,False,False
HINDUNILVR.NS,Hindustan Unilever Limited,Fast Moving Consumer Goods,Unknown,True,F&O,1,Stage 4,Stage 4,Stage 4 - Confirmed Downtrend,Stage 4 - Confirmed Downtrend,Stage 4 • Stage 4 - Confirmed Downtrend,0.86,Price is below a bearish moving-average stack with falling trend signals.,,,2025-10-23,,watchlist,weekly_watchlist,watchlist,18.69,36.9,26.88,0.0,18.69,36.9,26.88,-8.92,-4.83,3858634602.64,"Stage 4, Stage 4 - Confirmed Downtrend, weekly_vcp_ok, volume_dryup, weekly_volume_dryup, weekly_strong, downtrend",442,447,Stage 4,watchlist,weekly_watchlist,26.69,5,0.18999999999999773,False,False,False,False,False
GODREJAGRO.NS,Godrej Agrovet Limited,Fast Moving Consumer Goods,Unknown,False,Cash,1,Not Sure,Not Sure,Not Sure,Not Sure,Not Sure,0.0,Stage rules did not identify a reliable structure.,No confident stage classification.,,,,watchlist,weekly_watchlist,watchlist,4.77,53.81,26.84,0.0,4.77,53.81,26.84,0.12,0.03,108004432.8,"Not Sure, Not Sure, weekly_vcp_ok, weekly_strong",443,242,Not Sure,watchlist,weekly_watchlist,42.61,-201,-15.77,False,False,False,False,False
BANCOINDIA.NS,Banco Products (I) Limited,Automobile and Auto Components,Unknown,False,Cash,1,Stage 4,Stage 4,Stage 4 - Weak/Declining,Stage 4 - Weak/Declining,Stage 4 • Stage 4 - Weak/Declining,0.72,Price is below long-term support with weak trend evidence.,,,2026-07-16,,watchlist,weekly_watchlist,watchlist,0.0,37.18,16.73,10.0,0.0,37.18,26.73,4.47,-1.66,108911038.72,"Stage 4, Stage 4 - Weak/Declining, weekly_vcp_ok, weekly_volume_dryup, weekly_strong, downtrend",444,450,Stage 4,watchlist,weekly_watchlist,26.61,6,0.120000000000001,False,False,False,False,False
JMFINANCIL.NS,JM Financial Limited,Financial Services,Unknown,False,Cash,1,Stage 4,Stage 4,Stage 4 - Weak/Declining,Stage 4 - Weak/Declining,Stage 4 • Stage 4 - Weak/Declining,0.72,Price is below long-term support with weak trend evidence.,,,,,watchlist,weekly_watchlist,watchlist,13.82,38.0,24.7,2.0,13.82,38.0,26.7,-3.76,-0.38,453164978.88,"Stage 4, Stage 4 - Weak/Declining, weekly_vcp_ok, weekly_volume_dryup, weekly_strong, downtrend",445,446,Stage 4,watchlist,weekly_watchlist,26.7,1,0.0,False,False,False,False,False
NAUKRI.NS,Info Edge (India) Limited,Consumer Services,Unknown,True,F&O,1,Stage 1,Stage 1,Stage 1 - Early Turn,Stage 1 - Early Turn,Stage 1 • Stage 1 - Early Turn,0.66,The stock is improving from a repair/base area but has not confirmed a clean Stage 2 yet.,,,,,watchlist,weekly_watchlist,watchlist,5.25,48.4,24.67,2.0,5.25,48.4,26.67,39.47,26.56,2871290466.27,"Stage 1, Stage 1 - Early Turn, weekly_vcp_ok, weekly_volume_dryup, weekly_strong, stage1_not_actionable, stage1_needs_more_base",446,445,Stage 1,watchlist,weekly_watchlist,26.79,-1,-0.11999999999999744,False,False,False,False,False
HUDCO.NS,Housing & Urban Development Corporation Limited,Financial Services,Unknown,False,Cash,1,Stage 4,Stage 4,Stage 4 - Weak/Declining,Stage 4 - Weak/Declining,Stage 4 • Stage 4 - Weak/Declining,0.72,Price is below long-term support with weak trend evidence.,,,2026-07-06,,watchlist,weekly_watchlist,watchlist,15.53,35.8,24.65,2.0,15.53,35.8,26.65,-9.1,5.21,441235980.89,"Stage 4, Stage 4 - Weak/Declining, weekly_vcp_ok, volume_dryup, weekly_volume_dryup, weekly_strong, downtrend",447,454,Stage 4,watchlist,weekly_watchlist,26.36,7,0.28999999999999915,False,False,False,False,False
DOMS.NS,DOMS Industries Ltd.,Fast Moving Consumer Goods,Unknown,False,Cash,1,Stage 4,Stage 4,Stage 4 - Weak/Declining,Stage 4 - Weak/Declining,Stage 4 • Stage 4 - Weak/Declining,0.72,Price is below long-term support with weak trend evidence.,,,,,watchlist,weekly_watchlist,watchlist,19.1,35.8,26.62,0.0,19.1,35.8,26.62,-3.93,-2.09,115405746.39,"Stage 4, Stage 4 - Weak/Declining, weekly_vcp_ok, volume_dryup, weekly_volume_dryup, weekly_strong, downtrend",448,449,Stage 4,watchlist,weekly_watchlist,26.62,1,0.0,False,False,False,False,False
GODFRYPHLP.NS,Godfrey Phillips India Limited,Fast Moving Consumer Goods,Unknown,True,F&O,1,Stage 4,Stage 4,Stage 4 - Weak/Declining,Stage 4 - Weak/Declining,Stage 4 • Stage 4 - Weak/Declining,0.72,Price is below long-term support with weak trend evidence.,,,2025-10-20,,watchlist,weekly_watchlist,watchlist,18.2,36.9,26.62,0.0,18.2,36.9,26.62,-9.44,8.45,1388719246.66,"Stage 4, Stage 4 - Weak/Declining, weekly_vcp_ok, volume_dryup, weekly_volume_dryup, weekly_strong, downtrend",449,489,Stage 4,watchlist,weekly_watchlist,24.86,40,1.7600000000000016,False,False,False,False,False
IREDA.NS,Indian Renewable Energy Development Agency Ltd.,Financial Services,Unknown,True,F&O,1,Stage 4,Stage 4,Stage 4 - Confirmed Downtrend,Stage 4 - Confirmed Downtrend,Stage 4 • Stage 4 - Confirmed Downtrend,0.86,Price is below a bearish moving-average stack with falling trend signals.,,,,,watchlist,weekly_watchlist,watchlist,15.38,35.8,24.57,2.0,15.38,35.8,26.57,-12.61,-2.79,599444324.83,"Stage 4, Stage 4 - Confirmed Downtrend, weekly_vcp_ok, weekly_volume_dryup, weekly_strong, downtrend",450,453,Stage 4,watchlist,weekly_watchlist,26.41,3,0.16000000000000014,False,False,False,False,False
POLYCAB.NS,Polycab India Limited,Capital Goods,Unknown,True,F&O,1,Stage 2,Stage 2,Messy Stage 2,Messy Stage 2,Stage 2 • Messy Stage 2,0.64,"Long-term structure is still constructive, but the short-term/weekly structure is not clean.",Stage 2 reclaimed after 3 confirmation runs.,,2026-08-17,,watchlist,weekly_watchlist,watchlist,24.56,17.84,21.54,5.0,24.56,17.84,26.54,-1.75,24.2,2522379571.75,"Stage 2, Messy Stage 2, volume_dryup, weekly_volume_dryup",451,359,Stage 2 Failed,watchlist,weekly_watchlist,31.48,-92,-4.940000000000001,False,False,True,False,False
INOXWIND.NS,Inox Wind Limited,Capital Goods,Unknown,True,F&O,1,Stage 4,Stage 4,Stage 4 - Confirmed Downtrend,Stage 4 - Confirmed Downtrend,Stage 4 • Stage 4 - Confirmed Downtrend,0.86,Price is below a bearish moving-average stack with falling trend signals.,,,,,watchlist,weekly_watchlist,watchlist,9.71,35.8,21.45,5.0,9.71,35.8,26.45,-23.07,-19.94,1031303415.15,"Stage 4, Stage 4 - Confirmed Downtrend, weekly_vcp_ok, weekly_strong, downtrend",452,421,Stage 4,watchlist,weekly_watchlist,28.2,-31,-1.75,False,False,False,False,False
EIHOTEL.NS,EIH Limited,Consumer Services,Unknown,False,Cash,1,Stage 4,Stage 4,Stage 4 - Weak/Declining,Stage 4 - Weak/Declining,Stage 4 • Stage 4 - Weak/Declining,0.72,Price is below long-term support with weak trend evidence.,,,2025-11-07,,watchlist,weekly_watchlist,watchlist,15.1,35.8,24.41,2.0,15.1,35.8,26.41,-8.68,-3.78,61184854.23,"Stage 4, Stage 4 - Weak/Declining, weekly_vcp_ok, weekly_volume_dryup, weekly_strong, downtrend",453,452,Stage 4,watchlist,weekly_watchlist,26.41,-1,0.0,False,False,False,False,False
METROBRAND.NS,Metro Brands Limited,Consumer Durables,Unknown,False,Cash,1,Stage 4,Stage 4,Stage 4 - Confirmed Downtrend,Stage 4 - Confirmed Downtrend,Stage 4 • Stage 4 - Confirmed Downtrend,0.86,Price is below a bearish moving-average stack with falling trend signals.,,,,,watchlist,weekly_watchlist,watchlist,15.1,35.8,24.41,2.0,15.1,35.8,26.41,-12.92,-5.06,59276036.0,"Stage 4, Stage 4 - Confirmed Downtrend, weekly_vcp_ok, weekly_strong, downtrend",454,496,Stage 4,watchlist,weekly_watchlist,24.41,42,2.0,False,False,False,False,False
GPPL.NS,Gujarat Pipavav Port Limited,Services,Unknown,False,Cash,1,Stage 4,Stage 4,Stage 4 - Weak/Declining,Stage 4 - Weak/Declining,Stage 4 • Stage 4 - Weak/Declining,0.72,Price is below long-term support with weak trend evidence.,,,2026-02-10,,watchlist,weekly_watchlist,watchlist,15.04,35.8,24.38,2.0,15.04,35.8,26.38,3.43,-3.56,288862158.38,"Stage 4, Stage 4 - Weak/Declining, weekly_vcp_ok, weekly_strong, downtrend",455,433,Stage 4,watchlist,weekly_watchlist,27.49,-22,-1.1099999999999994,False,False,False,False,False
BSOFT.NS,BIRLASOFT LIMITED,Information Technology,Unknown,False,Cash,1,Stage 4,Stage 4,Stage 4 - Weak/Declining,Stage 4 - Weak/Declining,Stage 4 • Stage 4 - Weak/Declining,0.72,Price is below long-term support with weak trend evidence.,,,2026-01-30,,watchlist,weekly_watchlist,watchlist,14.95,35.8,24.33,2.0,14.95,35.8,26.33,-7.49,-13.65,583201760.76,"Stage 4, Stage 4 - Weak/Declining, weekly_vcp_ok, volume_dryup, weekly_volume_dryup, weekly_strong, downtrend",456,455,Stage 4,watchlist,weekly_watchlist,26.32,-1,0.00999999999999801,False,False,False,False,False
DEEPAKFERT.NS,Deepak Fertilizers and Petrochemicals Corporation Limited,Chemicals,Unknown,False,Cash,1,Stage 2,Stage 2,Early Stage 2,Early Stage 2,Stage 2 • Early Stage 2,0.72,"Price has moved above long-term structure, but the full moving-average stack is not clean yet.",,,2026-08-17,,watchlist,weekly_watchlist,watchlist,22.05,20.25,21.24,5.0,22.05,20.25,26.24,9.74,48.79,651149845.55,"Stage 2, Early Stage 2, weekly_volume_dryup",457,434,Stage 2,watchlist,weekly_watchlist,27.4,-23,-1.1600000000000001,False,False,False,False,False
BERGEPAINT.NS,Berger Paints (I) Limited,Consumer Durables,Unknown,False,Cash,1,Stage 2,Stage 2,Early Stage 2,Early Stage 2,Stage 2 • Early Stage 2,0.72,"Price has moved above long-term structure, but the full moving-average stack is not clean yet.",,,2026-08-17,,watchlist,weekly_watchlist,watchlist,22.05,26.65,24.12,2.0,22.05,26.65,26.12,6.84,23.66,272511185.33,"Stage 2, Early Stage 2",458,388,Stage 2,watchlist,weekly_watchlist,29.93,-70,-3.8099999999999987,False,False,False,False,False
NIACL.NS,The New India Assurance Company Limited,Financial Services,Unknown,False,Cash,1,Stage 2,Stage 2,Early Stage 2,Early Stage 2,Stage 2 • Early Stage 2,0.72,"Price has moved above long-term structure, but the full moving-average stack is not clean yet.",,,2026-08-17,,watchlist,weekly_watchlist,watchlist,25.74,22.12,24.11,2.0,25.74,22.12,26.11,11.83,29.33,487934386.07,"Stage 2, Early Stage 2, volume_dryup, weekly_volume_dryup",459,363,Stage 2,watchlist,weekly_watchlist,31.28,-96,-5.170000000000002,False,False,False,False,False
VENUSPIPES.NS,Venus Pipes & Tubes Limited,Capital Goods,Unknown,False,Cash,1,Stage 2,Stage 2,Early Stage 2,Early Stage 2,Stage 2 • Early Stage 2,0.72,"Price has moved above long-term structure, but the full moving-average stack is not clean yet.",,,2026-08-17,,watchlist,weekly_watchlist,watchlist,21.23,20.96,21.11,5.0,21.23,20.96,26.11,15.73,37.86,172575669.51,"Stage 2, Early Stage 2, weekly_volume_dryup",460,444,Stage 2,watchlist,weekly_watchlist,26.88,-16,-0.7699999999999996,False,False,False,False,False
JUBLPHARMA.NS,Jubilant Pharmova Limited,Healthcare,Unknown,False,Cash,1,Stage 4,Stage 4,Stage 4 - Weak/Declining,Stage 4 - Weak/Declining,Stage 4 • Stage 4 - Weak/Declining,0.72,Price is below long-term support with weak trend evidence.,,,2025-12-01,,watchlist,weekly_watchlist,watchlist,0.0,35.8,16.11,10.0,0.0,35.8,26.11,-16.13,-1.73,197848169.49,"Stage 4, Stage 4 - Weak/Declining, weekly_vcp_ok, weekly_strong, downtrend",461,458,Stage 4,watchlist,weekly_watchlist,26.11,-3,0.0,False,False,False,False,False
ROUTE.NS,ROUTE MOBILE LIMITED,Telecommunication,Unknown,False,Cash,1,Stage 4,Stage 4,Stage 4 - Weak/Declining,Stage 4 - Weak/Declining,Stage 4 • Stage 4 - Weak/Declining,0.72,Price is below long-term support with weak trend evidence.,,,,,watchlist,weekly_watchlist,watchlist,0.0,35.8,16.11,10.0,0.0,35.8,26.11,-3.78,-2.04,1151383108.97,"Stage 4, Stage 4 - Weak/Declining, weekly_vcp_ok, volume_dryup, weekly_volume_dryup, weekly_strong, downtrend",462,459,Stage 4,watchlist,weekly_watchlist,26.11,-3,0.0,False,False,False,False,False
CDSL.NS,Central Depository Services (India) Ltd.,Financial Services,Unknown,True,F&O,1,Stage 1,Stage 1,Stage 1 - Early Turn,Stage 1 - Early Turn,Stage 1 • Stage 1 - Early Turn,0.66,The stock is improving from a repair/base area but has not confirmed a clean Stage 2 yet.,,,2025-12-02,,watchlist,weekly_watchlist,watchlist,1.58,51.38,23.99,2.0,1.58,51.38,25.99,8.51,7.3,1385593472.95,"Stage 1, Stage 1 - Early Turn, weekly_vcp_ok, volume_dryup, weekly_volume_dryup, weekly_strong, stage1_not_actionable, stage1_needs_more_base",463,451,Stage 1,watchlist,weekly_watchlist,26.43,-12,-0.4400000000000013,False,False,False,False,False
MOTILALOFS.NS,Motilal Oswal Financial Services Limited,Financial Services,Unknown,True,F&O,1,Stage 2 Failed,Stage 1,Failed Stage 2,Failed Stage 2,Stage 2 Failed • Failed Stage 2,0.72,"This stock was recently Stage 2, but the latest structure no longer satisfies Stage 2 rules. It is kept as Stage 2 Failed until a fresh base/repair structure forms.",Recent Stage 2 break; public stage held as Stage 2 Failed.,2026-08-18,2026-08-05,,watchlist,weekly_watchlist,watchlist,0.0,53.31,23.99,2.0,0.0,53.31,25.99,9.28,25.8,1543111271.04,"Stage 1, Stage 1 - Early Turn, weekly_vcp_ok, weekly_strong, stage1_not_actionable, stage1_needs_more_base | Stage 2 failed state applied from stage memory.",464,299,Stage 2 Failed,watchlist,weekly_watchlist,36.54,-165,-10.55,False,False,False,False,False
IRCTC.NS,Indian Railway Catering And Tourism Corporation Ltd.,Consumer Services,Unknown,False,Cash,1,Stage 4,Stage 4,Stage 4 - Confirmed Downtrend,Stage 4 - Confirmed Downtrend,Stage 4 • Stage 4 - Confirmed Downtrend,0.86,Price is below a bearish moving-average stack with falling trend signals.,,,,,watchlist,weekly_watchlist,watchlist,14.2,35.8,23.92,2.0,14.2,35.8,25.92,-8.56,-13.72,467740635.23,"Stage 4, Stage 4 - Confirmed Downtrend, weekly_vcp_ok, weekly_strong, downtrend",465,465,Stage 4,watchlist,weekly_watchlist,25.92,0,0.0,False,False,False,False,False
AFFLE.NS,Affle (India) Limited,Information Technology,Unknown,False,Cash,1,Stage 1,Stage 1,Stage 1 - Early Turn,Stage 1 - Early Turn,Stage 1 • Stage 1 - Early Turn,0.66,The stock is improving from a repair/base area but has not confirmed a clean Stage 2 yet.,,,2025-10-27,,watchlist,weekly_watchlist,watchlist,11.09,39.19,23.73,2.0,11.09,39.19,25.73,16.69,14.22,811117444.67,"Stage 1, Stage 1 - Early Turn, weekly_vcp_ok, volume_dryup, weekly_volume_dryup, stage1_not_actionable, stage1_needs_more_base",466,472,Stage 1,watchlist,weekly_watchlist,25.46,6,0.2699999999999996,False,False,False,False,False
HDFCLIFE.NS,HDFC Life Insurance Company Limited,Financial Services,Unknown,True,F&O,1,Stage 4,Stage 4,Stage 4 - Confirmed Downtrend,Stage 4 - Confirmed Downtrend,Stage 4 • Stage 4 - Confirmed Downtrend,0.86,Price is below a bearish moving-average stack with falling trend signals.,,,,,watchlist,weekly_watchlist,watchlist,13.79,35.8,23.69,2.0,13.79,35.8,25.69,-12.69,-16.49,1829823722.42,"Stage 4, Stage 4 - Confirmed Downtrend, weekly_vcp_ok, volume_dryup, weekly_volume_dryup, weekly_strong, downtrend",467,535,Stage 4,watchlist,weekly_watchlist,21.49,68,4.200000000000003,False,False,False,False,False
ALLCARGO.NS,Allcargo Logistics Limited,Services,Unknown,False,Cash,1,Stage 1,Stage 1,Stage 1 - Early Turn,Stage 1 - Early Turn,Stage 1 • Stage 1 - Early Turn,0.66,The stock is improving from a repair/base area but has not confirmed a clean Stage 2 yet.,,,,,watchlist,weekly_watchlist,watchlist,0.0,52.49,23.62,2.0,0.0,52.49,25.62,13.56,13.31,281061124.98,"Stage 1, Stage 1 - Early Turn, weekly_vcp_ok, weekly_strong, stage1_not_actionable, stage1_needs_more_base",468,469,Stage 1,watchlist,weekly_watchlist,25.69,1,-0.07000000000000028,False,False,False,False,False
ICICIPRULI.NS,ICICI Prudential Life Insurance Company Limited,Financial Services,Unknown,True,F&O,1,Stage 4,Stage 4,Stage 4 - Weak/Declining,Stage 4 - Weak/Declining,Stage 4 • Stage 4 - Weak/Declining,0.72,Price is below long-term support with weak trend evidence.,,,2026-02-06,,watchlist,weekly_watchlist,watchlist,13.64,35.8,23.61,2.0,13.64,35.8,25.61,-3.96,-16.0,760604070.31,"Stage 4, Stage 4 - Weak/Declining, weekly_vcp_ok, volume_dryup, weekly_volume_dryup, weekly_strong, downtrend",469,468,Stage 4,watchlist,weekly_watchlist,25.72,-1,-0.10999999999999943,False,False,False,False,False
JUBLFOOD.NS,Jubilant Foodworks Limited,Consumer Services,Unknown,True,F&O,1,Stage 1,Stage 1,Stage 1 - Early Turn,Stage 1 - Early Turn,Stage 1 • Stage 1 - Early Turn,0.66,The stock is improving from a repair/base area but has not confirmed a clean Stage 2 yet.,,,,,watchlist,weekly_watchlist,watchlist,0.0,52.22,23.5,2.0,0.0,52.22,25.5,13.26,-0.11,1837065031.56,"Stage 1, Stage 1 - Early Turn, weekly_vcp_ok, weekly_strong, stage1_not_actionable, stage1_needs_more_base",470,470,Stage 1,watchlist,weekly_watchlist,25.68,0,-0.17999999999999972,False,False,False,False,False
INDIGO.NS,InterGlobe Aviation Limited,Services,Unknown,True,F&O,1,Stage 2,Stage 2,Early Stage 2,Early Stage 2,Stage 2 • Early Stage 2,0.72,"Price has moved above long-term structure, but the full moving-average stack is not clean yet.",,,2026-08-17,,watchlist,weekly_watchlist,watchlist,20.74,26.72,23.43,2.0,20.74,26.72,25.43,20.44,10.75,3860308555.57,"Stage 2, Early Stage 2, volume_dryup, weekly_volume_dryup",471,466,Stage 2,watchlist,weekly_watchlist,25.88,-5,-0.4499999999999993,False,False,False,False,False
RAMCOCEM.NS,The Ramco Cements Limited,Construction Materials,Unknown,False,Cash,1,Stage 4,Stage 4,Stage 4 - Weak/Declining,Stage 4 - Weak/Declining,Stage 4 • Stage 4 - Weak/Declining,0.72,Price is below long-term support with weak trend evidence.,,,2026-03-04,,watchlist,weekly_watchlist,watchlist,16.82,35.8,25.36,0.0,16.82,35.8,25.36,1.71,-14.31,234726310.04,"Stage 4, Stage 4 - Weak/Declining, weekly_vcp_ok, weekly_strong, downtrend",472,462,Stage 4,watchlist,weekly_watchlist,26.05,-10,-0.6900000000000013,False,False,False,False,False
ANURAS.NS,Anupam Rasayan India Limited,Chemicals,Unknown,False,Cash,1,Stage 1,Stage 1,Stage 1 - Base/Repair,Stage 1 - Base/Repair,Stage 1 • Stage 1 - Base/Repair,0.7,Price is near long-term moving averages with no strong long-term downtrend signal.,,,2026-06-05,,watchlist,weekly_watchlist,watchlist,2.71,41.8,20.3,5.0,2.71,41.8,25.3,-13.35,2.85,282117218.61,"Stage 1, Stage 1 - Base/Repair, weekly_vcp_ok, weekly_strong, stage1_not_actionable, stage1_needs_more_base",473,495,Stage 1,watchlist,weekly_watchlist,24.51,22,0.7899999999999991,False,False,False,False,False
ALOKINDS.NS,Alok Industries Limited,Textiles,Unknown,False,Cash,1,Stage 4,Stage 4,Stage 4 - Confirmed Downtrend,Stage 4 - Confirmed Downtrend,Stage 4 • Stage 4 - Confirmed Downtrend,0.86,Price is below a bearish moving-average stack with falling trend signals.,,,,,watchlist,weekly_watchlist,watchlist,7.45,35.8,20.21,5.0,7.45,35.8,25.21,-9.23,-17.48,29688869.56,"Stage 4, Stage 4 - Confirmed Downtrend, weekly_vcp_ok, volume_dryup, weekly_volume_dryup, weekly_strong, downtrend",474,382,Stage 4,watchlist,weekly_watchlist,30.27,-92,-5.059999999999999,False,False,False,False,False
RVNL.NS,Rail Vikas Nigam Limited,Construction,Unknown,True,F&O,1,Stage 4,Stage 4,Stage 4 - Confirmed Downtrend,Stage 4 - Confirmed Downtrend,Stage 4 • Stage 4 - Confirmed Downtrend,0.86,Price is below a bearish moving-average stack with falling trend signals.,,,,,watchlist,weekly_watchlist,watchlist,16.53,35.8,25.2,0.0,16.53,35.8,25.2,-18.71,-20.91,994272716.11,"Stage 4, Stage 4 - Confirmed Downtrend, weekly_vcp_ok, volume_dryup, weekly_volume_dryup, weekly_strong, downtrend",475,482,Stage 4,watchlist,weekly_watchlist,25.12,7,0.0799999999999983,False,False,False,False,False
SULA.NS,Sula Vineyards Limited,Fast Moving Consumer Goods,Unknown,False,Cash,1,Stage 4,Stage 4,Stage 4 - Weak/Declining,Stage 4 - Weak/Declining,Stage 4 • Stage 4 - Weak/Declining,0.72,Price is below long-term support with weak trend evidence.,,,,,watchlist,weekly_watchlist,watchlist,15.55,36.9,25.16,0.0,15.55,36.9,25.16,-9.01,-9.67,113868871.14,"Stage 4, Stage 4 - Weak/Declining, weekly_vcp_ok, weekly_strong, downtrend",476,486,Stage 4,watchlist,weekly_watchlist,24.91,10,0.25,False,False,False,False,False
CGCL.NS,Capri Global Capital Limited,Financial Services,Unknown,False,Cash,1,Stage 2,Stage 2,Early Stage 2,Early Stage 2,Stage 2 • Early Stage 2,0.72,"Price has moved above long-term structure, but the full moving-average stack is not clean yet.",,,2026-08-17,,watchlist,weekly_watchlist,watchlist,24.86,21.05,23.15,2.0,24.86,21.05,25.15,19.71,34.81,876118939.24,"Stage 2, Early Stage 2, volume_dryup, weekly_volume_dryup",477,475,Stage 2,watchlist,weekly_watchlist,25.4,-2,-0.25,False,False,False,False,False
IOB.NS,Indian Overseas Bank,Financial Services,Unknown,False,Cash,1,Stage 4,Stage 4,Stage 4 - Weak/Declining,Stage 4 - Weak/Declining,Stage 4 • Stage 4 - Weak/Declining,0.72,Price is below long-term support with weak trend evidence.,,,,,watchlist,weekly_watchlist,watchlist,11.9,36.9,23.15,2.0,11.9,36.9,25.15,-3.44,0.83,112383257.6,"Stage 4, Stage 4 - Weak/Declining, weekly_vcp_ok, volume_dryup, weekly_volume_dryup, weekly_strong, downtrend",478,413,Stage 4,watchlist,weekly_watchlist,28.82,-65,-3.6700000000000017,False,False,False,False,False
CHOLAHLDNG.NS,Cholamandalam Financial Holdings Limited,Financial Services,Unknown,False,Cash,1,Stage 4,Stage 4,Stage 4 - Confirmed Downtrend,Stage 4 - Confirmed Downtrend,Stage 4 • Stage 4 - Confirmed Downtrend,0.86,Price is below a bearish moving-average stack with falling trend signals.,,,2025-12-05,,watchlist,weekly_watchlist,watchlist,12.7,35.8,23.09,2.0,12.7,35.8,25.09,-6.06,-2.52,334971446.04,"Stage 4, Stage 4 - Confirmed Downtrend, weekly_vcp_ok, weekly_strong, downtrend",479,481,Stage 4,watchlist,weekly_watchlist,25.16,2,-0.07000000000000028,False,False,False,False,False
FIRSTCRY.NS,Brainbees Solutions Ltd.,Consumer Services,Unknown,False,Cash,1,Stage 4,Stage 4,Stage 4 - Confirmed Downtrend,Stage 4 - Confirmed Downtrend,Stage 4 • Stage 4 - Confirmed Downtrend,0.86,Price is below a bearish moving-average stack with falling trend signals.,,,,,watchlist,weekly_watchlist,watchlist,12.66,35.8,23.07,2.0,12.66,35.8,25.07,-14.84,-4.99,148772166.25,"Stage 4, Stage 4 - Confirmed Downtrend, weekly_vcp_ok, volume_dryup, weekly_strong, downtrend",480,509,Stage 4,watchlist,weekly_watchlist,23.83,29,1.240000000000002,False,False,False,False,False
DABUR.NS,Dabur India Limited,Fast Moving Consumer Goods,Unknown,True,F&O,1,Stage 4,Stage 4,Stage 4 - Confirmed Downtrend,Stage 4 - Confirmed Downtrend,Stage 4 • Stage 4 - Confirmed Downtrend,0.86,Price is below a bearish moving-average stack with falling trend signals.,,,2026-01-16,,watchlist,weekly_watchlist,watchlist,16.21,35.8,25.03,0.0,16.21,35.8,25.03,-10.49,-14.53,885476423.17,"Stage 4, Stage 4 - Confirmed Downtrend, weekly_vcp_ok, volume_dryup, weekly_volume_dryup, weekly_strong, downtrend",481,502,Stage 4,watchlist,weekly_watchlist,23.92,21,1.1099999999999994,False,False,False,False,False
NETWORK18.NS,Network18 Media & Investments Limited,"Media, Entertainment & Publication",Unknown,False,Cash,1,Stage 4,Stage 4,Stage 4 - Confirmed Downtrend,Stage 4 - Confirmed Downtrend,Stage 4 • Stage 4 - Confirmed Downtrend,0.86,Price is below a bearish moving-average stack with falling trend signals.,,,,,watchlist,weekly_watchlist,watchlist,19.1,32.13,24.96,0.0,19.1,32.13,24.96,-12.37,-17.47,71267619.65,"Stage 4, Stage 4 - Confirmed Downtrend, weekly_vcp_ok, volume_dryup, weekly_volume_dryup, weekly_strong, downtrend",482,485,Stage 4,watchlist,weekly_watchlist,24.96,3,0.0,False,False,False,False,False
JKLAKSHMI.NS,JK Lakshmi Cement Limited,Construction Materials,Unknown,False,Cash,1,Stage 4,Stage 4,Stage 4 - Confirmed Downtrend,Stage 4 - Confirmed Downtrend,Stage 4 • Stage 4 - Confirmed Downtrend,0.86,Price is below a bearish moving-average stack with falling trend signals.,,,,,watchlist,weekly_watchlist,watchlist,15.1,36.9,24.91,0.0,15.1,36.9,24.91,-13.55,-14.43,168860470.53,"Stage 4, Stage 4 - Confirmed Downtrend, weekly_vcp_ok, weekly_volume_dryup, weekly_strong, downtrend",483,473,Stage 4,watchlist,weekly_watchlist,25.41,-10,-0.5,False,False,False,False,False
AFCONS.NS,Afcons Infrastructure Ltd.,Construction,Unknown,False,Cash,1,Stage 4,Stage 4,Stage 4 - Confirmed Downtrend,Stage 4 - Confirmed Downtrend,Stage 4 • Stage 4 - Confirmed Downtrend,0.86,Price is below a bearish moving-average stack with falling trend signals.,,,,,watchlist,weekly_watchlist,watchlist,15.99,35.8,24.9,0.0,15.99,35.8,24.9,-9.56,-9.08,306192832.8,"Stage 4, Stage 4 - Confirmed Downtrend, weekly_vcp_ok, volume_dryup, weekly_volume_dryup, weekly_strong, downtrend",484,487,Stage 4,watchlist,weekly_watchlist,24.9,3,0.0,False,False,False,False,False
IRB.NS,IRB Infrastructure Developers Limited,Construction,Unknown,False,Cash,1,Stage 4,Stage 4,Stage 4 - Confirmed Downtrend,Stage 4 - Confirmed Downtrend,Stage 4 • Stage 4 - Confirmed Downtrend,0.86,Price is below a bearish moving-average stack with falling trend signals.,,,,,watchlist,weekly_watchlist,watchlist,15.7,35.8,24.74,0.0,15.7,35.8,24.74,-11.47,-6.99,211484003.14,"Stage 4, Stage 4 - Confirmed Downtrend, weekly_vcp_ok, volume_dryup, weekly_volume_dryup, weekly_strong, downtrend",485,488,Stage 4,watchlist,weekly_watchlist,24.88,3,-0.14000000000000057,False,False,False,False,False
MHRIL.NS,Mahindra Holidays & Resorts India Limited,Consumer Services,Unknown,False,Cash,1,Stage 4,Stage 4,Stage 4 - Weak/Declining,Stage 4 - Weak/Declining,Stage 4 • Stage 4 - Weak/Declining,0.72,Price is below long-term support with weak trend evidence.,,,,,watchlist,weekly_watchlist,watchlist,11.1,36.9,22.71,2.0,11.1,36.9,24.71,-1.66,-18.63,37823499.78,"Stage 4, Stage 4 - Weak/Declining, weekly_vcp_ok, volume_dryup, weekly_volume_dryup, weekly_strong, downtrend",486,490,Stage 4,watchlist,weekly_watchlist,24.71,4,0.0,False,False,False,False,False
KIRLOSIND.NS,Kirloskar Industries Limited,Capital Goods,Unknown,False,Cash,1,Stage 2 Failed,Stage 3,Failed Stage 2,Failed Stage 2,Stage 2 Failed • Failed Stage 2,0.72,"This stock was recently Stage 2, but the latest structure no longer satisfies Stage 2 rules. It is kept as Stage 2 Failed until a fresh base/repair structure forms.",Recent Stage 2 break; public stage held as Stage 2 Failed.,2026-08-18,2026-08-17,,watchlist,weekly_watchlist,watchlist,0.0,43.56,19.6,5.0,0.0,43.56,24.6,16.63,21.0,36526844.25,"Stage 3, Stage 3 - Transition, weekly_vcp_ok, volume_dryup, weekly_volume_dryup, weekly_strong, distribution_risk | Stage 2 failed state applied from stage memory.",487,240,Stage 2 Failed,watchlist,weekly_forming,42.86,-247,-18.259999999999998,False,False,False,False,False
DATAMATICS.NS,Datamatics Global Services Limited,Information Technology,Unknown,False,Cash,1,Stage 2,Stage 2,Early Stage 2,Early Stage 2,Stage 2 • Early Stage 2,0.72,"Price has moved above long-term structure, but the full moving-average stack is not clean yet.",,,2026-08-17,,watchlist,weekly_watchlist,watchlist,15.71,30.91,22.55,2.0,15.71,30.91,24.55,6.88,20.2,102445679.13,"Stage 2, Early Stage 2",488,415,Stage 2,watchlist,weekly_watchlist,28.67,-73,-4.120000000000001,False,False,False,False,False
ABFRL.NS,Aditya Birla Fashion and Retail Limited,Consumer Services,Unknown,False,Cash,1,Stage 4,Stage 4,Stage 4 - Confirmed Downtrend,Stage 4 - Confirmed Downtrend,Stage 4 • Stage 4 - Confirmed Downtrend,0.86,Price is below a bearish moving-average stack with falling trend signals.,,,,,watchlist,weekly_watchlist,watchlist,11.7,35.8,22.55,2.0,11.7,35.8,24.55,-20.35,-17.74,462049682.75,"Stage 4, Stage 4 - Confirmed Downtrend, weekly_vcp_ok, weekly_volume_dryup, weekly_strong, downtrend",489,494,Stage 4,watchlist,weekly_watchlist,24.55,5,0.0,False,False,False,False,False
TATAPOWER.NS,Tata Power Company Limited,Power,Unknown,True,F&O,1,Stage 4,Stage 4,Stage 4 - Weak/Declining,Stage 4 - Weak/Declining,Stage 4 • Stage 4 - Weak/Declining,0.72,Price is below long-term support with weak trend evidence.,,,2026-06-05,,watchlist,weekly_watchlist,watchlist,15.32,35.8,24.54,0.0,15.32,35.8,24.54,-8.58,6.32,1303456282.38,"Stage 4, Stage 4 - Weak/Declining, weekly_vcp_ok, volume_dryup, weekly_strong, downtrend",490,464,Stage 4,watchlist,weekly_watchlist,25.98,-26,-1.4400000000000013,False,False,False,False,False
OLAELEC.NS,Ola Electric Mobility Ltd.,Automobile and Auto Components,Unknown,False,Cash,1,Not Sure,Not Sure,Not Sure,Not Sure,Not Sure,0.0,Stage rules did not identify a reliable structure.,No confident stage classification.,,,,watchlist,weekly_watchlist,watchlist,16.31,11.87,14.31,10.0,16.31,11.87,24.31,6.77,39.91,1913788827.84,"Not Sure, Not Sure, volume_dryup, weekly_volume_dryup",491,492,Not Sure,watchlist,weekly_watchlist,24.61,1,-0.3000000000000007,False,False,False,False,False
J&KBANK.NS,The Jammu & Kashmir Bank Limited,Financial Services,Unknown,False,Cash,1,Stage 2,Stage 2,Early Stage 2,Early Stage 2,Stage 2 • Early Stage 2,0.72,"Price has moved above long-term structure, but the full moving-average stack is not clean yet.",,,2026-08-17,,watchlist,weekly_watchlist,watchlist,23.25,21.1,22.28,2.0,23.25,21.1,24.28,5.33,49.69,901914392.47,"Stage 2, Early Stage 2, volume_dryup, weekly_volume_dryup",492,491,Stage 2,watchlist,weekly_watchlist,24.7,-1,-0.41999999999999815,False,False,False,False,False
IRCON.NS,Ircon International Limited,Construction,Unknown,False,Cash,1,Stage 4,Stage 4,Stage 4 - Confirmed Downtrend,Stage 4 - Confirmed Downtrend,Stage 4 • Stage 4 - Confirmed Downtrend,0.86,Price is below a bearish moving-average stack with falling trend signals.,,,,,watchlist,weekly_watchlist,watchlist,14.77,35.8,24.23,0.0,14.77,35.8,24.23,-14.34,-12.52,155366870.06,"Stage 4, Stage 4 - Confirmed Downtrend, weekly_vcp_ok, volume_dryup, weekly_strong, downtrend",493,500,Stage 4,watchlist,weekly_watchlist,23.96,7,0.2699999999999996,False,False,False,False,False
NIVABUPA.NS,Niva Bupa Health Insurance Company Ltd.,Financial Services,Unknown,False,Cash,1,Stage 2 Failed,Stage 2,Failed Stage 2,Failed Stage 2,Stage 2 Failed • Failed Stage 2,0.7,Failed Stage 2 cooling period is still active; waiting for a fresh base or confirmed reclaim.,Failed Stage 2 hold period active.,,2026-08-13,,watchlist,weekly_watchlist,watchlist,22.78,21.56,22.23,2.0,22.78,21.56,24.23,-4.58,16.16,147540650.2,"Stage 2, Early Stage 2, volume_dryup, weekly_volume_dryup | Failed Stage 2 hold period active.",494,676,Stage 2 Failed,watchlist,weekly_watchlist,10.27,182,13.96,False,False,False,False,False
BIKAJI.NS,Bikaji Foods International Limited,Fast Moving Consumer Goods,Unknown,False,Cash,1,Stage 4,Stage 4,Stage 4 - Confirmed Downtrend,Stage 4 - Confirmed Downtrend,Stage 4 • Stage 4 - Confirmed Downtrend,0.86,Price is below a bearish moving-average stack with falling trend signals.,,,,,watchlist,weekly_watchlist,watchlist,14.2,35.8,23.92,0.0,14.2,35.8,23.92,-11.86,-0.81,66958765.01,"Stage 4, Stage 4 - Confirmed Downtrend, weekly_vcp_ok, weekly_volume_dryup, weekly_strong, downtrend",495,501,Stage 4,watchlist,weekly_watchlist,23.92,6,0.0,False,False,False,False,False
EMAMILTD.NS,Emami Limited,Fast Moving Consumer Goods,Unknown,False,Cash,1,Stage 4,Stage 4,Stage 4 - Weak/Declining,Stage 4 - Weak/Declining,Stage 4 • Stage 4 - Weak/Declining,0.72,Price is below long-term support with weak trend evidence.,,,,,watchlist,weekly_watchlist,watchlist,14.2,35.8,23.92,0.0,14.2,35.8,23.92,-5.71,-12.04,263521466.78,"Stage 4, Stage 4 - Weak/Declining, weekly_vcp_ok, weekly_volume_dryup, weekly_strong, downtrend",496,503,Stage 4,watchlist,weekly_watchlist,23.92,7,0.0,False,False,False,False,False
LT.NS,Larsen & Toubro Limited,Construction,Unknown,True,F&O,1,Stage 2,Stage 2,Stage 2,Stage 2,Stage 2,0.76,Advancing structure detected.,,,2026-08-17,,watchlist,weekly_watchlist,watchlist,22.58,25.42,23.86,0.0,22.58,25.42,23.86,2.5,3.67,6572395215.29,"Stage 2, Stage 2, volume_dryup, weekly_volume_dryup",497,507,Stage 2,watchlist,weekly_watchlist,23.85,10,0.00999999999999801,False,False,False,False,False
KPIGREEN.NS,KPI Green Energy Limited,Power,Unknown,False,Cash,1,Stage 4,Stage 4,Stage 4 - Confirmed Downtrend,Stage 4 - Confirmed Downtrend,Stage 4 • Stage 4 - Confirmed Downtrend,0.86,Price is below a bearish moving-average stack with falling trend signals.,,,,,watchlist,weekly_watchlist,watchlist,14.0,35.8,23.81,0.0,14.0,35.8,23.81,-29.59,-18.16,487362881.58,"Stage 4, Stage 4 - Confirmed Downtrend, weekly_vcp_ok, weekly_strong, downtrend",498,499,Stage 4,watchlist,weekly_watchlist,24.06,1,-0.25,False,False,False,False,False
ASTRAL.NS,Astral Limited,Capital Goods,Unknown,True,F&O,1,Stage 1,Stage 1,Stage 1 - Base/Repair,Stage 1 - Base/Repair,Stage 1 • Stage 1 - Base/Repair,0.7,Price is near long-term moving averages with no strong long-term downtrend signal.,,,2026-05-06,,watchlist,weekly_watchlist,watchlist,0.0,41.8,18.81,5.0,0.0,41.8,23.81,-3.22,-1.5,1578089908.07,"Stage 1, Stage 1 - Base/Repair, weekly_vcp_ok, weekly_strong, stage1_not_actionable, stage1_needs_more_base",499,406,Stage 1,watchlist,weekly_watchlist,29.07,-93,-5.260000000000002,False,False,False,False,False
ITC.NS,ITC Limited,Fast Moving Consumer Goods,Unknown,True,F&O,1,Stage 4,Stage 4,Stage 4 - Confirmed Downtrend,Stage 4 - Confirmed Downtrend,Stage 4 • Stage 4 - Confirmed Downtrend,0.86,Price is below a bearish moving-average stack with falling trend signals.,,,,,watchlist,weekly_watchlist,watchlist,13.09,36.9,23.8,0.0,13.09,36.9,23.8,-11.93,-6.78,4430812232.58,"Stage 4, Stage 4 - Confirmed Downtrend, weekly_vcp_ok, volume_dryup, weekly_volume_dryup, weekly_strong, downtrend",500,506,Stage 4,watchlist,weekly_watchlist,23.86,6,-0.05999999999999872,False,False,False,False,False
NIITMTS.NS,NIIT Learning Systems Limited,Consumer Services,Unknown,False,Cash,1,Stage 4,Stage 4,Stage 4 - Weak/Declining,Stage 4 - Weak/Declining,Stage 4 • Stage 4 - Weak/Declining,0.72,Price is below long-term support with weak trend evidence.,,,2026-02-17,,watchlist,weekly_watchlist,watchlist,10.2,35.8,21.72,2.0,10.2,35.8,23.72,9.87,-29.68,35286350.58,"Stage 4, Stage 4 - Weak/Declining, weekly_vcp_ok, volume_dryup, weekly_volume_dryup, weekly_strong, downtrend",501,511,Stage 4,watchlist,weekly_watchlist,23.72,10,0.0,False,False,False,False,False
HATSUN.NS,Hatsun Agro Product Limited,Fast Moving Consumer Goods,Unknown,False,Cash,1,Stage 1,Stage 1,Stage 1 - Early Turn,Stage 1 - Early Turn,Stage 1 • Stage 1 - Early Turn,0.66,The stock is improving from a repair/base area but has not confirmed a clean Stage 2 yet.,,,2026-05-08,,watchlist,weekly_watchlist,watchlist,0.0,52.55,23.65,0.0,0.0,52.55,23.65,3.54,12.93,36892253.89,"Stage 1, Stage 1 - Early Turn, weekly_vcp_ok, weekly_strong, stage1_not_actionable, stage1_needs_more_base",502,512,Stage 1,watchlist,weekly_watchlist,23.58,10,0.07000000000000028,False,False,False,False,False
KFINTECH.NS,Kfin Technologies Limited,Financial Services,Unknown,True,F&O,1,Stage 1,Stage 1,Stage 1 - Early Turn,Stage 1 - Early Turn,Stage 1 • Stage 1 - Early Turn,0.66,The stock is improving from a repair/base area but has not confirmed a clean Stage 2 yet.,,,,,watchlist,weekly_watchlist,watchlist,30.35,10.95,21.62,2.0,30.35,10.95,23.62,15.25,6.24,1272803463.26,"Stage 1, Stage 1 - Early Turn, daily_vcp_ok, volume_dryup, weekly_volume_dryup, stage1_needs_more_base",503,477,Stage 1,watchlist,weekly_watchlist,25.31,-26,-1.6899999999999977,False,False,False,False,False
ACC.NS,ACC Limited,Construction Materials,Unknown,False,Cash,1,Stage 4,Stage 4,Stage 4 - Weak/Declining,Stage 4 - Weak/Declining,Stage 4 • Stage 4 - Weak/Declining,0.72,Price is below long-term support with weak trend evidence.,,,,,watchlist,weekly_watchlist,watchlist,12.43,36.9,23.44,0.0,12.43,36.9,23.44,-5.54,-14.02,271409033.53,"Stage 4, Stage 4 - Weak/Declining, weekly_vcp_ok, weekly_volume_dryup, weekly_strong, downtrend",504,515,Stage 4,watchlist,weekly_watchlist,23.04,11,0.40000000000000213,False,False,False,False,False
JUSTDIAL.NS,Just Dial Limited,Consumer Services,Unknown,False,Cash,1,Stage 2 Failed,Stage 1,Failed Stage 2,Failed Stage 2,Stage 2 Failed • Failed Stage 2,0.72,"This stock was recently Stage 2, but the latest structure no longer satisfies Stage 2 rules. It is kept as Stage 2 Failed until a fresh base/repair structure forms.",Recent Stage 2 break; public stage held as Stage 2 Failed.,2026-08-18,2026-08-10,,watchlist,weekly_watchlist,watchlist,1.54,45.34,21.25,2.0,1.54,45.34,23.25,25.17,10.24,298409972.59,"Stage 1, Stage 1 - Early Turn, weekly_vcp_ok, volume_dryup, weekly_volume_dryup, weekly_strong, stage1_not_actionable, stage1_needs_more_base | Stage 2 failed state applied from stage memory.",505,505,Stage 2 Failed,watchlist,weekly_watchlist,23.9,0,-0.6499999999999986,False,False,False,False,False
JSWSTEEL.NS,JSW Steel Limited,Metals & Mining,Unknown,True,F&O,1,Stage 2 Failed,Stage 1,Failed Stage 2,Failed Stage 2,Stage 2 Failed • Failed Stage 2,0.72,"This stock was recently Stage 2, but the latest structure no longer satisfies Stage 2 rules. It is kept as Stage 2 Failed until a fresh base/repair structure forms.",Recent Stage 2 break; public stage held as Stage 2 Failed.,2026-08-18,2026-08-17,,watchlist,weekly_watchlist,watchlist,0.73,50.49,23.12,0.0,0.73,50.49,23.12,-2.61,9.47,2121695323.41,"Stage 1, Stage 1 - Base/Repair, weekly_vcp_ok, weekly_volume_dryup, weekly_strong, stage1_not_actionable, stage1_needs_more_base | Stage 2 failed state applied from stage memory.",506,177,Stage 2 Failed,watchlist,weekly_near_pivot,46.3,-329,-23.179999999999996,False,False,False,False,False
NATCOPHARM.NS,Natco Pharma Limited,Healthcare,Unknown,False,Cash,1,Stage 1,Stage 1,Stage 1 - Base/Repair,Stage 1 - Base/Repair,Stage 1 • Stage 1 - Base/Repair,0.7,Price is near long-term moving averages with no strong long-term downtrend signal.,,,2026-05-29,,watchlist,weekly_watchlist,watchlist,18.13,6.8,13.03,10.0,18.13,6.8,23.03,-22.53,13.14,309142682.79,"Stage 1, Stage 1 - Base/Repair, volume_dryup, stage1_not_actionable, stage1_needs_more_base",507,514,Stage 1,watchlist,weekly_watchlist,23.1,7,-0.07000000000000028,False,False,False,False,False
NAVA.NS,NAVA LIMITED,Power,Unknown,False,Cash,1,Stage 4,Stage 4,Stage 4 - Weak/Declining,Stage 4 - Weak/Declining,Stage 4 • Stage 4 - Weak/Declining,0.72,Price is below long-term support with weak trend evidence.,,,2026-05-28,,watchlist,weekly_watchlist,watchlist,13.2,35.0,23.01,0.0,13.2,35.0,23.01,-9.34,7.05,191244450.17,"Stage 4, Stage 4 - Weak/Declining, weekly_vcp_ok, weekly_strong, downtrend",508,483,Stage 4,watchlist,weekly_watchlist,25.07,-25,-2.0599999999999987,False,False,False,False,False
ELECTCAST.NS,Electrosteel Castings Limited,Capital Goods,Unknown,False,Cash,1,Stage 4,Stage 4,Stage 4 - Confirmed Downtrend,Stage 4 - Confirmed Downtrend,Stage 4 • Stage 4 - Confirmed Downtrend,0.86,Price is below a bearish moving-average stack with falling trend signals.,,,,,watchlist,weekly_watchlist,watchlist,14.11,22.1,17.71,5.0,14.11,22.1,22.71,-9.66,5.85,81169426.61,"Stage 4, Stage 4 - Confirmed Downtrend, weekly_vcp_ok, weekly_volume_dryup, downtrend",509,517,Stage 4,watchlist,weekly_watchlist,22.78,8,-0.07000000000000028,False,False,False,False,False
REDTAPE.NS,Redtape Limited,Consumer Durables,Unknown,False,Cash,1,Stage 2 Failed,Stage 1,Failed Stage 2,Failed Stage 2,Stage 2 Failed • Failed Stage 2,0.72,"This stock was recently Stage 2, but the latest structure no longer satisfies Stage 2 rules. It is kept as Stage 2 Failed until a fresh base/repair structure forms.",Recent Stage 2 break; public stage held as Stage 2 Failed.,2026-08-18,2026-08-10,,watchlist,weekly_watchlist,watchlist,14.45,28.1,20.59,2.0,14.45,28.1,22.59,-7.53,4.35,71132079.31,"Stage 1, Stage 1 - Unclear/Repair, weekly_vcp_ok, weekly_volume_dryup, stage1_not_actionable, stage1_needs_more_base | Stage 2 failed state applied from stage memory.",510,621,Stage 2 Failed,watchlist,weekly_watchlist,16.24,111,6.350000000000001,False,False,False,False,False
SBICARD.NS,SBI Cards and Payment Services Limited,Financial Services,Unknown,True,F&O,1,Stage 4,Stage 4,Stage 4 - Weak/Declining,Stage 4 - Weak/Declining,Stage 4 • Stage 4 - Weak/Declining,0.72,Price is below long-term support with weak trend evidence.,,,2025-10-29,,watchlist,weekly_watchlist,watchlist,19.09,22.1,20.44,2.0,19.09,22.1,22.44,-2.8,-14.54,859986864.74,"Stage 4, Stage 4 - Weak/Declining, weekly_vcp_ok, downtrend",511,546,Stage 4,watchlist,weekly_watchlist,21.05,35,1.3900000000000006,False,False,False,False,False
AMBUJACEM.NS,Ambuja Cements Limited,Construction Materials,Unknown,True,F&O,1,Stage 4,Stage 4,Stage 4 - Weak/Declining,Stage 4 - Weak/Declining,Stage 4 • Stage 4 - Weak/Declining,0.72,Price is below long-term support with weak trend evidence.,,,,,watchlist,weekly_watchlist,watchlist,11.45,35.8,22.41,0.0,11.45,35.8,22.41,-6.99,-14.62,1204883824.28,"Stage 4, Stage 4 - Weak/Declining, weekly_vcp_ok, weekly_strong, downtrend",512,510,Stage 4,watchlist,weekly_watchlist,23.82,-2,-1.4100000000000001,False,False,False,False,False
GREENPANEL.NS,Greenpanel Industries Limited,Consumer Durables,Unknown,False,Cash,1,Stage 4,Stage 4,Stage 4 - Weak/Declining,Stage 4 - Weak/Declining,Stage 4 • Stage 4 - Weak/Declining,0.72,Price is below long-term support with weak trend evidence.,,,,,watchlist,weekly_watchlist,watchlist,7.67,35.8,20.33,2.0,7.67,35.8,22.33,-16.37,-17.75,38256310.64,"Stage 4, Stage 4 - Weak/Declining, weekly_vcp_ok, weekly_strong, downtrend",513,560,Stage 4,watchlist,weekly_watchlist,19.85,47,2.479999999999997,False,False,False,False,False
RECLTD.NS,REC Limited,Financial Services,Unknown,True,F&O,1,Stage 2 Failed,Stage 1,Failed Stage 2,Failed Stage 2,Stage 2 Failed • Failed Stage 2,0.72,"This stock was recently Stage 2, but the latest structure no longer satisfies Stage 2 rules. It is kept as Stage 2 Failed until a fresh base/repair structure forms.",Recent Stage 2 break; public stage held as Stage 2 Failed.,2026-08-18,2026-08-07,,watchlist,weekly_watchlist,watchlist,2.33,42.33,20.33,2.0,2.33,42.33,22.33,1.1,4.22,2063982286.44,"Stage 1, Stage 1 - Base/Repair, weekly_vcp_ok, weekly_strong, stage1_not_actionable, stage1_needs_more_base | Stage 2 failed state applied from stage memory.",514,522,Stage 2 Failed,watchlist,weekly_watchlist,22.35,8,-0.020000000000003126,False,False,False,False,False
GODREJIND.NS,Godrej Industries Limited,Diversified,Unknown,False,Cash,1,Stage 2,Stage 2,Early Stage 2,Early Stage 2,Stage 2 • Early Stage 2,0.72,"Price has moved above long-term structure, but the full moving-average stack is not clean yet.",,,2026-08-17,,watchlist,weekly_watchlist,watchlist,22.61,21.88,22.28,0.0,22.61,21.88,22.28,7.21,31.54,141424635.46,"Stage 2, Early Stage 2, volume_dryup",515,526,Stage 2,watchlist,weekly_watchlist,22.05,11,0.23000000000000043,False,False,False,False,False
CIPLA.NS,Cipla Limited,Healthcare,Unknown,True,F&O,1,Not Sure,Not Sure,Not Sure,Not Sure,Not Sure,0.0,Stage rules did not identify a reliable structure.,No confident stage classification.,,2025-10-29,,watchlist,weekly_watchlist,watchlist,11.56,13.08,12.24,10.0,11.56,13.08,22.24,1.28,13.48,1848975367.43,"Not Sure, Not Sure, volume_dryup, weekly_volume_dryup",516,527,Not Sure,watchlist,weekly_watchlist,22.05,11,0.18999999999999773,False,False,False,False,False
TCI.NS,Transport Corporation of India Limited,Services,Unknown,False,Cash,1,Stage 4,Stage 4,Stage 4 - Weak/Declining,Stage 4 - Weak/Declining,Stage 4 • Stage 4 - Weak/Declining,0.72,Price is below long-term support with weak trend evidence.,,,2025-11-04,,watchlist,weekly_watchlist,watchlist,6.47,36.9,20.16,2.0,6.47,36.9,22.16,0.89,-7.93,38156531.74,"Stage 4, Stage 4 - Weak/Declining, weekly_vcp_ok, volume_dryup, weekly_volume_dryup, weekly_strong, downtrend",517,528,Stage 4,watchlist,weekly_watchlist,22.0,11,0.16000000000000014,False,False,False,False,False
SAKSOFT.NS,Saksoft Limited,Information Technology,Unknown,False,Cash,1,Stage 1,Stage 1,Stage 1 - Early Turn,Stage 1 - Early Turn,Stage 1 • Stage 1 - Early Turn,0.66,The stock is improving from a repair/base area but has not confirmed a clean Stage 2 yet.,,,2025-11-20,,watchlist,weekly_watchlist,watchlist,0.39,44.32,20.16,2.0,0.39,44.32,22.16,18.1,7.09,118942963.32,"Stage 1, Stage 1 - Early Turn, weekly_vcp_ok, volume_dryup, weekly_volume_dryup, weekly_strong, stage1_not_actionable, stage1_needs_more_base",518,521,Stage 1,watchlist,weekly_watchlist,22.37,3,-0.21000000000000085,False,False,False,False,False
DISHTV.NS,Dish TV India Limited,"Media, Entertainment & Publication",Unknown,False,Cash,1,Stage 4,Stage 4,Stage 4 - Confirmed Downtrend,Stage 4 - Confirmed Downtrend,Stage 4 • Stage 4 - Confirmed Downtrend,0.86,Price is below a bearish moving-average stack with falling trend signals.,,,,,watchlist,weekly_watchlist,watchlist,10.98,35.8,22.15,0.0,10.98,35.8,22.15,-18.04,-7.77,1944619.93,"Stage 4, Stage 4 - Confirmed Downtrend, weekly_vcp_ok, volume_dryup, weekly_volume_dryup, weekly_strong, downtrend",519,538,Stage 4,watchlist,weekly_watchlist,21.17,19,0.9799999999999969,False,False,False,False,False
HBLENGINE.NS,HBL Engineering Ltd.,Capital Goods,Unknown,False,Cash,1,Stage 4,Stage 4,Stage 4 - Weak/Declining,Stage 4 - Weak/Declining,Stage 4 • Stage 4 - Weak/Declining,0.72,Price is below long-term support with weak trend evidence.,,,2026-06-26,,watchlist,weekly_watchlist,watchlist,0.0,38.0,17.1,5.0,0.0,38.0,22.1,-16.53,-3.25,582040247.29,"Stage 4, Stage 4 - Weak/Declining, weekly_vcp_ok, weekly_volume_dryup, weekly_strong, downtrend",520,533,Stage 4,watchlist,weekly_watchlist,21.61,13,0.490000000000002,False,False,False,False,False
GENUSPOWER.NS,Genus Power Infrastructures Limited,Capital Goods,Unknown,False,Cash,1,Stage 2 Failed,Stage 1,Failed Stage 2,Failed Stage 2,Stage 2 Failed • Failed Stage 2,0.72,"This stock was recently Stage 2, but the latest structure no longer satisfies Stage 2 rules. It is kept as Stage 2 Failed until a fresh base/repair structure forms.",Recent Stage 2 break; public stage held as Stage 2 Failed.,2026-08-18,2026-08-17,,watchlist,weekly_watchlist,watchlist,22.5,10.43,17.07,5.0,22.5,10.43,22.07,-0.28,18.61,484819062.41,"Stage 1, Stage 1 - Base/Repair, stage1_base_ready, volume_dryup, weekly_volume_dryup, stage1_not_actionable | Stage 2 failed state applied from stage memory.",521,196,Stage 2 Failed,watchlist,weekly_watchlist,44.77,-325,-22.700000000000003,False,False,False,False,False
HYUNDAI.NS,Hyundai Motor India Ltd.,Automobile and Auto Components,Unknown,True,F&O,1,Stage 1,Stage 1,Stage 1 - Early Turn,Stage 1 - Early Turn,Stage 1 • Stage 1 - Early Turn,0.66,The stock is improving from a repair/base area but has not confirmed a clean Stage 2 yet.,,,,,watchlist,weekly_watchlist,watchlist,16.3,6.81,12.03,10.0,16.3,6.81,22.03,17.42,6.7,1841602390.23,"Stage 1, Stage 1 - Early Turn, volume_dryup, weekly_volume_dryup, stage1_not_actionable, stage1_needs_more_base",522,529,Stage 1,watchlist,weekly_watchlist,21.96,7,0.07000000000000028,False,False,False,False,False
LTTS.NS,L&T Technology Services Ltd.,Information Technology,Unknown,False,Cash,1,Stage 4,Stage 4,Stage 4 - Weak/Declining,Stage 4 - Weak/Declining,Stage 4 • Stage 4 - Weak/Declining,0.72,Price is below long-term support with weak trend evidence.,,,,,watchlist,weekly_watchlist,watchlist,0.0,44.19,19.89,2.0,0.0,44.19,21.89,-3.02,6.87,355298900.47,"Stage 4, Stage 4 - Weak/Declining, weekly_vcp_ok, volume_dryup, weekly_volume_dryup, weekly_strong, downtrend",523,530,Stage 4,watchlist,weekly_watchlist,21.93,7,-0.03999999999999915,False,False,False,False,False
AXISBANK.NS,Axis Bank Limited,Financial Services,Unknown,True,F&O,1,Stage 1,Stage 1,Stage 1 - Base/Repair,Stage 1 - Base/Repair,Stage 1 • Stage 1 - Base/Repair,0.7,Price is near long-term moving averages with no strong long-term downtrend signal.,,,2026-07-17,,watchlist,weekly_watchlist,watchlist,1.81,41.8,19.81,2.0,1.81,41.8,21.81,-5.19,-2.35,7722547828.61,"Stage 1, Stage 1 - Base/Repair, weekly_vcp_ok, volume_dryup, weekly_volume_dryup, weekly_strong, stage1_not_actionable, stage1_needs_more_base",524,539,Stage 1,watchlist,weekly_watchlist,21.16,15,0.6499999999999986,False,False,False,False,False
DELHIVERY.NS,Delhivery Limited,Services,Unknown,True,F&O,1,Stage 2 Failed,Stage 1,Failed Stage 2,Failed Stage 2,Stage 2 Failed • Failed Stage 2,0.72,"This stock was recently Stage 2, but the latest structure no longer satisfies Stage 2 rules. It is kept as Stage 2 Failed until a fresh base/repair structure forms.",Recent Stage 2 break; public stage held as Stage 2 Failed.,2026-08-18,2026-08-17,,watchlist,weekly_watchlist,watchlist,0.0,43.94,19.77,2.0,0.0,43.94,21.77,-3.06,13.42,1836865174.14,"Stage 1, Stage 1 - Base/Repair, weekly_vcp_ok, weekly_volume_dryup, weekly_strong, stage1_not_actionable, stage1_needs_more_base | Stage 2 failed state applied from stage memory.",525,280,Stage 2 Failed,watchlist,weekly_forming,39.2,-245,-17.430000000000003,False,False,False,False,False
SAGILITY.NS,Sagility Ltd.,Information Technology,Unknown,False,Cash,1,Stage 4,Stage 4,Stage 4 - Weak/Declining,Stage 4 - Weak/Declining,Stage 4 • Stage 4 - Weak/Declining,0.72,Price is below long-term support with weak trend evidence.,,,,,watchlist,weekly_watchlist,watchlist,0.0,43.8,19.71,2.0,0.0,43.8,21.71,0.5,-1.49,1216086981.92,"Stage 4, Stage 4 - Weak/Declining, weekly_vcp_ok, volume_dryup, weekly_volume_dryup, weekly_strong, downtrend",526,532,Stage 4,watchlist,weekly_watchlist,21.71,6,0.0,False,False,False,False,False
RELIANCE.NS,Reliance Industries Limited,"Oil, Gas & Consumable Fuels",Unknown,True,F&O,1,Stage 4,Stage 4,Stage 4 - Weak/Declining,Stage 4 - Weak/Declining,Stage 4 • Stage 4 - Weak/Declining,0.72,Price is below long-term support with weak trend evidence.,,,2026-01-14,,watchlist,weekly_watchlist,watchlist,12.26,22.1,16.69,5.0,12.26,22.1,21.69,-3.56,-1.59,14619465797.85,"Stage 4, Stage 4 - Weak/Declining, weekly_vcp_ok, weekly_volume_dryup, downtrend",527,531,Stage 4,watchlist,weekly_watchlist,21.93,4,-0.23999999999999844,False,False,False,False,False
GPIL.NS,Godawari Power And Ispat limited,Capital Goods,Unknown,False,Cash,1,Stage 4,Stage 4,Stage 4 - Weak/Declining,Stage 4 - Weak/Declining,Stage 4 • Stage 4 - Weak/Declining,0.72,Price is below long-term support with weak trend evidence.,,,2026-06-05,,watchlist,weekly_watchlist,watchlist,0.0,36.9,16.61,5.0,0.0,36.9,21.61,-18.17,5.07,466787229.0,"Stage 4, Stage 4 - Weak/Declining, weekly_vcp_ok, weekly_strong, downtrend",528,525,Stage 4,watchlist,weekly_watchlist,22.16,-3,-0.5500000000000007,False,False,False,False,False
SCI.NS,Shipping Corporation Of India Limited,Services,Unknown,False,Cash,1,Stage 3,Stage 3,Stage 3 - Transition,Stage 3 - Transition,Stage 3 • Stage 3 - Transition,0.62,"The structure is transitioning after prior strength, but it is not yet a confirmed Stage 4 decline.",,,2026-07-17,,watchlist,weekly_watchlist,watchlist,3.85,38.38,19.39,2.0,3.85,38.38,21.39,-8.46,14.27,907582927.68,"Stage 3, Stage 3 - Transition, weekly_vcp_ok, weekly_volume_dryup, weekly_strong, distribution_risk",529,554,Stage 3,watchlist,weekly_watchlist,20.11,25,1.2800000000000011,False,False,False,False,False
VENTIVE.NS,Ventive Hospitality Ltd.,Consumer Services,Unknown,False,Cash,1,Stage 4,Stage 4,Stage 4 - Confirmed Downtrend,Stage 4 - Confirmed Downtrend,Stage 4 • Stage 4 - Confirmed Downtrend,0.86,Price is below a bearish moving-average stack with falling trend signals.,,,,,watchlist,weekly_watchlist,watchlist,5.94,35.8,19.38,2.0,5.94,35.8,21.38,-8.74,-15.76,11581800.47,"Stage 4, Stage 4 - Confirmed Downtrend, weekly_vcp_ok, weekly_volume_dryup, weekly_strong, downtrend",530,537,Stage 4,watchlist,weekly_watchlist,21.26,7,0.11999999999999744,False,False,False,False,False
CANFINHOME.NS,Can Fin Homes Limited,Financial Services,Unknown,False,Cash,1,Stage 1,Stage 1,Stage 1 - Base/Repair,Stage 1 - Base/Repair,Stage 1 • Stage 1 - Base/Repair,0.7,Price is near long-term moving averages with no strong long-term downtrend signal.,,,2026-07-17,,watchlist,weekly_watchlist,watchlist,0.65,41.8,19.17,2.0,0.65,41.8,21.17,-4.42,-1.6,169359828.42,"Stage 1, Stage 1 - Base/Repair, weekly_vcp_ok, volume_dryup, weekly_volume_dryup, weekly_strong, stage1_not_actionable, stage1_needs_more_base",531,547,Stage 1,watchlist,weekly_watchlist,20.81,16,0.360000000000003,False,False,False,False,False
SUDARSCHEM.NS,Sudarshan Chemical Industries Limited,Chemicals,Unknown,False,Cash,1,Stage 1,Stage 1,Stage 1 - Early Turn,Stage 1 - Early Turn,Stage 1 • Stage 1 - Early Turn,0.66,The stock is improving from a repair/base area but has not confirmed a clean Stage 2 yet.,,,,,watchlist,weekly_watchlist,watchlist,21.39,9.79,16.17,5.0,21.39,9.79,21.17,30.6,23.28,342673159.38,"Stage 1, Stage 1 - Early Turn, stage1_not_actionable, stage1_needs_more_base",532,649,Stage 1,watchlist,weekly_watchlist,12.83,117,8.340000000000002,False,False,False,False,False
RAJESHEXPO.NS,Rajesh Exports Limited,Consumer Durables,Unknown,False,Cash,1,Stage 4,Stage 4,Stage 4 - Confirmed Downtrend,Stage 4 - Confirmed Downtrend,Stage 4 • Stage 4 - Confirmed Downtrend,0.86,Price is below a bearish moving-average stack with falling trend signals.,,,2025-12-30,,watchlist,weekly_watchlist,watchlist,5.45,35.8,19.11,2.0,5.45,35.8,21.11,-26.33,-49.61,14583075.01,"Stage 4, Stage 4 - Confirmed Downtrend, weekly_vcp_ok, volume_dryup, weekly_volume_dryup, weekly_strong, downtrend",533,552,Stage 4,watchlist,weekly_watchlist,20.43,19,0.6799999999999997,False,False,False,False,False
NFL.NS,National Fertilizers Limited,Chemicals,Unknown,False,Cash,1,Stage 4,Stage 4,Stage 4 - Confirmed Downtrend,Stage 4 - Confirmed Downtrend,Stage 4 • Stage 4 - Confirmed Downtrend,0.86,Price is below a bearish moving-average stack with falling trend signals.,,,,,watchlist,weekly_watchlist,watchlist,0.0,35.8,16.11,5.0,0.0,35.8,21.11,-8.56,-5.82,36066900.66,"Stage 4, Stage 4 - Confirmed Downtrend, weekly_vcp_ok, volume_dryup, weekly_volume_dryup, weekly_strong, downtrend",534,540,Stage 4,watchlist,weekly_watchlist,21.11,6,0.0,False,False,False,False,False
RCF.NS,Rashtriya Chemicals and Fertilizers Limited,Chemicals,Unknown,False,Cash,1,Stage 4,Stage 4,Stage 4 - Weak/Declining,Stage 4 - Weak/Declining,Stage 4 • Stage 4 - Weak/Declining,0.72,Price is below long-term support with weak trend evidence.,,,,,watchlist,weekly_watchlist,watchlist,0.0,35.8,16.11,5.0,0.0,35.8,21.11,-4.37,-0.49,79738530.1,"Stage 4, Stage 4 - Weak/Declining, weekly_vcp_ok, volume_dryup, weekly_volume_dryup, weekly_strong, downtrend",535,541,Stage 4,watchlist,weekly_watchlist,21.11,6,0.0,False,False,False,False,False
SALASAR.NS,Salasar Techno Engineering Limited,Capital Goods,Unknown,False,Cash,1,Stage 4,Stage 4,Stage 4 - Confirmed Downtrend,Stage 4 - Confirmed Downtrend,Stage 4 • Stage 4 - Confirmed Downtrend,0.86,Price is below a bearish moving-average stack with falling trend signals.,,,,,watchlist,weekly_watchlist,watchlist,0.0,35.8,16.11,5.0,0.0,35.8,21.11,-14.63,-17.66,21814946.78,"Stage 4, Stage 4 - Confirmed Downtrend, weekly_vcp_ok, volume_dryup, weekly_strong, downtrend",536,542,Stage 4,watchlist,weekly_watchlist,21.11,6,0.0,False,False,False,False,False
SHANTIGEAR.NS,Shanthi Gears Limited,Capital Goods,Unknown,False,Cash,1,Stage 4,Stage 4,Stage 4 - Confirmed Downtrend,Stage 4 - Confirmed Downtrend,Stage 4 • Stage 4 - Confirmed Downtrend,0.86,Price is below a bearish moving-average stack with falling trend signals.,,,,,watchlist,weekly_watchlist,watchlist,0.0,35.8,16.11,5.0,0.0,35.8,21.11,-13.71,-10.38,13405754.96,"Stage 4, Stage 4 - Confirmed Downtrend, weekly_vcp_ok, volume_dryup, weekly_volume_dryup, weekly_strong, downtrend",537,534,Stage 4,watchlist,weekly_watchlist,21.61,-3,-0.5,False,False,False,False,False
SHARDACROP.NS,Sharda Cropchem Limited,Chemicals,Unknown,False,Cash,1,Stage 4,Stage 4,Stage 4 - Weak/Declining,Stage 4 - Weak/Declining,Stage 4 • Stage 4 - Weak/Declining,0.72,Price is below long-term support with weak trend evidence.,,,2026-05-06,,watchlist,weekly_watchlist,watchlist,0.0,35.8,16.11,5.0,0.0,35.8,21.11,-16.88,-25.38,161003023.17,"Stage 4, Stage 4 - Weak/Declining, weekly_vcp_ok, volume_dryup, weekly_volume_dryup, weekly_strong, downtrend",538,543,Stage 4,watchlist,weekly_watchlist,21.11,5,0.0,False,False,False,False,False
UPL.NS,UPL Limited,Chemicals,Unknown,True,F&O,1,Stage 4,Stage 4,Stage 4 - Confirmed Downtrend,Stage 4 - Confirmed Downtrend,Stage 4 • Stage 4 - Confirmed Downtrend,0.86,Price is below a bearish moving-average stack with falling trend signals.,,,2026-01-20,,watchlist,weekly_watchlist,watchlist,0.0,35.8,16.11,5.0,0.0,35.8,21.11,-12.49,-17.71,1033862202.94,"Stage 4, Stage 4 - Confirmed Downtrend, weekly_vcp_ok, volume_dryup, weekly_volume_dryup, weekly_strong, downtrend",539,544,Stage 4,watchlist,weekly_watchlist,21.11,5,0.0,False,False,False,False,False
VESUVIUS.NS,Vesuvius India Limited,Capital Goods,Unknown,False,Cash,1,Stage 4,Stage 4,Stage 4 - Confirmed Downtrend,Stage 4 - Confirmed Downtrend,Stage 4 • Stage 4 - Confirmed Downtrend,0.86,Price is below a bearish moving-average stack with falling trend signals.,,,,,watchlist,weekly_watchlist,watchlist,0.0,35.8,16.11,5.0,0.0,35.8,21.11,-11.21,-7.95,25031384.38,"Stage 4, Stage 4 - Confirmed Downtrend, weekly_vcp_ok, volume_dryup, weekly_volume_dryup, weekly_strong, downtrend",540,545,Stage 4,watchlist,weekly_watchlist,21.11,5,0.0,False,False,False,False,False
DBREALTY.NS,D B Realty Limited,Realty,Unknown,False,Cash,1,Stage 4,Stage 4,Stage 4 - Weak/Declining,Stage 4 - Weak/Declining,Stage 4 • Stage 4 - Weak/Declining,0.72,Price is below long-term support with weak trend evidence.,,,,,watchlist,weekly_watchlist,watchlist,9.04,35.8,21.08,0.0,9.04,35.8,21.08,-7.51,-8.67,42078008.74,"Stage 4, Stage 4 - Weak/Declining, weekly_vcp_ok, weekly_volume_dryup, weekly_strong, downtrend",541,480,Stage 4,watchlist,weekly_watchlist,25.25,-61,-4.170000000000002,False,False,False,False,False
SENCO.NS,Senco Gold Limited,Consumer Durables,Unknown,False,Cash,1,Stage 2 Failed,Stage 1,Failed Stage 2,Failed Stage 2,Stage 2 Failed • Failed Stage 2,0.72,"This stock was recently Stage 2, but the latest structure no longer satisfies Stage 2 rules. It is kept as Stage 2 Failed until a fresh base/repair structure forms.",Recent Stage 2 break; public stage held as Stage 2 Failed.,2026-08-18,2026-08-13,,watchlist,weekly_watchlist,watchlist,0.0,41.8,18.81,2.0,0.0,41.8,20.81,-2.54,1.83,1030808226.59,"Stage 1, Stage 1 - Base/Repair, weekly_vcp_ok, weekly_strong, stage1_not_actionable, stage1_needs_more_base | Stage 2 failed state applied from stage memory.",542,570,Stage 2 Failed,watchlist,weekly_watchlist,18.92,28,1.889999999999997,False,False,False,False,False
IGIL.NS,International Gemmological Institute (India) Ltd.,Services,Unknown,False,Cash,1,Stage 3,Stage 3,Stage 3 - Distribution/Damage,Stage 3 - Distribution/Damage,Stage 3 • Stage 3 - Distribution/Damage,0.76,"Prior strength exists, but short-term and/or weekly structure is deteriorating.",,,2026-07-09,,watchlist,weekly_watchlist,watchlist,23.53,12.79,18.7,2.0,23.53,12.79,20.7,-2.7,14.59,263398329.61,"Stage 3, Stage 3 - Distribution/Damage, volume_dryup, weekly_volume_dryup, distribution_risk",543,519,Stage 3,watchlist,weekly_watchlist,22.47,-24,-1.7699999999999996,False,False,False,False,False
LGBBROSLTD.NS,LG Balakrishnan & Bros Limited,Automobile and Auto Components,Unknown,False,Cash,1,Stage 1,Stage 1,Stage 1 - Base/Repair,Stage 1 - Base/Repair,Stage 1 • Stage 1 - Base/Repair,0.7,Price is near long-term moving averages with no strong long-term downtrend signal.,,,2026-05-01,,watchlist,weekly_watchlist,watchlist,9.46,12.2,10.69,10.0,9.46,12.2,20.69,1.76,-13.54,35684784.6,"Stage 1, Stage 1 - Base/Repair, stage1_not_actionable, stage1_needs_more_base",544,548,Stage 1,watchlist,weekly_watchlist,20.55,4,0.14000000000000057,False,False,False,False,False
GRSE.NS,Garden Reach Shipbuilders & Engineers Limited,Capital Goods,Unknown,False,Cash,1,Stage 3,Stage 3,Stage 3 - Transition,Stage 3 - Transition,Stage 3 • Stage 3 - Transition,0.62,"The structure is transitioning after prior strength, but it is not yet a confirmed Stage 4 decline.",,,2026-07-08,,watchlist,weekly_watchlist,watchlist,26.35,2.57,15.65,5.0,26.35,2.57,20.65,-2.47,16.13,1342118547.34,"Stage 3, Stage 3 - Transition, distribution_risk",545,714,Stage 3,watchlist,weekly_watchlist,5.86,169,14.79,False,False,False,False,False
JKIL.NS,J.Kumar Infraprojects Limited,Construction,Unknown,False,Cash,1,Stage 4,Stage 4,Stage 4 - Weak/Declining,Stage 4 - Weak/Declining,Stage 4 • Stage 4 - Weak/Declining,0.72,Price is below long-term support with weak trend evidence.,,,,,watchlist,weekly_watchlist,watchlist,8.08,35.88,20.59,0.0,8.08,35.88,20.59,4.29,-3.52,46082444.79,"Stage 4, Stage 4 - Weak/Declining, weekly_vcp_ok, weekly_strong, downtrend",546,461,Stage 4,watchlist,weekly_watchlist,26.06,-85,-5.469999999999999,False,False,False,False,False
GRINFRA.NS,G R Infraprojects Limited,Construction,Unknown,False,Cash,1,Stage 4,Stage 4,Stage 4 - Confirmed Downtrend,Stage 4 - Confirmed Downtrend,Stage 4 • Stage 4 - Confirmed Downtrend,0.86,Price is below a bearish moving-average stack with falling trend signals.,,,,,watchlist,weekly_watchlist,watchlist,7.1,36.9,20.51,0.0,7.1,36.9,20.51,-10.11,-4.91,41050350.46,"Stage 4, Stage 4 - Confirmed Downtrend, weekly_vcp_ok, weekly_volume_dryup, weekly_strong, downtrend",547,550,Stage 4,watchlist,weekly_watchlist,20.51,3,0.0,False,False,False,False,False
SIGNATURE.NS,Signatureglobal (India) Ltd.,Realty,Unknown,False,Cash,1,Stage 4,Stage 4,Stage 4 - Weak/Declining,Stage 4 - Weak/Declining,Stage 4 • Stage 4 - Weak/Declining,0.72,Price is below long-term support with weak trend evidence.,,,,,watchlist,weekly_watchlist,watchlist,19.1,22.1,20.45,0.0,19.1,22.1,20.45,-4.3,-21.1,183172607.92,"Stage 4, Stage 4 - Weak/Declining, weekly_vcp_ok, volume_dryup, weekly_volume_dryup, downtrend",548,520,Stage 4,watchlist,weekly_watchlist,22.45,-28,-2.0,False,False,False,False,False
DODLA.NS,Dodla Dairy Limited,Fast Moving Consumer Goods,Unknown,False,Cash,1,Stage 4,Stage 4,Stage 4 - Weak/Declining,Stage 4 - Weak/Declining,Stage 4 • Stage 4 - Weak/Declining,0.72,Price is below long-term support with weak trend evidence.,,,,,watchlist,weekly_watchlist,watchlist,0.0,45.02,20.26,0.0,0.0,45.02,20.26,5.32,-4.09,28937484.41,"Stage 4, Stage 4 - Weak/Declining, weekly_vcp_ok, weekly_strong, downtrend",549,553,Stage 4,watchlist,weekly_watchlist,20.28,4,-0.019999999999999574,False,False,False,False,False
ORISSAMINE.NS,The Orissa Minerals Development Company Limited,Metals & Mining,Unknown,False,Cash,1,Stage 1,Stage 1,Stage 1 - Early Turn,Stage 1 - Early Turn,Stage 1 • Stage 1 - Early Turn,0.66,The stock is improving from a repair/base area but has not confirmed a clean Stage 2 yet.,,,,,watchlist,weekly_watchlist,watchlist,0.0,44.9,20.2,0.0,0.0,44.9,20.2,14.41,16.57,283431068.57,"Stage 1, Stage 1 - Early Turn, weekly_vcp_ok, weekly_strong, stage1_not_actionable, stage1_needs_more_base",550,551,Stage 1,watchlist,weekly_watchlist,20.45,1,-0.25,False,False,False,False,False
CIEINDIA.NS,CIE Automotive India Limited,Automobile and Auto Components,Unknown,False,Cash,1,Stage 4,Stage 4,Stage 4 - Weak/Declining,Stage 4 - Weak/Declining,Stage 4 • Stage 4 - Weak/Declining,0.72,Price is below long-term support with weak trend evidence.,,,2026-07-22,,watchlist,weekly_watchlist,watchlist,15.1,4.0,10.11,10.0,15.1,4.0,20.11,-13.77,-2.29,336877312.93,"Stage 4, Stage 4 - Weak/Declining, downtrend",551,555,Stage 4,watchlist,weekly_watchlist,20.11,4,0.0,False,False,False,False,False
ASHOKA.NS,Ashoka Buildcon Limited,Construction,Unknown,False,Cash,1,Stage 4,Stage 4,Stage 4 - Confirmed Downtrend,Stage 4 - Confirmed Downtrend,Stage 4 • Stage 4 - Confirmed Downtrend,0.86,Price is below a bearish moving-average stack with falling trend signals.,,,,,watchlist,weekly_watchlist,watchlist,18.2,22.1,19.95,0.0,18.2,22.1,19.95,-13.55,-20.25,79128052.98,"Stage 4, Stage 4 - Confirmed Downtrend, weekly_vcp_ok, volume_dryup, weekly_volume_dryup, downtrend",552,556,Stage 4,watchlist,weekly_watchlist,19.95,4,0.0,False,False,False,False,False
NTPCGREEN.NS,NTPC Green Energy Ltd.,Power,Unknown,False,Cash,1,Stage 4,Stage 4,Stage 4 - Weak/Declining,Stage 4 - Weak/Declining,Stage 4 • Stage 4 - Weak/Declining,0.72,Price is below long-term support with weak trend evidence.,,,2026-06-05,,watchlist,weekly_watchlist,watchlist,18.2,22.1,19.95,0.0,18.2,22.1,19.95,-13.67,8.5,863892220.86,"Stage 4, Stage 4 - Weak/Declining, weekly_vcp_ok, volume_dryup, weekly_volume_dryup, downtrend",553,557,Stage 4,watchlist,weekly_watchlist,19.95,4,0.0,False,False,False,False,False
TARIL.NS,Transformers And Rectifiers (India) Ltd.,Capital Goods,Unknown,False,Cash,1,Stage 4,Stage 4,Stage 4 - Weak/Declining,Stage 4 - Weak/Declining,Stage 4 • Stage 4 - Weak/Declining,0.72,Price is below long-term support with weak trend evidence.,,,,,watchlist,weekly_watchlist,watchlist,0.0,32.97,14.84,5.0,0.0,32.97,19.84,-6.18,14.55,375945670.16,"Stage 4, Stage 4 - Weak/Declining, weekly_vcp_ok, volume_dryup, weekly_volume_dryup, weekly_strong, downtrend",554,558,Stage 4,watchlist,weekly_watchlist,19.91,4,-0.07000000000000028,False,False,False,False,False
DBCORP.NS,D.B.Corp Limited,"Media, Entertainment & Publication",Unknown,False,Cash,1,Not Sure,Stage 4,Pending Stage 4,Pending Stage 4,Not Sure • Pending Stage 4,0.55,Blocked public stage jump Stage 1 -> Stage 4; waiting for intermediate/confirmed structure.,Blocked public stage jump Stage 1 -> Stage 4; waiting for intermediate/confirmed structure.,,,Stage 4,watchlist,weekly_watchlist,watchlist,6.7,35.8,19.8,0.0,6.7,35.8,19.8,-0.78,-6.66,29393475.98,"Stage 4, Stage 4 - Weak/Declining, weekly_vcp_ok, volume_dryup, weekly_volume_dryup, weekly_strong, downtrend | Blocked public stage jump Stage 1 -> Stage 4; waiting for intermediate/confirmed structure.",555,498,Stage 1,watchlist,weekly_watchlist,24.14,-57,-4.34,False,False,False,False,False
SHREECEM.NS,SHREE CEMENT LIMITED,Construction Materials,Unknown,True,F&O,1,Stage 2 Failed,Stage 4,Failed Stage 2,Failed Stage 2,Stage 2 Failed • Failed Stage 2,0.72,"This stock was recently Stage 2, but the latest structure no longer satisfies Stage 2 rules. It is kept as Stage 2 Failed until a fresh base/repair structure forms.",Recent Stage 2 break; public stage held as Stage 2 Failed.,2026-08-18,2026-08-10,,watchlist,weekly_watchlist,watchlist,0.0,43.8,19.71,0.0,0.0,43.8,19.71,-1.95,-0.01,652955013.0,"Stage 4, Stage 4 - Weak/Declining, weekly_vcp_ok, weekly_strong, downtrend | Stage 2 failed state applied from stage memory.",556,564,Stage 2 Failed,watchlist,weekly_watchlist,19.71,8,0.0,False,False,False,False,False
IEX.NS,Indian Energy Exchange Limited,Financial Services,Unknown,True,F&O,1,Stage 4,Stage 4,Stage 4 - Weak/Declining,Stage 4 - Weak/Declining,Stage 4 • Stage 4 - Weak/Declining,0.72,Price is below long-term support with weak trend evidence.,,,,,watchlist,weekly_watchlist,watchlist,20.31,14.51,17.7,2.0,20.31,14.51,19.7,-4.05,7.11,699856963.45,"Stage 4, Stage 4 - Weak/Declining, volume_dryup, weekly_volume_dryup, downtrend",557,562,Stage 4,watchlist,weekly_watchlist,19.8,5,-0.10000000000000142,False,False,False,False,False
MARUTI.NS,Maruti Suzuki India Limited,Automobile and Auto Components,Unknown,True,F&O,1,Not Sure,Stage 4,Pending Stage 4,Pending Stage 4,Not Sure • Pending Stage 4,0.55,Blocked public stage jump Stage 1 -> Stage 4; waiting for intermediate/confirmed structure.,Blocked public stage jump Stage 1 -> Stage 4; waiting for intermediate/confirmed structure.,,2026-01-13,Stage 4,watchlist,weekly_watchlist,watchlist,17.17,0.5,9.67,10.0,17.17,0.5,19.67,4.77,-3.78,5195297524.66,"Stage 4, Stage 4 - Weak/Declining, volume_dryup, weekly_volume_dryup, downtrend | Blocked public stage jump Stage 1 -> Stage 4; waiting for intermediate/confirmed structure.",558,508,Stage 1,watchlist,weekly_watchlist,23.84,-50,-4.169999999999998,False,False,False,False,False
IRFC.NS,Indian Railway Finance Corporation Limited,Financial Services,Unknown,True,F&O,1,Stage 4,Stage 4,Stage 4 - Confirmed Downtrend,Stage 4 - Confirmed Downtrend,Stage 4 • Stage 4 - Confirmed Downtrend,0.86,Price is below a bearish moving-average stack with falling trend signals.,,,,,watchlist,weekly_watchlist,watchlist,2.68,35.8,17.58,2.0,2.68,35.8,19.58,-14.25,-17.12,639085158.95,"Stage 4, Stage 4 - Confirmed Downtrend, weekly_vcp_ok, volume_dryup, weekly_volume_dryup, weekly_strong, downtrend",559,563,Stage 4,watchlist,weekly_watchlist,19.73,4,-0.15000000000000213,False,False,False,False,False
RITES.NS,RITES Limited,Construction,Unknown,False,Cash,1,Stage 1,Stage 1,Stage 1 - Early Turn,Stage 1 - Early Turn,Stage 1 • Stage 1 - Early Turn,0.66,The stock is improving from a repair/base area but has not confirmed a clean Stage 2 yet.,,,,,watchlist,weekly_watchlist,watchlist,0.0,42.93,19.32,0.0,0.0,42.93,19.32,5.81,5.47,165740721.76,"Stage 1, Stage 1 - Early Turn, weekly_vcp_ok, volume_dryup, weekly_volume_dryup, weekly_strong, stage1_not_actionable, stage1_needs_more_base",560,565,Stage 1,watchlist,weekly_watchlist,19.54,5,-0.21999999999999886,False,False,False,False,False
SAMMAANCAP.NS,Sammaan Capital Ltd.,Financial Services,Unknown,True,F&O,1,Stage 2 Failed,Stage 4,Failed Stage 2,Failed Stage 2,Stage 2 Failed • Failed Stage 2,0.72,"This stock was recently Stage 2, but the latest structure no longer satisfies Stage 2 rules. It is kept as Stage 2 Failed until a fresh base/repair structure forms.",Recent Stage 2 break; public stage held as Stage 2 Failed.,2026-08-18,2026-08-13,,watchlist,weekly_watchlist,watchlist,0.0,38.33,17.25,2.0,0.0,38.33,19.25,3.98,10.29,1230570567.11,"Stage 4, Stage 4 - Weak/Declining, weekly_vcp_ok, weekly_strong, downtrend | Stage 2 failed state applied from stage memory.",561,571,Stage 2 Failed,watchlist,weekly_watchlist,18.91,10,0.33999999999999986,False,False,False,False,False
PILANIINVS.NS,Pilani Investment and Industries Corporation Limited,Financial Services,Unknown,False,Cash,1,Stage 4,Stage 4,Stage 4 - Weak/Declining,Stage 4 - Weak/Declining,Stage 4 • Stage 4 - Weak/Declining,0.72,Price is below long-term support with weak trend evidence.,,,2025-11-17,,watchlist,weekly_watchlist,watchlist,0.0,38.0,17.1,2.0,0.0,38.0,19.1,-2.94,1.48,9735729.55,"Stage 4, Stage 4 - Weak/Declining, weekly_vcp_ok, weekly_strong, downtrend",562,567,Stage 4,watchlist,weekly_watchlist,19.13,5,-0.029999999999997584,False,False,False,False,False
INTELLECT.NS,Intellect Design Arena Limited,Information Technology,Unknown,False,Cash,1,Stage 4,Stage 4,Stage 4 - Weak/Declining,Stage 4 - Weak/Declining,Stage 4 • Stage 4 - Weak/Declining,0.72,Price is below long-term support with weak trend evidence.,,,2025-12-05,,watchlist,weekly_watchlist,watchlist,0.0,37.37,16.82,2.0,0.0,37.37,18.82,-1.29,6.01,393750508.87,"Stage 4, Stage 4 - Weak/Declining, weekly_vcp_ok, volume_dryup, weekly_volume_dryup, weekly_strong, downtrend",563,443,Stage 4,watchlist,weekly_watchlist,26.95,-120,-8.129999999999999,False,False,False,False,False
HINDZINC.NS,Hindustan Zinc Limited,Metals & Mining,Unknown,True,F&O,1,Stage 1,Stage 1,Stage 1 - Base/Repair,Stage 1 - Base/Repair,Stage 1 • Stage 1 - Base/Repair,0.7,Price is near long-term moving averages with no strong long-term downtrend signal.,,,2026-06-04,,watchlist,weekly_watchlist,watchlist,0.0,41.8,18.81,0.0,0.0,41.8,18.81,-13.71,3.77,2693832655.29,"Stage 1, Stage 1 - Base/Repair, weekly_vcp_ok, weekly_strong, stage1_not_actionable, stage1_needs_more_base",564,572,Stage 1,watchlist,weekly_watchlist,18.81,8,0.0,False,False,False,False,False
IDEA.NS,Vodafone Idea Limited,Telecommunication,Unknown,True,F&O,1,Stage 2 Failed,Stage 3,Failed Stage 2,Failed Stage 2,Stage 2 Failed • Failed Stage 2,0.72,"This stock was recently Stage 2, but the latest structure no longer satisfies Stage 2 rules. It is kept as Stage 2 Failed until a fresh base/repair structure forms.",Recent Stage 2 break; public stage held as Stage 2 Failed.,2026-08-18,2026-08-07,,watchlist,weekly_watchlist,watchlist,11.22,5.49,8.64,10.0,11.22,5.49,18.64,0.88,30.07,5322360232.18,"Stage 3, Stage 3 - Transition, distribution_risk | Stage 2 failed state applied from stage memory.",565,631,Stage 2 Failed,watchlist,weekly_watchlist,15.22,66,3.42,False,False,False,False,False
GENSOL.NS,Gensol Engineering Limited,Services,Unknown,False,Cash,1,Stage 4,Stage 4,Stage 4 - Confirmed Downtrend,Stage 4 - Confirmed Downtrend,Stage 4 • Stage 4 - Confirmed Downtrend,0.86,Price is below a bearish moving-average stack with falling trend signals.,,,,,watchlist,weekly_watchlist,watchlist,0.0,36.9,16.61,2.0,0.0,36.9,18.61,-9.72,-28.35,1359389.39,"Stage 4, Stage 4 - Confirmed Downtrend, weekly_vcp_ok, weekly_strong, downtrend",566,575,Stage 4,watchlist,weekly_watchlist,18.61,9,0.0,False,False,False,False,False
HDFCAMC.NS,HDFC Asset Management Company Limited,Financial Services,Unknown,True,F&O,1,Stage 4,Stage 4,Stage 4 - Weak/Declining,Stage 4 - Weak/Declining,Stage 4 • Stage 4 - Weak/Declining,0.72,Price is below long-term support with weak trend evidence.,,,2026-07-15,,watchlist,weekly_watchlist,watchlist,0.0,36.9,16.61,2.0,0.0,36.9,18.61,-7.38,-3.23,1747925143.72,"Stage 4, Stage 4 - Weak/Declining, weekly_vcp_ok, volume_dryup, weekly_strong, downtrend",567,576,Stage 4,watchlist,weekly_watchlist,18.61,9,0.0,False,False,False,False,False
HINDWAREAP.NS,Hindware Home Innovation Limited,Consumer Durables,Unknown,False,Cash,1,Stage 4,Stage 4,Stage 4 - Weak/Declining,Stage 4 - Weak/Declining,Stage 4 • Stage 4 - Weak/Declining,0.72,Price is below long-term support with weak trend evidence.,,,2025-11-28,,watchlist,weekly_watchlist,watchlist,0.0,36.9,16.61,2.0,0.0,36.9,18.61,-9.69,-10.13,39999933.28,"Stage 4, Stage 4 - Weak/Declining, weekly_vcp_ok, volume_dryup, weekly_strong, downtrend",568,613,Stage 4,watchlist,weekly_watchlist,16.61,45,2.0,False,False,False,False,False
NESCO.NS,Nesco Limited,Services,Unknown,False,Cash,1,Stage 4,Stage 4,Stage 4 - Confirmed Downtrend,Stage 4 - Confirmed Downtrend,Stage 4 • Stage 4 - Confirmed Downtrend,0.86,Price is below a bearish moving-average stack with falling trend signals.,,,2025-10-29,,watchlist,weekly_watchlist,watchlist,0.0,36.9,16.61,2.0,0.0,36.9,18.61,-18.08,-5.49,42318134.05,"Stage 4, Stage 4 - Confirmed Downtrend, weekly_vcp_ok, volume_dryup, weekly_volume_dryup, weekly_strong, downtrend",569,577,Stage 4,watchlist,weekly_watchlist,18.61,8,0.0,False,False,False,False,False
NUCLEUS.NS,Nucleus Software Exports Limited,Information Technology,Unknown,False,Cash,1,Stage 4,Stage 4,Stage 4 - Confirmed Downtrend,Stage 4 - Confirmed Downtrend,Stage 4 • Stage 4 - Confirmed Downtrend,0.86,Price is below a bearish moving-average stack with falling trend signals.,,,,,watchlist,weekly_watchlist,watchlist,0.0,36.9,16.61,2.0,0.0,36.9,18.61,-12.68,-10.02,32441267.37,"Stage 4, Stage 4 - Confirmed Downtrend, weekly_vcp_ok, volume_dryup, weekly_volume_dryup, weekly_strong, downtrend",570,523,Stage 4,watchlist,weekly_watchlist,22.27,-47,-3.66,False,False,False,False,False
PSB.NS,Punjab & Sind Bank,Financial Services,Unknown,False,Cash,1,Stage 4,Stage 4,Stage 4 - Weak/Declining,Stage 4 - Weak/Declining,Stage 4 • Stage 4 - Weak/Declining,0.72,Price is below long-term support with weak trend evidence.,,,,,watchlist,weekly_watchlist,watchlist,0.0,36.9,16.61,2.0,0.0,36.9,18.61,-2.38,-6.87,27592955.56,"Stage 4, Stage 4 - Weak/Declining, weekly_vcp_ok, volume_dryup, weekly_volume_dryup, weekly_strong, downtrend",571,578,Stage 4,watchlist,weekly_watchlist,18.61,7,0.0,False,False,False,False,False
SWIGGY.NS,Swiggy Ltd.,Consumer Services,Unknown,True,F&O,1,Stage 4,Stage 4,Stage 4 - Weak/Declining,Stage 4 - Weak/Declining,Stage 4 • Stage 4 - Weak/Declining,0.72,Price is below long-term support with weak trend evidence.,,,,,watchlist,weekly_watchlist,watchlist,0.0,36.9,16.61,2.0,0.0,36.9,18.61,7.66,-11.16,6299134343.42,"Stage 4, Stage 4 - Weak/Declining, weekly_vcp_ok, volume_dryup, weekly_volume_dryup, weekly_strong, downtrend",572,579,Stage 4,watchlist,weekly_watchlist,18.61,7,0.0,False,False,False,False,False
UTIAMC.NS,UTI Asset Management Company Limited,Financial Services,Unknown,False,Cash,1,Stage 4,Stage 4,Stage 4 - Weak/Declining,Stage 4 - Weak/Declining,Stage 4 • Stage 4 - Weak/Declining,0.72,Price is below long-term support with weak trend evidence.,,,,,watchlist,weekly_watchlist,watchlist,0.0,36.9,16.61,2.0,0.0,36.9,18.61,-3.77,-6.97,196523317.1,"Stage 4, Stage 4 - Weak/Declining, weekly_vcp_ok, volume_dryup, weekly_volume_dryup, weekly_strong, downtrend",573,580,Stage 4,watchlist,weekly_watchlist,18.61,7,0.0,False,False,False,False,False
SKFINDIA.NS,SKF India Limited,Capital Goods,Unknown,False,Cash,1,Stage 4,Stage 4,Stage 4 - Weak/Declining,Stage 4 - Weak/Declining,Stage 4 • Stage 4 - Weak/Declining,0.72,Price is below long-term support with weak trend evidence.,,,,,watchlist,weekly_watchlist,watchlist,0.0,30.1,13.55,5.0,0.0,30.1,18.55,-3.95,3.93,212701612.62,"Stage 4, Stage 4 - Weak/Declining, weekly_vcp_ok, downtrend",574,573,Stage 4,watchlist,weekly_watchlist,18.69,-1,-0.14000000000000057,False,False,False,False,False
HATHWAY.NS,Hathway Cable & Datacom Limited,"Media, Entertainment & Publication",Unknown,False,Cash,1,Stage 4,Stage 4,Stage 4 - Weak/Declining,Stage 4 - Weak/Declining,Stage 4 • Stage 4 - Weak/Declining,0.72,Price is below long-term support with weak trend evidence.,,,,,watchlist,weekly_watchlist,watchlist,7.31,32.24,18.53,0.0,7.31,32.24,18.53,1.58,-0.51,12270561.85,"Stage 4, Stage 4 - Weak/Declining, weekly_vcp_ok, volume_dryup, weekly_volume_dryup, weekly_strong, downtrend",575,574,Stage 4,watchlist,weekly_watchlist,18.66,-1,-0.129999999999999,False,False,False,False,False
IMAGICAA.NS,Imagicaaworld Entertainment Limited,Consumer Services,Unknown,False,Cash,1,Stage 2 Failed,Stage 4,Failed Stage 2,Failed Stage 2,Stage 2 Failed • Failed Stage 2,0.72,"This stock was recently Stage 2, but the latest structure no longer satisfies Stage 2 rules. It is kept as Stage 2 Failed until a fresh base/repair structure forms.",Recent Stage 2 break; public stage held as Stage 2 Failed.,2026-08-18,2026-08-17,,watchlist,weekly_watchlist,watchlist,0.0,36.61,16.47,2.0,0.0,36.61,18.47,7.01,1.12,36566781.15,"Stage 4, Stage 4 - Weak/Declining, weekly_vcp_ok, volume_dryup, weekly_volume_dryup, weekly_strong, downtrend | Stage 2 failed state applied from stage memory.",576,248,Stage 2,watchlist,weekly_forming,42.28,-328,-23.810000000000002,False,False,False,False,False
APTUS.NS,Aptus Value Housing Finance India Limited,Financial Services,Unknown,False,Cash,1,Stage 2 Failed,Stage 4,Failed Stage 2,Failed Stage 2,Stage 2 Failed • Failed Stage 2,0.72,"This stock was recently Stage 2, but the latest structure no longer satisfies Stage 2 rules. It is kept as Stage 2 Failed until a fresh base/repair structure forms.",Recent Stage 2 break; public stage held as Stage 2 Failed.,2026-08-18,2026-07-30,,watchlist,weekly_watchlist,watchlist,0.0,36.48,16.42,2.0,0.0,36.48,18.42,-3.25,10.06,273171644.9,"Stage 4, Stage 4 - Weak/Declining, weekly_vcp_ok, volume_dryup, weekly_volume_dryup, weekly_strong, downtrend | Stage 2 failed state applied from stage memory.",577,582,Stage 2 Failed,watchlist,weekly_watchlist,18.32,5,0.10000000000000142,False,False,False,False,False
KSL.NS,Kalyani Steels Limited,Capital Goods,Unknown,False,Cash,1,Stage 2,Stage 2,Early Stage 2,Early Stage 2,Stage 2 • Early Stage 2,0.72,"Price has moved above long-term structure, but the full moving-average stack is not clean yet.",,,2026-08-17,,watchlist,weekly_watchlist,watchlist,8.51,19.4,13.41,5.0,8.51,19.4,18.41,-1.7,15.66,27494080.59,"Stage 2, Early Stage 2, volume_dryup, weekly_volume_dryup",578,566,Stage 2,watchlist,weekly_watchlist,19.44,-12,-1.0300000000000011,False,False,False,False,False
LICI.NS,Life Insurance Corporation Of India,Financial Services,Unknown,True,F&O,1,Stage 2 Failed,Stage 4,Failed Stage 2,Failed Stage 2,Stage 2 Failed • Failed Stage 2,0.72,"This stock was recently Stage 2, but the latest structure no longer satisfies Stage 2 rules. It is kept as Stage 2 Failed until a fresh base/repair structure forms.",Recent Stage 2 break; public stage held as Stage 2 Failed.,2026-08-18,2026-08-03,,watchlist,weekly_watchlist,watchlist,0.0,36.35,16.36,2.0,0.0,36.35,18.36,2.91,2.55,6748828923.44,"Stage 4, Stage 4 - Weak/Declining, weekly_vcp_ok, weekly_strong, downtrend | Stage 2 failed state applied from stage memory.",579,581,Stage 2 Failed,watchlist,weekly_watchlist,18.34,2,0.019999999999999574,False,False,False,False,False
FORTIS.NS,Fortis Healthcare Limited,Healthcare,Unknown,True,F&O,1,Stage 2 Failed,Stage 4,Failed Stage 2,Failed Stage 2,Stage 2 Failed • Failed Stage 2,0.72,"This stock was recently Stage 2, but the latest structure no longer satisfies Stage 2 rules. It is kept as Stage 2 Failed until a fresh base/repair structure forms.",Recent Stage 2 break; public stage held as Stage 2 Failed.,2026-08-18,2026-07-29,,watchlist,weekly_watchlist,watchlist,15.1,0.0,8.3,10.0,15.1,0.0,18.3,-6.59,5.86,1314134432.65,"Stage 4, Stage 4 - Weak/Declining, downtrend | Stage 2 failed state applied from stage memory.",580,583,Stage 2 Failed,watchlist,weekly_watchlist,18.3,3,0.0,False,False,False,False,False
WONDERLA.NS,Wonderla Holidays Limited,Consumer Services,Unknown,False,Cash,1,Stage 4,Stage 4,Stage 4 - Weak/Declining,Stage 4 - Weak/Declining,Stage 4 • Stage 4 - Weak/Declining,0.72,Price is below long-term support with weak trend evidence.,,,,,watchlist,weekly_watchlist,watchlist,0.0,35.91,16.16,2.0,0.0,35.91,18.16,-2.66,3.76,76390854.49,"Stage 4, Stage 4 - Weak/Declining, weekly_vcp_ok, weekly_strong, downtrend",581,599,Stage 4,watchlist,weekly_watchlist,18.11,18,0.05000000000000071,False,False,False,False,False
CMSINFO.NS,CMS Info Systems Limited,Services,Unknown,False,Cash,1,Stage 4,Stage 4,Stage 4 - Confirmed Downtrend,Stage 4 - Confirmed Downtrend,Stage 4 • Stage 4 - Confirmed Downtrend,0.86,Price is below a bearish moving-average stack with falling trend signals.,,,,,watchlist,weekly_watchlist,watchlist,0.0,35.8,16.11,2.0,0.0,35.8,18.11,-19.62,-14.31,185589898.21,"Stage 4, Stage 4 - Confirmed Downtrend, weekly_vcp_ok, weekly_strong, downtrend",582,586,Stage 4,watchlist,weekly_watchlist,18.11,4,0.0,False,False,False,False,False
EASEMYTRIP.NS,Easy Trip Planners Limited,Consumer Services,Unknown,False,Cash,1,Stage 4,Stage 4,Stage 4 - Confirmed Downtrend,Stage 4 - Confirmed Downtrend,Stage 4 • Stage 4 - Confirmed Downtrend,0.86,Price is below a bearish moving-average stack with falling trend signals.,,,,,watchlist,weekly_watchlist,watchlist,0.0,35.8,16.11,2.0,0.0,35.8,18.11,-25.16,-0.82,131784327.73,"Stage 4, Stage 4 - Confirmed Downtrend, weekly_vcp_ok, volume_dryup, weekly_volume_dryup, weekly_strong, downtrend",583,561,Stage 4,watchlist,weekly_watchlist,19.82,-22,-1.7100000000000009,False,False,False,False,False
GATEWAY.NS,Gateway Distriparks Limited,Services,Unknown,False,Cash,1,Stage 4,Stage 4,Stage 4 - Weak/Declining,Stage 4 - Weak/Declining,Stage 4 • Stage 4 - Weak/Declining,0.72,Price is below long-term support with weak trend evidence.,,,2026-07-15,,watchlist,weekly_watchlist,watchlist,0.0,35.8,16.11,2.0,0.0,35.8,18.11,-1.24,0.73,81956496.29,"Stage 4, Stage 4 - Weak/Declining, weekly_vcp_ok, weekly_volume_dryup, weekly_strong, downtrend",584,585,Stage 4,watchlist,weekly_watchlist,18.2,1,-0.08999999999999986,False,False,False,False,False
HDFCBANK.NS,HDFC Bank Limited,Financial Services,Unknown,True,F&O,1,Stage 4,Stage 4,Stage 4 - Weak/Declining,Stage 4 - Weak/Declining,Stage 4 • Stage 4 - Weak/Declining,0.72,Price is below long-term support with weak trend evidence.,,,2026-01-02,,watchlist,weekly_watchlist,watchlist,0.0,35.8,16.11,2.0,0.0,35.8,18.11,-6.12,-14.62,20320469664.55,"Stage 4, Stage 4 - Weak/Declining, weekly_vcp_ok, weekly_volume_dryup, weekly_strong, downtrend",585,587,Stage 4,watchlist,weekly_watchlist,18.11,2,0.0,False,False,False,False,False
ICRA.NS,ICRA Limited,Financial Services,Unknown,False,Cash,1,Stage 4,Stage 4,Stage 4 - Confirmed Downtrend,Stage 4 - Confirmed Downtrend,Stage 4 • Stage 4 - Confirmed Downtrend,0.86,Price is below a bearish moving-average stack with falling trend signals.,,,2025-11-06,,watchlist,weekly_watchlist,watchlist,0.0,35.8,16.11,2.0,0.0,35.8,18.11,-7.56,-5.72,238080241.86,"Stage 4, Stage 4 - Confirmed Downtrend, weekly_vcp_ok, weekly_strong, downtrend",586,588,Stage 4,watchlist,weekly_watchlist,18.11,2,0.0,False,False,False,False,False
IDBI.NS,IDBI Bank Limited,Financial Services,Unknown,False,Cash,1,Stage 4,Stage 4,Stage 4 - Weak/Declining,Stage 4 - Weak/Declining,Stage 4 • Stage 4 - Weak/Declining,0.72,Price is below long-term support with weak trend evidence.,,,2026-03-10,,watchlist,weekly_watchlist,watchlist,0.0,35.8,16.11,2.0,0.0,35.8,18.11,8.69,-20.77,455829271.9,"Stage 4, Stage 4 - Weak/Declining, weekly_vcp_ok, volume_dryup, weekly_volume_dryup, weekly_strong, downtrend",587,471,Stage 4,watchlist,weekly_watchlist,25.57,-116,-7.460000000000001,False,False,False,False,False
JSWHL.NS,JSW Holdings Limited,Financial Services,Unknown,False,Cash,1,Stage 4,Stage 4,Stage 4 - Confirmed Downtrend,Stage 4 - Confirmed Downtrend,Stage 4 • Stage 4 - Confirmed Downtrend,0.86,Price is below a bearish moving-average stack with falling trend signals.,,,,,watchlist,weekly_watchlist,watchlist,0.0,35.8,16.11,2.0,0.0,35.8,18.11,-10.87,-28.06,39717484.75,"Stage 4, Stage 4 - Confirmed Downtrend, weekly_vcp_ok, weekly_strong, downtrend",588,589,Stage 4,watchlist,weekly_watchlist,18.11,1,0.0,False,False,False,False,False
KANSAINER.NS,Kansai Nerolac Paints Limited,Consumer Durables,Unknown,False,Cash,1,Stage 4,Stage 4,Stage 4 - Weak/Declining,Stage 4 - Weak/Declining,Stage 4 • Stage 4 - Weak/Declining,0.72,Price is below long-term support with weak trend evidence.,,,2025-11-17,,watchlist,weekly_watchlist,watchlist,0.0,35.8,16.11,2.0,0.0,35.8,18.11,-7.17,6.5,81586566.04,"Stage 4, Stage 4 - Weak/Declining, weekly_vcp_ok, weekly_volume_dryup, weekly_strong, downtrend",589,559,Stage 4,watchlist,weekly_watchlist,19.87,-30,-1.7600000000000016,False,False,False,False,False
KPITTECH.NS,KPIT Technologies Limited,Information Technology,Unknown,True,F&O,1,Stage 4,Stage 4,Stage 4 - Confirmed Downtrend,Stage 4 - Confirmed Downtrend,Stage 4 • Stage 4 - Confirmed Downtrend,0.86,Price is below a bearish moving-average stack with falling trend signals.,,,,,watchlist,weekly_watchlist,watchlist,0.0,35.8,16.11,2.0,0.0,35.8,18.11,-21.85,-25.58,3025216476.97,"Stage 4, Stage 4 - Confirmed Downtrend, weekly_vcp_ok, volume_dryup, weekly_volume_dryup, weekly_strong, downtrend",590,590,Stage 4,watchlist,weekly_watchlist,18.11,0,0.0,False,False,False,False,False
LICHSGFIN.NS,LIC Housing Finance Limited,Financial Services,Unknown,True,F&O,1,Stage 4,Stage 4,Stage 4 - Weak/Declining,Stage 4 - Weak/Declining,Stage 4 • Stage 4 - Weak/Declining,0.72,Price is below long-term support with weak trend evidence.,,,2026-07-27,,watchlist,weekly_watchlist,watchlist,0.0,35.8,16.11,2.0,0.0,35.8,18.11,-9.24,3.57,783869752.43,"Stage 4, Stage 4 - Weak/Declining, weekly_vcp_ok, weekly_strong, downtrend",591,591,Stage 2 Failed,watchlist,weekly_watchlist,18.11,0,0.0,False,False,False,False,False
MAPMYINDIA.NS,C.E. Info Systems Limited,Information Technology,Unknown,False,Cash,1,Stage 4,Stage 4,Stage 4 - Weak/Declining,Stage 4 - Weak/Declining,Stage 4 • Stage 4 - Weak/Declining,0.72,Price is below long-term support with weak trend evidence.,,,,,watchlist,weekly_watchlist,watchlist,0.0,35.8,16.11,2.0,0.0,35.8,18.11,9.4,-15.0,443812447.67,"Stage 4, Stage 4 - Weak/Declining, weekly_vcp_ok, volume_dryup, weekly_volume_dryup, weekly_strong, downtrend",592,592,Stage 4,watchlist,weekly_watchlist,18.11,0,0.0,False,False,False,False,False
MFSL.NS,Max Financial Services Limited,Financial Services,Unknown,True,F&O,1,Stage 4,Stage 4,Stage 4 - Weak/Declining,Stage 4 - Weak/Declining,Stage 4 • Stage 4 - Weak/Declining,0.72,Price is below long-term support with weak trend evidence.,,,2026-03-11,,watchlist,weekly_watchlist,watchlist,0.0,35.8,16.11,2.0,0.0,35.8,18.11,-4.48,-7.18,1356159902.15,"Stage 4, Stage 4 - Weak/Declining, weekly_vcp_ok, weekly_strong, downtrend",593,593,Stage 4,watchlist,weekly_watchlist,18.11,0,0.0,False,False,False,False,False
MUTHOOTFIN.NS,Muthoot Finance Limited,Financial Services,Unknown,True,F&O,1,Stage 4,Stage 4,Stage 4 - Confirmed Downtrend,Stage 4 - Confirmed Downtrend,Stage 4 • Stage 4 - Confirmed Downtrend,0.86,Price is below a bearish moving-average stack with falling trend signals.,,,2026-02-12,,watchlist,weekly_watchlist,watchlist,0.0,35.8,16.11,2.0,0.0,35.8,18.11,-13.53,-10.58,3630448935.05,"Stage 4, Stage 4 - Confirmed Downtrend, weekly_vcp_ok, volume_dryup, weekly_volume_dryup, weekly_strong, downtrend",594,594,Stage 4,watchlist,weekly_watchlist,18.11,0,0.0,False,False,False,False,False
RSYSTEMS.NS,R Systems International Limited,Information Technology,Unknown,False,Cash,1,Stage 4,Stage 4,Stage 4 - Confirmed Downtrend,Stage 4 - Confirmed Downtrend,Stage 4 • Stage 4 - Confirmed Downtrend,0.86,Price is below a bearish moving-average stack with falling trend signals.,,,,,watchlist,weekly_watchlist,watchlist,0.0,35.8,16.11,2.0,0.0,35.8,18.11,-13.6,-16.86,94494038.55,"Stage 4, Stage 4 - Confirmed Downtrend, weekly_vcp_ok, volume_dryup, weekly_volume_dryup, weekly_strong, downtrend",595,595,Stage 4,watchlist,weekly_watchlist,18.11,0,0.0,False,False,False,False,False
RTNINDIA.NS,RattanIndia Enterprises Limited,Services,Unknown,False,Cash,1,Stage 4,Stage 4,Stage 4 - Confirmed Downtrend,Stage 4 - Confirmed Downtrend,Stage 4 • Stage 4 - Confirmed Downtrend,0.86,Price is below a bearish moving-average stack with falling trend signals.,,,,,watchlist,weekly_watchlist,watchlist,0.0,35.8,16.11,2.0,0.0,35.8,18.11,-12.08,-3.67,37923704.34,"Stage 4, Stage 4 - Confirmed Downtrend, weekly_vcp_ok, weekly_strong, downtrend",596,596,Stage 4,watchlist,weekly_watchlist,18.11,0,0.0,False,False,False,False,False
SYMPHONY.NS,Symphony Limited,Consumer Durables,Unknown,False,Cash,1,Stage 4,Stage 4,Stage 4 - Confirmed Downtrend,Stage 4 - Confirmed Downtrend,Stage 4 • Stage 4 - Confirmed Downtrend,0.86,Price is below a bearish moving-average stack with falling trend signals.,,,,,watchlist,weekly_watchlist,watchlist,0.0,35.8,16.11,2.0,0.0,35.8,18.11,-14.61,-21.92,66437858.61,"Stage 4, Stage 4 - Confirmed Downtrend, weekly_vcp_ok, weekly_volume_dryup, weekly_strong, downtrend",597,626,Stage 4,watchlist,weekly_watchlist,16.11,29,2.0,False,False,False,False,False
PURVA.NS,Puravankara Limited,Realty,Unknown,False,Cash,1,Stage 3,Stage 3,Stage 3 - Transition,Stage 3 - Transition,Stage 3 • Stage 3 - Transition,0.62,"The structure is transitioning after prior strength, but it is not yet a confirmed Stage 4 decline.",,,,,watchlist,weekly_watchlist,watchlist,0.0,39.8,17.91,0.0,0.0,39.8,17.91,-0.55,-6.12,300229264.13,"Stage 3, Stage 3 - Transition, weekly_vcp_ok, weekly_strong, distribution_risk",598,549,Stage 3,watchlist,weekly_watchlist,20.53,-49,-2.620000000000001,False,False,False,False,False
VMM.NS,Vishal Mega Mart Ltd.,Consumer Services,Unknown,True,F&O,1,Stage 4,Stage 4,Stage 4 - Confirmed Downtrend,Stage 4 - Confirmed Downtrend,Stage 4 • Stage 4 - Confirmed Downtrend,0.86,Price is below a bearish moving-average stack with falling trend signals.,,,,,watchlist,weekly_watchlist,watchlist,0.0,35.0,15.75,2.0,0.0,35.0,17.75,-16.72,-7.63,1090196996.71,"Stage 4, Stage 4 - Confirmed Downtrend, weekly_vcp_ok, volume_dryup, weekly_volume_dryup, weekly_strong, downtrend",599,600,Stage 4,watchlist,weekly_watchlist,17.75,1,0.0,False,False,False,False,False
DALBHARAT.NS,Dalmia Bharat Limited,Construction Materials,Unknown,True,F&O,1,Stage 4,Stage 4,Stage 4 - Weak/Declining,Stage 4 - Weak/Declining,Stage 4 • Stage 4 - Weak/Declining,0.72,Price is below long-term support with weak trend evidence.,,,,,watchlist,weekly_watchlist,watchlist,14.13,22.1,17.72,0.0,14.13,22.1,17.72,0.65,-7.76,365487567.23,"Stage 4, Stage 4 - Weak/Declining, weekly_vcp_ok, volume_dryup, weekly_volume_dryup, downtrend",600,603,Stage 4,watchlist,weekly_watchlist,17.48,3,0.23999999999999844,False,False,False,False,False
FDC.NS,FDC Limited,Healthcare,Unknown,False,Cash,1,Stage 2 Failed,Stage 4,Failed Stage 2,Failed Stage 2,Stage 2 Failed • Failed Stage 2,0.72,"This stock was recently Stage 2, but the latest structure no longer satisfies Stage 2 rules. It is kept as Stage 2 Failed until a fresh base/repair structure forms.",Recent Stage 2 break; public stage held as Stage 2 Failed.,2026-08-18,2026-07-31,,watchlist,weekly_watchlist,watchlist,13.95,0.0,7.67,10.0,13.95,0.0,17.67,-5.28,-3.48,112804525.89,"Stage 4, Stage 4 - Weak/Declining, weekly_volume_dryup, downtrend | Stage 2 failed state applied from stage memory.",601,601,Stage 2 Failed,watchlist,weekly_watchlist,17.67,0,0.0,False,False,False,False,False
ATGL.NS,Adani Total Gas Limited,"Oil, Gas & Consumable Fuels",Unknown,False,Cash,1,Stage 2 Failed,Stage 3,Failed Stage 2,Failed Stage 2,Stage 2 Failed • Failed Stage 2,0.72,"This stock was recently Stage 2, but the latest structure no longer satisfies Stage 2 rules. It is kept as Stage 2 Failed until a fresh base/repair structure forms.",Recent Stage 2 break; public stage held as Stage 2 Failed.,2026-08-18,2026-08-10,,watchlist,weekly_watchlist,watchlist,22.11,0.39,12.34,5.0,22.11,0.39,17.34,-0.49,28.38,489463036.97,"Stage 3, Stage 3 - Distribution/Damage, volume_dryup, weekly_volume_dryup, distribution_risk | Stage 2 failed state applied from stage memory.",602,604,Stage 2 Failed,watchlist,weekly_watchlist,17.35,2,-0.010000000000001563,False,False,False,False,False
GRAPHITE.NS,Graphite India Limited,Capital Goods,Unknown,False,Cash,1,Stage 3,Stage 3,Stage 3 - Transition,Stage 3 - Transition,Stage 3 • Stage 3 - Transition,0.62,"The structure is transitioning after prior strength, but it is not yet a confirmed Stage 4 decline.",,,2026-06-05,,watchlist,weekly_watchlist,watchlist,5.88,20.2,12.32,5.0,5.88,20.2,17.32,-1.33,21.37,1295253048.19,"Stage 3, Stage 3 - Transition, weekly_volume_dryup, distribution_risk",603,644,Stage 3,watchlist,weekly_watchlist,13.46,41,3.8599999999999994,False,False,False,False,False
IGL.NS,Indraprastha Gas Limited,"Oil, Gas & Consumable Fuels",Unknown,False,Cash,1,Stage 4,Stage 4,Stage 4 - Confirmed Downtrend,Stage 4 - Confirmed Downtrend,Stage 4 • Stage 4 - Confirmed Downtrend,0.86,Price is below a bearish moving-average stack with falling trend signals.,,,2025-11-14,,watchlist,weekly_watchlist,watchlist,19.1,4.0,12.31,5.0,19.1,4.0,17.31,-5.47,-5.07,198111919.51,"Stage 4, Stage 4 - Confirmed Downtrend, volume_dryup, weekly_volume_dryup, downtrend",604,605,Stage 4,watchlist,weekly_watchlist,17.33,1,-0.019999999999999574,False,False,False,False,False
AWL.NS,Adani Wilmar Limited,Fast Moving Consumer Goods,Unknown,False,Cash,1,Stage 4,Stage 4,Stage 4 - Weak/Declining,Stage 4 - Weak/Declining,Stage 4 • Stage 4 - Weak/Declining,0.72,Price is below long-term support with weak trend evidence.,,,2025-11-25,,watchlist,weekly_watchlist,watchlist,2.0,35.8,17.21,0.0,2.0,35.8,17.21,-5.6,-0.32,526042372.17,"Stage 4, Stage 4 - Weak/Declining, weekly_vcp_ok, volume_dryup, weekly_volume_dryup, weekly_strong, downtrend",605,607,Stage 4,watchlist,weekly_watchlist,17.21,2,0.0,False,False,False,False,False
SJVN.NS,SJVN Limited,Power,Unknown,False,Cash,1,Stage 4,Stage 4,Stage 4 - Confirmed Downtrend,Stage 4 - Confirmed Downtrend,Stage 4 • Stage 4 - Confirmed Downtrend,0.86,Price is below a bearish moving-average stack with falling trend signals.,,,,,watchlist,weekly_watchlist,watchlist,0.0,38.0,17.1,0.0,0.0,38.0,17.1,-11.27,-7.2,120191367.55,"Stage 4, Stage 4 - Confirmed Downtrend, weekly_vcp_ok, volume_dryup, weekly_volume_dryup, weekly_strong, downtrend",606,610,Stage 4,watchlist,weekly_watchlist,17.1,4,0.0,False,False,False,False,False
ROSSARI.NS,Rossari Biotech Limited,Chemicals,Unknown,False,Cash,1,Stage 4,Stage 4,Stage 4 - Weak/Declining,Stage 4 - Weak/Declining,Stage 4 • Stage 4 - Weak/Declining,0.72,Price is below long-term support with weak trend evidence.,,,,,watchlist,weekly_watchlist,watchlist,3.5,22.1,11.87,5.0,3.5,22.1,16.87,-7.24,1.64,37971886.62,"Stage 4, Stage 4 - Weak/Declining, weekly_vcp_ok, volume_dryup, weekly_volume_dryup, downtrend",607,611,Stage 4,watchlist,weekly_watchlist,16.82,4,0.05000000000000071,False,False,False,False,False
TATASTEEL.NS,Tata Steel Limited,Metals & Mining,Unknown,True,F&O,1,Stage 1,Stage 1,Stage 1 - Base/Repair,Stage 1 - Base/Repair,Stage 1 • Stage 1 - Base/Repair,0.7,Price is near long-term moving averages with no strong long-term downtrend signal.,,,2026-06-04,,watchlist,weekly_watchlist,watchlist,20.25,12.2,16.63,0.0,20.25,12.2,16.63,-10.51,-0.83,3893515873.77,"Stage 1, Stage 1 - Base/Repair, volume_dryup, weekly_volume_dryup, stage1_not_actionable, stage1_needs_more_base",608,637,Stage 1,watchlist,weekly_watchlist,14.58,29,2.049999999999999,False,False,False,False,False
BIRLACORPN.NS,Birla Corporation Limited,Construction Materials,Unknown,False,Cash,1,Stage 4,Stage 4,Stage 4 - Confirmed Downtrend,Stage 4 - Confirmed Downtrend,Stage 4 • Stage 4 - Confirmed Downtrend,0.86,Price is below a bearish moving-average stack with falling trend signals.,,,,,watchlist,weekly_watchlist,watchlist,0.0,36.9,16.61,0.0,0.0,36.9,16.61,-9.52,-7.83,94083561.48,"Stage 4, Stage 4 - Confirmed Downtrend, weekly_vcp_ok, volume_dryup, weekly_volume_dryup, weekly_strong, downtrend",609,612,Stage 4,watchlist,weekly_watchlist,16.61,3,0.0,False,False,False,False,False
HGINFRA.NS,H.G. Infra Engineering Limited,Construction,Unknown,False,Cash,1,Stage 4,Stage 4,Stage 4 - Confirmed Downtrend,Stage 4 - Confirmed Downtrend,Stage 4 • Stage 4 - Confirmed Downtrend,0.86,Price is below a bearish moving-average stack with falling trend signals.,,,,,watchlist,weekly_watchlist,watchlist,0.0,36.9,16.61,0.0,0.0,36.9,16.61,-16.29,-17.55,34725007.35,"Stage 4, Stage 4 - Confirmed Downtrend, weekly_vcp_ok, volume_dryup, weekly_volume_dryup, weekly_strong, downtrend",610,524,Stage 4,watchlist,weekly_watchlist,22.17,-86,-5.560000000000002,False,False,False,False,False
NCC.NS,NCC Limited,Construction,Unknown,False,Cash,1,Stage 4,Stage 4,Stage 4 - Confirmed Downtrend,Stage 4 - Confirmed Downtrend,Stage 4 • Stage 4 - Confirmed Downtrend,0.86,Price is below a bearish moving-average stack with falling trend signals.,,,,,watchlist,weekly_watchlist,watchlist,0.0,36.9,16.61,0.0,0.0,36.9,16.61,-6.34,-1.96,224974443.67,"Stage 4, Stage 4 - Confirmed Downtrend, weekly_vcp_ok, weekly_volume_dryup, weekly_strong, downtrend",611,614,Stage 4,watchlist,weekly_watchlist,16.61,3,0.0,False,False,False,False,False
BAJAJHFL.NS,Bajaj Housing Finance Ltd.,Financial Services,Unknown,False,Cash,1,Stage 4,Stage 4,Stage 4 - Weak/Declining,Stage 4 - Weak/Declining,Stage 4 • Stage 4 - Weak/Declining,0.72,Price is below long-term support with weak trend evidence.,,,,,watchlist,weekly_watchlist,watchlist,0.0,32.2,14.49,2.0,0.0,32.2,16.49,-0.41,1.05,255368082.25,"Stage 4, Stage 4 - Weak/Declining, weekly_vcp_ok, volume_dryup, weekly_volume_dryup, weekly_strong, downtrend",612,616,Stage 4,watchlist,weekly_watchlist,16.46,4,0.029999999999997584,False,False,False,False,False
DBL.NS,Dilip Buildcon Limited,Construction,Unknown,False,Cash,1,Stage 4,Stage 4,Stage 4 - Weak/Declining,Stage 4 - Weak/Declining,Stage 4 • Stage 4 - Weak/Declining,0.72,Price is below long-term support with weak trend evidence.,,,2025-11-04,,watchlist,weekly_watchlist,watchlist,11.43,22.1,16.23,0.0,11.43,22.1,16.23,-4.66,3.58,612268942.36,"Stage 4, Stage 4 - Weak/Declining, weekly_vcp_ok, volume_dryup, weekly_volume_dryup, downtrend",613,632,Stage 4,watchlist,weekly_watchlist,15.14,19,1.0899999999999999,False,False,False,False,False
NUVOCO.NS,Nuvoco Vistas Corporation Limited,Construction Materials,Unknown,False,Cash,1,Not Sure,Stage 4,Pending Stage 4,Pending Stage 4,Not Sure • Pending Stage 4,0.55,Blocked public stage jump Stage 1 -> Stage 4; waiting for intermediate/confirmed structure.,Blocked public stage jump Stage 1 -> Stage 4; waiting for intermediate/confirmed structure.,,2025-10-17,Stage 4,watchlist,weekly_watchlist,watchlist,0.0,36.03,16.21,0.0,0.0,36.03,16.21,-0.23,2.51,135603233.08,"Stage 4, Stage 4 - Weak/Declining, weekly_vcp_ok, volume_dryup, weekly_volume_dryup, weekly_strong, downtrend | Blocked public stage jump Stage 1 -> Stage 4; waiting for intermediate/confirmed structure.",614,569,Stage 1,watchlist,weekly_watchlist,18.92,-45,-2.710000000000001,False,False,False,False,False
PNCINFRA.NS,PNC Infratech Limited,Construction,Unknown,False,Cash,1,Stage 4,Stage 4,Stage 4 - Weak/Declining,Stage 4 - Weak/Declining,Stage 4 • Stage 4 - Weak/Declining,0.72,Price is below long-term support with weak trend evidence.,,,,,watchlist,weekly_watchlist,watchlist,0.0,35.91,16.16,0.0,0.0,35.91,16.16,-2.02,3.17,184867717.06,"Stage 4, Stage 4 - Weak/Declining, weekly_vcp_ok, weekly_strong, downtrend",615,618,Stage 4,watchlist,weekly_watchlist,16.4,3,-0.23999999999999844,False,False,False,False,False
HCC.NS,Hindustan Construction Company Limited,Construction,Unknown,False,Cash,1,Stage 4,Stage 4,Stage 4 - Weak/Declining,Stage 4 - Weak/Declining,Stage 4 • Stage 4 - Weak/Declining,0.72,Price is below long-term support with weak trend evidence.,,,2026-07-10,,watchlist,weekly_watchlist,watchlist,0.0,35.9,16.16,0.0,0.0,35.9,16.16,-6.08,7.05,390935370.59,"Stage 4, Stage 4 - Weak/Declining, weekly_vcp_ok, volume_dryup, weekly_volume_dryup, weekly_strong, downtrend",616,615,Stage 4,watchlist,weekly_watchlist,16.46,-1,-0.3000000000000007,False,False,False,False,False
BHARATRAS.NS,Bharat Rasayan Limited,Chemicals,Unknown,False,Cash,1,Stage 4,Stage 4,Stage 4 - Confirmed Downtrend,Stage 4 - Confirmed Downtrend,Stage 4 • Stage 4 - Confirmed Downtrend,0.86,Price is below a bearish moving-average stack with falling trend signals.,,,2025-12-12,,watchlist,weekly_watchlist,watchlist,2.17,22.1,11.14,5.0,2.17,22.1,16.14,-11.62,-22.75,16604266.91,"Stage 4, Stage 4 - Confirmed Downtrend, weekly_vcp_ok, downtrend",617,620,Stage 4,watchlist,weekly_watchlist,16.31,3,-0.16999999999999815,False,False,False,False,False
AHLUCONT.NS,Ahluwalia Contracts (India) Limited,Construction,Unknown,False,Cash,1,Stage 4,Stage 4,Stage 4 - Weak/Declining,Stage 4 - Weak/Declining,Stage 4 • Stage 4 - Weak/Declining,0.72,Price is below long-term support with weak trend evidence.,,,2025-12-05,,watchlist,weekly_watchlist,watchlist,0.0,35.8,16.11,0.0,0.0,35.8,16.11,-12.38,-15.37,45932081.99,"Stage 4, Stage 4 - Weak/Declining, weekly_vcp_ok, weekly_strong, downtrend",618,622,Stage 4,watchlist,weekly_watchlist,16.11,4,0.0,False,False,False,False,False
GODREJCP.NS,Godrej Consumer Products Ltd.,Fast Moving Consumer Goods,Unknown,True,F&O,1,Stage 4,Stage 4,Stage 4 - Weak/Declining,Stage 4 - Weak/Declining,Stage 4 • Stage 4 - Weak/Declining,0.72,Price is below long-term support with weak trend evidence.,,,2026-02-11,,watchlist,weekly_watchlist,watchlist,0.0,35.8,16.11,0.0,0.0,35.8,16.11,-9.94,-15.86,2175825788.57,"Stage 4, Stage 4 - Weak/Declining, weekly_vcp_ok, weekly_strong, downtrend",619,623,Stage 4,watchlist,weekly_watchlist,16.11,4,0.0,False,False,False,False,False
NAVNETEDUL.NS,Navneet Education Limited,"Media, Entertainment & Publication",Unknown,False,Cash,1,Stage 4,Stage 4,Stage 4 - Confirmed Downtrend,Stage 4 - Confirmed Downtrend,Stage 4 • Stage 4 - Confirmed Downtrend,0.86,Price is below a bearish moving-average stack with falling trend signals.,,,2026-07-21,,watchlist,weekly_watchlist,watchlist,0.0,35.8,16.11,0.0,0.0,35.8,16.11,-7.21,-7.11,34781527.71,"Stage 4, Stage 4 - Confirmed Downtrend, weekly_vcp_ok, weekly_volume_dryup, weekly_strong, downtrend",620,624,Stage 4,watchlist,weekly_watchlist,16.11,4,0.0,False,False,False,False,False
PNC.NS,Pritish Nandy Communications Limited,"Media, Entertainment & Publication",Unknown,False,Cash,1,Stage 4,Stage 4,Stage 4 - Weak/Declining,Stage 4 - Weak/Declining,Stage 4 • Stage 4 - Weak/Declining,0.72,Price is below long-term support with weak trend evidence.,,,,,watchlist,weekly_watchlist,watchlist,0.0,35.8,16.11,0.0,0.0,35.8,16.11,-5.73,-22.22,216271.64,"Stage 4, Stage 4 - Weak/Declining, weekly_vcp_ok, volume_dryup, weekly_strong, downtrend",621,625,Stage 4,watchlist,weekly_watchlist,16.11,4,0.0,False,False,False,False,False
RUSTOMJEE.NS,Keystone Realtors Limited,Realty,Unknown,False,Cash,1,Stage 4,Stage 4,Stage 4 - Confirmed Downtrend,Stage 4 - Confirmed Downtrend,Stage 4 • Stage 4 - Confirmed Downtrend,0.86,Price is below a bearish moving-average stack with falling trend signals.,,,,,watchlist,weekly_watchlist,watchlist,0.0,35.8,16.11,0.0,0.0,35.8,16.11,-7.8,-14.27,193896138.31,"Stage 4, Stage 4 - Confirmed Downtrend, weekly_vcp_ok, volume_dryup, weekly_volume_dryup, weekly_strong, downtrend",622,597,Stage 4,watchlist,weekly_watchlist,18.11,-25,-2.0,False,False,False,False,False
TARC.NS,TARC Limited,Realty,Unknown,False,Cash,1,Stage 4,Stage 4,Stage 4 - Weak/Declining,Stage 4 - Weak/Declining,Stage 4 • Stage 4 - Weak/Declining,0.72,Price is below long-term support with weak trend evidence.,,,,,watchlist,weekly_watchlist,watchlist,0.0,35.8,16.11,0.0,0.0,35.8,16.11,-7.44,-19.22,158060046.0,"Stage 4, Stage 4 - Weak/Declining, weekly_vcp_ok, volume_dryup, weekly_volume_dryup, weekly_strong, downtrend",623,598,Stage 4,watchlist,weekly_watchlist,18.11,-25,-2.0,False,False,False,False,False
SUPREMEIND.NS,Supreme Industries Limited,Capital Goods,Unknown,True,F&O,1,Stage 1,Stage 1,Stage 1 - Unclear/Repair,Stage 1 - Unclear/Repair,Stage 1 • Stage 1 - Unclear/Repair,0.58,Not enough evidence for Stage 2 or Stage 4; classified as repair/unclear structure.,,,,,watchlist,weekly_watchlist,watchlist,11.45,10.48,11.01,5.0,11.45,10.48,16.01,2.7,2.14,661482196.28,"Stage 1, Stage 1 - Unclear/Repair, volume_dryup, stage1_not_actionable, stage1_needs_more_base",624,516,Not Sure,watchlist,weekly_watchlist,22.86,-108,-6.849999999999998,False,False,False,False,False
JBMA.NS,JBM Auto Ltd.,Automobile and Auto Components,Unknown,False,Cash,1,Stage 2 Failed,Stage 3,Failed Stage 2,Failed Stage 2,Stage 2 Failed • Failed Stage 2,0.72,"This stock was recently Stage 2, but the latest structure no longer satisfies Stage 2 rules. It is kept as Stage 2 Failed until a fresh base/repair structure forms.",Recent Stage 2 break; public stage held as Stage 2 Failed.,2026-08-18,2026-08-06,,watchlist,weekly_watchlist,watchlist,5.22,6.72,5.89,10.0,5.22,6.72,15.89,-5.65,12.89,137117998.73,"Stage 3, Stage 3 - Transition, volume_dryup, weekly_volume_dryup, distribution_risk | Stage 2 failed state applied from stage memory.",625,627,Stage 2 Failed,watchlist,weekly_watchlist,15.97,2,-0.08000000000000007,False,False,False,False,False
GVT&D.NS,GE Vernova T&D India Ltd.,Capital Goods,Unknown,False,Cash,1,Not Sure,Stage 3,Pending Stage 3,Pending Stage 3,Not Sure • Pending Stage 3,0.55,Blocked public stage jump Stage 1 -> Stage 3; waiting for intermediate/confirmed structure.,Blocked public stage jump Stage 1 -> Stage 3; waiting for intermediate/confirmed structure.,,2026-07-24,Stage 3,watchlist,weekly_watchlist,watchlist,19.12,0.58,10.78,5.0,19.12,0.58,15.78,-14.47,20.29,4524919293.73,"Stage 3, Stage 3 - Distribution/Damage, weekly_volume_dryup, distribution_risk | Blocked public stage jump Stage 1 -> Stage 3; waiting for intermediate/confirmed structure.",626,617,Stage 1,watchlist,weekly_watchlist,16.42,-9,-0.6400000000000023,False,False,False,False,False
BAYERCROP.NS,Bayer Cropscience Limited,Chemicals,Unknown,False,Cash,1,Stage 4,Stage 4,Stage 4 - Confirmed Downtrend,Stage 4 - Confirmed Downtrend,Stage 4 • Stage 4 - Confirmed Downtrend,0.86,Price is below a bearish moving-average stack with falling trend signals.,,,,,watchlist,weekly_watchlist,watchlist,16.58,3.2,10.56,5.0,16.58,3.2,15.56,-5.49,-7.11,144891932.14,"Stage 4, Stage 4 - Confirmed Downtrend, volume_dryup, weekly_volume_dryup, downtrend",627,629,Stage 4,watchlist,weekly_watchlist,15.53,2,0.030000000000001137,False,False,False,False,False
HAPPSTMNDS.NS,Happiest Minds Technologies Limited,Information Technology,Unknown,False,Cash,1,Stage 1,Stage 1,Stage 1 - Early Turn,Stage 1 - Early Turn,Stage 1 • Stage 1 - Early Turn,0.66,The stock is improving from a repair/base area but has not confirmed a clean Stage 2 yet.,,,,,watchlist,weekly_watchlist,watchlist,14.5,12.1,13.42,2.0,14.5,12.1,15.42,15.64,17.36,676869641.86,"Stage 1, Stage 1 - Early Turn, stage1_not_actionable, stage1_needs_more_base",628,608,Stage 1,watchlist,weekly_watchlist,17.18,-20,-1.7599999999999998,False,False,False,False,False
TEGA.NS,Tega Industries Limited,Capital Goods,Unknown,False,Cash,1,Stage 4,Stage 4,Stage 4 - Weak/Declining,Stage 4 - Weak/Declining,Stage 4 • Stage 4 - Weak/Declining,0.72,Price is below long-term support with weak trend evidence.,,,2025-11-27,,watchlist,weekly_watchlist,watchlist,17.05,1.55,10.08,5.0,17.05,1.55,15.08,7.62,11.84,305528537.49,"Stage 4, Stage 4 - Weak/Declining, downtrend",629,630,Stage 4,watchlist,weekly_watchlist,15.25,1,-0.16999999999999993,False,False,False,False,False
HLEGLAS.NS,HLE Glascoat Limited,Capital Goods,Unknown,False,Cash,1,Stage 4,Stage 4,Stage 4 - Weak/Declining,Stage 4 - Weak/Declining,Stage 4 • Stage 4 - Weak/Declining,0.72,Price is below long-term support with weak trend evidence.,,,2025-11-11,,watchlist,weekly_watchlist,watchlist,14.2,4.0,9.61,5.0,14.2,4.0,14.61,-2.79,-3.16,177412255.14,"Stage 4, Stage 4 - Weak/Declining, downtrend",630,633,Stage 4,watchlist,weekly_watchlist,14.99,3,-0.3800000000000008,False,False,False,False,False
TATACHEM.NS,Tata Chemicals Limited,Chemicals,Unknown,False,Cash,1,Stage 4,Stage 4,Stage 4 - Confirmed Downtrend,Stage 4 - Confirmed Downtrend,Stage 4 • Stage 4 - Confirmed Downtrend,0.86,Price is below a bearish moving-average stack with falling trend signals.,,,,,watchlist,weekly_watchlist,watchlist,14.2,4.0,9.61,5.0,14.2,4.0,14.61,-11.9,0.89,424083943.92,"Stage 4, Stage 4 - Confirmed Downtrend, downtrend",631,635,Stage 4,watchlist,weekly_watchlist,14.61,4,0.0,False,False,False,False,False
TIINDIA.NS,Tube Investments of India Limited,Automobile and Auto Components,Unknown,True,F&O,1,Stage 3,Stage 3,Stage 3 - Transition,Stage 3 - Transition,Stage 3 • Stage 3 - Transition,0.62,"The structure is transitioning after prior strength, but it is not yet a confirmed Stage 4 decline.",,,2026-07-10,,watchlist,weekly_watchlist,watchlist,6.54,2.26,4.61,10.0,6.54,2.26,14.61,-3.65,26.21,1516149061.86,"Stage 3, Stage 3 - Transition, distribution_risk",632,683,Stage 4,watchlist,weekly_watchlist,10.0,51,4.609999999999999,False,False,False,False,False
AIIL.NS,Authum Investment & Infrastructure Ltd.,Financial Services,Unknown,False,Cash,1,Stage 1,Stage 1,Stage 1 - Early Turn,Stage 1 - Early Turn,Stage 1 • Stage 1 - Early Turn,0.66,The stock is improving from a repair/base area but has not confirmed a clean Stage 2 yet.,,,2026-01-13,,watchlist,weekly_watchlist,watchlist,20.22,3.12,12.53,2.0,20.22,3.12,14.53,6.36,16.81,272675107.19,"Stage 1, Stage 1 - Early Turn, volume_dryup, weekly_volume_dryup, stage1_not_actionable, stage1_needs_more_base",633,634,Stage 1,watchlist,weekly_watchlist,14.68,1,-0.15000000000000036,False,False,False,False,False
ACI.NS,Archean Chemical Industries Limited,Chemicals,Unknown,False,Cash,1,Stage 4,Stage 4,Stage 4 - Weak/Declining,Stage 4 - Weak/Declining,Stage 4 • Stage 4 - Weak/Declining,0.72,Price is below long-term support with weak trend evidence.,,,,,watchlist,weekly_watchlist,watchlist,14.04,4.0,9.52,5.0,14.04,4.0,14.52,-6.32,-5.39,148568627.32,"Stage 4, Stage 4 - Weak/Declining, volume_dryup, weekly_volume_dryup, downtrend",634,638,Stage 4,watchlist,weekly_watchlist,14.37,4,0.15000000000000036,False,False,False,False,False
KNRCON.NS,KNR Constructions Limited,Construction,Unknown,False,Cash,1,Stage 4,Stage 4,Stage 4 - Weak/Declining,Stage 4 - Weak/Declining,Stage 4 • Stage 4 - Weak/Declining,0.72,Price is below long-term support with weak trend evidence.,,,,,watchlist,weekly_watchlist,watchlist,0.0,32.13,14.46,0.0,0.0,32.13,14.46,-3.3,-4.4,189720425.13,"Stage 4, Stage 4 - Weak/Declining, weekly_vcp_ok, weekly_strong, downtrend",635,636,Stage 4,watchlist,weekly_watchlist,14.6,1,-0.1399999999999988,False,False,False,False,False
RALLIS.NS,Rallis India Limited,Chemicals,Unknown,False,Cash,1,Stage 4,Stage 4,Stage 4 - Confirmed Downtrend,Stage 4 - Confirmed Downtrend,Stage 4 • Stage 4 - Confirmed Downtrend,0.86,Price is below a bearish moving-average stack with falling trend signals.,,,,,watchlist,weekly_watchlist,watchlist,16.62,0.0,9.14,5.0,16.62,0.0,14.14,-15.7,-18.14,305102823.53,"Stage 4, Stage 4 - Confirmed Downtrend, volume_dryup, weekly_volume_dryup, downtrend",636,639,Stage 4,watchlist,weekly_watchlist,14.19,3,-0.049999999999998934,False,False,False,False,False
CHEMPLASTS.NS,Chemplast Sanmar Limited,Chemicals,Unknown,False,Cash,1,Stage 4,Stage 4,Stage 4 - Confirmed Downtrend,Stage 4 - Confirmed Downtrend,Stage 4 • Stage 4 - Confirmed Downtrend,0.86,Price is below a bearish moving-average stack with falling trend signals.,,,,,watchlist,weekly_watchlist,watchlist,12.81,4.0,8.85,5.0,12.81,4.0,13.85,-27.12,-35.42,125475948.59,"Stage 4, Stage 4 - Confirmed Downtrend, volume_dryup, weekly_volume_dryup, downtrend",637,641,Stage 4,watchlist,weekly_watchlist,13.94,4,-0.08999999999999986,False,False,False,False,False
CGPOWER.NS,CG Power and Industrial Solutions Limited,Capital Goods,Unknown,True,F&O,1,Stage 2 Failed,Stage 3,Failed Stage 2,Failed Stage 2,Stage 2 Failed • Failed Stage 2,0.72,"This stock was recently Stage 2, but the latest structure no longer satisfies Stage 2 rules. It is kept as Stage 2 Failed until a fresh base/repair structure forms.",Recent Stage 2 break; public stage held as Stage 2 Failed.,2026-08-18,2026-08-10,,watchlist,weekly_watchlist,watchlist,13.93,2.48,8.78,5.0,13.93,2.48,13.78,1.33,35.49,3166433902.81,"Stage 3, Stage 3 - Distribution/Damage, volume_dryup, weekly_volume_dryup, distribution_risk | Stage 2 failed state applied from stage memory.",638,642,Stage 2 Failed,watchlist,weekly_watchlist,13.9,4,-0.120000000000001,False,False,False,False,False
TITAGARH.NS,TITAGARH RAIL SYSTEMS LIMITED,Capital Goods,Unknown,False,Cash,1,Stage 2 Failed,Stage 3,Failed Stage 2,Failed Stage 2,Stage 2 Failed • Failed Stage 2,0.72,"This stock was recently Stage 2, but the latest structure no longer satisfies Stage 2 rules. It is kept as Stage 2 Failed until a fresh base/repair structure forms.",Recent Stage 2 break; public stage held as Stage 2 Failed.,2026-08-18,2026-08-03,,watchlist,weekly_watchlist,watchlist,6.92,10.54,8.55,5.0,6.92,10.54,13.55,9.14,16.28,307241164.1,"Stage 3, Stage 3 - Transition, volume_dryup, weekly_volume_dryup, distribution_risk | Stage 2 failed state applied from stage memory.",639,654,Stage 2 Failed,watchlist,weekly_watchlist,12.2,15,1.3500000000000014,False,False,False,False,False
CESC.NS,CESC Limited,Power,Unknown,False,Cash,1,Stage 2 Failed,Stage 3,Failed Stage 2,Failed Stage 2,Stage 2 Failed • Failed Stage 2,0.72,"This stock was recently Stage 2, but the latest structure no longer satisfies Stage 2 rules. It is kept as Stage 2 Failed until a fresh base/repair structure forms.",Recent Stage 2 break; public stage held as Stage 2 Failed.,2026-08-18,2026-08-17,,watchlist,weekly_watchlist,watchlist,19.01,6.67,13.46,0.0,19.01,6.67,13.46,-7.18,13.91,224650257.31,"Stage 3, Stage 3 - Transition, distribution_risk | Stage 2 failed state applied from stage memory.",640,296,Not Sure,watchlist,weekly_watchlist,37.01,-344,-23.549999999999997,False,False,False,False,False
SRF.NS,SRF Limited,Chemicals,Unknown,True,F&O,1,Stage 4,Stage 4,Stage 4 - Weak/Declining,Stage 4 - Weak/Declining,Stage 4 • Stage 4 - Weak/Declining,0.72,Price is below long-term support with weak trend evidence.,,,2026-01-05,,watchlist,weekly_watchlist,watchlist,14.69,0.8,8.44,5.0,14.69,0.8,13.44,-2.05,-1.28,1340672957.85,"Stage 4, Stage 4 - Weak/Declining, volume_dryup, weekly_volume_dryup, downtrend",641,643,Stage 4,watchlist,weekly_watchlist,13.71,2,-0.27000000000000135,False,False,False,False,False
ZENSARTECH.NS,Zensar Technologies Limited,Information Technology,Unknown,False,Cash,1,Stage 4,Stage 4,Stage 4 - Weak/Declining,Stage 4 - Weak/Declining,Stage 4 • Stage 4 - Weak/Declining,0.72,Price is below long-term support with weak trend evidence.,,,,,watchlist,weekly_watchlist,watchlist,19.1,2.0,11.41,2.0,19.1,2.0,13.41,-0.67,-9.59,883030708.93,"Stage 4, Stage 4 - Weak/Declining, volume_dryup, weekly_volume_dryup, downtrend",642,646,Stage 4,watchlist,weekly_watchlist,13.41,4,0.0,False,False,False,False,False
IFBIND.NS,IFB Industries Limited,Consumer Durables,Unknown,False,Cash,1,Stage 1,Stage 1,Stage 1 - Early Turn,Stage 1 - Early Turn,Stage 1 • Stage 1 - Early Turn,0.66,The stock is improving from a repair/base area but has not confirmed a clean Stage 2 yet.,,,2025-12-12,,watchlist,weekly_watchlist,watchlist,0.79,24.27,11.36,2.0,0.79,24.27,13.36,33.97,28.76,107207711.97,"Stage 1, Stage 1 - Early Turn, weekly_volume_dryup, stage1_not_actionable, stage1_needs_more_base",643,667,Stage 1,watchlist,weekly_watchlist,11.1,24,2.26,False,False,False,False,False
BOMDYEING.NS,Bombay Dyeing & Mfg Company Limited,Textiles,Unknown,False,Cash,1,Stage 4,Stage 4,Stage 4 - Weak/Declining,Stage 4 - Weak/Declining,Stage 4 • Stage 4 - Weak/Declining,0.72,Price is below long-term support with weak trend evidence.,,,,,watchlist,weekly_watchlist,watchlist,15.18,0.0,8.35,5.0,15.18,0.0,13.35,-6.73,4.51,57473279.51,"Stage 4, Stage 4 - Weak/Declining, volume_dryup, weekly_volume_dryup, downtrend",644,584,Stage 4,watchlist,weekly_watchlist,18.3,-60,-4.950000000000001,False,False,False,False,False
BRITANNIA.NS,Britannia Industries Limited,Fast Moving Consumer Goods,Unknown,True,F&O,1,Not Sure,Stage 4,Pending Stage 4,Pending Stage 4,Not Sure • Pending Stage 4,0.55,Blocked public stage jump Stage 1 -> Stage 4; waiting for intermediate/confirmed structure.,Blocked public stage jump Stage 1 -> Stage 4; waiting for intermediate/confirmed structure.,,2026-03-06,Stage 4,watchlist,weekly_watchlist,watchlist,11.84,14.4,12.99,0.0,11.84,14.4,12.99,2.56,-0.6,1757880385.12,"Stage 4, Stage 4 - Weak/Declining, weekly_volume_dryup, downtrend | Blocked public stage jump Stage 1 -> Stage 4; waiting for intermediate/confirmed structure.",645,602,Stage 1,watchlist,weekly_watchlist,17.58,-43,-4.589999999999998,False,False,False,False,False
DLF.NS,DLF Limited,Realty,Unknown,True,F&O,1,Stage 1,Stage 1,Stage 1 - Early Turn,Stage 1 - Early Turn,Stage 1 • Stage 1 - Early Turn,0.66,The stock is improving from a repair/base area but has not confirmed a clean Stage 2 yet.,,,,,watchlist,weekly_watchlist,watchlist,11.0,15.12,12.85,0.0,11.0,15.12,12.85,13.6,13.61,2179480591.7,"Stage 1, Stage 1 - Early Turn, volume_dryup, weekly_volume_dryup, stage1_not_actionable, stage1_needs_more_base",646,640,Stage 1,watchlist,weekly_watchlist,14.1,-6,-1.25,False,False,False,False,False
INDIACEM.NS,The India Cements Limited,Construction Materials,Unknown,False,Cash,1,Stage 4,Stage 4,Stage 4 - Weak/Declining,Stage 4 - Weak/Declining,Stage 4 • Stage 4 - Weak/Declining,0.72,Price is below long-term support with weak trend evidence.,,,2026-02-26,,watchlist,weekly_watchlist,watchlist,17.6,6.2,12.47,0.0,17.6,6.2,12.47,-8.53,-7.64,79390623.41,"Stage 4, Stage 4 - Weak/Declining, volume_dryup, weekly_volume_dryup, downtrend",647,652,Stage 4,watchlist,weekly_watchlist,12.47,5,0.0,False,False,False,False,False
NTPC.NS,NTPC Limited,Power,Unknown,True,F&O,1,Stage 1,Stage 1,Stage 1 - Base/Repair,Stage 1 - Base/Repair,Stage 1 • Stage 1 - Base/Repair,0.7,Price is near long-term moving averages with no strong long-term downtrend signal.,,,2026-05-28,,watchlist,weekly_watchlist,watchlist,15.07,9.2,12.43,0.0,15.07,9.2,12.43,-15.26,-2.68,3193025430.01,"Stage 1, Stage 1 - Base/Repair, weekly_volume_dryup, stage1_not_actionable, stage1_needs_more_base",648,653,Stage 1,watchlist,weekly_watchlist,12.47,5,-0.040000000000000924,False,False,False,False,False
DCMSHRIRAM.NS,DCM Shriram Limited,Diversified,Unknown,False,Cash,1,Stage 4,Stage 4,Stage 4 - Weak/Declining,Stage 4 - Weak/Declining,Stage 4 • Stage 4 - Weak/Declining,0.72,Price is below long-term support with weak trend evidence.,,,2026-01-05,,watchlist,weekly_watchlist,watchlist,16.6,7.3,12.42,0.0,16.6,7.3,12.42,-8.14,-1.56,224151652.25,"Stage 4, Stage 4 - Weak/Declining, volume_dryup, downtrend",649,650,Stage 4,watchlist,weekly_watchlist,12.82,1,-0.40000000000000036,False,False,False,False,False
UBL.NS,United Breweries Limited,Fast Moving Consumer Goods,Unknown,False,Cash,1,Stage 4,Stage 4,Stage 4 - Weak/Declining,Stage 4 - Weak/Declining,Stage 4 • Stage 4 - Weak/Declining,0.72,Price is below long-term support with weak trend evidence.,,,,,watchlist,weekly_watchlist,watchlist,19.1,4.0,12.31,0.0,19.1,4.0,12.31,1.83,-8.63,177760789.29,"Stage 4, Stage 4 - Weak/Declining, volume_dryup, weekly_volume_dryup, downtrend",650,659,Stage 4,watchlist,weekly_watchlist,11.87,9,0.4400000000000013,False,False,False,False,False
DHANUKA.NS,Dhanuka Agritech Limited,Chemicals,Unknown,False,Cash,1,Stage 4,Stage 4,Stage 4 - Confirmed Downtrend,Stage 4 - Confirmed Downtrend,Stage 4 • Stage 4 - Confirmed Downtrend,0.86,Price is below a bearish moving-average stack with falling trend signals.,,,,,watchlist,weekly_watchlist,watchlist,9.79,4.0,7.18,5.0,9.79,4.0,12.18,-16.81,-3.12,49350983.54,"Stage 4, Stage 4 - Confirmed Downtrend, volume_dryup, weekly_volume_dryup, downtrend",651,660,Stage 4,watchlist,weekly_watchlist,11.83,9,0.34999999999999964,False,False,False,False,False
TDPOWERSYS.NS,TD Power Systems Limited,Capital Goods,Unknown,False,Cash,1,Stage 1,Stage 1,Stage 1 - Unclear/Repair,Stage 1 - Unclear/Repair,Stage 1 • Stage 1 - Unclear/Repair,0.58,Not enough evidence for Stage 2 or Stage 4; classified as repair/unclear structure.,,,2026-07-21,,watchlist,weekly_watchlist,watchlist,4.84,10.0,7.16,5.0,4.84,10.0,12.16,27.03,96.31,2389938150.7,"Stage 1, Stage 1 - Unclear/Repair, stage1_not_actionable, stage1_needs_more_base",652,647,Stage 1,watchlist,weekly_watchlist,13.32,-5,-1.1600000000000001,False,False,False,False,False
PREMIERENE.NS,Premier Energies Ltd.,Capital Goods,Unknown,True,F&O,1,Stage 2 Failed,Stage 3,Failed Stage 2,Failed Stage 2,Stage 2 Failed • Failed Stage 2,0.72,"This stock was recently Stage 2, but the latest structure no longer satisfies Stage 2 rules. It is kept as Stage 2 Failed until a fresh base/repair structure forms.",Recent Stage 2 break; public stage held as Stage 2 Failed.,2026-08-18,2026-08-14,,watchlist,weekly_watchlist,watchlist,7.62,6.49,7.11,5.0,7.62,6.49,12.11,1.22,39.72,932952086.91,"Stage 3, Stage 3 - Transition, volume_dryup, weekly_volume_dryup, distribution_risk | Stage 2 failed state applied from stage memory.",653,661,Stage 2 Failed,watchlist,weekly_watchlist,11.79,8,0.3200000000000003,False,False,False,False,False
NHPC.NS,NHPC Limited,Power,Unknown,True,F&O,1,Stage 4,Stage 4,Stage 4 - Weak/Declining,Stage 4 - Weak/Declining,Stage 4 • Stage 4 - Weak/Declining,0.72,Price is below long-term support with weak trend evidence.,,,2026-05-06,,watchlist,weekly_watchlist,watchlist,17.6,5.33,12.08,0.0,17.6,5.33,12.08,-4.57,5.86,1062567338.07,"Stage 4, Stage 4 - Weak/Declining, volume_dryup, weekly_volume_dryup, downtrend",654,658,Stage 4,watchlist,weekly_watchlist,11.92,4,0.16000000000000014,False,False,False,False,False
MANINFRA.NS,Man Infraconstruction Limited,Construction,Unknown,False,Cash,1,Stage 4,Stage 4,Stage 4 - Weak/Declining,Stage 4 - Weak/Declining,Stage 4 • Stage 4 - Weak/Declining,0.72,Price is below long-term support with weak trend evidence.,,,,,watchlist,weekly_watchlist,watchlist,19.2,3.2,12.0,0.0,19.2,3.2,12.0,-13.48,1.89,231494143.37,"Stage 4, Stage 4 - Weak/Declining, downtrend",655,689,Stage 4,watchlist,weekly_watchlist,9.25,34,2.75,False,False,False,False,False
ADVENZYMES.NS,Advanced Enzyme Technologies Limited,Healthcare,Unknown,False,Cash,1,Stage 1,Stage 1,Stage 1 - Base/Repair,Stage 1 - Base/Repair,Stage 1 • Stage 1 - Base/Repair,0.7,Price is near long-term moving averages with no strong long-term downtrend signal.,,,2026-07-13,,watchlist,weekly_watchlist,watchlist,0.0,4.4,1.98,10.0,0.0,4.4,11.98,-20.85,6.3,109127630.34,"Stage 1, Stage 1 - Base/Repair, weekly_volume_dryup, stage1_not_actionable, stage1_needs_more_base",656,657,Stage 1,watchlist,weekly_watchlist,11.98,1,0.0,False,False,False,False,False
TATACOMM.NS,Tata Communications Limited,Telecommunication,Unknown,False,Cash,1,Stage 2 Failed,Stage 4,Failed Stage 2,Failed Stage 2,Stage 2 Failed • Failed Stage 2,0.72,"This stock was recently Stage 2, but the latest structure no longer satisfies Stage 2 rules. It is kept as Stage 2 Failed until a fresh base/repair structure forms.",Recent Stage 2 break; public stage held as Stage 2 Failed.,2026-08-18,2026-08-10,,watchlist,weekly_watchlist,watchlist,0.0,4.3,1.94,10.0,0.0,4.3,11.94,-5.93,8.9,463105270.15,"Stage 4, Stage 4 - Weak/Declining, volume_dryup, weekly_volume_dryup, downtrend | Stage 2 failed state applied from stage memory.",657,457,Stage 2 Failed,watchlist,weekly_watchlist,26.16,-200,-14.22,False,False,False,False,False
JYOTHYLAB.NS,Jyothy Labs Limited,Fast Moving Consumer Goods,Unknown,False,Cash,1,Stage 4,Stage 4,Stage 4 - Weak/Declining,Stage 4 - Weak/Declining,Stage 4 • Stage 4 - Weak/Declining,0.72,Price is below long-term support with weak trend evidence.,,,,,watchlist,weekly_watchlist,watchlist,17.81,4.0,11.6,0.0,17.81,4.0,11.6,0.34,-6.23,185585095.53,"Stage 4, Stage 4 - Weak/Declining, downtrend",658,656,Stage 4,watchlist,weekly_watchlist,12.01,-2,-0.41000000000000014,False,False,False,False,False
RAMKY.NS,Ramky Infrastructure Limited,Construction,Unknown,False,Cash,1,Stage 4,Stage 4,Stage 4 - Confirmed Downtrend,Stage 4 - Confirmed Downtrend,Stage 4 • Stage 4 - Confirmed Downtrend,0.86,Price is below a bearish moving-average stack with falling trend signals.,,,2025-11-28,,watchlist,weekly_watchlist,watchlist,10.83,12.0,11.36,0.0,10.83,12.0,11.36,-12.68,-9.7,13155066.46,"Stage 4, Stage 4 - Confirmed Downtrend, volume_dryup, weekly_volume_dryup, downtrend",659,663,Stage 4,watchlist,weekly_watchlist,11.43,4,-0.07000000000000028,False,False,False,False,False
LINDEINDIA.NS,Linde India Limited,Chemicals,Unknown,False,Cash,1,Stage 2 Failed,Stage 1,Failed Stage 2,Failed Stage 2,Stage 2 Failed • Failed Stage 2,0.72,"This stock was recently Stage 2, but the latest structure no longer satisfies Stage 2 rules. It is kept as Stage 2 Failed until a fresh base/repair structure forms.",Recent Stage 2 break; public stage held as Stage 2 Failed.,2026-08-18,2026-08-10,,watchlist,weekly_watchlist,watchlist,4.04,9.2,6.36,5.0,4.04,9.2,11.36,-9.12,3.63,185033770.86,"Stage 1, Stage 1 - Base/Repair, stage1_not_actionable, stage1_needs_more_base | Stage 2 failed state applied from stage memory.",660,671,Stage 2 Failed,watchlist,weekly_watchlist,10.89,11,0.46999999999999886,False,False,False,False,False
MCX.NS,Multi Commodity Exchange of India Limited,Financial Services,Unknown,True,F&O,1,Stage 2 Failed,Stage 3,Failed Stage 2,Failed Stage 2,Stage 2 Failed • Failed Stage 2,0.72,"This stock was recently Stage 2, but the latest structure no longer satisfies Stage 2 rules. It is kept as Stage 2 Failed until a fresh base/repair structure forms.",Recent Stage 2 break; public stage held as Stage 2 Failed.,2026-08-18,2026-08-11,,watchlist,weekly_watchlist,watchlist,9.71,8.61,9.21,2.0,9.71,8.61,11.21,-8.99,39.14,6373062674.78,"Stage 3, Stage 3 - Transition, distribution_risk | Stage 2 failed state applied from stage memory.",661,703,Stage 2 Failed,watchlist,weekly_watchlist,7.46,42,3.750000000000001,False,False,False,False,False
VAIBHAVGBL.NS,Vaibhav Global Limited,Consumer Durables,Unknown,False,Cash,1,Stage 2 Failed,Stage 1,Failed Stage 2,Failed Stage 2,Stage 2 Failed • Failed Stage 2,0.72,"This stock was recently Stage 2, but the latest structure no longer satisfies Stage 2 rules. It is kept as Stage 2 Failed until a fresh base/repair structure forms.",Recent Stage 2 break; public stage held as Stage 2 Failed.,2026-08-18,2026-08-13,,watchlist,weekly_watchlist,watchlist,0.0,20.2,9.09,2.0,0.0,20.2,11.09,-2.73,-4.63,150799955.16,"Stage 1, Stage 1 - Base/Repair, weekly_volume_dryup, stage1_not_actionable, stage1_needs_more_base | Stage 2 failed state applied from stage memory.",662,692,Stage 2 Failed,watchlist,weekly_watchlist,9.09,30,2.0,False,False,False,False,False
GILLETTE.NS,Gillette India Limited,Fast Moving Consumer Goods,Unknown,False,Cash,1,Stage 4,Stage 4,Stage 4 - Confirmed Downtrend,Stage 4 - Confirmed Downtrend,Stage 4 • Stage 4 - Confirmed Downtrend,0.86,Price is below a bearish moving-average stack with falling trend signals.,,,,,watchlist,weekly_watchlist,watchlist,16.85,4.0,11.07,0.0,16.85,4.0,11.07,-3.76,-5.41,141383797.28,"Stage 4, Stage 4 - Confirmed Downtrend, volume_dryup, weekly_volume_dryup, downtrend",663,666,Stage 4,watchlist,weekly_watchlist,11.13,3,-0.0600000000000005,False,False,False,False,False
PATELENG.NS,Patel Engineering Limited,Construction,Unknown,False,Cash,1,Stage 4,Stage 4,Stage 4 - Weak/Declining,Stage 4 - Weak/Declining,Stage 4 • Stage 4 - Weak/Declining,0.72,Price is below long-term support with weak trend evidence.,,,2026-07-13,,watchlist,weekly_watchlist,watchlist,20.09,0.0,11.05,0.0,20.09,0.0,11.05,5.48,4.43,114897741.71,"Stage 4, Stage 4 - Weak/Declining, volume_dryup, weekly_volume_dryup, downtrend",664,665,Stage 4,watchlist,weekly_watchlist,11.29,1,-0.23999999999999844,False,False,False,False,False
NOCIL.NS,NOCIL Limited,Chemicals,Unknown,False,Cash,1,Stage 2 Failed,Stage 3,Failed Stage 2,Failed Stage 2,Stage 2 Failed • Failed Stage 2,0.72,"This stock was recently Stage 2, but the latest structure no longer satisfies Stage 2 rules. It is kept as Stage 2 Failed until a fresh base/repair structure forms.",Recent Stage 2 break; public stage held as Stage 2 Failed.,2026-08-18,2026-08-07,,watchlist,weekly_watchlist,watchlist,2.49,10.08,5.91,5.0,2.49,10.08,10.91,-6.14,12.95,183969097.04,"Stage 3, Stage 3 - Transition, volume_dryup, weekly_volume_dryup, distribution_risk | Stage 2 failed state applied from stage memory.",665,662,Stage 2 Failed,watchlist,weekly_watchlist,11.71,-3,-0.8000000000000007,False,False,False,False,False
ARVINDFASN.NS,Arvind Fashions Limited,Consumer Services,Unknown,False,Cash,1,Stage 4,Stage 4,Stage 4 - Weak/Declining,Stage 4 - Weak/Declining,Stage 4 • Stage 4 - Weak/Declining,0.72,Price is below long-term support with weak trend evidence.,,,,,watchlist,weekly_watchlist,watchlist,15.94,0.0,8.77,2.0,15.94,0.0,10.77,-4.5,-2.91,116848793.68,"Stage 4, Stage 4 - Weak/Declining, volume_dryup, weekly_volume_dryup, downtrend",666,668,Stage 4,watchlist,weekly_watchlist,11.09,2,-0.3200000000000003,False,False,False,False,False
VTL.NS,Vardhman Textiles Limited,Textiles,Unknown,False,Cash,1,Stage 2 Failed,Stage 3,Failed Stage 2,Failed Stage 2,Stage 2 Failed • Failed Stage 2,0.72,"This stock was recently Stage 2, but the latest structure no longer satisfies Stage 2 rules. It is kept as Stage 2 Failed until a fresh base/repair structure forms.",Recent Stage 2 break; public stage held as Stage 2 Failed.,2026-08-18,2026-08-14,,watchlist,weekly_watchlist,watchlist,8.82,2.05,5.77,5.0,8.82,2.05,10.77,-3.89,24.41,207395623.49,"Stage 3, Stage 3 - Transition, volume_dryup, weekly_volume_dryup, distribution_risk | Stage 2 failed state applied from stage memory.",667,628,Stage 2 Failed,watchlist,weekly_watchlist,15.81,-39,-5.040000000000001,False,False,False,False,False
NSLNISP.NS,NMDC Steel Limited,Metals & Mining,Unknown,False,Cash,1,Stage 4,Stage 4,Stage 4 - Weak/Declining,Stage 4 - Weak/Declining,Stage 4 • Stage 4 - Weak/Declining,0.72,Price is below long-term support with weak trend evidence.,,,2026-07-15,,watchlist,weekly_watchlist,watchlist,19.2,0.0,10.56,0.0,19.2,0.0,10.56,-10.71,6.21,194240105.66,"Stage 4, Stage 4 - Weak/Declining, downtrend",668,673,Stage 4,watchlist,weekly_watchlist,10.62,5,-0.05999999999999872,False,False,False,False,False
TECHNOE.NS,Techno Electric & Engineering Company Limited,Construction,Unknown,False,Cash,1,Stage 4,Stage 4,Stage 4 - Confirmed Downtrend,Stage 4 - Confirmed Downtrend,Stage 4 • Stage 4 - Confirmed Downtrend,0.86,Price is below a bearish moving-average stack with falling trend signals.,,,,,watchlist,weekly_watchlist,watchlist,19.2,0.0,10.56,0.0,19.2,0.0,10.56,-18.61,1.57,237611996.72,"Stage 4, Stage 4 - Confirmed Downtrend, downtrend",669,688,Stage 4,watchlist,weekly_watchlist,9.26,19,1.3000000000000007,False,False,False,False,False
LUPIN.NS,Lupin Limited,Healthcare,Unknown,True,F&O,1,Stage 2 Failed,Stage 1,Failed Stage 2,Failed Stage 2,Stage 2 Failed • Failed Stage 2,0.72,"This stock was recently Stage 2, but the latest structure no longer satisfies Stage 2 rules. It is kept as Stage 2 Failed until a fresh base/repair structure forms.",Recent Stage 2 break; public stage held as Stage 2 Failed.,2026-08-18,2026-08-10,,watchlist,weekly_watchlist,watchlist,0.76,0.0,0.42,10.0,0.76,0.0,10.42,-3.44,6.02,2799923175.31,"Stage 1, Stage 1 - Base/Repair, weekly_volume_dryup, stage1_not_actionable, stage1_needs_more_base | Stage 2 failed state applied from stage memory.",670,664,Stage 2 Failed,watchlist,weekly_watchlist,11.35,-6,-0.9299999999999997,False,False,False,False,False
ONGC.NS,Oil & Natural Gas Corporation Limited,"Oil, Gas & Consumable Fuels",Unknown,True,F&O,1,Stage 4,Stage 4,Stage 4 - Weak/Declining,Stage 4 - Weak/Declining,Stage 4 • Stage 4 - Weak/Declining,0.72,Price is below long-term support with weak trend evidence.,,,2026-05-22,,watchlist,weekly_watchlist,watchlist,0.0,12.0,5.4,5.0,0.0,12.0,10.4,-21.01,-3.74,3032975252.12,"Stage 4, Stage 4 - Weak/Declining, downtrend",671,675,Stage 4,watchlist,weekly_watchlist,10.4,4,0.0,False,False,False,False,False
TATACONSUM.NS,TATA CONSUMER PRODUCTS LIMITED,Fast Moving Consumer Goods,Unknown,True,F&O,1,Stage 4,Stage 4,Stage 4 - Confirmed Downtrend,Stage 4 - Confirmed Downtrend,Stage 4 • Stage 4 - Confirmed Downtrend,0.86,Price is below a bearish moving-average stack with falling trend signals.,,,2026-05-20,,watchlist,weekly_watchlist,watchlist,13.81,6.2,10.39,0.0,13.81,6.2,10.39,-12.14,-0.8,1632124051.93,"Stage 4, Stage 4 - Confirmed Downtrend, weekly_volume_dryup, downtrend",672,679,Stage 4,watchlist,weekly_watchlist,10.02,7,0.370000000000001,False,False,False,False,False
CAMPUS.NS,Campus Activewear Limited,Consumer Durables,Unknown,False,Cash,1,Stage 4,Stage 4,Stage 4 - Confirmed Downtrend,Stage 4 - Confirmed Downtrend,Stage 4 • Stage 4 - Confirmed Downtrend,0.86,Price is below a bearish moving-average stack with falling trend signals.,,,2025-11-26,,watchlist,weekly_watchlist,watchlist,15.2,0.0,8.36,2.0,15.2,0.0,10.36,-9.83,-13.84,169224189.73,"Stage 4, Stage 4 - Confirmed Downtrend, volume_dryup, weekly_volume_dryup, downtrend",673,697,Stage 4,watchlist,weekly_watchlist,8.36,24,2.0,False,False,False,False,False
STAR.NS,Strides Pharma Science Limited,Healthcare,Unknown,False,Cash,1,Stage 1,Stage 1,Stage 1 - Base/Repair,Stage 1 - Base/Repair,Stage 1 • Stage 1 - Base/Repair,0.7,Price is near long-term moving averages with no strong long-term downtrend signal.,,,2026-07-22,,watchlist,weekly_watchlist,watchlist,0.0,0.8,0.36,10.0,0.0,0.8,10.36,-18.44,17.17,206742616.91,"Stage 1, Stage 1 - Base/Repair, stage1_not_actionable, stage1_needs_more_base",674,672,Stage 1,watchlist,weekly_watchlist,10.63,-2,-0.27000000000000135,False,False,False,False,False
MASFIN.NS,MAS Financial Services Limited,Financial Services,Unknown,False,Cash,1,Stage 1,Stage 1,Stage 1 - Base/Repair,Stage 1 - Base/Repair,Stage 1 • Stage 1 - Base/Repair,0.7,Price is near long-term moving averages with no strong long-term downtrend signal.,,,2026-07-13,,watchlist,weekly_watchlist,watchlist,13.51,2.0,8.33,2.0,13.51,2.0,10.33,-4.14,-3.78,43796219.06,"Stage 1, Stage 1 - Base/Repair, stage1_not_actionable, stage1_needs_more_base",675,651,Stage 1,watchlist,weekly_watchlist,12.82,-24,-2.49,False,False,False,False,False
GMDCLTD.NS,Gujarat Mineral Development Corporation Limited,Metals & Mining,Unknown,False,Cash,1,Stage 4,Stage 4,Stage 4 - Weak/Declining,Stage 4 - Weak/Declining,Stage 4 • Stage 4 - Weak/Declining,0.72,Price is below long-term support with weak trend evidence.,,,2026-06-24,,watchlist,weekly_watchlist,watchlist,15.1,4.0,10.11,0.0,15.1,4.0,10.11,-14.37,11.29,818170219.94,"Stage 4, Stage 4 - Weak/Declining, downtrend",676,678,Stage 4,watchlist,weekly_watchlist,10.11,2,0.0,False,False,False,False,False
POWERGRID.NS,Power Grid Corporation of India Limited,Power,Unknown,True,F&O,1,Stage 1,Stage 1,Stage 1 - Unclear/Repair,Stage 1 - Unclear/Repair,Stage 1 • Stage 1 - Unclear/Repair,0.58,Not enough evidence for Stage 2 or Stage 4; classified as repair/unclear structure.,,,2026-07-23,,watchlist,weekly_watchlist,watchlist,16.65,2.0,10.06,0.0,16.65,2.0,10.06,-12.5,-4.83,2408916792.93,"Stage 1, Stage 1 - Unclear/Repair, weekly_volume_dryup, stage1_not_actionable, stage1_needs_more_base",677,685,Stage 1,watchlist,weekly_watchlist,9.98,8,0.08000000000000007,False,False,False,False,False
DRREDDY.NS,Dr. Reddy's Laboratories Limited,Healthcare,Unknown,True,F&O,1,Stage 4,Stage 4,Stage 4 - Weak/Declining,Stage 4 - Weak/Declining,Stage 4 • Stage 4 - Weak/Declining,0.72,Price is below long-term support with weak trend evidence.,,,2026-07-08,,watchlist,weekly_watchlist,watchlist,0.0,0.0,0.0,10.0,0.0,0.0,10.0,-11.21,-1.68,2610702675.98,"Stage 4, Stage 4 - Weak/Declining, weekly_volume_dryup, downtrend",678,681,Stage 4,watchlist,weekly_watchlist,10.0,3,0.0,False,False,False,False,False
ITI.NS,ITI Limited,Telecommunication,Unknown,False,Cash,1,Stage 4,Stage 4,Stage 4 - Weak/Declining,Stage 4 - Weak/Declining,Stage 4 • Stage 4 - Weak/Declining,0.72,Price is below long-term support with weak trend evidence.,,,2026-07-02,,watchlist,weekly_watchlist,watchlist,0.0,0.0,0.0,10.0,0.0,0.0,10.0,-4.35,5.14,80355559.32,"Stage 4, Stage 4 - Weak/Declining, volume_dryup, weekly_volume_dryup, downtrend",679,682,Stage 4,watchlist,weekly_watchlist,10.0,3,0.0,False,False,False,False,False
TMPV.NS,Tata Motors Passenger Vehicles Ltd.,Automobile and Auto Components,Unknown,True,F&O,1,Stage 4,Stage 4,Stage 4 - Confirmed Downtrend,Stage 4 - Confirmed Downtrend,Stage 4 • Stage 4 - Confirmed Downtrend,0.86,Price is below a bearish moving-average stack with falling trend signals.,,,,,watchlist,weekly_watchlist,watchlist,0.0,0.0,0.0,10.0,0.0,0.0,10.0,-11.89,-7.73,3056859321.88,"Stage 4, Stage 4 - Confirmed Downtrend, downtrend",680,684,Stage 4,watchlist,weekly_watchlist,10.0,4,0.0,False,False,False,False,False
RELIGARE.NS,Religare Enterprises Limited,Financial Services,Unknown,False,Cash,1,Stage 2 Failed,Stage 4,Failed Stage 2,Failed Stage 2,Stage 2 Failed • Failed Stage 2,0.72,"This stock was recently Stage 2, but the latest structure no longer satisfies Stage 2 rules. It is kept as Stage 2 Failed until a fresh base/repair structure forms.",Recent Stage 2 break; public stage held as Stage 2 Failed.,2026-08-18,2026-08-06,,watchlist,weekly_watchlist,watchlist,14.48,0.0,7.96,2.0,14.48,0.0,9.96,-0.64,0.89,254968087.3,"Stage 4, Stage 4 - Weak/Declining, downtrend | Stage 2 failed state applied from stage memory.",681,705,Stage 2 Failed,watchlist,weekly_watchlist,7.33,24,2.630000000000001,False,False,False,False,False
JSL.NS,Jindal Stainless Limited,Metals & Mining,Unknown,False,Cash,1,Stage 4,Stage 4,Stage 4 - Weak/Declining,Stage 4 - Weak/Declining,Stage 4 • Stage 4 - Weak/Declining,0.72,Price is below long-term support with weak trend evidence.,,,2026-02-26,,watchlist,weekly_watchlist,watchlist,12.19,6.64,9.69,0.0,12.19,6.64,9.69,-2.54,4.93,285144995.53,"Stage 4, Stage 4 - Weak/Declining, volume_dryup, weekly_volume_dryup, downtrend",682,645,Not Sure,watchlist,weekly_watchlist,13.42,-37,-3.7300000000000004,False,False,False,False,False
CROMPTON.NS,Crompton Greaves Consumer Electricals Limited,Consumer Durables,Unknown,True,F&O,1,Stage 2 Failed,Stage 4,Failed Stage 2,Failed Stage 2,Stage 2 Failed • Failed Stage 2,0.72,"This stock was recently Stage 2, but the latest structure no longer satisfies Stage 2 rules. It is kept as Stage 2 Failed until a fresh base/repair structure forms.",Recent Stage 2 break; public stage held as Stage 2 Failed.,2026-08-18,2026-08-06,,watchlist,weekly_watchlist,watchlist,12.32,2.0,7.68,2.0,12.32,2.0,9.68,-17.08,-3.15,885587567.5,"Stage 4, Stage 4 - Weak/Declining, weekly_volume_dryup, downtrend | Stage 2 failed state applied from stage memory.",683,699,Stage 2 Failed,watchlist,weekly_watchlist,7.75,16,1.9299999999999997,False,False,False,False,False
TIMKEN.NS,Timken India Limited,Capital Goods,Unknown,False,Cash,1,Stage 3,Stage 3,Stage 3 - Distribution/Damage,Stage 3 - Distribution/Damage,Stage 3 • Stage 3 - Distribution/Damage,0.76,"Prior strength exists, but short-term and/or weekly structure is deteriorating.",,,2026-07-06,,watchlist,weekly_watchlist,watchlist,4.81,3.92,4.41,5.0,4.81,3.92,9.41,-8.63,11.8,117710003.65,"Stage 3, Stage 3 - Distribution/Damage, volume_dryup, weekly_volume_dryup, distribution_risk",684,694,Stage 3,watchlist,weekly_watchlist,8.97,10,0.4399999999999995,False,False,False,False,False
THERMAX.NS,Thermax Limited,Capital Goods,Unknown,False,Cash,1,Stage 2 Failed,Stage 3,Failed Stage 2,Failed Stage 2,Stage 2 Failed • Failed Stage 2,0.72,"This stock was recently Stage 2, but the latest structure no longer satisfies Stage 2 rules. It is kept as Stage 2 Failed until a fresh base/repair structure forms.",Recent Stage 2 break; public stage held as Stage 2 Failed.,2026-08-18,2026-08-05,,watchlist,weekly_watchlist,watchlist,1.5,7.81,4.34,5.0,1.5,7.81,9.34,-10.0,40.12,1643975291.93,"Stage 3, Stage 3 - Distribution/Damage, volume_dryup, weekly_volume_dryup, distribution_risk | Stage 2 failed state applied from stage memory.",685,687,Stage 2 Failed,watchlist,weekly_watchlist,9.66,2,-0.3200000000000003,False,False,False,False,False
VEDL.NS,Vedanta Limited,Metals & Mining,Unknown,True,F&O,1,Stage 4,Stage 4,Stage 4 - Confirmed Downtrend,Stage 4 - Confirmed Downtrend,Stage 4 • Stage 4 - Confirmed Downtrend,0.86,Price is below a bearish moving-average stack with falling trend signals.,,,2026-04-29,,watchlist,weekly_watchlist,watchlist,16.73,0.0,9.2,0.0,16.73,0.0,9.2,-21.95,-53.84,2974895292.76,"Stage 4, Stage 4 - Confirmed Downtrend, volume_dryup, weekly_volume_dryup, downtrend",686,691,Stage 4,watchlist,weekly_watchlist,9.09,5,0.10999999999999943,False,False,False,False,False
THANGAMAYL.NS,Thangamayil Jewellery Limited,Consumer Durables,Unknown,False,Cash,1,Stage 2 Failed,Stage 1,Failed Stage 2,Failed Stage 2,Stage 2 Failed • Failed Stage 2,0.72,"This stock was recently Stage 2, but the latest structure no longer satisfies Stage 2 rules. It is kept as Stage 2 Failed until a fresh base/repair structure forms.",Recent Stage 2 break; public stage held as Stage 2 Failed.,2026-08-18,2026-07-30,,watchlist,weekly_watchlist,watchlist,5.81,8.8,7.16,2.0,5.81,8.8,9.16,43.42,59.46,1636854179.8,"Stage 1, Stage 1 - Unclear/Repair, volume_dryup, weekly_volume_dryup, stage1_not_actionable, stage1_needs_more_base | Stage 2 failed state applied from stage memory.",687,728,Stage 2 Failed,watchlist,weekly_watchlist,3.96,41,5.2,False,False,False,False,False
HEMIPROP.NS,Hemisphere Properties India Limited,Realty,Unknown,False,Cash,1,Stage 4,Stage 4,Stage 4 - Weak/Declining,Stage 4 - Weak/Declining,Stage 4 • Stage 4 - Weak/Declining,0.72,Price is below long-term support with weak trend evidence.,,,2026-07-03,,watchlist,weekly_watchlist,watchlist,14.87,2.0,9.08,0.0,14.87,2.0,9.08,-11.74,1.89,51642734.78,"Stage 4, Stage 4 - Weak/Declining, volume_dryup, weekly_volume_dryup, downtrend",688,670,Stage 4,watchlist,weekly_watchlist,10.9,-18,-1.8200000000000003,False,False,False,False,False
NLCINDIA.NS,NLC India Ltd.,Power,Unknown,False,Cash,1,Stage 4,Stage 4,Stage 4,Stage 4,Stage 4,0.66,Declining structure detected.,,,2026-07-17,,watchlist,weekly_watchlist,watchlist,16.32,0.0,8.98,0.0,16.32,0.0,8.98,-24.76,12.54,651452057.74,"Stage 4, Stage 4, volume_dryup, weekly_volume_dryup, downtrend",689,690,Stage 4,watchlist,weekly_watchlist,9.11,1,-0.129999999999999,False,False,False,False,False
OIL.NS,Oil India Limited,"Oil, Gas & Consumable Fuels",Unknown,True,F&O,1,Stage 1,Stage 1,Stage 1 - Base/Repair,Stage 1 - Base/Repair,Stage 1 • Stage 1 - Base/Repair,0.7,Price is near long-term moving averages with no strong long-term downtrend signal.,,,2026-06-05,,watchlist,weekly_watchlist,watchlist,3.86,3.72,3.8,5.0,3.86,3.72,8.8,-5.82,10.97,1609189989.74,"Stage 1, Stage 1 - Base/Repair, weekly_volume_dryup, stage1_not_actionable, stage1_needs_more_base",690,677,Stage 1,watchlist,weekly_watchlist,10.12,-13,-1.3199999999999985,False,False,False,False,False
PGHH.NS,Procter & Gamble Hygiene and Health Care Limited,Fast Moving Consumer Goods,Unknown,False,Cash,1,Stage 4,Stage 4,Stage 4 - Confirmed Downtrend,Stage 4 - Confirmed Downtrend,Stage 4 • Stage 4 - Confirmed Downtrend,0.86,Price is below a bearish moving-average stack with falling trend signals.,,,,,watchlist,weekly_watchlist,watchlist,12.64,4.0,8.75,0.0,12.64,4.0,8.75,-16.27,-22.82,183116420.62,"Stage 4, Stage 4 - Confirmed Downtrend, volume_dryup, weekly_volume_dryup, downtrend",691,695,Stage 4,watchlist,weekly_watchlist,8.86,4,-0.10999999999999943,False,False,False,False,False
EIDPARRY.NS,EID Parry India Limited,Chemicals,Unknown,False,Cash,1,Stage 4,Stage 4,Stage 4 - Weak/Declining,Stage 4 - Weak/Declining,Stage 4 • Stage 4 - Weak/Declining,0.72,Price is below long-term support with weak trend evidence.,,,,,watchlist,weekly_watchlist,watchlist,0.0,7.6,3.42,5.0,0.0,7.6,8.42,-1.75,-7.25,303656911.62,"Stage 4, Stage 4 - Weak/Declining, downtrend",692,696,Stage 4,watchlist,weekly_watchlist,8.42,4,0.0,False,False,False,False,False
TORNTPOWER.NS,Torrent Power Limited,Power,Unknown,False,Cash,1,Stage 4,Stage 4,Stage 4 - Weak/Declining,Stage 4 - Weak/Declining,Stage 4 • Stage 4 - Weak/Declining,0.72,Price is below long-term support with weak trend evidence.,,,2026-06-24,,watchlist,weekly_watchlist,watchlist,15.15,0.0,8.33,0.0,15.15,0.0,8.33,-18.1,-6.38,419298448.19,"Stage 4, Stage 4 - Weak/Declining, volume_dryup, weekly_volume_dryup, downtrend",693,701,Stage 4,watchlist,weekly_watchlist,7.59,8,0.7400000000000002,False,False,False,False,False
STARCEMENT.NS,Star Cement Limited,Construction Materials,Unknown,False,Cash,1,Stage 4,Stage 4,Stage 4 - Confirmed Downtrend,Stage 4 - Confirmed Downtrend,Stage 4 • Stage 4 - Confirmed Downtrend,0.86,Price is below a bearish moving-average stack with falling trend signals.,,,2025-11-03,,watchlist,weekly_watchlist,watchlist,11.83,4.0,8.31,0.0,11.83,4.0,8.31,-9.52,-1.43,35888947.28,"Stage 4, Stage 4 - Confirmed Downtrend, volume_dryup, weekly_volume_dryup, downtrend",694,702,Stage 4,watchlist,weekly_watchlist,7.48,8,0.8300000000000001,False,False,False,False,False
SUNTV.NS,Sun TV Network Limited,"Media, Entertainment & Publication",Unknown,False,Cash,1,Stage 4,Stage 4,Stage 4 - Confirmed Downtrend,Stage 4 - Confirmed Downtrend,Stage 4 • Stage 4 - Confirmed Downtrend,0.86,Price is below a bearish moving-average stack with falling trend signals.,,,2026-05-08,,watchlist,weekly_watchlist,watchlist,14.2,0.8,8.17,0.0,14.2,0.8,8.17,-1.74,-11.12,224024813.63,"Stage 4, Stage 4 - Confirmed Downtrend, downtrend",695,686,Stage 4,watchlist,weekly_watchlist,9.72,-9,-1.5500000000000007,False,False,False,False,False
SARDAEN.NS,Sarda Energy & Minerals Limited,Metals & Mining,Unknown,False,Cash,1,Stage 4,Stage 4,Stage 4 - Weak/Declining,Stage 4 - Weak/Declining,Stage 4 • Stage 4 - Weak/Declining,0.72,Price is below long-term support with weak trend evidence.,,,2026-03-12,,watchlist,weekly_watchlist,watchlist,12.57,2.0,7.81,0.0,12.57,2.0,7.81,-10.45,7.54,788764616.25,"Stage 4, Stage 4 - Weak/Declining, downtrend",696,568,Not Sure,watchlist,weekly_watchlist,19.12,-128,-11.310000000000002,False,False,False,False,False
RESPONIND.NS,Responsive Industries Limited,Consumer Durables,Unknown,False,Cash,1,Stage 4,Stage 4,Stage 4 - Weak/Declining,Stage 4 - Weak/Declining,Stage 4 • Stage 4 - Weak/Declining,0.72,Price is below long-term support with weak trend evidence.,,,2026-07-20,,watchlist,weekly_watchlist,watchlist,10.2,0.0,5.61,2.0,10.2,0.0,7.61,-6.59,-10.76,27388730.11,"Stage 4, Stage 4 - Weak/Declining, volume_dryup, weekly_volume_dryup, downtrend",697,680,Stage 4,watchlist,weekly_watchlist,10.01,-17,-2.3999999999999995,False,False,False,False,False
KSB.NS,Ksb Limited,Capital Goods,Unknown,False,Cash,1,Stage 2 Failed,Stage 1,Failed Stage 2,Failed Stage 2,Stage 2 Failed • Failed Stage 2,0.72,"This stock was recently Stage 2, but the latest structure no longer satisfies Stage 2 rules. It is kept as Stage 2 Failed until a fresh base/repair structure forms.",Recent Stage 2 break; public stage held as Stage 2 Failed.,2026-08-18,2026-08-04,,watchlist,weekly_watchlist,watchlist,2.0,3.25,2.56,5.0,2.0,3.25,7.56,-5.99,18.5,143278916.04,"Stage 1, Stage 1 - Base/Repair, weekly_volume_dryup, stage1_not_actionable, stage1_needs_more_base | Stage 2 failed state applied from stage memory.",698,700,Stage 2 Failed,watchlist,weekly_watchlist,7.67,2,-0.11000000000000032,False,False,False,False,False
INDIAMART.NS,Indiamart Intermesh Limited,Consumer Services,Unknown,False,Cash,1,Stage 4,Stage 4,Stage 4 - Confirmed Downtrend,Stage 4 - Confirmed Downtrend,Stage 4 • Stage 4 - Confirmed Downtrend,0.86,Price is below a bearish moving-average stack with falling trend signals.,,,,,watchlist,weekly_watchlist,watchlist,9.82,0.0,5.4,2.0,9.82,0.0,7.4,-13.11,-12.9,299108892.25,"Stage 4, Stage 4 - Confirmed Downtrend, weekly_volume_dryup, downtrend",699,704,Stage 4,watchlist,weekly_watchlist,7.4,5,0.0,False,False,False,False,False
RTNPOWER.NS,RattanIndia Power Limited,Power,Unknown,False,Cash,1,Stage 4,Stage 4,Stage 4 - Confirmed Downtrend,Stage 4 - Confirmed Downtrend,Stage 4 • Stage 4 - Confirmed Downtrend,0.86,Price is below a bearish moving-average stack with falling trend signals.,,,,,watchlist,weekly_watchlist,watchlist,13.19,0.0,7.25,0.0,13.19,0.0,7.25,-12.73,-1.53,96452123.19,"Stage 4, Stage 4 - Confirmed Downtrend, downtrend",700,711,Stage 4,watchlist,weekly_watchlist,6.02,11,1.2300000000000004,False,False,False,False,False
JINDALSTEL.NS,Jindal Steel & Power Limited,Metals & Mining,Unknown,True,F&O,1,Stage 1,Stage 1,Stage 1 - Base/Repair,Stage 1 - Base/Repair,Stage 1 • Stage 1 - Base/Repair,0.7,Price is near long-term moving averages with no strong long-term downtrend signal.,,,2026-05-28,,watchlist,weekly_watchlist,watchlist,4.84,10.0,7.16,0.0,4.84,10.0,7.16,-11.91,-1.03,976119974.86,"Stage 1, Stage 1 - Base/Repair, volume_dryup, weekly_volume_dryup, stage1_not_actionable, stage1_needs_more_base",701,698,Stage 1,watchlist,weekly_watchlist,7.78,-3,-0.6200000000000001,False,False,False,False,False
POWERMECH.NS,Power Mech Projects Limited,Construction,Unknown,False,Cash,1,Stage 2 Failed,Not Sure,Failed Stage 2,Failed Stage 2,Stage 2 Failed • Failed Stage 2,0.72,"This stock was recently Stage 2, but the latest structure no longer satisfies Stage 2 rules. It is kept as Stage 2 Failed until a fresh base/repair structure forms.",Recent Stage 2 break; public stage held as Stage 2 Failed.,2026-08-18,2026-07-29,,watchlist,weekly_watchlist,watchlist,8.37,5.59,7.12,0.0,8.37,5.59,7.12,-2.61,22.54,176220255.49,"Not Sure, Not Sure, volume_dryup, weekly_volume_dryup | Stage 2 failed state applied from stage memory.",702,706,Stage 2 Failed,watchlist,weekly_watchlist,7.18,4,-0.05999999999999961,False,False,False,False,False
AMBER.NS,Amber Enterprises India Limited,Consumer Durables,Unknown,True,F&O,1,Not Sure,Not Sure,Not Sure,Not Sure,Not Sure,0.0,Stage rules did not identify a reliable structure.,No confident stage classification.,,2026-07-20,,watchlist,weekly_watchlist,watchlist,6.92,2.73,5.03,2.0,6.92,2.73,7.03,2.3,1.02,2354472520.75,"Not Sure, Not Sure",703,725,Not Sure,watchlist,weekly_watchlist,4.57,22,2.46,False,False,False,False,False
NMDC.NS,NMDC Limited,Metals & Mining,Unknown,True,F&O,1,Stage 3,Stage 3,Stage 3 - Distribution/Damage,Stage 3 - Distribution/Damage,Stage 3 • Stage 3 - Distribution/Damage,0.76,"Prior strength exists, but short-term and/or weekly structure is deteriorating.",,,2026-07-03,,watchlist,weekly_watchlist,watchlist,3.67,10.92,6.93,0.0,3.67,10.92,6.93,-6.81,11.98,1506625638.88,"Stage 3, Stage 3 - Distribution/Damage, distribution_risk",704,674,Stage 3,watchlist,weekly_watchlist,10.51,-30,-3.58,False,False,False,False,False
PERSISTENT.NS,Persistent Systems Limited,Information Technology,Unknown,True,F&O,1,Stage 2 Failed,Stage 1,Failed Stage 2,Failed Stage 2,Stage 2 Failed • Failed Stage 2,0.72,"This stock was recently Stage 2, but the latest structure no longer satisfies Stage 2 rules. It is kept as Stage 2 Failed until a fresh base/repair structure forms.",Recent Stage 2 break; public stage held as Stage 2 Failed.,2026-08-18,2026-08-14,,watchlist,weekly_watchlist,watchlist,0.7,10.0,4.88,2.0,0.7,10.0,6.88,5.83,6.16,3035460520.72,"Stage 1, Stage 1 - Early Turn, volume_dryup, weekly_volume_dryup, stage1_not_actionable, stage1_needs_more_base | Stage 2 failed state applied from stage memory.",705,648,Stage 2 Failed,watchlist,weekly_watchlist,12.99,-57,-6.11,False,False,False,False,False
CHAMBLFERT.NS,Chambal Fertilizers & Chemicals Limited,Chemicals,Unknown,False,Cash,1,Stage 4,Stage 4,Stage 4 - Weak/Declining,Stage 4 - Weak/Declining,Stage 4 • Stage 4 - Weak/Declining,0.72,Price is below long-term support with weak trend evidence.,,,2026-07-03,,watchlist,weekly_watchlist,watchlist,0.0,4.0,1.8,5.0,0.0,4.0,6.8,-4.83,1.7,173862487.7,"Stage 4, Stage 4 - Weak/Declining, volume_dryup, weekly_volume_dryup, downtrend",706,707,Stage 4,watchlist,weekly_watchlist,6.88,1,-0.08000000000000007,False,False,False,False,False
FACT.NS,Fertilizers and Chemicals Travancore Limited,Chemicals,Unknown,False,Cash,1,Stage 4,Stage 4,Stage 4 - Weak/Declining,Stage 4 - Weak/Declining,Stage 4 • Stage 4 - Weak/Declining,0.72,Price is below long-term support with weak trend evidence.,,,2026-06-26,,watchlist,weekly_watchlist,watchlist,0.0,4.0,1.8,5.0,0.0,4.0,6.8,-10.32,7.74,69907149.64,"Stage 4, Stage 4 - Weak/Declining, volume_dryup, weekly_volume_dryup, downtrend",707,708,Stage 4,watchlist,weekly_watchlist,6.8,1,0.0,False,False,False,False,False
WAAREEENER.NS,Waaree Energies Ltd.,Capital Goods,Unknown,True,F&O,1,Stage 4,Stage 4,Stage 4 - Confirmed Downtrend,Stage 4 - Confirmed Downtrend,Stage 4 • Stage 4 - Confirmed Downtrend,0.86,Price is below a bearish moving-average stack with falling trend signals.,,,,,watchlist,weekly_watchlist,watchlist,0.0,4.0,1.8,5.0,0.0,4.0,6.8,-11.59,-5.28,2255565604.41,"Stage 4, Stage 4 - Confirmed Downtrend, volume_dryup, weekly_volume_dryup, downtrend",708,709,Stage 4,watchlist,weekly_watchlist,6.8,1,0.0,False,False,False,False,False
TRITURBINE.NS,Triveni Turbine Limited,Capital Goods,Unknown,False,Cash,1,Stage 2 Failed,Stage 1,Failed Stage 2,Failed Stage 2,Stage 2 Failed • Failed Stage 2,0.72,"This stock was recently Stage 2, but the latest structure no longer satisfies Stage 2 rules. It is kept as Stage 2 Failed until a fresh base/repair structure forms.",Recent Stage 2 break; public stage held as Stage 2 Failed.,2026-08-18,2026-08-06,,watchlist,weekly_watchlist,watchlist,2.26,0.72,1.57,5.0,2.26,0.72,6.57,-13.33,24.57,472230221.19,"Stage 1, Stage 1 - Base/Repair, weekly_volume_dryup, stage1_not_actionable, stage1_needs_more_base | Stage 2 failed state applied from stage memory.",709,715,Stage 2 Failed,watchlist,weekly_watchlist,5.74,6,0.8300000000000001,False,False,False,False,False
SUZLON.NS,Suzlon Energy Limited,Capital Goods,Unknown,True,F&O,1,Stage 4,Stage 4,Stage 4 - Weak/Declining,Stage 4 - Weak/Declining,Stage 4 • Stage 4 - Weak/Declining,0.72,Price is below long-term support with weak trend evidence.,,,2026-07-13,,watchlist,weekly_watchlist,watchlist,1.72,0.0,0.95,5.0,1.72,0.0,5.95,-11.59,9.39,3288058354.58,"Stage 4, Stage 4 - Weak/Declining, volume_dryup, weekly_volume_dryup, downtrend",710,710,Stage 4,watchlist,weekly_watchlist,6.68,0,-0.7299999999999995,False,False,False,False,False
HGS.NS,Hinduja Global Solutions Limited,Services,Unknown,False,Cash,1,Stage 4,Stage 4,Stage 4 - Weak/Declining,Stage 4 - Weak/Declining,Stage 4 • Stage 4 - Weak/Declining,0.72,Price is below long-term support with weak trend evidence.,,,,,watchlist,weekly_watchlist,watchlist,6.75,0.0,3.71,2.0,6.75,0.0,5.71,-1.4,5.67,8584313.99,"Stage 4, Stage 4 - Weak/Declining, volume_dryup, weekly_volume_dryup, downtrend",711,713,Stage 4,watchlist,weekly_watchlist,5.92,2,-0.20999999999999996,False,False,False,False,False
EPIGRAL.NS,Epigral Limited,Chemicals,Unknown,False,Cash,1,Stage 4,Stage 4,Stage 4 - Weak/Declining,Stage 4 - Weak/Declining,Stage 4 • Stage 4 - Weak/Declining,0.72,Price is below long-term support with weak trend evidence.,,,,,watchlist,weekly_watchlist,watchlist,0.12,0.8,0.43,5.0,0.12,0.8,5.43,-14.48,14.17,138540891.07,"Stage 4, Stage 4 - Weak/Declining, volume_dryup, weekly_volume_dryup, downtrend",712,712,Stage 4,watchlist,weekly_watchlist,5.95,0,-0.5200000000000005,False,False,False,False,False
ABSLAMC.NS,Aditya Birla Sun Life AMC Limited,Financial Services,Unknown,False,Cash,1,Stage 2 Failed,Stage 3,Failed Stage 2,Failed Stage 2,Stage 2 Failed • Failed Stage 2,0.72,"This stock was recently Stage 2, but the latest structure no longer satisfies Stage 2 rules. It is kept as Stage 2 Failed until a fresh base/repair structure forms.",Recent Stage 2 break; public stage held as Stage 2 Failed.,2026-08-18,2026-08-14,,watchlist,weekly_watchlist,watchlist,4.9,1.32,3.29,2.0,4.9,1.32,5.29,-0.24,25.48,319003052.22,"Stage 3, Stage 3 - Transition, volume_dryup, weekly_volume_dryup, distribution_risk | Stage 2 failed state applied from stage memory.",713,716,Stage 2 Failed,watchlist,weekly_watchlist,5.71,3,-0.41999999999999993,False,False,False,False,False
TATAELXSI.NS,Tata Elxsi Limited,Information Technology,Unknown,True,F&O,1,Stage 4,Stage 4,Stage 4 - Confirmed Downtrend,Stage 4 - Confirmed Downtrend,Stage 4 • Stage 4 - Confirmed Downtrend,0.86,Price is below a bearish moving-average stack with falling trend signals.,,,,,watchlist,weekly_watchlist,watchlist,0.62,6.4,3.22,2.0,0.62,6.4,5.22,-12.92,-19.1,1365060987.76,"Stage 4, Stage 4 - Confirmed Downtrend, volume_dryup, weekly_volume_dryup, downtrend",714,717,Stage 4,watchlist,weekly_watchlist,5.36,3,-0.14000000000000057,False,False,False,False,False
COALINDIA.NS,Coal India Limited,"Oil, Gas & Consumable Fuels",Unknown,True,F&O,1,Stage 4,Stage 4,Stage 4 - Weak/Declining,Stage 4 - Weak/Declining,Stage 4 • Stage 4 - Weak/Declining,0.72,Price is below long-term support with weak trend evidence.,,,2026-07-03,,watchlist,weekly_watchlist,watchlist,0.0,0.0,0.0,5.0,0.0,0.0,5.0,-12.36,4.87,2896339729.71,"Stage 4, Stage 4 - Weak/Declining, weekly_volume_dryup, downtrend",715,719,Stage 4,watchlist,weekly_watchlist,5.0,4,0.0,False,False,False,False,False
ELECON.NS,Elecon Engineering Company Limited,Capital Goods,Unknown,False,Cash,1,Stage 4,Stage 4,Stage 4 - Weak/Declining,Stage 4 - Weak/Declining,Stage 4 • Stage 4 - Weak/Declining,0.72,Price is below long-term support with weak trend evidence.,,,2026-07-06,,watchlist,weekly_watchlist,watchlist,0.0,0.0,0.0,5.0,0.0,0.0,5.0,-20.35,4.73,200093768.88,"Stage 4, Stage 4 - Weak/Declining, volume_dryup, weekly_volume_dryup, downtrend",716,720,Stage 4,watchlist,weekly_watchlist,5.0,4,0.0,False,False,False,False,False
JAICORPLTD.NS,Jai Corp Limited,Capital Goods,Unknown,False,Cash,1,Stage 4,Stage 4,Stage 4 - Confirmed Downtrend,Stage 4 - Confirmed Downtrend,Stage 4 • Stage 4 - Confirmed Downtrend,0.86,Price is below a bearish moving-average stack with falling trend signals.,,,2025-11-04,,watchlist,weekly_watchlist,watchlist,0.0,0.0,0.0,5.0,0.0,0.0,5.0,-11.67,-9.88,34114911.71,"Stage 4, Stage 4 - Confirmed Downtrend, volume_dryup, downtrend",717,721,Stage 4,watchlist,weekly_watchlist,5.0,4,0.0,False,False,False,False,False
KAYNES.NS,Kaynes Technology India Limited,Capital Goods,Unknown,True,F&O,1,Stage 1,Stage 1,Stage 1 - Early Turn,Stage 1 - Early Turn,Stage 1 • Stage 1 - Early Turn,0.66,The stock is improving from a repair/base area but has not confirmed a clean Stage 2 yet.,,,2025-11-13,,watchlist,weekly_watchlist,watchlist,0.0,0.0,0.0,5.0,0.0,0.0,5.0,7.75,-1.76,5514400943.84,"Stage 1, Stage 1 - Early Turn, weekly_volume_dryup, stage1_not_actionable, stage1_needs_more_base",718,722,Stage 1,watchlist,weekly_watchlist,5.0,4,0.0,False,False,False,False,False
BBOX.NS,Black Box Limited,Information Technology,Unknown,False,Cash,1,Stage 3,Stage 3,Stage 3 - Distribution/Damage,Stage 3 - Distribution/Damage,Stage 3 • Stage 3 - Distribution/Damage,0.76,"Prior strength exists, but short-term and/or weekly structure is deteriorating.",,,2026-07-21,,watchlist,weekly_watchlist,watchlist,0.9,5.55,2.99,2.0,0.9,5.55,4.99,-20.59,52.13,361534193.94,"Stage 3, Stage 3 - Distribution/Damage, distribution_risk",719,723,Stage 3,watchlist,weekly_watchlist,4.92,4,0.07000000000000028,False,False,False,False,False
LATENTVIEW.NS,Latent View Analytics Limited,Information Technology,Unknown,False,Cash,1,Stage 4,Stage 4,Stage 4 - Confirmed Downtrend,Stage 4 - Confirmed Downtrend,Stage 4 • Stage 4 - Confirmed Downtrend,0.86,Price is below a bearish moving-average stack with falling trend signals.,,,2026-01-07,,watchlist,weekly_watchlist,watchlist,3.45,0.0,1.9,2.0,3.45,0.0,3.9,-15.72,-22.6,270853950.37,"Stage 4, Stage 4 - Confirmed Downtrend, volume_dryup, weekly_volume_dryup, downtrend",720,730,Stage 4,watchlist,weekly_watchlist,3.9,10,0.0,False,False,False,False,False
MMTC.NS,MMTC Limited,Services,Unknown,False,Cash,1,Stage 3,Stage 3,Stage 3 - Distribution/Damage,Stage 3 - Distribution/Damage,Stage 3 • Stage 3 - Distribution/Damage,0.76,"Prior strength exists, but short-term and/or weekly structure is deteriorating.",,,2026-07-13,,watchlist,weekly_watchlist,watchlist,2.16,1.48,1.85,2.0,2.16,1.48,3.85,-3.16,6.0,87872662.84,"Stage 3, Stage 3 - Distribution/Damage, volume_dryup, weekly_volume_dryup, distribution_risk",721,669,Not Sure,watchlist,weekly_watchlist,11.0,-52,-7.15,False,False,False,False,False
UCOBANK.NS,UCO Bank,Financial Services,Unknown,False,Cash,1,Stage 4,Stage 4,Stage 4 - Weak/Declining,Stage 4 - Weak/Declining,Stage 4 • Stage 4 - Weak/Declining,0.72,Price is below long-term support with weak trend evidence.,,,,,watchlist,weekly_watchlist,watchlist,0.0,4.0,1.8,2.0,0.0,4.0,3.8,2.72,-2.96,117579897.23,"Stage 4, Stage 4 - Weak/Declining, volume_dryup, weekly_volume_dryup, downtrend",722,727,Stage 4,watchlist,weekly_watchlist,4.0,5,-0.20000000000000018,False,False,False,False,False
WIPRO.NS,Wipro Limited,Information Technology,Unknown,True,F&O,1,Stage 4,Stage 4,Stage 4 - Weak/Declining,Stage 4 - Weak/Declining,Stage 4 • Stage 4 - Weak/Declining,0.72,Price is below long-term support with weak trend evidence.,,,2026-01-16,,watchlist,weekly_watchlist,watchlist,0.0,4.0,1.8,2.0,0.0,4.0,3.8,-11.8,-9.56,2475499567.9,"Stage 4, Stage 4 - Weak/Declining, volume_dryup, weekly_volume_dryup, downtrend",723,655,Stage 4,watchlist,weekly_watchlist,12.16,-68,-8.36,False,False,False,False,False
SUNFLAG.NS,Sunflag Iron And Steel Company Limited,Metals & Mining,Unknown,False,Cash,1,Stage 3,Stage 3,Stage 3 - Transition,Stage 3 - Transition,Stage 3 • Stage 3 - Transition,0.62,"The structure is transitioning after prior strength, but it is not yet a confirmed Stage 4 decline.",,,2026-07-24,,watchlist,weekly_watchlist,watchlist,2.69,4.87,3.67,0.0,2.69,4.87,3.67,-3.98,52.67,87633284.04,"Stage 3, Stage 3 - Transition, weekly_volume_dryup, distribution_risk",724,724,Stage 3,watchlist,weekly_watchlist,4.63,0,-0.96,False,False,False,False,False
ADANIPORTS.NS,Adani Ports and Special Economic Zone Limited,Services,Unknown,True,F&O,1,Stage 2 Failed,Stage 1,Failed Stage 2,Failed Stage 2,Stage 2 Failed • Failed Stage 2,0.72,"This stock was recently Stage 2, but the latest structure no longer satisfies Stage 2 rules. It is kept as Stage 2 Failed until a fresh base/repair structure forms.",Recent Stage 2 break; public stage held as Stage 2 Failed.,2026-08-18,2026-08-05,,watchlist,weekly_watchlist,watchlist,1.4,1.73,1.55,2.0,1.4,1.73,3.55,-6.12,15.43,3886026674.7,"Stage 1, Stage 1 - Base/Repair, volume_dryup, weekly_volume_dryup, stage1_not_actionable, stage1_needs_more_base | Stage 2 failed state applied from stage memory.",725,731,Stage 2 Failed,watchlist,weekly_watchlist,3.49,6,0.05999999999999961,False,False,False,False,False
MAHABANK.NS,Bank of Maharashtra,Financial Services,Unknown,False,Cash,1,Stage 2 Failed,Stage 3,Failed Stage 2,Failed Stage 2,Stage 2 Failed • Failed Stage 2,0.72,"This stock was recently Stage 2, but the latest structure no longer satisfies Stage 2 rules. It is kept as Stage 2 Failed until a fresh base/repair structure forms.",Recent Stage 2 break; public stage held as Stage 2 Failed.,2026-08-18,2026-08-17,,watchlist,weekly_watchlist,watchlist,2.73,0.0,1.5,2.0,2.73,0.0,3.5,0.13,27.41,872451432.34,"Stage 3, Stage 3 - Transition, volume_dryup, weekly_volume_dryup, distribution_risk | Stage 2 failed state applied from stage memory.",726,333,Stage 2,watchlist,weekly_watchlist,34.62,-393,-31.119999999999997,False,False,False,False,False
BANDHANBNK.NS,Bandhan Bank Limited,Financial Services,Unknown,True,F&O,1,Stage 4,Stage 4,Stage 4,Stage 4,Stage 4,0.66,Declining structure detected.,,,2026-07-21,,watchlist,weekly_watchlist,watchlist,0.0,3.2,1.44,2.0,0.0,3.2,3.44,-13.59,8.1,3262303548.91,"Stage 4, Stage 4, volume_dryup, weekly_volume_dryup, downtrend",727,718,Stage 3,watchlist,weekly_watchlist,5.24,-9,-1.8000000000000003,False,False,False,False,False
BBTC.NS,Bombay Burmah Trading Corporation Limited,Fast Moving Consumer Goods,Unknown,False,Cash,1,Stage 4,Stage 4,Stage 4 - Confirmed Downtrend,Stage 4 - Confirmed Downtrend,Stage 4 • Stage 4 - Confirmed Downtrend,0.86,Price is below a bearish moving-average stack with falling trend signals.,,,2025-11-20,,watchlist,weekly_watchlist,watchlist,6.2,0.0,3.41,0.0,6.2,0.0,3.41,-5.91,-11.74,49958408.42,"Stage 4, Stage 4 - Confirmed Downtrend, downtrend",728,726,Stage 4,watchlist,weekly_watchlist,4.32,-2,-0.9100000000000001,False,False,False,False,False
BALMLAWRIE.NS,Balmer Lawrie & Company Limited,Diversified,Unknown,False,Cash,1,Stage 4,Stage 4,Stage 4 - Weak/Declining,Stage 4 - Weak/Declining,Stage 4 • Stage 4 - Weak/Declining,0.72,Price is below long-term support with weak trend evidence.,,,,,watchlist,weekly_watchlist,watchlist,2.5,4.09,3.22,0.0,2.5,4.09,3.22,-6.61,7.54,21751008.95,"Stage 4, Stage 4 - Weak/Declining, downtrend",729,734,Stage 4,watchlist,weekly_watchlist,2.93,5,0.29000000000000004,False,False,False,False,False
JKCEMENT.NS,J.K. Cement Ltd.,Construction Materials,Unknown,False,Cash,1,Stage 4,Stage 4,Stage 4 - Weak/Declining,Stage 4 - Weak/Declining,Stage 4 • Stage 4 - Weak/Declining,0.72,Price is below long-term support with weak trend evidence.,,,,,watchlist,weekly_watchlist,watchlist,0.0,6.2,2.79,0.0,0.0,6.2,2.79,-4.88,-2.02,250324252.18,"Stage 4, Stage 4 - Weak/Declining, volume_dryup, weekly_volume_dryup, downtrend",730,735,Stage 4,watchlist,weekly_watchlist,2.79,5,0.0,False,False,False,False,False
SAIL.NS,Steel Authority of India Limited,Metals & Mining,Unknown,True,F&O,1,Stage 3,Stage 3,Stage 3 - Distribution/Damage,Stage 3 - Distribution/Damage,Stage 3 • Stage 3 - Distribution/Damage,0.76,"Prior strength exists, but short-term and/or weekly structure is deteriorating.",,,2026-07-10,,watchlist,weekly_watchlist,watchlist,0.0,6.0,2.7,0.0,0.0,6.0,2.7,-15.36,12.64,2920874116.28,"Stage 3, Stage 3 - Distribution/Damage, distribution_risk",731,736,Stage 3,watchlist,weekly_watchlist,2.73,5,-0.029999999999999805,False,False,False,False,False
GICRE.NS,General Insurance Corporation of India,Financial Services,Unknown,False,Cash,1,Stage 4,Stage 4,Stage 4 - Confirmed Downtrend,Stage 4 - Confirmed Downtrend,Stage 4 • Stage 4 - Confirmed Downtrend,0.86,Price is below a bearish moving-average stack with falling trend signals.,,,2026-06-05,,watchlist,weekly_watchlist,watchlist,0.49,0.8,0.63,2.0,0.49,0.8,2.63,-8.82,-1.87,165072442.25,"Stage 4, Stage 4 - Confirmed Downtrend, volume_dryup, weekly_volume_dryup, downtrend",732,738,Stage 4,watchlist,weekly_watchlist,2.36,6,0.27,False,False,False,False,False
ANGELONE.NS,Angel One Limited,Financial Services,Unknown,True,F&O,1,Stage 2 Failed,Stage 1,Failed Stage 2,Failed Stage 2,Stage 2 Failed • Failed Stage 2,0.72,"This stock was recently Stage 2, but the latest structure no longer satisfies Stage 2 rules. It is kept as Stage 2 Failed until a fresh base/repair structure forms.",Recent Stage 2 break; public stage held as Stage 2 Failed.,2026-08-18,2026-08-05,,watchlist,weekly_watchlist,watchlist,0.0,1.3,0.59,2.0,0.0,1.3,2.59,-15.73,20.68,1528617517.71,"Stage 1, Stage 1 - Base/Repair, volume_dryup, weekly_volume_dryup, stage1_not_actionable, stage1_needs_more_base | Stage 2 failed state applied from stage memory.",733,737,Stage 2 Failed,watchlist,weekly_watchlist,2.61,4,-0.020000000000000018,False,False,False,False,False
BAJAJCON.NS,Bajaj Consumer Care Limited,Fast Moving Consumer Goods,Unknown,False,Cash,1,Stage 2 Failed,Stage 3,Failed Stage 2,Failed Stage 2,Stage 2 Failed • Failed Stage 2,0.72,"This stock was recently Stage 2, but the latest structure no longer satisfies Stage 2 rules. It is kept as Stage 2 Failed until a fresh base/repair structure forms.",Recent Stage 2 break; public stage held as Stage 2 Failed.,2026-08-18,2026-08-07,,watchlist,weekly_watchlist,watchlist,4.64,0.0,2.55,0.0,4.64,0.0,2.55,-17.3,35.43,317654904.81,"Stage 3, Stage 3 - Distribution/Damage, volume_dryup, weekly_volume_dryup, distribution_risk | Stage 2 failed state applied from stage memory.",734,729,Stage 2 Failed,watchlist,weekly_watchlist,3.93,-5,-1.3800000000000003,False,False,False,False,False
MEDPLUS.NS,Medplus Health Services Limited,Consumer Services,Unknown,False,Cash,1,Stage 4,Stage 4,Stage 4 - Weak/Declining,Stage 4 - Weak/Declining,Stage 4 • Stage 4 - Weak/Declining,0.72,Price is below long-term support with weak trend evidence.,,,2026-06-05,,watchlist,weekly_watchlist,watchlist,0.0,0.8,0.36,2.0,0.0,0.8,2.36,-27.99,-15.83,239780393.75,"Stage 4, Stage 4 - Weak/Declining, volume_dryup, weekly_volume_dryup, downtrend",735,739,Stage 4,watchlist,weekly_watchlist,2.36,4,0.0,False,False,False,False,False
ADANIPOWER.NS,Adani Power Limited,Power,Unknown,True,F&O,1,Stage 2 Failed,Stage 1,Failed Stage 2,Failed Stage 2,Stage 2 Failed • Failed Stage 2,0.72,"This stock was recently Stage 2, but the latest structure no longer satisfies Stage 2 rules. It is kept as Stage 2 Failed until a fresh base/repair structure forms.",Recent Stage 2 break; public stage held as Stage 2 Failed.,2026-08-18,2026-08-03,,watchlist,weekly_watchlist,watchlist,2.14,2.57,2.33,0.0,2.14,2.57,2.33,-8.23,49.98,3561880683.56,"Stage 1, Stage 1 - Base/Repair, volume_dryup, weekly_volume_dryup, stage1_not_actionable, stage1_needs_more_base | Stage 2 failed state applied from stage memory.",736,740,Stage 2 Failed,watchlist,weekly_watchlist,2.15,4,0.18000000000000016,False,False,False,False,False
GOCOLORS.NS,Go Fashion (India) Limited,Consumer Services,Unknown,False,Cash,1,Stage 4,Stage 4,Stage 4 - Weak/Declining,Stage 4 - Weak/Declining,Stage 4 • Stage 4 - Weak/Declining,0.72,Price is below long-term support with weak trend evidence.,,,,,watchlist,weekly_watchlist,watchlist,0.0,0.47,0.21,2.0,0.0,0.47,2.21,12.36,8.3,111725001.02,"Stage 4, Stage 4 - Weak/Declining, volume_dryup, weekly_volume_dryup, downtrend",737,733,Stage 4,watchlist,weekly_watchlist,3.01,-4,-0.7999999999999998,False,False,False,False,False
BANKBARODA.NS,Bank of Baroda,Financial Services,Unknown,True,F&O,1,Stage 4,Stage 4,Stage 4 - Confirmed Downtrend,Stage 4 - Confirmed Downtrend,Stage 4 • Stage 4 - Confirmed Downtrend,0.86,Price is below a bearish moving-average stack with falling trend signals.,,,2026-06-26,,watchlist,weekly_watchlist,watchlist,0.0,0.0,0.0,2.0,0.0,0.0,2.0,-6.22,-7.91,2067957611.52,"Stage 4, Stage 4 - Confirmed Downtrend, volume_dryup, weekly_volume_dryup, downtrend",738,693,Stage 4,watchlist,weekly_watchlist,8.99,-45,-6.99,False,False,False,False,False
BSE.NS,BSE Ltd.,Financial Services,Unknown,True,F&O,1,Stage 3,Stage 3,Stage 3 - Distribution/Damage,Stage 3 - Distribution/Damage,Stage 3 • Stage 3 - Distribution/Damage,0.76,"Prior strength exists, but short-term and/or weekly structure is deteriorating.",,,2026-07-24,,watchlist,weekly_watchlist,watchlist,0.0,0.0,0.0,2.0,0.0,0.0,2.0,-22.75,24.25,12819258817.36,"Stage 3, Stage 3 - Distribution/Damage, distribution_risk",739,741,Stage 3,watchlist,weekly_watchlist,2.14,2,-0.14000000000000012,False,False,False,False,False
DELTACORP.NS,Delta Corp Limited,Consumer Services,Unknown,False,Cash,1,Stage 4,Stage 4,Stage 4 - Confirmed Downtrend,Stage 4 - Confirmed Downtrend,Stage 4 • Stage 4 - Confirmed Downtrend,0.86,Price is below a bearish moving-average stack with falling trend signals.,,,,,watchlist,weekly_watchlist,watchlist,0.0,0.0,0.0,2.0,0.0,0.0,2.0,-17.83,-4.03,53927967.05,"Stage 4, Stage 4 - Confirmed Downtrend, volume_dryup, weekly_volume_dryup, downtrend",740,742,Stage 4,watchlist,weekly_watchlist,2.0,2,0.0,False,False,False,False,False
GODIGIT.NS,Go Digit General Insurance Ltd.,Financial Services,Unknown,False,Cash,1,Stage 4,Stage 4,Stage 4 - Confirmed Downtrend,Stage 4 - Confirmed Downtrend,Stage 4 • Stage 4 - Confirmed Downtrend,0.86,Price is below a bearish moving-average stack with falling trend signals.,,,,,watchlist,weekly_watchlist,watchlist,0.0,0.0,0.0,2.0,0.0,0.0,2.0,-19.76,-14.73,315466365.03,"Stage 4, Stage 4 - Confirmed Downtrend, weekly_volume_dryup, downtrend",741,743,Stage 4,watchlist,weekly_watchlist,2.0,2,0.0,False,False,False,False,False
ICICIGI.NS,ICICI Lombard General Insurance Company Limited,Financial Services,Unknown,True,F&O,1,Stage 4,Stage 4,Stage 4 - Confirmed Downtrend,Stage 4 - Confirmed Downtrend,Stage 4 • Stage 4 - Confirmed Downtrend,0.86,Price is below a bearish moving-average stack with falling trend signals.,,,2026-01-07,,watchlist,weekly_watchlist,watchlist,0.0,0.0,0.0,2.0,0.0,0.0,2.0,-10.64,-8.94,1456939604.49,"Stage 4, Stage 4 - Confirmed Downtrend, weekly_volume_dryup, downtrend",742,744,Stage 4,watchlist,weekly_watchlist,2.0,2,0.0,False,False,False,False,False
ITCHOTELS.NS,ITC Hotels Ltd.,Consumer Services,Unknown,False,Cash,1,Stage 4,Stage 4,Stage 4 - Weak/Declining,Stage 4 - Weak/Declining,Stage 4 • Stage 4 - Weak/Declining,0.72,Price is below long-term support with weak trend evidence.,,,,,watchlist,weekly_watchlist,watchlist,0.0,0.0,0.0,2.0,0.0,0.0,2.0,4.61,-2.68,323557735.23,"Stage 4, Stage 4 - Weak/Declining, volume_dryup, weekly_volume_dryup, downtrend",743,745,Stage 4,watchlist,weekly_watchlist,2.0,2,0.0,False,False,False,False,False
SAMHI.NS,Samhi Hotels Limited,Consumer Services,Unknown,False,Cash,1,Stage 4,Stage 4,Stage 4 - Weak/Declining,Stage 4 - Weak/Declining,Stage 4 • Stage 4 - Weak/Declining,0.72,Price is below long-term support with weak trend evidence.,,,,,watchlist,weekly_watchlist,watchlist,0.0,0.0,0.0,2.0,0.0,0.0,2.0,9.03,2.47,173002371.66,"Stage 4, Stage 4 - Weak/Declining, weekly_volume_dryup, downtrend",744,746,Stage 4,watchlist,weekly_watchlist,2.0,2,0.0,False,False,False,False,False
TCIEXP.NS,TCI Express Limited,Services,Unknown,False,Cash,1,Stage 2 Failed,Stage 1,Failed Stage 2,Failed Stage 2,Stage 2 Failed • Failed Stage 2,0.72,"This stock was recently Stage 2, but the latest structure no longer satisfies Stage 2 rules. It is kept as Stage 2 Failed until a fresh base/repair structure forms.",Recent Stage 2 break; public stage held as Stage 2 Failed.,2026-08-18,2026-08-17,,watchlist,weekly_watchlist,watchlist,0.0,0.0,0.0,2.0,0.0,0.0,2.0,6.39,4.25,74391078.72,"Stage 1, Stage 1 - Early Turn, weekly_volume_dryup, stage1_not_actionable, stage1_needs_more_base | Stage 2 failed state applied from stage memory.",745,411,Not Sure,watchlist,weekly_watchlist,28.85,-334,-26.85,False,False,False,False,False
TCS.NS,Tata Consultancy Services Limited,Information Technology,Unknown,True,F&O,1,Stage 4,Stage 4,Stage 4 - Weak/Declining,Stage 4 - Weak/Declining,Stage 4 • Stage 4 - Weak/Declining,0.72,Price is below long-term support with weak trend evidence.,,,,,watchlist,weekly_watchlist,watchlist,0.0,0.0,0.0,2.0,0.0,0.0,2.0,-2.12,-8.16,8578571469.01,"Stage 4, Stage 4 - Weak/Declining, volume_dryup, weekly_volume_dryup, downtrend",746,732,Stage 4,watchlist,weekly_watchlist,3.26,-14,-1.2599999999999998,False,False,False,False,False
TEAMLEASE.NS,Teamlease Services Limited,Services,Unknown,False,Cash,1,Stage 4,Stage 4,Stage 4 - Weak/Declining,Stage 4 - Weak/Declining,Stage 4 • Stage 4 - Weak/Declining,0.72,Price is below long-term support with weak trend evidence.,,,,,watchlist,weekly_watchlist,watchlist,0.0,0.0,0.0,2.0,0.0,0.0,2.0,-13.72,-2.26,50291319.76,"Stage 4, Stage 4 - Weak/Declining, volume_dryup, weekly_volume_dryup, downtrend",747,747,Stage 4,watchlist,weekly_watchlist,2.0,0,0.0,False,False,False,False,False
TRENT.NS,Trent Limited,Consumer Services,Unknown,True,F&O,1,Stage 4,Stage 4,Stage 4 - Weak/Declining,Stage 4 - Weak/Declining,Stage 4 • Stage 4 - Weak/Declining,0.72,Price is below long-term support with weak trend evidence.,,,,,watchlist,weekly_watchlist,watchlist,0.0,0.0,0.0,2.0,0.0,0.0,2.0,5.84,9.93,3281201489.67,"Stage 4, Stage 4 - Weak/Declining, weekly_volume_dryup, downtrend",748,748,Stage 4,watchlist,weekly_watchlist,2.0,0,0.0,False,False,False,False,False
NBCC.NS,NBCC (India) Ltd.,Construction,Unknown,True,F&O,1,Stage 4,Stage 4,Stage 4 - Weak/Declining,Stage 4 - Weak/Declining,Stage 4 • Stage 4 - Weak/Declining,0.72,Price is below long-term support with weak trend evidence.,,,2026-07-02,,watchlist,weekly_watchlist,watchlist,0.0,4.0,1.8,0.0,0.0,4.0,1.8,-9.0,-4.42,583126699.38,"Stage 4, Stage 4 - Weak/Declining, volume_dryup, weekly_volume_dryup, downtrend",749,749,Stage 4,watchlist,weekly_watchlist,1.8,0,0.0,False,False,False,False,False
RPOWER.NS,Reliance Power Limited,Power,Unknown,False,Cash,1,Stage 4,Stage 4,Stage 4 - Confirmed Downtrend,Stage 4 - Confirmed Downtrend,Stage 4 • Stage 4 - Confirmed Downtrend,0.86,Price is below a bearish moving-average stack with falling trend signals.,,,,,watchlist,weekly_watchlist,watchlist,0.0,4.0,1.8,0.0,0.0,4.0,1.8,-19.61,-9.8,435020492.54,"Stage 4, Stage 4 - Confirmed Downtrend, volume_dryup, weekly_volume_dryup, downtrend",750,750,Stage 4,watchlist,weekly_watchlist,1.8,0,0.0,False,False,False,False,False
ISGEC.NS,Isgec Heavy Engineering Limited,Construction,Unknown,False,Cash,1,Stage 4,Stage 4,Stage 4 - Weak/Declining,Stage 4 - Weak/Declining,Stage 4 • Stage 4 - Weak/Declining,0.72,Price is below long-term support with weak trend evidence.,,,,,watchlist,weekly_watchlist,watchlist,0.0,0.0,0.0,0.0,0.0,0.0,0.0,-28.19,-5.82,55374077.76,"Stage 4, Stage 4 - Weak/Declining, downtrend",751,751,Stage 4,watchlist,weekly_watchlist,0.0,0,0.0,False,False,False,False,False
PATANJALI.NS,Patanjali Foods Ltd.,Fast Moving Consumer Goods,Unknown,True,F&O,1,Stage 4,Stage 4,Stage 4 - Confirmed Downtrend,Stage 4 - Confirmed Downtrend,Stage 4 • Stage 4 - Confirmed Downtrend,0.86,Price is below a bearish moving-average stack with falling trend signals.,,,,,watchlist,weekly_watchlist,watchlist,0.0,0.0,0.0,0.0,0.0,0.0,0.0,-26.09,-27.44,1836190039.06,"Stage 4, Stage 4 - Confirmed Downtrend, volume_dryup, weekly_volume_dryup, downtrend",752,752,Stage 4,watchlist,weekly_watchlist,0.0,0,0.0,False,False,False,False,False
PRSMJOHNSN.NS,Prism Johnson Limited,Construction Materials,Unknown,False,Cash,1,Stage 4,Stage 4,Stage 4 - Confirmed Downtrend,Stage 4 - Confirmed Downtrend,Stage 4 • Stage 4 - Confirmed Downtrend,0.86,Price is below a bearish moving-average stack with falling trend signals.,,,,,watchlist,weekly_watchlist,watchlist,0.0,0.0,0.0,0.0,0.0,0.0,0.0,-18.07,-8.82,321054417.68,"Stage 4, Stage 4 - Confirmed Downtrend, weekly_volume_dryup, downtrend",753,753,Stage 4,watchlist,weekly_watchlist,0.0,0,0.0,False,False,False,False,False
TRIVENI.NS,Triveni Engineering & Industries Limited,Fast Moving Consumer Goods,Unknown,False,Cash,1,Stage 4,Stage 4,Stage 4 - Weak/Declining,Stage 4 - Weak/Declining,Stage 4 • Stage 4 - Weak/Declining,0.72,Price is below long-term support with weak trend evidence.,,,2026-07-21,,watchlist,weekly_watchlist,watchlist,0.0,0.0,0.0,0.0,0.0,0.0,0.0,-29.61,-23.85,243639859.74,"Stage 4, Stage 4 - Weak/Declining, downtrend",754,754,Stage 4,watchlist,weekly_watchlist,0.0,0,0.0,False,False,False,False,False
VBL.NS,Varun Beverages Limited,Fast Moving Consumer Goods,Unknown,True,F&O,1,Stage 4,Stage 4,Stage 4 - Weak/Declining,Stage 4 - Weak/Declining,Stage 4 • Stage 4 - Weak/Declining,0.72,Price is below long-term support with weak trend evidence.,,,2026-07-10,,watchlist,weekly_watchlist,watchlist,0.0,0.0,0.0,0.0,0.0,0.0,0.0,-20.44,2.21,2951510613.17,"Stage 4, Stage 4 - Weak/Declining, volume_dryup, weekly_volume_dryup, downtrend",755,755,Not Sure,watchlist,weekly_watchlist,0.0,0,0.0,False,False,False,False,False
VSTIND.NS,VST Industries Limited,Fast Moving Consumer Goods,Unknown,False,Cash,1,Stage 4,Stage 4,Stage 4 - Weak/Declining,Stage 4 - Weak/Declining,Stage 4 • Stage 4 - Weak/Declining,0.72,Price is below long-term support with weak trend evidence.,,,2026-07-10,,watchlist,weekly_watchlist,watchlist,0.0,0.0,0.0,0.0,0.0,0.0,0.0,-14.83,-0.09,55981082.21,"Stage 4, Stage 4 - Weak/Declining, volume_dryup, weekly_volume_dryup, downtrend",756,756,Stage 4,watchlist,weekly_watchlist,0.0,0,0.0,False,False,False,False,False
