ticker,Company Name,Industry,sector,is_fo_stock,fo_category,Include,stage,stage_raw,stage_variant,stage_classification,stage_display,stage_confidence,stage_reason,stage_state_reason,stage_failed_since,last_stage2_date,stage_pending_raw,daily_setup_bucket,weekly_setup_bucket,combined_bucket,daily_score,weekly_score,combined_score,industry_boost,final_daily_score,final_weekly_score,final_combined_score,rs_3m_pct,rs_6m_pct,avg_turnover_inr,notes,current_rank,prev_rank,prev_stage,prev_daily_setup_bucket,prev_weekly_setup_bucket,prev_score,rank_change,combined_score_change,new_daily_breakout,new_weekly_breakout,entered_stage_2,new_top_10,new_top_20
PRUDENT.NS,Prudent Corporate Advisory Services Limited,Financial Services,Unknown,False,Cash,1,Stage 2,Stage 2,Clean Stage 2,Clean Stage 2,Stage 2 • Clean Stage 2,0.9,"Price is above rising key averages, weekly structure is supportive, and the stock is near its 52-week high.",,,2026-07-27,,watchlist,weekly_near_pivot,watchlist,69.29,70.89,70.01,2.0,69.29,70.89,72.01,9.5,41.4,89048923.37,"Stage 2, Clean Stage 2, trend_template_ok, weekly_vcp_ok, weekly_strong",4,30,Stage 2,watchlist,weekly_forming,66.45,26,5.560000000000002,False,False,False,True,True
RAJRATAN.NS,Rajratan Global Wire Limited,Automobile and Auto Components,Unknown,False,Cash,1,Stage 2,Stage 2,Clean Stage 2,Clean Stage 2,Stage 2 • Clean Stage 2,0.9,"Price is above rising key averages, weekly structure is supportive, and the stock is near its 52-week high.",,,2026-07-27,,watchlist,weekly_breakout,watchlist,62.29,67.99,64.86,5.0,62.29,67.99,69.86,9.96,11.93,163308487.43,"Stage 2, Clean Stage 2, trend_template_ok, weekly_vcp_ok, weekly_strong",9,16,Stage 2,watchlist,weekly_breakout,69.36,7,0.5,False,False,False,True,False
SHILPAMED.NS,Shilpa Medicare Limited,Healthcare,Unknown,False,Cash,1,Stage 2,Stage 2,Extended Stage 2,Extended Stage 2,Stage 2 • Extended Stage 2,0.78,"Advancing structure remains intact, but price is stretched versus key moving averages or far above the 52-week low.",,,2026-07-27,,watchlist,weekly_near_pivot,watchlist,48.0,73.8,59.61,10.0,48.0,73.8,69.61,48.87,130.19,450223708.28,"Stage 2, Extended Stage 2, trend_template_ok, weekly_vcp_ok, volume_dryup, weekly_volume_dryup, weekly_strong",10,15,Stage 2,watchlist,weekly_near_pivot,69.61,5,0.0,False,False,False,True,False
PRIVISCL.NS,Privi Speciality Chemicals Limited,Chemicals,Unknown,False,Cash,1,Stage 2,Stage 2,Clean Stage 2,Clean Stage 2,Stage 2 • Clean Stage 2,0.9,"Price is above rising key averages, weekly structure is supportive, and the stock is near its 52-week high.",,,2026-07-27,,watchlist,weekly_near_pivot,watchlist,61.34,70.12,65.29,5.0,61.34,70.12,70.29,8.05,35.19,205252411.75,"Stage 2, Clean Stage 2, trend_template_ok, weekly_vcp_ok, volume_dryup, weekly_strong",8,12,Stage 2,watchlist,weekly_near_pivot,70.41,4,-0.11999999999999034,False,False,False,True,False
SSWL.NS,Steel Strips Wheels Limited,Automobile and Auto Components,Unknown,False,Cash,1,Stage 2,Stage 2,Extended Stage 2,Extended Stage 2,Stage 2 • Extended Stage 2,0.78,"Advancing structure remains intact, but price is stretched versus key moving averages or far above the 52-week low.",,,2026-07-27,,watchlist,weekly_breakout,watchlist,65.2,65.8,65.47,5.0,65.2,65.8,70.47,38.69,57.23,593596448.06,"Stage 2, Extended Stage 2, trend_template_ok, weekly_vcp_ok, weekly_strong",7,11,Stage 2,watchlist,weekly_breakout,70.65,4,-0.18000000000000682,False,False,False,True,False
NAZARA.NS,Nazara Technologies Limited,"Media, Entertainment & Publication",Unknown,False,Cash,1,Stage 2,Stage 2,Stage 2,Stage 2,Stage 2,0.76,Advancing structure detected.,,,2026-07-27,,watchlist,weekly_near_pivot,watchlist,65.82,68.78,67.15,0.0,65.82,68.78,67.15,15.39,14.37,686843452.22,"Stage 2, Stage 2, trend_template_ok, weekly_vcp_ok, weekly_volume_dryup, weekly_strong",20,28,Stage 2,watchlist,weekly_near_pivot,66.57,8,0.5800000000000125,False,False,False,False,True
NYKAA.NS,FSN E-Commerce Ventures Limited,Consumer Services,Unknown,True,F&O,1,Stage 2,Stage 2,Clean Stage 2,Clean Stage 2,Stage 2 • Clean Stage 2,0.9,"Price is above rising key averages, weekly structure is supportive, and the stock is near its 52-week high.",,,2026-07-27,,forming_vcp,weekly_breakout,watchlist,69.2,64.66,67.16,0.0,69.2,64.66,67.16,24.53,44.03,1969795096.06,"Stage 2, Clean Stage 2, trend_template_ok, daily_vcp_ok, weekly_vcp_ok, volume_dryup, weekly_volume_dryup, weekly_strong",19,27,Stage 2,forming_vcp,weekly_breakout,67.15,8,0.009999999999990905,False,False,False,False,True
AKUMS.NS,Akums Drugs and Pharmaceuticals Ltd.,Healthcare,Unknown,False,Cash,1,Stage 2,Stage 2,Clean Stage 2,Clean Stage 2,Stage 2 • Clean Stage 2,0.9,"Price is above rising key averages, weekly structure is supportive, and the stock is near its 52-week high.",,,2026-07-27,,watchlist,weekly_near_pivot,watchlist,46.2,73.0,58.26,10.0,46.2,73.0,68.26,21.6,61.27,231860664.03,"Stage 2, Clean Stage 2, trend_template_ok, weekly_vcp_ok, volume_dryup, weekly_volume_dryup, weekly_strong",17,24,Stage 2,watchlist,weekly_near_pivot,67.85,7,0.4100000000000108,False,False,False,False,True
IPCALAB.NS,IPCA Laboratories Limited,Healthcare,Unknown,False,Cash,1,Stage 2,Stage 2,Clean Stage 2,Clean Stage 2,Stage 2 • Clean Stage 2,0.9,"Price is above rising key averages, weekly structure is supportive, and the stock is near its 52-week high.",,,2026-07-27,,watchlist,weekly_breakout,watchlist,58.28,58.59,58.42,10.0,58.28,58.59,68.42,16.9,27.62,477004034.54,"Stage 2, Clean Stage 2, trend_template_ok, weekly_vcp_ok, weekly_volume_dryup, weekly_strong",16,21,Stage 2,watchlist,weekly_breakout,68.31,5,0.10999999999999943,False,False,False,False,True
SONACOMS.NS,Sona BLW Precision Forgings Limited,Automobile and Auto Components,Unknown,True,F&O,1,Stage 2,Stage 2,Clean Stage 2,Clean Stage 2,Stage 2 • Clean Stage 2,0.9,"Price is above rising key averages, weekly structure is supportive, and the stock is near its 52-week high.",,,2026-07-27,,watchlist,weekly_breakout,watchlist,60.7,64.75,62.52,5.0,60.7,64.75,67.52,17.8,51.73,2037418412.74,"Stage 2, Clean Stage 2, trend_template_ok, weekly_vcp_ok, weekly_strong",18,22,Stage 2,watchlist,weekly_breakout,68.23,4,-0.710000000000008,False,False,False,False,True
FIVESTAR.NS,Five-Star Business Finance Limited,Financial Services,Unknown,False,Cash,1,Stage 2 Failed,Stage 2,Failed Stage 2,Failed Stage 2,Stage 2 Failed • Failed Stage 2,0.7,Failed Stage 2 cooling period is still active; waiting for a fresh base or confirmed reclaim.,Failed Stage 2 hold period active.,,2026-07-21,,watchlist,weekly_breakout,watchlist,56.81,60.92,58.66,2.0,56.81,60.92,60.66,17.09,14.14,524348444.01,"Stage 2, Early Stage 2, weekly_vcp_ok, volume_dryup, weekly_strong | Failed Stage 2 hold period active.",64,268,Stage 2 Failed,watchlist,weekly_watchlist,38.0,204,22.659999999999997,False,True,False,False,False
TVSMOTOR.NS,TVS Motor Company Limited,Automobile and Auto Components,Unknown,True,F&O,1,Stage 2,Stage 2,Early Stage 2,Early Stage 2,Stage 2 • Early Stage 2,0.72,"Price has moved above long-term structure, but the full moving-average stack is not clean yet.",,,2026-07-27,,watchlist,weekly_breakout,watchlist,41.46,68.94,53.83,5.0,41.46,68.94,58.83,14.38,16.98,4205645388.24,"Stage 2, Early Stage 2, weekly_vcp_ok, weekly_strong",77,153,Stage 2,watchlist,weekly_near_pivot,49.38,76,9.449999999999996,False,True,False,False,False
MARICO.NS,Marico Limited,Fast Moving Consumer Goods,Unknown,True,F&O,1,Stage 2,Stage 2,Clean Stage 2,Clean Stage 2,Stage 2 • Clean Stage 2,0.9,"Price is above rising key averages, weekly structure is supportive, and the stock is near its 52-week high.",,,2026-07-27,,watchlist,weekly_breakout,watchlist,57.25,69.51,62.77,0.0,57.25,69.51,62.77,14.01,23.09,1559820480.97,"Stage 2, Clean Stage 2, daily_vcp_ok, weekly_vcp_ok, volume_dryup, weekly_strong",48,95,Stage 2,watchlist,weekly_near_pivot,56.67,47,6.100000000000001,False,True,False,False,False
TANLA.NS,Tanla Platforms Limited,Information Technology,Unknown,False,Cash,1,Stage 2,Stage 2,Early Stage 2,Early Stage 2,Stage 2 • Early Stage 2,0.72,"Price has moved above long-term structure, but the full moving-average stack is not clean yet.",,,2026-07-27,,watchlist,weekly_breakout,watchlist,39.37,70.36,53.32,0.0,39.37,70.36,53.32,16.75,28.8,1354779663.6,"Stage 2, Early Stage 2, weekly_vcp_ok, weekly_strong",121,122,Stage 2,watchlist,weekly_near_pivot,53.1,1,0.21999999999999886,False,True,False,False,False
LODHA.NS,Macrotech Developers Limited,Realty,Unknown,True,F&O,1,Stage 2,Stage 2,Extended Stage 2,Extended Stage 2,Stage 2 • Extended Stage 2,0.78,"Advancing structure remains intact, but price is stretched versus key moving averages or far above the 52-week low.",,,2026-07-27,,watchlist,weekly_breakout,watchlist,53.1,65.8,58.81,2.0,53.1,65.8,60.81,44.98,48.11,4787300311.65,"Stage 2, Extended Stage 2, weekly_vcp_ok, weekly_strong",62,14,Stage 2,watchlist,weekly_near_pivot,69.62,-48,-8.810000000000002,False,True,False,False,False
IEX.NS,Indian Energy Exchange Limited,Financial Services,Unknown,True,F&O,1,Not Sure,Not Sure,Not Sure,Not Sure,Not Sure,0.0,Stage rules did not identify a reliable structure.,No confident stage classification.,,,,watchlist,weekly_watchlist,watchlist,37.58,26.04,32.39,2.0,37.58,26.04,34.39,7.24,11.14,855078447.07,"Not Sure, Not Sure",309,571,Stage 4,watchlist,weekly_watchlist,21.03,262,13.36,False,False,False,False,False
JINDALSAW.NS,Jindal Saw Limited,Capital Goods,Unknown,False,Cash,1,Stage 2,Stage 2,Messy Stage 2,Messy Stage 2,Stage 2 • Messy Stage 2,0.64,"Long-term structure is still constructive, but the short-term/weekly structure is not clean.",,,2026-07-27,,watchlist,weekly_watchlist,watchlist,42.85,31.49,37.74,5.0,42.85,31.49,42.74,16.55,50.3,518944443.18,"Stage 2, Messy Stage 2, trend_template_ok, weekly_volume_dryup",204,410,Stage 2,watchlist,weekly_watchlist,28.34,206,14.400000000000002,False,False,False,False,False
AIIL.NS,Authum Investment & Infrastructure Ltd.,Financial Services,Unknown,False,Cash,1,Stage 1,Stage 1,Stage 1 - Early Turn,Stage 1 - Early Turn,Stage 1 • Stage 1 - Early Turn,0.66,The stock is improving from a repair/base area but has not confirmed a clean Stage 2 yet.,,,2026-01-13,,watchlist,weekly_watchlist,watchlist,19.6,52.85,34.56,2.0,19.6,52.85,36.56,18.25,12.26,256710687.26,"Stage 1, Stage 1 - Early Turn, weekly_vcp_ok, volume_dryup, weekly_volume_dryup, weekly_strong, stage1_not_actionable, stage1_needs_more_base",279,479,Stage 1,watchlist,weekly_watchlist,25.69,200,10.870000000000001,False,False,False,False,False
VOLTAMP.NS,Voltamp Transformers Limited,Capital Goods,Unknown,False,Cash,1,Stage 2 Failed,Stage 2,Failed Stage 2,Failed Stage 2,Stage 2 Failed • Failed Stage 2,0.7,Failed Stage 2 cooling period is still active; waiting for a fresh base or confirmed reclaim.,Failed Stage 2 hold period active.,,2026-07-22,,watchlist,weekly_watchlist,watchlist,18.26,16.72,17.57,5.0,18.26,16.72,22.57,-19.98,43.18,258656866.07,"Stage 2, Messy Stage 2, volume_dryup, weekly_volume_dryup | Failed Stage 2 hold period active.",532,716,Stage 2 Failed,watchlist,weekly_watchlist,5.22,184,17.35,False,False,False,False,False
LAOPALA.NS,La Opala RG Limited,Consumer Durables,Unknown,False,Cash,1,Not Sure,Stage 1,Pending Stage 1,Pending Stage 1,Not Sure • Pending Stage 1,0.55,Blocked public stage jump Stage 4 -> Stage 1; waiting for intermediate/confirmed structure.,Blocked public stage jump Stage 4 -> Stage 1; waiting for intermediate/confirmed structure.,,,Stage 1,watchlist,weekly_watchlist,watchlist,7.48,50.58,26.88,5.0,7.48,50.58,31.88,4.75,3.01,27196395.54,"Stage 1, Stage 1 - Early Turn, weekly_vcp_ok, weekly_strong, stage1_not_actionable, stage1_needs_more_base | Blocked public stage jump Stage 4 -> Stage 1; waiting for intermediate/confirmed structure.",346,509,Stage 4,watchlist,weekly_watchlist,24.39,163,7.489999999999998,False,False,False,False,False
CESC.NS,CESC Limited,Power,Unknown,False,Cash,1,Not Sure,Not Sure,Not Sure,Not Sure,Not Sure,0.0,Stage rules did not identify a reliable structure.,No confident stage classification.,,2026-06-05,,watchlist,weekly_watchlist,watchlist,27.23,12.48,20.59,2.0,27.23,12.48,22.59,-12.57,21.35,182161879.35,"Not Sure, Not Sure, volume_dryup, weekly_volume_dryup",531,676,Stage 4,watchlist,weekly_watchlist,10.22,145,12.37,False,False,False,False,False
MPHASIS.NS,MphasiS Limited,Information Technology,Unknown,True,F&O,1,Not Sure,Stage 1,Pending Stage 1,Pending Stage 1,Not Sure • Pending Stage 1,0.55,Blocked public stage jump Stage 4 -> Stage 1; waiting for intermediate/confirmed structure.,Blocked public stage jump Stage 4 -> Stage 1; waiting for intermediate/confirmed structure.,,2026-01-19,Stage 1,watchlist,weekly_watchlist,watchlist,22.88,43.09,31.97,0.0,22.88,43.09,31.97,8.89,-7.03,1643724344.53,"Stage 1, Stage 1 - Early Turn, weekly_vcp_ok, weekly_strong, stage1_not_actionable, stage1_needs_more_base | Blocked public stage jump Stage 4 -> Stage 1; waiting for intermediate/confirmed structure.",343,485,Stage 4,watchlist,weekly_watchlist,25.23,142,6.739999999999998,False,False,False,False,False
BANKBARODA.NS,Bank of Baroda,Financial Services,Unknown,True,F&O,1,Stage 4,Stage 4,Stage 4 - Confirmed Downtrend,Stage 4 - Confirmed Downtrend,Stage 4 • Stage 4 - Confirmed Downtrend,0.86,Price is below a bearish moving-average stack with falling trend signals.,,,2026-06-26,,watchlist,weekly_watchlist,watchlist,0.0,35.8,16.11,2.0,0.0,35.8,18.11,-6.23,-13.57,3338405613.09,"Stage 4, Stage 4 - Confirmed Downtrend, weekly_vcp_ok, volume_dryup, weekly_volume_dryup, weekly_strong, downtrend",599,736,Not Sure,watchlist,weekly_watchlist,2.0,137,16.11,False,False,False,False,False
AFFLE.NS,Affle (India) Limited,Information Technology,Unknown,False,Cash,1,Not Sure,Stage 1,Pending Stage 1,Pending Stage 1,Not Sure • Pending Stage 1,0.55,Blocked public stage jump Stage 4 -> Stage 1; waiting for intermediate/confirmed structure.,Blocked public stage jump Stage 4 -> Stage 1; waiting for intermediate/confirmed structure.,,2025-10-27,Stage 1,watchlist,weekly_watchlist,watchlist,18.46,30.66,23.95,0.0,18.46,30.66,23.95,14.82,10.75,786988453.56,"Stage 1, Stage 1 - Early Turn, weekly_vcp_ok, stage1_not_actionable, stage1_needs_more_base | Blocked public stage jump Stage 4 -> Stage 1; waiting for intermediate/confirmed structure.",511,631,Stage 4,watchlist,weekly_watchlist,15.69,120,8.26,False,False,False,False,False
KFINTECH.NS,Kfin Technologies Limited,Financial Services,Unknown,True,F&O,1,Not Sure,Not Sure,Not Sure,Not Sure,Not Sure,0.0,Stage rules did not identify a reliable structure.,No confident stage classification.,,,,watchlist,weekly_watchlist,watchlist,24.98,6.0,16.44,2.0,24.98,6.0,18.44,10.23,1.8,1523568199.69,"Not Sure, Not Sure",596,695,Stage 4,watchlist,weekly_watchlist,8.9,99,9.540000000000001,False,False,False,False,False
MANKIND.NS,Mankind Pharma Limited,Healthcare,Unknown,True,F&O,1,Stage 2,Stage 2,Early Stage 2,Early Stage 2,Stage 2 • Early Stage 2,0.72,"Price has moved above long-term structure, but the full moving-average stack is not clean yet.",,,2026-07-27,,watchlist,weekly_watchlist,watchlist,36.88,26.94,32.41,10.0,36.88,26.94,42.41,16.57,28.87,895914962.05,"Stage 2, Early Stage 2, volume_dryup, weekly_volume_dryup",211,305,Stage 2,watchlist,weekly_watchlist,35.43,94,6.979999999999997,False,False,False,False,False
BOROLTD.NS,Borosil Limited,Consumer Durables,Unknown,False,Cash,1,Stage 4,Stage 4,Stage 4 - Confirmed Downtrend,Stage 4 - Confirmed Downtrend,Stage 4 • Stage 4 - Confirmed Downtrend,0.86,Price is below a bearish moving-average stack with falling trend signals.,,,,,watchlist,weekly_watchlist,watchlist,10.47,35.8,21.87,5.0,10.47,35.8,26.87,-7.34,-2.05,28173503.5,"Stage 4, Stage 4 - Confirmed Downtrend, weekly_vcp_ok, volume_dryup, weekly_volume_dryup, weekly_strong, downtrend",443,536,Stage 4,watchlist,weekly_watchlist,22.77,93,4.100000000000001,False,False,False,False,False
ASIANPAINT.NS,Asian Paints Limited,Consumer Durables,Unknown,True,F&O,1,Stage 2,Stage 2,Early Stage 2,Early Stage 2,Stage 2 • Early Stage 2,0.72,"Price has moved above long-term structure, but the full moving-average stack is not clean yet.",Stage 2 reclaimed after 3 confirmation runs.,,2026-07-27,,watchlist,weekly_watchlist,watchlist,58.01,34.28,47.33,5.0,58.01,34.28,52.33,12.95,9.89,2248845483.78,"Stage 2, Early Stage 2, daily_vcp_ok, volume_dryup, weekly_volume_dryup",126,213,Stage 2 Failed,watchlist,weekly_watchlist,42.86,87,9.469999999999999,False,False,True,False,False
CERA.NS,Cera Sanitaryware Limited,Consumer Durables,Unknown,False,Cash,1,Stage 2,Stage 2,Early Stage 2,Early Stage 2,Stage 2 • Early Stage 2,0.72,"Price has moved above long-term structure, but the full moving-average stack is not clean yet.",,,2026-07-27,,watchlist,weekly_watchlist,watchlist,33.91,30.33,32.3,5.0,33.91,30.33,37.3,20.67,34.68,68939335.08,"Stage 2, Early Stage 2, volume_dryup, weekly_volume_dryup",274,361,Stage 2,watchlist,weekly_watchlist,31.26,87,6.039999999999996,False,False,False,False,False
CHALET.NS,Chalet Hotels Limited,Consumer Services,Unknown,False,Cash,1,Stage 1,Stage 1,Stage 1 - Early Turn,Stage 1 - Early Turn,Stage 1 • Stage 1 - Early Turn,0.66,The stock is improving from a repair/base area but has not confirmed a clean Stage 2 yet.,,,2025-11-06,,watchlist,weekly_watchlist,watchlist,16.63,38.02,26.26,0.0,16.63,38.02,26.26,11.45,7.79,84410837.48,"Stage 1, Stage 1 - Early Turn, weekly_vcp_ok, volume_dryup, weekly_volume_dryup, stage1_not_actionable, stage1_needs_more_base",457,541,Stage 1,watchlist,weekly_watchlist,22.6,84,3.66,False,False,False,False,False
CCL.NS,CCL Products (India) Limited,Fast Moving Consumer Goods,Unknown,False,Cash,1,Stage 2,Stage 2,Clean Stage 2,Clean Stage 2,Stage 2 • Clean Stage 2,0.9,"Price is above rising key averages, weekly structure is supportive, and the stock is near its 52-week high.",,,2026-07-27,,watchlist,weekly_watchlist,watchlist,61.99,32.97,48.93,0.0,61.99,32.97,48.93,4.72,28.93,227985969.25,"Stage 2, Clean Stage 2, trend_template_ok, volume_dryup, weekly_volume_dryup",151,232,Stage 2,watchlist,weekly_watchlist,40.96,81,7.969999999999999,False,False,False,False,False
VAIBHAVGBL.NS,Vaibhav Global Limited,Consumer Durables,Unknown,False,Cash,1,Stage 2,Stage 2,Early Stage 2,Early Stage 2,Stage 2 • Early Stage 2,0.72,"Price has moved above long-term structure, but the full moving-average stack is not clean yet.",,,2026-07-27,,watchlist,weekly_watchlist,watchlist,38.57,33.77,36.41,5.0,38.57,33.77,41.41,25.7,29.98,185194520.58,"Stage 2, Early Stage 2",218,297,Stage 2,watchlist,weekly_watchlist,35.86,79,5.549999999999997,False,False,False,False,False
IIFL.NS,IIFL Finance Limited,Financial Services,Unknown,False,Cash,1,Stage 2,Stage 2,Early Stage 2,Early Stage 2,Stage 2 • Early Stage 2,0.72,"Price has moved above long-term structure, but the full moving-average stack is not clean yet.",,,2026-07-27,,watchlist,weekly_breakout,watchlist,31.87,62.2,45.52,2.0,31.87,62.2,47.52,26.93,17.08,1229813459.35,"Stage 2, Early Stage 2, weekly_vcp_ok, weekly_strong",162,240,Stage 2,watchlist,weekly_breakout,40.24,78,7.280000000000001,False,False,False,False,False
IONEXCHANG.NS,ION Exchange (India) Limited,Construction,Unknown,False,Cash,1,Stage 2,Stage 2,Stage 2,Stage 2,Stage 2,0.76,Advancing structure detected.,,,2026-07-27,,watchlist,weekly_near_pivot,watchlist,61.97,65.1,63.38,0.0,61.97,65.1,63.38,5.68,24.0,569633585.67,"Stage 2, Stage 2, trend_template_ok, weekly_vcp_ok, volume_dryup, weekly_volume_dryup, weekly_strong",44,121,Stage 2,watchlist,weekly_near_pivot,53.23,77,10.150000000000006,False,False,False,False,False
BLUESTARCO.NS,Blue Star Limited,Consumer Durables,Unknown,True,F&O,1,Stage 4,Stage 4,Stage 4 - Weak/Declining,Stage 4 - Weak/Declining,Stage 4 • Stage 4 - Weak/Declining,0.72,Price is below long-term support with weak trend evidence.,,,2026-03-12,,watchlist,weekly_watchlist,watchlist,20.0,35.8,27.11,5.0,20.0,35.8,32.11,-7.13,3.81,514503622.89,"Stage 4, Stage 4 - Weak/Declining, weekly_vcp_ok, volume_dryup, weekly_volume_dryup, weekly_strong, downtrend",335,411,Stage 4,watchlist,weekly_watchlist,28.3,76,3.8099999999999987,False,False,False,False,False
JIOFIN.NS,Jio Financial Services Limited,Financial Services,Unknown,True,F&O,1,Stage 4,Stage 4,Stage 4 - Confirmed Downtrend,Stage 4 - Confirmed Downtrend,Stage 4 • Stage 4 - Confirmed Downtrend,0.86,Price is below a bearish moving-average stack with falling trend signals.,,,,,watchlist,weekly_watchlist,watchlist,13.35,44.9,27.55,2.0,13.35,44.9,29.55,-3.73,-2.75,4332837696.1,"Stage 4, Stage 4 - Confirmed Downtrend, weekly_vcp_ok, weekly_volume_dryup, weekly_strong, downtrend",392,466,Stage 4,watchlist,weekly_watchlist,25.95,74,3.6000000000000014,False,False,False,False,False
HINDWAREAP.NS,Hindware Home Innovation Limited,Consumer Durables,Unknown,False,Cash,1,Stage 4,Stage 4,Stage 4 - Weak/Declining,Stage 4 - Weak/Declining,Stage 4 • Stage 4 - Weak/Declining,0.72,Price is below long-term support with weak trend evidence.,,,2025-11-28,,watchlist,weekly_watchlist,watchlist,11.15,36.95,22.76,5.0,11.15,36.95,27.76,-0.33,0.83,22461108.02,"Stage 4, Stage 4 - Weak/Declining, weekly_vcp_ok, volume_dryup, weekly_volume_dryup, weekly_strong, downtrend",425,496,Stage 4,watchlist,weekly_watchlist,24.81,71,2.950000000000003,False,False,False,False,False
USHAMART.NS,Usha Martin Limited,Capital Goods,Unknown,False,Cash,1,Stage 2,Stage 2,Clean Stage 2,Clean Stage 2,Stage 2 • Clean Stage 2,0.9,"Price is above rising key averages, weekly structure is supportive, and the stock is near its 52-week high.",,,2026-07-27,,watchlist,weekly_watchlist,watchlist,56.25,27.92,43.5,5.0,56.25,27.92,48.5,13.43,29.75,277357251.73,"Stage 2, Clean Stage 2, trend_template_ok",153,220,Stage 2,watchlist,weekly_watchlist,42.0,67,6.5,False,False,False,False,False
SYMPHONY.NS,Symphony Limited,Consumer Durables,Unknown,False,Cash,1,Stage 4,Stage 4,Stage 4 - Confirmed Downtrend,Stage 4 - Confirmed Downtrend,Stage 4 • Stage 4 - Confirmed Downtrend,0.86,Price is below a bearish moving-average stack with falling trend signals.,,,,,watchlist,weekly_watchlist,watchlist,14.61,35.8,24.15,5.0,14.61,35.8,29.15,-18.06,-11.39,65447718.66,"Stage 4, Stage 4 - Confirmed Downtrend, weekly_vcp_ok, weekly_volume_dryup, weekly_strong, downtrend",403,469,Stage 4,watchlist,weekly_watchlist,25.92,66,3.229999999999997,False,False,False,False,False
SONATSOFTW.NS,Sonata Software Limited,Information Technology,Unknown,False,Cash,1,Stage 1,Stage 1,Stage 1 - Early Turn,Stage 1 - Early Turn,Stage 1 • Stage 1 - Early Turn,0.66,The stock is improving from a repair/base area but has not confirmed a clean Stage 2 yet.,,,,,watchlist,weekly_watchlist,watchlist,0.14,51.81,23.39,0.0,0.14,51.81,23.39,18.35,1.8,1262556794.87,"Stage 1, Stage 1 - Early Turn, weekly_vcp_ok, volume_dryup, weekly_volume_dryup, weekly_strong, stage1_not_actionable, stage1_needs_more_base",523,588,Stage 1,watchlist,weekly_watchlist,19.71,65,3.6799999999999997,False,False,False,False,False
INDIGOPNTS.NS,Indigo Paints Limited,Consumer Durables,Unknown,False,Cash,1,Stage 1,Stage 1,Stage 1 - Early Turn,Stage 1 - Early Turn,Stage 1 • Stage 1 - Early Turn,0.66,The stock is improving from a repair/base area but has not confirmed a clean Stage 2 yet.,,,2026-01-16,,watchlist,weekly_watchlist,watchlist,25.08,20.18,22.88,5.0,25.08,20.18,27.88,24.04,5.77,92638732.65,"Stage 1, Stage 1 - Early Turn, volume_dryup, weekly_volume_dryup, stage1_not_actionable, stage1_needs_more_base",420,484,Stage 1,watchlist,weekly_watchlist,25.24,64,2.6400000000000006,False,False,False,False,False
VGUARD.NS,V-Guard Industries Limited,Consumer Durables,Unknown,False,Cash,1,Stage 4,Stage 4,Stage 4 - Confirmed Downtrend,Stage 4 - Confirmed Downtrend,Stage 4 • Stage 4 - Confirmed Downtrend,0.86,Price is below a bearish moving-average stack with falling trend signals.,,,,,watchlist,weekly_watchlist,watchlist,13.45,35.8,23.51,5.0,13.45,35.8,28.51,-11.45,-1.37,53633754.41,"Stage 4, Stage 4 - Confirmed Downtrend, weekly_vcp_ok, weekly_strong, downtrend",413,475,Stage 4,watchlist,weekly_watchlist,25.75,62,2.7600000000000016,False,False,False,False,False
KSL.NS,Kalyani Steels Limited,Capital Goods,Unknown,False,Cash,1,Stage 2,Stage 2,Early Stage 2,Early Stage 2,Stage 2 • Early Stage 2,0.72,"Price has moved above long-term structure, but the full moving-average stack is not clean yet.",,,2026-07-27,,watchlist,weekly_watchlist,watchlist,44.98,30.74,38.57,5.0,44.98,30.74,43.57,6.72,40.69,65880272.31,"Stage 2, Early Stage 2, volume_dryup, weekly_volume_dryup",193,254,Stage 2,watchlist,weekly_watchlist,39.12,61,4.450000000000003,False,False,False,False,False
VOLTAS.NS,Voltas Limited,Consumer Durables,Unknown,True,F&O,1,Stage 4,Stage 4,Stage 4 - Weak/Declining,Stage 4 - Weak/Declining,Stage 4 • Stage 4 - Weak/Declining,0.72,Price is below long-term support with weak trend evidence.,,,2026-03-12,,watchlist,weekly_watchlist,watchlist,19.1,36.9,27.11,5.0,19.1,36.9,32.11,-8.01,3.5,988662559.67,"Stage 4, Stage 4 - Weak/Declining, weekly_vcp_ok, volume_dryup, weekly_volume_dryup, weekly_strong, downtrend",339,400,Stage 4,watchlist,weekly_watchlist,29.11,61,3.0,False,False,False,False,False
NESTLEIND.NS,Nestle India Limited,Fast Moving Consumer Goods,Unknown,True,F&O,1,Stage 2,Stage 2,Stage 2,Stage 2,Stage 2,0.76,Advancing structure detected.,,,2026-07-27,,watchlist,weekly_watchlist,watchlist,36.31,25.91,31.63,0.0,36.31,25.91,31.63,2.81,20.29,3249645422.9,"Stage 2, Stage 2",349,409,Stage 2,watchlist,weekly_watchlist,28.48,60,3.1499999999999986,False,False,False,False,False
BATAINDIA.NS,Bata India Limited,Consumer Durables,Unknown,False,Cash,1,Stage 4,Stage 4,Stage 4 - Weak/Declining,Stage 4 - Weak/Declining,Stage 4 • Stage 4 - Weak/Declining,0.72,Price is below long-term support with weak trend evidence.,,,,,watchlist,weekly_watchlist,watchlist,19.1,36.9,27.11,5.0,19.1,36.9,32.11,-3.23,-13.37,175476528.19,"Stage 4, Stage 4 - Weak/Declining, weekly_vcp_ok, volume_dryup, weekly_volume_dryup, weekly_strong, downtrend",338,398,Stage 4,watchlist,weekly_watchlist,29.11,60,3.0,False,False,False,False,False
ROUTE.NS,ROUTE MOBILE LIMITED,Telecommunication,Unknown,False,Cash,1,Stage 1,Stage 1,Stage 1 - Early Turn,Stage 1 - Early Turn,Stage 1 • Stage 1 - Early Turn,0.66,The stock is improving from a repair/base area but has not confirmed a clean Stage 2 yet.,,,,,watchlist,weekly_watchlist,watchlist,0.0,50.38,22.67,10.0,0.0,50.38,32.67,4.63,1.15,1251083652.3,"Stage 1, Stage 1 - Early Turn, weekly_vcp_ok, weekly_strong, stage1_not_actionable, stage1_needs_more_base",327,387,Not Sure,watchlist,weekly_watchlist,29.71,60,2.960000000000001,False,False,False,False,False
AGARWALEYE.NS,Dr. Agarwal's Health Care Ltd.,Healthcare,Unknown,False,Cash,1,Stage 2,Stage 2,Early Stage 2,Early Stage 2,Stage 2 • Early Stage 2,0.72,"Price has moved above long-term structure, but the full moving-average stack is not clean yet.",,,2026-07-27,,watchlist,weekly_near_pivot,watchlist,43.95,68.1,54.82,10.0,43.95,68.1,64.82,10.83,12.16,42974772.44,"Stage 2, Early Stage 2, daily_vcp_ok, weekly_vcp_ok, weekly_strong",32,91,Stage 2,watchlist,weekly_near_pivot,57.42,59,7.3999999999999915,False,False,False,False,False
APOLLOTYRE.NS,Apollo Tyres Limited,Automobile and Auto Components,Unknown,False,Cash,1,Stage 4,Stage 4,Stage 4 - Weak/Declining,Stage 4 - Weak/Declining,Stage 4 • Stage 4 - Weak/Declining,0.72,Price is below long-term support with weak trend evidence.,,,2026-01-15,,watchlist,weekly_watchlist,watchlist,18.2,43.8,29.72,5.0,18.2,43.8,34.72,4.42,-10.67,382837972.44,"Stage 4, Stage 4 - Weak/Declining, weekly_vcp_ok, volume_dryup, weekly_volume_dryup, weekly_strong, downtrend",306,365,Stage 4,watchlist,weekly_watchlist,31.12,59,3.599999999999998,False,False,False,False,False
PARADEEP.NS,Paradeep Phosphates Limited,Chemicals,Unknown,False,Cash,1,Stage 1,Stage 1,Stage 1 - Early Turn,Stage 1 - Early Turn,Stage 1 • Stage 1 - Early Turn,0.66,The stock is improving from a repair/base area but has not confirmed a clean Stage 2 yet.,,,,,watchlist,weekly_watchlist,watchlist,22.83,51.97,35.94,5.0,22.83,51.97,40.94,7.99,13.7,567890920.92,"Stage 1, Stage 1 - Early Turn, weekly_vcp_ok, volume_dryup, weekly_volume_dryup, weekly_strong, stage1_not_actionable, stage1_needs_more_base",223,281,Stage 1,watchlist,weekly_watchlist,36.9,58,4.039999999999999,False,False,False,False,False
IDBI.NS,IDBI Bank Limited,Financial Services,Unknown,False,Cash,1,Stage 4,Stage 4,Stage 4 - Weak/Declining,Stage 4 - Weak/Declining,Stage 4 • Stage 4 - Weak/Declining,0.72,Price is below long-term support with weak trend evidence.,,,2026-03-10,,watchlist,weekly_watchlist,watchlist,0.0,44.3,19.93,2.0,0.0,44.3,21.93,12.55,-7.53,1188759774.81,"Stage 4, Stage 4 - Weak/Declining, weekly_vcp_ok, volume_dryup, weekly_volume_dryup, weekly_strong, downtrend",542,600,Stage 4,watchlist,weekly_watchlist,18.29,58,3.6400000000000006,False,False,False,False,False
RAJESHEXPO.NS,Rajesh Exports Limited,Consumer Durables,Unknown,False,Cash,1,Stage 4,Stage 4,Stage 4 - Confirmed Downtrend,Stage 4 - Confirmed Downtrend,Stage 4 • Stage 4 - Confirmed Downtrend,0.86,Price is below a bearish moving-average stack with falling trend signals.,,,2025-12-30,,watchlist,weekly_watchlist,watchlist,5.02,35.8,18.87,5.0,5.02,35.8,23.87,-27.1,-41.35,30066767.21,"Stage 4, Stage 4 - Confirmed Downtrend, weekly_vcp_ok, volume_dryup, weekly_volume_dryup, weekly_strong, downtrend",517,574,Stage 4,watchlist,weekly_watchlist,20.84,57,3.030000000000001,False,False,False,False,False
CAMS.NS,Computer Age Management Services Limited,Financial Services,Unknown,True,F&O,1,Stage 2,Stage 2,Stage 2,Stage 2,Stage 2,0.76,Advancing structure detected.,,,2026-07-27,,watchlist,weekly_watchlist,watchlist,54.89,28.95,43.22,2.0,54.89,28.95,45.22,8.96,20.53,884491868.24,"Stage 2, Stage 2",186,241,Stage 2,watchlist,weekly_watchlist,40.15,55,5.07,False,False,False,False,False
BRITANNIA.NS,Britannia Industries Limited,Fast Moving Consumer Goods,Unknown,True,F&O,1,Stage 4,Stage 4,Stage 4 - Weak/Declining,Stage 4 - Weak/Declining,Stage 4 • Stage 4 - Weak/Declining,0.72,Price is below long-term support with weak trend evidence.,,,2026-03-06,,watchlist,weekly_watchlist,watchlist,13.84,14.2,14.0,0.0,13.84,14.2,14.0,-4.28,-2.26,1241050009.35,"Stage 4, Stage 4 - Weak/Declining, volume_dryup, weekly_volume_dryup, downtrend",643,697,Stage 4,watchlist,weekly_watchlist,8.65,54,5.35,False,False,False,False,False
METROBRAND.NS,Metro Brands Limited,Consumer Durables,Unknown,False,Cash,1,Stage 4,Stage 4,Stage 4 - Weak/Declining,Stage 4 - Weak/Declining,Stage 4 • Stage 4 - Weak/Declining,0.72,Price is below long-term support with weak trend evidence.,,,,,watchlist,weekly_watchlist,watchlist,15.68,36.38,25.0,5.0,15.68,36.38,30.0,0.35,5.41,53414329.7,"Stage 4, Stage 4 - Weak/Declining, weekly_vcp_ok, weekly_volume_dryup, weekly_strong, downtrend",380,434,Stage 4,watchlist,weekly_watchlist,26.96,54,3.039999999999999,False,False,False,False,False
ORIENTELEC.NS,Orient Electric Limited,Consumer Durables,Unknown,False,Cash,1,Stage 4,Stage 4,Stage 4 - Weak/Declining,Stage 4 - Weak/Declining,Stage 4 • Stage 4 - Weak/Declining,0.72,Price is below long-term support with weak trend evidence.,,,,,watchlist,weekly_watchlist,watchlist,15.1,36.9,24.91,5.0,15.1,36.9,29.91,-6.97,1.32,247667790.85,"Stage 4, Stage 4 - Weak/Declining, weekly_vcp_ok, weekly_strong, downtrend",382,436,Stage 4,watchlist,weekly_watchlist,26.91,54,3.0,False,False,False,False,False
CAMPUS.NS,Campus Activewear Limited,Consumer Durables,Unknown,False,Cash,1,Stage 4,Stage 4,Stage 4 - Confirmed Downtrend,Stage 4 - Confirmed Downtrend,Stage 4 • Stage 4 - Confirmed Downtrend,0.86,Price is below a bearish moving-average stack with falling trend signals.,,,2025-11-26,,watchlist,weekly_watchlist,watchlist,15.1,35.8,24.41,5.0,15.1,35.8,29.41,-12.77,-6.69,742790624.06,"Stage 4, Stage 4 - Confirmed Downtrend, weekly_vcp_ok, weekly_volume_dryup, weekly_strong, downtrend",396,450,Stage 4,watchlist,weekly_watchlist,26.41,54,3.0,False,False,False,False,False
CIPLA.NS,Cipla Limited,Healthcare,Unknown,True,F&O,1,Not Sure,Stage 1,Pending Stage 1,Pending Stage 1,Not Sure • Pending Stage 1,0.55,Blocked public stage jump Stage 3 -> Stage 1; waiting for intermediate/confirmed structure.,Blocked public stage jump Stage 3 -> Stage 1; waiting for intermediate/confirmed structure.,,2025-10-29,Stage 1,watchlist,weekly_watchlist,watchlist,26.59,55.51,39.6,10.0,26.59,55.51,49.6,11.39,15.71,1871248607.83,"Stage 1, Stage 1 - Early Turn, stage1_base_ready, weekly_vcp_ok, weekly_strong, stage1_not_actionable | Blocked public stage jump Stage 3 -> Stage 1; waiting for intermediate/confirmed structure.",144,197,Stage 3,watchlist,weekly_watchlist,44.07,53,5.530000000000001,False,False,False,False,False
M&M.NS,Mahindra & Mahindra Limited,Automobile and Auto Components,Unknown,True,F&O,1,Not Sure,Stage 1,Pending Stage 1,Pending Stage 1,Not Sure • Pending Stage 1,0.55,Blocked public stage jump Stage 4 -> Stage 1; waiting for intermediate/confirmed structure.,Blocked public stage jump Stage 4 -> Stage 1; waiting for intermediate/confirmed structure.,,2026-01-13,Stage 1,watchlist,weekly_watchlist,watchlist,17.68,50.68,32.53,5.0,17.68,50.68,37.53,6.76,2.07,7148681835.27,"Stage 1, Stage 1 - Early Turn, weekly_vcp_ok, volume_dryup, weekly_volume_dryup, weekly_strong, stage1_not_actionable, stage1_needs_more_base | Blocked public stage jump Stage 4 -> Stage 1; waiting for intermediate/confirmed structure.",270,322,Stage 4,watchlist,weekly_watchlist,33.85,52,3.6799999999999997,False,False,False,False,False
GREENPANEL.NS,Greenpanel Industries Limited,Consumer Durables,Unknown,False,Cash,1,Stage 4,Stage 4,Stage 4 - Confirmed Downtrend,Stage 4 - Confirmed Downtrend,Stage 4 • Stage 4 - Confirmed Downtrend,0.86,Price is below a bearish moving-average stack with falling trend signals.,,,,,watchlist,weekly_watchlist,watchlist,3.97,36.9,18.79,5.0,3.97,36.9,23.79,-16.43,-4.1,31514970.5,"Stage 4, Stage 4 - Confirmed Downtrend, weekly_vcp_ok, weekly_volume_dryup, weekly_strong, downtrend",520,572,Stage 4,watchlist,weekly_watchlist,20.91,52,2.879999999999999,False,False,False,False,False
ABB.NS,ABB India Limited,Capital Goods,Unknown,True,F&O,1,Stage 2,Stage 2,Clean Stage 2,Clean Stage 2,Stage 2 • Clean Stage 2,0.9,"Price is above rising key averages, weekly structure is supportive, and the stock is near its 52-week high.",,,2026-07-27,,watchlist,weekly_watchlist,watchlist,65.29,28.74,48.84,5.0,65.29,28.74,53.84,0.23,59.16,2913437965.03,"Stage 2, Clean Stage 2, trend_template_ok, weekly_volume_dryup",116,167,Stage 2,watchlist,weekly_watchlist,47.84,51,6.0,False,False,False,False,False
DABUR.NS,Dabur India Limited,Fast Moving Consumer Goods,Unknown,True,F&O,1,Stage 4,Stage 4,Stage 4 - Confirmed Downtrend,Stage 4 - Confirmed Downtrend,Stage 4 • Stage 4 - Confirmed Downtrend,0.86,Price is below a bearish moving-average stack with falling trend signals.,,,2026-01-16,,watchlist,weekly_watchlist,watchlist,21.36,35.8,27.86,0.0,21.36,35.8,27.86,-2.54,-11.56,923866401.67,"Stage 4, Stage 4 - Confirmed Downtrend, weekly_vcp_ok, volume_dryup, weekly_strong, downtrend",421,472,Stage 4,watchlist,weekly_watchlist,25.8,51,2.0599999999999987,False,False,False,False,False
MASTEK.NS,Mastek Limited,Information Technology,Unknown,False,Cash,1,Not Sure,Stage 1,Pending Stage 1,Pending Stage 1,Not Sure • Pending Stage 1,0.55,Blocked public stage jump Stage 4 -> Stage 1; waiting for intermediate/confirmed structure.,Blocked public stage jump Stage 4 -> Stage 1; waiting for intermediate/confirmed structure.,,,Stage 1,watchlist,weekly_watchlist,watchlist,21.15,43.95,31.41,0.0,21.15,43.95,31.41,10.62,-0.12,196144825.52,"Stage 1, Stage 1 - Early Turn, weekly_vcp_ok, weekly_strong, stage1_not_actionable, stage1_needs_more_base | Blocked public stage jump Stage 4 -> Stage 1; waiting for intermediate/confirmed structure.",357,407,Stage 4,watchlist,weekly_watchlist,28.54,50,2.870000000000001,False,False,False,False,False
TTKPRESTIG.NS,TTK Prestige Limited,Consumer Durables,Unknown,False,Cash,1,Stage 2,Stage 2,Extended Stage 2,Extended Stage 2,Stage 2 • Extended Stage 2,0.78,"Advancing structure remains intact, but price is stretched versus key moving averages or far above the 52-week low.",,,2026-07-27,,watchlist,weekly_watchlist,watchlist,51.45,30.01,41.8,5.0,51.45,30.01,46.8,39.13,24.94,481759295.21,"Stage 2, Extended Stage 2",173,222,Stage 2,watchlist,weekly_watchlist,41.92,49,4.8799999999999955,False,False,False,False,False
PGEL.NS,PG Electroplast Limited,Consumer Durables,Unknown,True,F&O,1,Stage 2 Failed,Stage 1,Failed Stage 2,Failed Stage 2,Stage 2 Failed • Failed Stage 2,0.72,"This stock was recently Stage 2, but the latest structure no longer satisfies Stage 2 rules. It is kept as Stage 2 Failed until a fresh base/repair structure forms.",Recent Stage 2 break; public stage held as Stage 2 Failed.,2026-07-28,2026-07-20,,watchlist,weekly_watchlist,watchlist,16.41,52.52,32.66,5.0,16.41,52.52,37.66,9.68,17.56,1279512904.86,"Stage 1, Stage 1 - Early Turn, weekly_vcp_ok, volume_dryup, weekly_volume_dryup, weekly_strong, stage1_not_actionable, stage1_needs_more_base | Stage 2 failed state applied from stage memory.",267,315,Stage 2 Failed,watchlist,weekly_watchlist,34.42,48,3.239999999999995,False,False,False,False,False
TATATECH.NS,Tata Technologies Ltd.,Information Technology,Unknown,False,Cash,1,Stage 2,Stage 2,Early Stage 2,Early Stage 2,Stage 2 • Early Stage 2,0.72,"Price has moved above long-term structure, but the full moving-average stack is not clean yet.",,,2026-07-27,,watchlist,weekly_watchlist,watchlist,31.46,28.48,30.12,0.0,31.46,28.48,30.12,29.04,19.79,915661079.56,"Stage 2, Early Stage 2, volume_dryup, weekly_volume_dryup",378,426,Stage 2,watchlist,weekly_watchlist,27.32,48,2.8000000000000007,False,False,False,False,False
LTTS.NS,L&T Technology Services Ltd.,Information Technology,Unknown,False,Cash,1,Stage 4,Stage 4,Stage 4 - Weak/Declining,Stage 4 - Weak/Declining,Stage 4 • Stage 4 - Weak/Declining,0.72,Price is below long-term support with weak trend evidence.,,,,,watchlist,weekly_watchlist,watchlist,0.0,43.89,19.75,0.0,0.0,43.89,19.75,0.42,0.51,900817361.23,"Stage 4, Stage 4 - Weak/Declining, weekly_vcp_ok, weekly_volume_dryup, weekly_strong, downtrend",578,625,Stage 4,watchlist,weekly_watchlist,16.11,47,3.6400000000000006,False,False,False,False,False
COROMANDEL.NS,Coromandel International Limited,Chemicals,Unknown,False,Cash,1,Stage 4,Stage 4,Stage 4 - Weak/Declining,Stage 4 - Weak/Declining,Stage 4 • Stage 4 - Weak/Declining,0.72,Price is below long-term support with weak trend evidence.,,,2025-12-09,,watchlist,weekly_watchlist,watchlist,19.1,43.8,30.22,5.0,19.1,43.8,35.22,2.42,-5.13,373736135.52,"Stage 4, Stage 4 - Weak/Declining, weekly_vcp_ok, volume_dryup, weekly_volume_dryup, weekly_strong, downtrend",303,350,Stage 4,watchlist,weekly_watchlist,31.62,47,3.599999999999998,False,False,False,False,False
FSL.NS,Firstsource Solutions Limited,Services,Unknown,False,Cash,1,Stage 1,Stage 1,Stage 1 - Early Turn,Stage 1 - Early Turn,Stage 1 • Stage 1 - Early Turn,0.66,The stock is improving from a repair/base area but has not confirmed a clean Stage 2 yet.,,,,,watchlist,weekly_watchlist,watchlist,7.56,51.18,27.19,2.0,7.56,51.18,29.19,23.0,-9.19,394590863.67,"Stage 1, Stage 1 - Early Turn, weekly_vcp_ok, volume_dryup, weekly_volume_dryup, weekly_strong, stage1_not_actionable, stage1_needs_more_base",401,448,Not Sure,watchlist,weekly_watchlist,26.5,47,2.6900000000000013,False,False,False,False,False
HAL.NS,Hindustan Aeronautics Limited,Capital Goods,Unknown,True,F&O,1,Stage 2,Stage 2,Early Stage 2,Early Stage 2,Stage 2 • Early Stage 2,0.72,"Price has moved above long-term structure, but the full moving-average stack is not clean yet.",,,2026-07-27,,watchlist,weekly_near_pivot,watchlist,33.99,67.54,49.09,5.0,33.99,67.54,54.09,6.07,11.32,2780147423.43,"Stage 2, Early Stage 2, weekly_vcp_ok, volume_dryup, weekly_volume_dryup, weekly_strong",112,158,Stage 2,watchlist,weekly_near_pivot,48.9,46,5.190000000000005,False,False,False,False,False
KDDL.NS,KDDL Limited,Consumer Durables,Unknown,False,Cash,1,Stage 2,Stage 2,Clean Stage 2,Clean Stage 2,Stage 2 • Clean Stage 2,0.9,"Price is above rising key averages, weekly structure is supportive, and the stock is near its 52-week high.",,,2026-07-27,,watchlist,weekly_watchlist,watchlist,46.25,28.4,38.22,5.0,46.25,28.4,43.22,31.85,52.17,50345806.48,"Stage 2, Clean Stage 2, trend_template_ok, volume_dryup, weekly_volume_dryup",198,243,Stage 2,watchlist,weekly_watchlist,40.11,45,3.1099999999999994,False,False,False,False,False
TITAN.NS,Titan Company Limited,Consumer Durables,Unknown,True,F&O,1,Stage 2,Stage 2,Clean Stage 2,Clean Stage 2,Stage 2 • Clean Stage 2,0.9,"Price is above rising key averages, weekly structure is supportive, and the stock is near its 52-week high.",,,2026-07-27,,watchlist,weekly_watchlist,watchlist,52.89,31.94,43.46,5.0,52.89,31.94,48.46,11.0,26.39,4223859839.29,"Stage 2, Clean Stage 2, trend_template_ok, volume_dryup, weekly_volume_dryup",155,199,Stage 2,watchlist,weekly_watchlist,43.95,44,4.509999999999998,False,False,False,False,False
CHOLAHLDNG.NS,Cholamandalam Financial Holdings Limited,Financial Services,Unknown,False,Cash,1,Stage 4,Stage 4,Stage 4 - Confirmed Downtrend,Stage 4 - Confirmed Downtrend,Stage 4 • Stage 4 - Confirmed Downtrend,0.86,Price is below a bearish moving-average stack with falling trend signals.,,,2025-12-05,,watchlist,weekly_watchlist,watchlist,19.2,35.8,26.67,2.0,19.2,35.8,28.67,-2.6,-1.35,253800311.81,"Stage 4, Stage 4 - Confirmed Downtrend, weekly_vcp_ok, weekly_strong, downtrend",409,453,Stage 4,watchlist,weekly_watchlist,26.38,44,2.2900000000000027,False,False,False,False,False
QUESS.NS,Quess Corp Limited,Services,Unknown,False,Cash,1,Stage 2,Stage 2,Extended Stage 2,Extended Stage 2,Stage 2 • Extended Stage 2,0.78,"Advancing structure remains intact, but price is stretched versus key moving averages or far above the 52-week low.",,,2026-07-27,,watchlist,weekly_watchlist,watchlist,79.81,36.4,60.28,2.0,79.81,36.4,62.28,55.5,66.55,131858279.51,"Stage 2, Extended Stage 2, trend_template_ok, volume_dryup, weekly_volume_dryup",54,97,Stage 2,watchlist,weekly_watchlist,56.44,43,5.840000000000003,False,False,False,False,False
INTELLECT.NS,Intellect Design Arena Limited,Information Technology,Unknown,False,Cash,1,Stage 4,Stage 4,Stage 4 - Weak/Declining,Stage 4 - Weak/Declining,Stage 4 • Stage 4 - Weak/Declining,0.72,Price is below long-term support with weak trend evidence.,,,2025-12-05,,watchlist,weekly_watchlist,watchlist,16.09,35.8,24.96,0.0,16.09,35.8,24.96,-1.85,-13.71,402520780.2,"Stage 4, Stage 4 - Weak/Declining, weekly_vcp_ok, weekly_strong, downtrend",487,529,Stage 4,watchlist,weekly_watchlist,23.42,42,1.5399999999999991,False,False,False,False,False
RESPONIND.NS,Responsive Industries Limited,Consumer Durables,Unknown,False,Cash,1,Stage 2 Failed,Stage 1,Failed Stage 2,Failed Stage 2,Stage 2 Failed • Failed Stage 2,0.72,"This stock was recently Stage 2, but the latest structure no longer satisfies Stage 2 rules. It is kept as Stage 2 Failed until a fresh base/repair structure forms.",Recent Stage 2 break; public stage held as Stage 2 Failed.,2026-07-28,2026-07-20,,watchlist,weekly_watchlist,watchlist,19.32,7.72,14.1,5.0,19.32,7.72,19.1,10.82,10.35,539983352.99,"Stage 1, Stage 1 - Unclear/Repair, weekly_volume_dryup, stage1_not_actionable, stage1_needs_more_base | Stage 2 failed state applied from stage memory.",588,629,Stage 2 Failed,watchlist,weekly_watchlist,15.91,41,3.1900000000000013,False,False,False,False,False
HAVELLS.NS,Havells India Limited,Consumer Durables,Unknown,True,F&O,1,Stage 4,Stage 4,Stage 4 - Weak/Declining,Stage 4 - Weak/Declining,Stage 4 • Stage 4 - Weak/Declining,0.72,Price is below long-term support with weak trend evidence.,,,,,watchlist,weekly_watchlist,watchlist,15.1,35.8,24.41,5.0,15.1,35.8,29.41,-0.55,0.34,1711121653.72,"Stage 4, Stage 4 - Weak/Declining, weekly_vcp_ok, weekly_volume_dryup, weekly_strong, downtrend",397,438,Stage 4,watchlist,weekly_watchlist,26.69,41,2.719999999999999,False,False,False,False,False
CENTURYPLY.NS,Century Plyboards (India) Limited,Consumer Durables,Unknown,False,Cash,1,Not Sure,Not Sure,Not Sure,Not Sure,Not Sure,0.0,Stage rules did not identify a reliable structure.,No confident stage classification.,,2026-07-03,,watchlist,weekly_watchlist,watchlist,23.6,54.95,37.71,5.0,23.6,54.95,42.71,-0.77,12.31,34471664.84,"Not Sure, Not Sure, weekly_vcp_ok, volume_dryup, weekly_volume_dryup, weekly_strong",205,245,Not Sure,watchlist,weekly_watchlist,39.8,40,2.9100000000000037,False,False,False,False,False
SULA.NS,Sula Vineyards Limited,Fast Moving Consumer Goods,Unknown,False,Cash,1,Stage 4,Stage 4,Stage 4 - Weak/Declining,Stage 4 - Weak/Declining,Stage 4 • Stage 4 - Weak/Declining,0.72,Price is below long-term support with weak trend evidence.,,,,,watchlist,weekly_watchlist,watchlist,11.33,35.8,22.34,0.0,11.33,35.8,22.34,-8.2,-10.03,32010928.81,"Stage 4, Stage 4 - Weak/Declining, weekly_vcp_ok, weekly_strong, downtrend",536,576,Stage 4,watchlist,weekly_watchlist,20.64,40,1.6999999999999993,False,False,False,False,False
RAIN.NS,Rain Industries Limited,Chemicals,Unknown,False,Cash,1,Stage 2,Stage 2,Extended Stage 2,Extended Stage 2,Stage 2 • Extended Stage 2,0.78,"Advancing structure remains intact, but price is stretched versus key moving averages or far above the 52-week low.",,,2026-07-27,,watchlist,weekly_watchlist,watchlist,44.02,35.2,40.05,5.0,44.02,35.2,45.05,74.59,58.0,1091887826.93,"Stage 2, Extended Stage 2, trend_template_ok, volume_dryup, weekly_volume_dryup",187,226,Stage 2,watchlist,weekly_watchlist,41.28,39,3.769999999999996,False,False,False,False,False
KAJARIACER.NS,Kajaria Ceramics Limited,Consumer Durables,Unknown,False,Cash,1,Stage 2,Stage 2,Early Stage 2,Early Stage 2,Stage 2 • Early Stage 2,0.72,"Price has moved above long-term structure, but the full moving-average stack is not clean yet.",,,2026-07-27,,watchlist,weekly_watchlist,watchlist,41.27,27.67,35.15,5.0,41.27,27.67,40.15,1.85,38.8,330285069.04,"Stage 2, Early Stage 2",239,278,Stage 2,watchlist,weekly_watchlist,36.99,39,3.1599999999999966,False,False,False,False,False
HINDUNILVR.NS,Hindustan Unilever Limited,Fast Moving Consumer Goods,Unknown,True,F&O,1,Stage 4,Stage 4,Stage 4 - Confirmed Downtrend,Stage 4 - Confirmed Downtrend,Stage 4 • Stage 4 - Confirmed Downtrend,0.86,Price is below a bearish moving-average stack with falling trend signals.,,,2025-10-23,,watchlist,weekly_watchlist,watchlist,20.1,35.8,27.16,0.0,20.1,35.8,27.16,-9.18,-10.24,4448828536.6,"Stage 4, Stage 4 - Confirmed Downtrend, weekly_vcp_ok, weekly_strong, downtrend",435,474,Stage 4,watchlist,weekly_watchlist,25.78,39,1.379999999999999,False,False,False,False,False
LTM.NS,LTIMindtree Ltd.,Information Technology,Unknown,True,F&O,1,Stage 4,Stage 4,Stage 4 - Weak/Declining,Stage 4 - Weak/Declining,Stage 4 • Stage 4 - Weak/Declining,0.72,Price is below long-term support with weak trend evidence.,,,,,watchlist,weekly_watchlist,watchlist,17.96,36.9,26.48,0.0,17.96,36.9,26.48,2.32,-21.83,1980472561.84,"Stage 4, Stage 4 - Weak/Declining, weekly_vcp_ok, volume_dryup, weekly_volume_dryup, weekly_strong, downtrend",453,490,Stage 4,watchlist,weekly_watchlist,24.96,37,1.5199999999999996,False,False,False,False,False
KALYANKJIL.NS,Kalyan Jewellers India Limited,Consumer Durables,Unknown,True,F&O,1,Stage 2,Stage 2,Extended Stage 2,Extended Stage 2,Stage 2 • Extended Stage 2,0.78,"Advancing structure remains intact, but price is stretched versus key moving averages or far above the 52-week low.",,,2026-07-27,,watchlist,weekly_breakout,watchlist,26.74,65.8,44.32,5.0,26.74,65.8,49.32,47.43,69.57,22857905005.16,"Stage 2, Extended Stage 2, weekly_vcp_ok, weekly_strong",147,183,Stage 2,watchlist,weekly_breakout,45.91,36,3.4100000000000037,False,False,False,False,False
NEWGEN.NS,Newgen Software Technologies Limited,Information Technology,Unknown,False,Cash,1,Stage 4,Stage 4,Stage 4 - Weak/Declining,Stage 4 - Weak/Declining,Stage 4 • Stage 4 - Weak/Declining,0.72,Price is below long-term support with weak trend evidence.,,,,,watchlist,weekly_watchlist,watchlist,18.43,44.9,30.34,0.0,18.43,44.9,30.34,5.1,-7.51,3223202027.63,"Stage 4, Stage 4 - Weak/Declining, weekly_vcp_ok, weekly_volume_dryup, weekly_strong, downtrend",373,408,Stage 4,watchlist,weekly_watchlist,28.51,35,1.8299999999999983,False,False,False,False,False
ICICIBANK.NS,ICICI Bank Limited,Financial Services,Unknown,True,F&O,1,Stage 2,Stage 2,Early Stage 2,Early Stage 2,Stage 2 • Early Stage 2,0.72,"Price has moved above long-term structure, but the full moving-average stack is not clean yet.",,,2026-07-27,,watchlist,weekly_breakout,watchlist,57.17,68.11,62.09,2.0,57.17,68.11,64.09,13.29,9.76,18505322394.04,"Stage 2, Early Stage 2, weekly_vcp_ok, weekly_volume_dryup, weekly_strong",37,70,Stage 2,watchlist,weekly_breakout,60.0,33,4.090000000000003,False,False,False,False,False
IFBIND.NS,IFB Industries Limited,Consumer Durables,Unknown,False,Cash,1,Stage 1,Stage 1,Stage 1 - Early Turn,Stage 1 - Early Turn,Stage 1 • Stage 1 - Early Turn,0.66,The stock is improving from a repair/base area but has not confirmed a clean Stage 2 yet.,,,2025-12-12,,watchlist,weekly_watchlist,watchlist,26.05,21.95,24.21,5.0,26.05,21.95,29.21,14.9,24.56,177983375.39,"Stage 1, Stage 1 - Early Turn, volume_dryup, weekly_volume_dryup, stage1_not_actionable, stage1_needs_more_base",400,433,Stage 1,watchlist,weekly_watchlist,26.97,33,2.240000000000002,False,False,False,False,False
SWIGGY.NS,Swiggy Ltd.,Consumer Services,Unknown,True,F&O,1,Stage 4,Stage 4,Stage 4 - Weak/Declining,Stage 4 - Weak/Declining,Stage 4 • Stage 4 - Weak/Declining,0.72,Price is below long-term support with weak trend evidence.,,,,,watchlist,weekly_watchlist,watchlist,20.44,36.9,27.85,0.0,20.44,36.9,27.85,-0.63,-9.36,5578377938.54,"Stage 4, Stage 4 - Weak/Declining, weekly_vcp_ok, weekly_strong, downtrend",422,455,Stage 4,watchlist,weekly_watchlist,26.32,33,1.5300000000000011,False,False,False,False,False
INFY.NS,Infosys Limited,Information Technology,Unknown,True,F&O,1,Stage 4,Stage 4,Stage 4 - Weak/Declining,Stage 4 - Weak/Declining,Stage 4 • Stage 4 - Weak/Declining,0.72,Price is below long-term support with weak trend evidence.,,,2026-02-03,,watchlist,weekly_watchlist,watchlist,19.4,36.9,27.27,0.0,19.4,36.9,27.27,-4.37,-28.21,14695284682.0,"Stage 4, Stage 4 - Weak/Declining, weekly_vcp_ok, weekly_strong, downtrend",432,465,Stage 4,watchlist,weekly_watchlist,25.96,33,1.3099999999999987,False,False,False,False,False
IMAGICAA.NS,Imagicaaworld Entertainment Limited,Consumer Services,Unknown,False,Cash,1,Not Sure,Stage 1,Pending Stage 1,Pending Stage 1,Not Sure • Pending Stage 1,0.55,Blocked public stage jump Stage 4 -> Stage 1; waiting for intermediate/confirmed structure.,Blocked public stage jump Stage 4 -> Stage 1; waiting for intermediate/confirmed structure.,,,Stage 1,watchlist,weekly_watchlist,watchlist,0.0,41.8,18.81,0.0,0.0,41.8,18.81,1.82,-4.66,32055343.94,"Stage 1, Stage 1 - Early Turn, weekly_vcp_ok, volume_dryup, weekly_volume_dryup, weekly_strong, stage1_not_actionable, stage1_needs_more_base | Blocked public stage jump Stage 4 -> Stage 1; waiting for intermediate/confirmed structure.",592,624,Stage 4,watchlist,weekly_watchlist,16.11,32,2.6999999999999993,False,False,False,False,False
ZYDUSWELL.NS,Zydus Wellness Limited,Fast Moving Consumer Goods,Unknown,False,Cash,1,Stage 2,Stage 2,Clean Stage 2,Clean Stage 2,Stage 2 • Clean Stage 2,0.9,"Price is above rising key averages, weekly structure is supportive, and the stock is near its 52-week high.",,,2026-07-27,,watchlist,weekly_watchlist,watchlist,63.34,26.79,46.89,0.0,63.34,26.79,46.89,8.3,35.65,314976766.42,"Stage 2, Clean Stage 2, trend_template_ok, volume_dryup, weekly_volume_dryup",171,201,Stage 2,watchlist,weekly_watchlist,43.89,30,3.0,False,False,False,False,False
ESCORTS.NS,Escorts Kubota Limited,Capital Goods,Unknown,False,Cash,1,Stage 4,Stage 4,Stage 4 - Weak/Declining,Stage 4 - Weak/Declining,Stage 4 • Stage 4 - Weak/Declining,0.72,Price is below long-term support with weak trend evidence.,,,2026-02-10,,watchlist,weekly_watchlist,watchlist,19.9,35.8,27.05,5.0,19.9,35.8,32.05,-6.05,-7.15,313059231.38,"Stage 4, Stage 4 - Weak/Declining, weekly_vcp_ok, volume_dryup, weekly_volume_dryup, weekly_strong, downtrend",340,370,Stage 4,watchlist,weekly_watchlist,30.68,30,1.3699999999999974,False,False,False,False,False
GODREJAGRO.NS,Godrej Agrovet Limited,Fast Moving Consumer Goods,Unknown,False,Cash,1,Stage 4,Stage 4,Stage 4 - Weak/Declining,Stage 4 - Weak/Declining,Stage 4 • Stage 4 - Weak/Declining,0.72,Price is below long-term support with weak trend evidence.,,,,,watchlist,weekly_watchlist,watchlist,21.7,37.1,28.63,0.0,21.7,37.1,28.63,-3.18,16.22,58851508.66,"Stage 4, Stage 4 - Weak/Declining, weekly_vcp_ok, weekly_strong, downtrend",410,439,Stage 4,watchlist,weekly_watchlist,26.68,29,1.9499999999999993,False,False,False,False,False
BANKINDIA.NS,Bank of India,Financial Services,Unknown,True,F&O,1,Stage 2 Failed,Stage 1,Failed Stage 2,Failed Stage 2,Stage 2 Failed • Failed Stage 2,0.72,"This stock was recently Stage 2, but the latest structure no longer satisfies Stage 2 rules. It is kept as Stage 2 Failed until a fresh base/repair structure forms.",Recent Stage 2 break; public stage held as Stage 2 Failed.,2026-07-28,2026-07-21,,watchlist,weekly_watchlist,watchlist,18.1,42.9,29.26,2.0,18.1,42.9,31.26,0.69,-9.07,1494833467.17,"Stage 1, Stage 1 - Base/Repair, weekly_vcp_ok, weekly_strong, stage1_not_actionable, stage1_needs_more_base | Stage 2 failed state applied from stage memory.",361,390,Stage 2 Failed,watchlist,weekly_watchlist,29.66,29,1.6000000000000014,False,False,False,False,False
ITDC.NS,India Tourism Development Corporation Limited,Consumer Services,Unknown,False,Cash,1,Stage 2,Stage 2,Early Stage 2,Early Stage 2,Stage 2 • Early Stage 2,0.72,"Price has moved above long-term structure, but the full moving-average stack is not clean yet.",,,2026-07-27,,watchlist,weekly_breakout,watchlist,48.1,72.82,59.22,0.0,48.1,72.82,59.22,22.35,47.83,3743238972.11,"Stage 2, Early Stage 2, weekly_vcp_ok, weekly_volume_dryup, weekly_strong",73,100,Stage 2,watchlist,weekly_breakout,55.59,27,3.6299999999999955,False,False,False,False,False
REDTAPE.NS,Redtape Limited,Consumer Durables,Unknown,False,Cash,1,Stage 2 Failed,Stage 4,Failed Stage 2,Failed Stage 2,Stage 2 Failed • Failed Stage 2,0.72,"This stock was recently Stage 2, but the latest structure no longer satisfies Stage 2 rules. It is kept as Stage 2 Failed until a fresh base/repair structure forms.",Recent Stage 2 break; public stage held as Stage 2 Failed.,2026-07-28,2026-07-13,,watchlist,weekly_watchlist,watchlist,0.0,24.06,10.83,5.0,0.0,24.06,15.83,-0.94,20.57,48772169.78,"Stage 4, Stage 4 - Weak/Declining, weekly_vcp_ok, volume_dryup, weekly_volume_dryup, downtrend | Stage 2 failed state applied from stage memory.",629,655,Stage 2 Failed,watchlist,weekly_watchlist,12.78,26,3.0500000000000007,False,False,False,False,False
JKPAPER.NS,JK Paper Limited,Forest Materials,Unknown,False,Cash,1,Not Sure,Not Sure,Not Sure,Not Sure,Not Sure,0.0,Stage rules did not identify a reliable structure.,No confident stage classification.,,2025-11-17,,watchlist,weekly_watchlist,watchlist,19.09,58.74,36.93,10.0,19.09,58.74,46.93,9.61,28.76,449014873.95,"Not Sure, Not Sure, weekly_vcp_ok, weekly_strong",169,195,Not Sure,watchlist,weekly_watchlist,44.22,26,2.710000000000001,False,False,False,False,False
NIVABUPA.NS,Niva Bupa Health Insurance Company Ltd.,Financial Services,Unknown,False,Cash,1,Stage 2,Stage 2,Clean Stage 2,Clean Stage 2,Stage 2 • Clean Stage 2,0.9,"Price is above rising key averages, weekly structure is supportive, and the stock is near its 52-week high.",,,2026-07-27,,watchlist,weekly_watchlist,watchlist,45.37,31.17,38.98,2.0,45.37,31.17,40.98,10.59,17.1,134806598.86,"Stage 2, Clean Stage 2, daily_vcp_ok, volume_dryup, weekly_volume_dryup",220,246,Stage 2,watchlist,weekly_watchlist,39.66,26,1.3200000000000003,False,False,False,False,False
ETERNAL.NS,Eternal Ltd.,Consumer Services,Unknown,True,F&O,1,Stage 1,Stage 1,Stage 1 - Early Turn,Stage 1 - Early Turn,Stage 1 • Stage 1 - Early Turn,0.66,The stock is improving from a repair/base area but has not confirmed a clean Stage 2 yet.,,,2025-11-03,,watchlist,weekly_watchlist,watchlist,26.67,56.0,39.87,0.0,26.67,56.0,39.87,24.87,26.13,11845325509.75,"Stage 1, Stage 1 - Early Turn, weekly_vcp_ok, weekly_strong, stage1_not_actionable, stage1_needs_more_base",244,269,Stage 1,watchlist,weekly_watchlist,37.85,25,2.019999999999996,False,False,False,False,False
PETRONET.NS,Petronet LNG Limited,"Oil, Gas & Consumable Fuels",Unknown,True,F&O,1,Stage 2 Failed,Stage 1,Failed Stage 2,Failed Stage 2,Stage 2 Failed • Failed Stage 2,0.72,"This stock was recently Stage 2, but the latest structure no longer satisfies Stage 2 rules. It is kept as Stage 2 Failed until a fresh base/repair structure forms.",Recent Stage 2 break; public stage held as Stage 2 Failed.,2026-07-28,2026-07-15,,watchlist,weekly_watchlist,watchlist,17.84,50.54,32.55,0.0,17.84,50.54,32.55,1.58,5.85,575689669.66,"Stage 1, Stage 1 - Early Turn, weekly_vcp_ok, volume_dryup, weekly_volume_dryup, weekly_strong, stage1_not_actionable, stage1_needs_more_base | Stage 2 failed state applied from stage memory.",328,353,Stage 2 Failed,watchlist,weekly_watchlist,31.56,25,0.9899999999999984,False,False,False,False,False
TATAELXSI.NS,Tata Elxsi Limited,Information Technology,Unknown,True,F&O,1,Stage 4,Stage 4,Stage 4 - Confirmed Downtrend,Stage 4 - Confirmed Downtrend,Stage 4 • Stage 4 - Confirmed Downtrend,0.86,Price is below a bearish moving-average stack with falling trend signals.,,,,,watchlist,weekly_watchlist,watchlist,15.97,35.8,24.89,0.0,15.97,35.8,24.89,-11.67,-28.01,2145676387.32,"Stage 4, Stage 4 - Confirmed Downtrend, weekly_vcp_ok, weekly_strong, downtrend",489,514,Stage 4,watchlist,weekly_watchlist,24.15,25,0.740000000000002,False,False,False,False,False
SFL.NS,Sheela Foam Limited,Consumer Durables,Unknown,False,Cash,1,Stage 2,Stage 2,Early Stage 2,Early Stage 2,Stage 2 • Early Stage 2,0.72,"Price has moved above long-term structure, but the full moving-average stack is not clean yet.",,,2026-07-27,,watchlist,weekly_near_pivot,watchlist,50.08,73.8,60.75,5.0,50.08,73.8,65.75,50.48,52.57,183021778.92,"Stage 2, Early Stage 2, weekly_vcp_ok, volume_dryup, weekly_volume_dryup, weekly_strong",26,50,Stage 2,watchlist,weekly_near_pivot,62.75,24,3.0,False,False,False,False,False
RELAXO.NS,Relaxo Footwears Limited,Consumer Durables,Unknown,False,Cash,1,Stage 2,Stage 2,Early Stage 2,Early Stage 2,Stage 2 • Early Stage 2,0.72,"Price has moved above long-term structure, but the full moving-average stack is not clean yet.",,,2026-07-27,,watchlist,weekly_breakout,watchlist,40.78,62.38,50.5,5.0,40.78,62.38,55.5,31.53,14.23,1226313342.88,"Stage 2, Early Stage 2, weekly_vcp_ok, weekly_volume_dryup, weekly_strong",101,125,Stage 2,watchlist,weekly_breakout,52.69,24,2.8100000000000023,False,False,False,False,False
HDFCLIFE.NS,HDFC Life Insurance Company Limited,Financial Services,Unknown,True,F&O,1,Stage 4,Stage 4,Stage 4 - Confirmed Downtrend,Stage 4 - Confirmed Downtrend,Stage 4 • Stage 4 - Confirmed Downtrend,0.86,Price is below a bearish moving-average stack with falling trend signals.,,,,,watchlist,weekly_watchlist,watchlist,11.35,35.8,22.35,2.0,11.35,35.8,24.35,-4.41,-17.47,2048715511.47,"Stage 4, Stage 4 - Confirmed Downtrend, weekly_vcp_ok, weekly_volume_dryup, weekly_strong, downtrend",503,527,Stage 4,watchlist,weekly_watchlist,23.72,24,0.6300000000000026,False,False,False,False,False
IRCTC.NS,Indian Railway Catering And Tourism Corporation Ltd.,Consumer Services,Unknown,False,Cash,1,Stage 4,Stage 4,Stage 4 - Confirmed Downtrend,Stage 4 - Confirmed Downtrend,Stage 4 • Stage 4 - Confirmed Downtrend,0.86,Price is below a bearish moving-average stack with falling trend signals.,,,,,watchlist,weekly_watchlist,watchlist,15.61,35.8,24.7,0.0,15.61,35.8,24.7,-9.89,-14.9,409482206.58,"Stage 4, Stage 4 - Confirmed Downtrend, weekly_vcp_ok, weekly_volume_dryup, weekly_strong, downtrend",493,517,Stage 4,watchlist,weekly_watchlist,24.08,24,0.620000000000001,False,False,False,False,False
EMAMILTD.NS,Emami Limited,Fast Moving Consumer Goods,Unknown,False,Cash,1,Stage 4,Stage 4,Stage 4 - Weak/Declining,Stage 4 - Weak/Declining,Stage 4 • Stage 4 - Weak/Declining,0.72,Price is below long-term support with weak trend evidence.,,,,,watchlist,weekly_watchlist,watchlist,15.31,35.8,24.53,0.0,15.31,35.8,24.53,-8.37,-12.27,249926385.13,"Stage 4, Stage 4 - Weak/Declining, weekly_vcp_ok, weekly_strong, downtrend",498,522,Stage 4,watchlist,weekly_watchlist,23.92,24,0.6099999999999994,False,False,False,False,False
DIXON.NS,Dixon Technologies (India) Limited,Consumer Durables,Unknown,True,F&O,1,Stage 2,Stage 2,Early Stage 2,Early Stage 2,Stage 2 • Early Stage 2,0.72,"Price has moved above long-term structure, but the full moving-average stack is not clean yet.",Stage 2 confirmed with 3 raw confirmation runs.,,2026-07-27,,watchlist,weekly_breakout,watchlist,44.17,64.37,53.26,5.0,44.17,64.37,58.26,24.55,41.18,8832371983.95,"Stage 2, Early Stage 2, weekly_vcp_ok, weekly_volume_dryup, weekly_strong",83,105,Not Sure,watchlist,weekly_breakout,55.04,22,3.219999999999999,False,False,True,False,False
SAREGAMA.NS,Saregama India Limited,"Media, Entertainment & Publication",Unknown,False,Cash,1,Stage 2,Stage 2,Early Stage 2,Early Stage 2,Stage 2 • Early Stage 2,0.72,"Price has moved above long-term structure, but the full moving-average stack is not clean yet.",,,2026-07-27,,watchlist,weekly_breakout,watchlist,44.21,66.9,54.42,0.0,44.21,66.9,54.42,52.51,67.14,312944871.49,"Stage 2, Early Stage 2, weekly_vcp_ok, volume_dryup, weekly_volume_dryup, weekly_strong",110,132,Stage 2,watchlist,weekly_breakout,51.97,22,2.450000000000003,False,False,False,False,False
ACC.NS,ACC Limited,Construction Materials,Unknown,False,Cash,1,Stage 4,Stage 4,Stage 4 - Weak/Declining,Stage 4 - Weak/Declining,Stage 4 • Stage 4 - Weak/Declining,0.72,Price is below long-term support with weak trend evidence.,,,,,watchlist,weekly_watchlist,watchlist,11.3,35.8,22.32,0.0,11.3,35.8,22.32,-5.06,-15.39,227891436.2,"Stage 4, Stage 4 - Weak/Declining, weekly_vcp_ok, weekly_strong, downtrend",538,560,Stage 4,watchlist,weekly_watchlist,21.22,22,1.1000000000000014,False,False,False,False,False
KOLTEPATIL.NS,Kolte - Patil Developers Limited,Realty,Unknown,False,Cash,1,Not Sure,Not Sure,Not Sure,Not Sure,Not Sure,0.0,Stage rules did not identify a reliable structure.,No confident stage classification.,,2025-11-03,,watchlist,weekly_watchlist,watchlist,17.41,41.93,28.44,2.0,17.41,41.93,30.44,2.87,15.38,30961022.3,"Not Sure, Not Sure, weekly_vcp_ok",371,393,Not Sure,watchlist,weekly_watchlist,29.49,22,0.9500000000000028,False,False,False,False,False
ANURAS.NS,Anupam Rasayan India Limited,Chemicals,Unknown,False,Cash,1,Stage 1,Stage 1,Stage 1 - Base/Repair,Stage 1 - Base/Repair,Stage 1 • Stage 1 - Base/Repair,0.7,Price is near long-term moving averages with no strong long-term downtrend signal.,,,2026-06-05,,watchlist,weekly_watchlist,watchlist,2.63,41.8,20.26,5.0,2.63,41.8,25.26,-9.29,3.7,531388839.88,"Stage 1, Stage 1 - Base/Repair, weekly_vcp_ok, volume_dryup, weekly_volume_dryup, weekly_strong, stage1_not_actionable, stage1_needs_more_base",481,503,Stage 1,watchlist,weekly_watchlist,24.51,22,0.75,False,False,False,False,False
WHIRLPOOL.NS,Whirlpool of India Limited,Consumer Durables,Unknown,False,Cash,1,Stage 4,Stage 4,Stage 4 - Confirmed Downtrend,Stage 4 - Confirmed Downtrend,Stage 4 • Stage 4 - Confirmed Downtrend,0.86,Price is below a bearish moving-average stack with falling trend signals.,,,2025-11-07,,watchlist,weekly_watchlist,watchlist,0.0,5.2,2.34,5.0,0.0,5.2,7.34,-20.78,3.75,223249564.87,"Stage 4, Stage 4 - Confirmed Downtrend, downtrend",702,723,Stage 4,watchlist,weekly_watchlist,4.34,21,3.0,False,False,False,False,False
ONESOURCE.NS,Onesource Specialty Pharma Ltd.,Healthcare,Unknown,False,Cash,1,Stage 2,Stage 2,Stage 2,Stage 2,Stage 2,0.76,Advancing structure detected.,Stage 2 confirmed with 3 raw confirmation runs.,,2026-07-27,,watchlist,weekly_forming,watchlist,50.35,63.27,56.16,10.0,50.35,63.27,66.16,-0.35,55.04,564443694.24,"Stage 2, Stage 2, weekly_vcp_ok, weekly_strong",24,45,Not Sure,watchlist,weekly_forming,63.68,21,2.479999999999997,False,False,True,False,False
CAPLIPOINT.NS,Caplin Point Laboratories Limited,Healthcare,Unknown,False,Cash,1,Stage 2,Stage 2,Clean Stage 2,Clean Stage 2,Stage 2 • Clean Stage 2,0.9,"Price is above rising key averages, weekly structure is supportive, and the stock is near its 52-week high.",,,2026-07-27,,watchlist,weekly_watchlist,watchlist,44.47,37.6,41.38,10.0,44.47,37.6,51.38,51.79,55.18,305993107.35,"Stage 2, Clean Stage 2, trend_template_ok, volume_dryup",130,151,Stage 2,watchlist,weekly_watchlist,49.69,21,1.6900000000000048,False,False,False,False,False
PILANIINVS.NS,Pilani Investment and Industries Corporation Limited,Financial Services,Unknown,False,Cash,1,Stage 4,Stage 4,Stage 4 - Confirmed Downtrend,Stage 4 - Confirmed Downtrend,Stage 4 • Stage 4 - Confirmed Downtrend,0.86,Price is below a bearish moving-average stack with falling trend signals.,,,2025-11-17,,watchlist,weekly_watchlist,watchlist,12.6,38.0,24.03,2.0,12.6,38.0,26.03,-9.89,-2.5,6001036.63,"Stage 4, Stage 4 - Confirmed Downtrend, weekly_vcp_ok, volume_dryup, weekly_volume_dryup, weekly_strong, downtrend",466,487,Stage 4,watchlist,weekly_watchlist,25.21,21,0.8200000000000003,False,False,False,False,False
CROMPTON.NS,Crompton Greaves Consumer Electricals Limited,Consumer Durables,Unknown,True,F&O,1,Stage 4,Stage 4,Stage 4 - Weak/Declining,Stage 4 - Weak/Declining,Stage 4 • Stage 4 - Weak/Declining,0.72,Price is below long-term support with weak trend evidence.,,,,,watchlist,weekly_watchlist,watchlist,0.0,0.0,0.0,5.0,0.0,0.0,5.0,-8.03,17.36,666880805.82,"Stage 4, Stage 4 - Weak/Declining, downtrend",717,737,Stage 4,watchlist,weekly_watchlist,2.0,20,3.0,False,False,False,False,False
PFIZER.NS,Pfizer Limited,Healthcare,Unknown,False,Cash,1,Stage 4,Stage 4,Stage 4 - Weak/Declining,Stage 4 - Weak/Declining,Stage 4 • Stage 4 - Weak/Declining,0.72,Price is below long-term support with weak trend evidence.,,,2025-10-31,,watchlist,weekly_watchlist,watchlist,16.01,33.19,23.74,10.0,16.01,33.19,33.74,1.67,8.93,140320778.58,"Stage 4, Stage 4 - Weak/Declining, weekly_vcp_ok, weekly_strong, downtrend",319,339,Stage 4,watchlist,weekly_watchlist,32.22,20,1.5200000000000031,False,False,False,False,False
CYIENT.NS,Cyient Limited,Information Technology,Unknown,False,Cash,1,Stage 4,Stage 4,Stage 4 - Confirmed Downtrend,Stage 4 - Confirmed Downtrend,Stage 4 • Stage 4 - Confirmed Downtrend,0.86,Price is below a bearish moving-average stack with falling trend signals.,,,,,watchlist,weekly_watchlist,watchlist,12.66,35.8,23.07,0.0,12.66,35.8,23.07,-3.83,-19.85,400551149.3,"Stage 4, Stage 4 - Confirmed Downtrend, weekly_vcp_ok, weekly_strong, downtrend",526,546,Stage 4,watchlist,weekly_watchlist,21.96,20,1.1099999999999994,False,False,False,False,False
ULTRACEMCO.NS,UltraTech Cement Limited,Construction Materials,Unknown,True,F&O,1,Stage 1,Stage 1,Stage 1 - Early Turn,Stage 1 - Early Turn,Stage 1 • Stage 1 - Early Turn,0.66,The stock is improving from a repair/base area but has not confirmed a clean Stage 2 yet.,,,2026-03-05,,watchlist,weekly_watchlist,watchlist,28.58,45.09,36.01,0.0,28.58,45.09,36.01,3.24,-0.37,3256991730.8,"Stage 1, Stage 1 - Early Turn, stage1_base_ready, weekly_vcp_ok, weekly_strong, stage1_not_actionable",288,308,Stage 1,watchlist,weekly_watchlist,35.01,20,1.0,False,False,False,False,False
TTML.NS,Tata Teleservices (Maharashtra) Limited,Telecommunication,Unknown,False,Cash,1,Stage 4,Stage 4,Stage 4 - Confirmed Downtrend,Stage 4 - Confirmed Downtrend,Stage 4 • Stage 4 - Confirmed Downtrend,0.86,Price is below a bearish moving-average stack with falling trend signals.,,,,,watchlist,weekly_watchlist,watchlist,18.33,35.8,26.19,10.0,18.33,35.8,36.19,-9.16,-3.43,89487103.01,"Stage 4, Stage 4 - Confirmed Downtrend, weekly_vcp_ok, volume_dryup, weekly_strong, downtrend",281,301,Stage 4,watchlist,weekly_watchlist,35.77,20,0.4199999999999946,False,False,False,False,False
AMBER.NS,Amber Enterprises India Limited,Consumer Durables,Unknown,True,F&O,1,Stage 2 Failed,Stage 4,Failed Stage 2,Failed Stage 2,Stage 2 Failed • Failed Stage 2,0.72,"This stock was recently Stage 2, but the latest structure no longer satisfies Stage 2 rules. It is kept as Stage 2 Failed until a fresh base/repair structure forms.",Recent Stage 2 break; public stage held as Stage 2 Failed.,2026-07-28,2026-07-20,,watchlist,weekly_watchlist,watchlist,0.0,0.0,0.0,5.0,0.0,0.0,5.0,-10.11,35.49,1980019529.03,"Stage 4, Stage 4 - Weak/Declining, volume_dryup, weekly_volume_dryup, downtrend | Stage 2 failed state applied from stage memory.",716,735,Stage 2 Failed,watchlist,weekly_watchlist,2.0,19,3.0,False,False,False,False,False
THANGAMAYL.NS,Thangamayil Jewellery Limited,Consumer Durables,Unknown,False,Cash,1,Stage 2,Stage 2,Extended Stage 2,Extended Stage 2,Stage 2 • Extended Stage 2,0.78,"Advancing structure remains intact, but price is stretched versus key moving averages or far above the 52-week low.",,,2026-07-27,,watchlist,weekly_watchlist,watchlist,60.08,32.8,47.8,5.0,60.08,32.8,52.8,81.76,115.24,1720694397.47,"Stage 2, Extended Stage 2, trend_template_ok, volume_dryup",124,143,Stage 2,watchlist,weekly_watchlist,50.36,19,2.4399999999999977,False,False,False,False,False
MAPMYINDIA.NS,C.E. Info Systems Limited,Information Technology,Unknown,False,Cash,1,Stage 1,Stage 1,Stage 1 - Early Turn,Stage 1 - Early Turn,Stage 1 • Stage 1 - Early Turn,0.66,The stock is improving from a repair/base area but has not confirmed a clean Stage 2 yet.,,,,,watchlist,weekly_watchlist,watchlist,18.26,51.33,33.14,0.0,18.26,51.33,33.14,23.58,-8.31,1382123806.96,"Stage 1, Stage 1 - Early Turn, weekly_vcp_ok, volume_dryup, weekly_volume_dryup, weekly_strong, stage1_not_actionable, stage1_needs_more_base",324,343,Stage 1,watchlist,weekly_watchlist,32.01,19,1.1300000000000026,False,False,False,False,False
VBL.NS,Varun Beverages Limited,Fast Moving Consumer Goods,Unknown,True,F&O,1,Stage 2 Failed,Stage 1,Failed Stage 2,Failed Stage 2,Stage 2 Failed • Failed Stage 2,0.72,"This stock was recently Stage 2, but the latest structure no longer satisfies Stage 2 rules. It is kept as Stage 2 Failed until a fresh base/repair structure forms.",Recent Stage 2 break; public stage held as Stage 2 Failed.,2026-07-28,2026-07-10,,watchlist,weekly_watchlist,watchlist,17.7,10.0,14.24,0.0,17.7,10.0,14.24,-16.25,-3.97,3576331882.86,"Stage 1, Stage 1 - Unclear/Repair, stage1_not_actionable, stage1_needs_more_base | Stage 2 failed state applied from stage memory.",640,658,Stage 2 Failed,watchlist,weekly_watchlist,12.44,18,1.8000000000000007,False,False,False,False,False
SUNTV.NS,Sun TV Network Limited,"Media, Entertainment & Publication",Unknown,False,Cash,1,Stage 4,Stage 4,Stage 4 - Weak/Declining,Stage 4 - Weak/Declining,Stage 4 • Stage 4 - Weak/Declining,0.72,Price is below long-term support with weak trend evidence.,,,2026-05-08,,watchlist,weekly_watchlist,watchlist,6.95,0.8,4.18,0.0,6.95,0.8,4.18,-18.97,-2.21,105397715.02,"Stage 4, Stage 4 - Weak/Declining, volume_dryup, weekly_volume_dryup, downtrend",725,742,Stage 4,watchlist,weekly_watchlist,1.46,17,2.7199999999999998,False,False,False,False,False
GODREJPROP.NS,Godrej Properties Limited,Realty,Unknown,True,F&O,1,Stage 2,Stage 2,Early Stage 2,Early Stage 2,Stage 2 • Early Stage 2,0.72,"Price has moved above long-term structure, but the full moving-average stack is not clean yet.",,,2026-07-27,,watchlist,weekly_breakout,watchlist,58.99,65.21,61.79,2.0,58.99,65.21,63.79,17.03,46.1,1795617333.36,"Stage 2, Early Stage 2, weekly_vcp_ok, weekly_strong",38,55,Stage 2,watchlist,weekly_breakout,62.25,17,1.5399999999999991,False,False,False,False,False
DMART.NS,Avenue Supermarts Limited,Consumer Services,Unknown,True,F&O,1,Stage 4,Stage 4,Stage 4 - Weak/Declining,Stage 4 - Weak/Declining,Stage 4 • Stage 4 - Weak/Declining,0.72,Price is below long-term support with weak trend evidence.,,,2025-10-23,,watchlist,weekly_watchlist,watchlist,19.57,0.0,10.76,0.0,19.57,0.0,10.76,-16.08,9.45,3128016570.66,"Stage 4, Stage 4 - Weak/Declining, downtrend",671,688,Stage 4,watchlist,weekly_watchlist,9.5,17,1.2599999999999998,False,False,False,False,False
GLAXO.NS,GlaxoSmithKline Pharmaceuticals Limited,Healthcare,Unknown,False,Cash,1,Stage 2,Stage 2,Early Stage 2,Early Stage 2,Stage 2 • Early Stage 2,0.72,"Price has moved above long-term structure, but the full moving-average stack is not clean yet.",Stage 2 confirmed with 3 raw confirmation runs.,,2026-07-27,,watchlist,weekly_breakout,watchlist,22.23,61.36,39.84,10.0,22.23,61.36,49.84,15.59,19.99,179661532.19,"Stage 2, Early Stage 2, weekly_vcp_ok, volume_dryup, weekly_volume_dryup, weekly_strong",140,157,Not Sure,watchlist,weekly_breakout,48.93,17,0.9100000000000037,False,False,True,False,False
NETWEB.NS,Netweb Technologies India Limited,Information Technology,Unknown,False,Cash,1,Stage 2,Stage 2,Early Stage 2,Early Stage 2,Stage 2 • Early Stage 2,0.72,"Price has moved above long-term structure, but the full moving-average stack is not clean yet.",,,2026-07-27,,watchlist,weekly_forming,watchlist,23.4,63.57,41.48,0.0,23.4,63.57,41.48,8.18,49.55,3480099841.92,"Stage 2, Early Stage 2, weekly_vcp_ok, volume_dryup, weekly_volume_dryup, weekly_strong",216,233,Stage 2,watchlist,weekly_forming,40.73,17,0.75,False,False,False,False,False
PRAJIND.NS,Praj Industries Limited,Capital Goods,Unknown,False,Cash,1,Stage 4,Stage 4,Stage 4 - Weak/Declining,Stage 4 - Weak/Declining,Stage 4 • Stage 4 - Weak/Declining,0.72,Price is below long-term support with weak trend evidence.,,,,,watchlist,weekly_watchlist,watchlist,4.36,0.0,2.4,5.0,4.36,0.0,7.4,-25.89,14.18,228261220.44,"Stage 4, Stage 4 - Weak/Declining, volume_dryup, downtrend",701,717,Stage 4,watchlist,weekly_watchlist,5.17,16,2.2300000000000004,False,False,False,False,False
HAPPSTMNDS.NS,Happiest Minds Technologies Limited,Information Technology,Unknown,False,Cash,1,Stage 4,Stage 4,Stage 4 - Weak/Declining,Stage 4 - Weak/Declining,Stage 4 • Stage 4 - Weak/Declining,0.72,Price is below long-term support with weak trend evidence.,,,,,watchlist,weekly_watchlist,watchlist,14.1,3.2,9.2,0.0,14.1,3.2,9.2,3.8,0.19,700518169.87,"Stage 4, Stage 4 - Weak/Declining, downtrend",690,706,Stage 4,watchlist,weekly_watchlist,7.07,16,2.129999999999999,False,False,False,False,False
TATAPOWER.NS,Tata Power Company Limited,Power,Unknown,True,F&O,1,Stage 4,Stage 4,Stage 4 - Weak/Declining,Stage 4 - Weak/Declining,Stage 4 • Stage 4 - Weak/Declining,0.72,Price is below long-term support with weak trend evidence.,,,2026-06-05,,watchlist,weekly_watchlist,watchlist,19.91,35.8,27.06,2.0,19.91,35.8,29.06,-15.91,12.11,1682837182.38,"Stage 4, Stage 4 - Weak/Declining, weekly_vcp_ok, volume_dryup, weekly_volume_dryup, weekly_strong, downtrend",405,421,Stage 4,watchlist,weekly_watchlist,27.56,16,1.5,False,False,False,False,False
DBREALTY.NS,D B Realty Limited,Realty,Unknown,False,Cash,1,Stage 4,Stage 4,Stage 4 - Weak/Declining,Stage 4 - Weak/Declining,Stage 4 • Stage 4 - Weak/Declining,0.72,Price is below long-term support with weak trend evidence.,,,,,watchlist,weekly_watchlist,watchlist,10.52,38.75,23.22,2.0,10.52,38.75,25.22,9.23,20.23,46909240.83,"Stage 4, Stage 4 - Weak/Declining, weekly_vcp_ok, volume_dryup, weekly_volume_dryup, weekly_strong, downtrend",483,499,Stage 4,watchlist,weekly_watchlist,24.71,16,0.509999999999998,False,False,False,False,False
EXIDEIND.NS,Exide Industries Limited,Automobile and Auto Components,Unknown,True,F&O,1,Stage 2,Stage 2,Early Stage 2,Early Stage 2,Stage 2 • Early Stage 2,0.72,"Price has moved above long-term structure, but the full moving-average stack is not clean yet.",,,2026-07-27,,watchlist,weekly_watchlist,watchlist,62.53,31.43,48.53,5.0,62.53,31.43,53.53,18.04,36.27,2447278783.12,"Stage 2, Early Stage 2",118,133,Stage 2,watchlist,weekly_watchlist,51.84,15,1.6899999999999977,False,False,False,False,False
TASTYBITE.NS,Tasty Bite Eatables Limited,Fast Moving Consumer Goods,Unknown,False,Cash,1,Stage 2,Stage 2,Early Stage 2,Early Stage 2,Stage 2 • Early Stage 2,0.72,"Price has moved above long-term structure, but the full moving-average stack is not clean yet.",,,2026-07-27,,watchlist,weekly_watchlist,watchlist,44.94,38.63,42.1,0.0,44.94,38.63,42.1,29.01,37.34,61114269.02,"Stage 2, Early Stage 2, daily_vcp_ok, volume_dryup, weekly_volume_dryup",212,227,Stage 2,watchlist,weekly_watchlist,41.26,15,0.8400000000000034,False,False,False,False,False
HFCL.NS,HFCL Limited,Telecommunication,Unknown,False,Cash,1,Stage 2,Stage 2,Extended Stage 2,Extended Stage 2,Stage 2 • Extended Stage 2,0.78,"Advancing structure remains intact, but price is stretched versus key moving averages or far above the 52-week low.",,,2026-07-27,,watchlist,weekly_watchlist,watchlist,23.26,24.8,23.95,10.0,23.26,24.8,33.95,62.41,213.75,5158809792.72,"Stage 2, Extended Stage 2, volume_dryup",315,330,Stage 2,watchlist,weekly_watchlist,33.15,15,0.8000000000000043,False,False,False,False,False
ECLERX.NS,eClerx Services Limited,Services,Unknown,False,Cash,1,Stage 1,Stage 1,Stage 1 - Early Turn,Stage 1 - Early Turn,Stage 1 • Stage 1 - Early Turn,0.66,The stock is improving from a repair/base area but has not confirmed a clean Stage 2 yet.,,,2026-02-05,,watchlist,weekly_watchlist,watchlist,16.06,44.16,28.7,2.0,16.06,44.16,30.7,32.84,-9.27,1157823038.86,"Stage 1, Stage 1 - Early Turn, weekly_vcp_ok, weekly_volume_dryup, weekly_strong, stage1_not_actionable, stage1_needs_more_base",367,382,Stage 1,watchlist,weekly_watchlist,29.98,15,0.7199999999999989,False,False,False,False,False
TCI.NS,Transport Corporation of India Limited,Services,Unknown,False,Cash,1,Stage 4,Stage 4,Stage 4 - Weak/Declining,Stage 4 - Weak/Declining,Stage 4 • Stage 4 - Weak/Declining,0.72,Price is below long-term support with weak trend evidence.,,,2025-11-04,,watchlist,weekly_watchlist,watchlist,9.5,43.83,24.95,2.0,9.5,43.83,26.95,-0.49,0.84,31520739.24,"Stage 4, Stage 4 - Weak/Declining, weekly_vcp_ok, weekly_volume_dryup, weekly_strong, downtrend",439,454,Stage 4,watchlist,weekly_watchlist,26.33,15,0.620000000000001,False,False,False,False,False
EIHOTEL.NS,EIH Limited,Consumer Services,Unknown,False,Cash,1,Stage 1,Stage 1,Stage 1 - Early Turn,Stage 1 - Early Turn,Stage 1 • Stage 1 - Early Turn,0.66,The stock is improving from a repair/base area but has not confirmed a clean Stage 2 yet.,,,2025-11-07,,watchlist,weekly_watchlist,watchlist,20.32,51.01,34.13,0.0,20.32,51.01,34.13,2.1,10.03,85625542.43,"Stage 1, Stage 1 - Early Turn, weekly_vcp_ok, volume_dryup, weekly_volume_dryup, weekly_strong, stage1_not_actionable, stage1_needs_more_base",311,326,Stage 1,watchlist,weekly_watchlist,33.67,15,0.46000000000000085,False,False,False,False,False
SARDAEN.NS,Sarda Energy & Minerals Limited,Metals & Mining,Unknown,False,Cash,1,Stage 4,Stage 4,Stage 4 - Weak/Declining,Stage 4 - Weak/Declining,Stage 4 • Stage 4 - Weak/Declining,0.72,Price is below long-term support with weak trend evidence.,,,2026-03-12,,watchlist,weekly_watchlist,watchlist,21.31,2.0,12.62,0.0,21.31,2.0,12.62,-13.71,11.62,123914078.6,"Stage 4, Stage 4 - Weak/Declining, volume_dryup, weekly_volume_dryup, downtrend",658,672,Stage 4,watchlist,weekly_watchlist,10.5,14,2.119999999999999,False,False,False,False,False
HCLTECH.NS,HCL Technologies Limited,Information Technology,Unknown,True,F&O,1,Stage 4,Stage 4,Stage 4 - Weak/Declining,Stage 4 - Weak/Declining,Stage 4 • Stage 4 - Weak/Declining,0.72,Price is below long-term support with weak trend evidence.,,,2026-02-05,,watchlist,weekly_watchlist,watchlist,15.97,36.9,25.39,0.0,15.97,36.9,25.39,11.13,-16.42,5588243349.16,"Stage 4, Stage 4 - Weak/Declining, weekly_vcp_ok, weekly_volume_dryup, weekly_strong, downtrend",479,493,Stage 4,watchlist,weekly_watchlist,24.91,14,0.4800000000000004,False,False,False,False,False
PAYTM.NS,One 97 Communications Limited,Financial Services,Unknown,True,F&O,1,Stage 2,Stage 2,Early Stage 2,Early Stage 2,Stage 2 • Early Stage 2,0.72,"Price has moved above long-term structure, but the full moving-average stack is not clean yet.",,,2026-07-27,,watchlist,weekly_breakout,watchlist,23.94,61.63,40.9,2.0,23.94,61.63,42.9,19.4,18.91,4699912193.37,"Stage 2, Early Stage 2, weekly_vcp_ok, weekly_strong",202,216,Stage 2,watchlist,weekly_breakout,42.68,14,0.21999999999999886,False,False,False,False,False
ZFCVINDIA.NS,ZF Commercial Vehicle Control Systems India Limited,Automobile and Auto Components,Unknown,False,Cash,1,Stage 1,Stage 1,Stage 1 - Base/Repair,Stage 1 - Base/Repair,Stage 1 • Stage 1 - Base/Repair,0.7,Price is near long-term moving averages with no strong long-term downtrend signal.,,,2026-07-01,,watchlist,weekly_watchlist,watchlist,0.0,42.17,18.98,5.0,0.0,42.17,23.98,-2.77,6.42,463704129.23,"Stage 1, Stage 1 - Base/Repair, weekly_vcp_ok, weekly_strong, stage1_not_actionable, stage1_needs_more_base",510,524,Stage 1,watchlist,weekly_watchlist,23.89,14,0.08999999999999986,False,False,False,False,False
JLHL.NS,Jupiter Life Line Hospitals Limited,Healthcare,Unknown,False,Cash,1,Stage 2,Stage 2,Early Stage 2,Early Stage 2,Stage 2 • Early Stage 2,0.72,"Price has moved above long-term structure, but the full moving-average stack is not clean yet.",,,2026-07-27,,watchlist,weekly_breakout,watchlist,50.65,64.09,56.7,10.0,50.65,64.09,66.7,34.05,28.87,50553424.05,"Stage 2, Early Stage 2, weekly_vcp_ok, weekly_strong",23,36,Stage 2,watchlist,weekly_breakout,64.74,13,1.960000000000008,False,False,False,False,False
NEOGEN.NS,Neogen Chemicals Limited,Chemicals,Unknown,False,Cash,1,Stage 2,Stage 2,Stage 2,Stage 2,Stage 2,0.76,Advancing structure detected.,,,2026-07-27,,watchlist,weekly_breakout,watchlist,44.33,65.8,53.99,5.0,44.33,65.8,58.99,23.66,86.46,288811365.79,"Stage 2, Stage 2, trend_template_ok, weekly_vcp_ok, weekly_strong",76,89,Stage 2,watchlist,weekly_breakout,57.77,13,1.2199999999999989,False,False,False,False,False
GUJALKALI.NS,Gujarat Alkalies and Chemicals Limited,Chemicals,Unknown,False,Cash,1,Stage 2,Stage 2,Stage 2,Stage 2,Stage 2,0.76,Advancing structure detected.,,,2026-07-27,,watchlist,weekly_watchlist,watchlist,30.76,30.94,30.84,5.0,30.76,30.94,35.84,-12.57,61.99,78112374.42,"Stage 2, Stage 2",294,307,Stage 2,watchlist,weekly_watchlist,35.11,13,0.730000000000004,False,False,False,False,False
TATACOMM.NS,Tata Communications Limited,Telecommunication,Unknown,False,Cash,1,Stage 2,Stage 2,Early Stage 2,Early Stage 2,Stage 2 • Early Stage 2,0.72,"Price has moved above long-term structure, but the full moving-average stack is not clean yet.",,,2026-07-27,,watchlist,weekly_watchlist,watchlist,20.89,29.18,24.62,10.0,20.89,29.18,34.62,12.7,19.08,709874033.98,"Stage 2, Early Stage 2, volume_dryup, weekly_volume_dryup",307,320,Stage 2,watchlist,weekly_watchlist,34.0,13,0.6199999999999974,False,False,False,False,False
MAHABANK.NS,Bank of Maharashtra,Financial Services,Unknown,False,Cash,1,Stage 2,Stage 2,Early Stage 2,Early Stage 2,Stage 2 • Early Stage 2,0.72,"Price has moved above long-term structure, but the full moving-average stack is not clean yet.",,,2026-07-27,,watchlist,weekly_watchlist,watchlist,43.54,17.78,31.95,2.0,43.54,17.78,33.95,3.94,29.89,1475411118.33,"Stage 2, Early Stage 2, daily_vcp_ok, volume_dryup, weekly_volume_dryup",314,327,Stage 2,watchlist,weekly_watchlist,33.63,13,0.3200000000000003,False,False,False,False,False
AARTIPHARM.NS,Aarti Pharmalabs Limited,Healthcare,Unknown,False,Cash,1,Stage 4,Stage 4,Stage 4 - Confirmed Downtrend,Stage 4 - Confirmed Downtrend,Stage 4 • Stage 4 - Confirmed Downtrend,0.86,Price is below a bearish moving-average stack with falling trend signals.,,,2025-11-07,,watchlist,weekly_watchlist,watchlist,18.08,35.8,26.05,10.0,18.08,35.8,36.05,-8.68,-7.01,104704222.68,"Stage 4, Stage 4 - Confirmed Downtrend, weekly_vcp_ok, volume_dryup, weekly_volume_dryup, weekly_strong, downtrend",285,298,Stage 4,watchlist,weekly_watchlist,35.8,13,0.25,False,False,False,False,False
BHARATRAS.NS,Bharat Rasayan Limited,Chemicals,Unknown,False,Cash,1,Stage 4,Stage 4,Stage 4 - Confirmed Downtrend,Stage 4 - Confirmed Downtrend,Stage 4 • Stage 4 - Confirmed Downtrend,0.86,Price is below a bearish moving-average stack with falling trend signals.,,,2025-12-12,,watchlist,weekly_watchlist,watchlist,5.42,35.8,19.09,5.0,5.42,35.8,24.09,-7.83,-13.82,9656156.29,"Stage 4, Stage 4 - Confirmed Downtrend, weekly_vcp_ok, volume_dryup, weekly_volume_dryup, weekly_strong, downtrend",506,519,Stage 4,watchlist,weekly_watchlist,24.06,13,0.030000000000001137,False,False,False,False,False
ANANDRATHI.NS,Anand Rathi Wealth Limited,Financial Services,Unknown,False,Cash,1,Stage 2,Stage 2,Clean Stage 2,Clean Stage 2,Stage 2 • Clean Stage 2,0.9,"Price is above rising key averages, weekly structure is supportive, and the stock is near its 52-week high.",,,2026-07-27,,watchlist,weekly_watchlist,watchlist,46.14,35.49,41.35,2.0,46.14,35.49,43.35,13.43,45.45,770458305.0,"Stage 2, Clean Stage 2, trend_template_ok, volume_dryup, weekly_volume_dryup",196,209,Stage 2,watchlist,weekly_watchlist,43.35,13,0.0,False,False,False,False,False
ALKEM.NS,Alkem Laboratories Limited,Healthcare,Unknown,True,F&O,1,Stage 2,Stage 2,Early Stage 2,Early Stage 2,Stage 2 • Early Stage 2,0.72,"Price has moved above long-term structure, but the full moving-average stack is not clean yet.",,,2026-07-27,,watchlist,weekly_near_pivot,watchlist,45.91,66.64,55.24,10.0,45.91,66.64,65.24,4.7,3.67,845795236.77,"Stage 2, Early Stage 2, weekly_vcp_ok, volume_dryup, weekly_volume_dryup, weekly_strong",30,42,Stage 2,watchlist,weekly_near_pivot,63.96,12,1.279999999999994,False,False,False,False,False
CRAFTSMAN.NS,Craftsman Automation Limited,Automobile and Auto Components,Unknown,False,Cash,1,Stage 2,Stage 2,Clean Stage 2,Clean Stage 2,Stage 2 • Clean Stage 2,0.9,"Price is above rising key averages, weekly structure is supportive, and the stock is near its 52-week high.",,,2026-07-27,,watchlist,weekly_watchlist,watchlist,49.31,36.29,43.45,5.0,49.31,36.29,48.45,21.03,33.87,376704297.58,"Stage 2, Clean Stage 2, trend_template_ok, volume_dryup, weekly_volume_dryup",156,168,Stage 2,watchlist,weekly_watchlist,47.65,12,0.8000000000000043,False,False,False,False,False
POLYCAB.NS,Polycab India Limited,Capital Goods,Unknown,True,F&O,1,Stage 2,Stage 2,Early Stage 2,Early Stage 2,Stage 2 • Early Stage 2,0.72,"Price has moved above long-term structure, but the full moving-average stack is not clean yet.",,,2026-07-27,,watchlist,weekly_watchlist,watchlist,25.51,23.32,24.52,5.0,25.51,23.32,29.52,13.04,40.11,3456573070.38,"Stage 2, Early Stage 2",393,405,Stage 2,watchlist,weekly_watchlist,28.75,12,0.7699999999999996,False,False,False,False,False
TVSHLTD.NS,TVS Holdings Limited,Automobile and Auto Components,Unknown,False,Cash,1,Stage 1,Stage 1,Stage 1 - Early Turn,Stage 1 - Early Turn,Stage 1 • Stage 1 - Early Turn,0.66,The stock is improving from a repair/base area but has not confirmed a clean Stage 2 yet.,,,2026-04-29,,watchlist,weekly_watchlist,watchlist,21.04,53.84,35.8,5.0,21.04,53.84,40.8,3.52,14.88,159482895.8,"Stage 1, Stage 1 - Early Turn, weekly_vcp_ok, weekly_strong, stage1_not_actionable, stage1_needs_more_base",226,238,Stage 1,watchlist,weekly_watchlist,40.38,12,0.4199999999999946,False,False,False,False,False
POONAWALLA.NS,Poonawalla Fincorp Limited,Financial Services,Unknown,False,Cash,1,Stage 2 Failed,Stage 1,Failed Stage 2,Failed Stage 2,Stage 2 Failed • Failed Stage 2,0.72,"This stock was recently Stage 2, but the latest structure no longer satisfies Stage 2 rules. It is kept as Stage 2 Failed until a fresh base/repair structure forms.",Recent Stage 2 break; public stage held as Stage 2 Failed.,2026-07-28,2026-07-24,,watchlist,weekly_watchlist,watchlist,23.09,39.26,30.37,2.0,23.09,39.26,32.37,11.7,19.85,732740952.89,"Stage 1, Stage 1 - Early Turn, weekly_vcp_ok, volume_dryup, weekly_volume_dryup, stage1_not_actionable, stage1_needs_more_base | Stage 2 failed state applied from stage memory.",330,342,Stage 2 Failed,watchlist,weekly_watchlist,32.02,12,0.3499999999999943,False,False,False,False,False
SENCO.NS,Senco Gold Limited,Consumer Durables,Unknown,False,Cash,1,Stage 2,Stage 2,Extended Stage 2,Extended Stage 2,Stage 2 • Extended Stage 2,0.78,"Advancing structure remains intact, but price is stretched versus key moving averages or far above the 52-week low.",,,2026-07-27,,watchlist,weekly_breakout,watchlist,45.29,65.25,54.27,5.0,45.29,65.25,59.27,33.75,40.78,1229017519.89,"Stage 2, Extended Stage 2, trend_template_ok, weekly_vcp_ok, weekly_strong",72,83,Stage 2,watchlist,weekly_breakout,58.18,11,1.0900000000000034,False,False,False,False,False
TI.NS,Tilaknagar Industries Limited,Fast Moving Consumer Goods,Unknown,False,Cash,1,Stage 4,Stage 4,Stage 4 - Weak/Declining,Stage 4 - Weak/Declining,Stage 4 • Stage 4 - Weak/Declining,0.72,Price is below long-term support with weak trend evidence.,,,2025-12-12,,watchlist,weekly_watchlist,watchlist,18.63,7.49,13.62,0.0,18.63,7.49,13.62,-4.27,15.12,161381967.06,"Stage 4, Stage 4 - Weak/Declining, volume_dryup, downtrend",645,656,Stage 4,watchlist,weekly_watchlist,12.71,11,0.9099999999999984,False,False,False,False,False
GRINDWELL.NS,Grindwell Norton Limited,Capital Goods,Unknown,False,Cash,1,Stage 2,Stage 2,Stage 2,Stage 2,Stage 2,0.76,Advancing structure detected.,,,2026-07-27,,watchlist,weekly_watchlist,watchlist,37.9,26.11,32.59,5.0,37.9,26.11,37.59,30.93,38.18,276720351.96,"Stage 2, Stage 2, trend_template_ok, weekly_volume_dryup",269,280,Stage 2,watchlist,weekly_watchlist,36.94,11,0.6500000000000057,False,False,False,False,False
KRBL.NS,KRBL Limited,Fast Moving Consumer Goods,Unknown,False,Cash,1,Stage 4,Stage 4,Stage 4 - Weak/Declining,Stage 4 - Weak/Declining,Stage 4 • Stage 4 - Weak/Declining,0.72,Price is below long-term support with weak trend evidence.,,,2026-01-02,,watchlist,weekly_watchlist,watchlist,19.62,36.32,27.14,0.0,19.62,36.32,27.14,-5.77,10.99,101117440.91,"Stage 4, Stage 4 - Weak/Declining, weekly_vcp_ok, volume_dryup, weekly_volume_dryup, weekly_strong, downtrend",436,447,Stage 4,watchlist,weekly_watchlist,26.51,11,0.629999999999999,False,False,False,False,False
GALAXYSURF.NS,Galaxy Surfactants Limited,Chemicals,Unknown,False,Cash,1,Stage 1,Stage 1,Stage 1 - Early Turn,Stage 1 - Early Turn,Stage 1 • Stage 1 - Early Turn,0.66,The stock is improving from a repair/base area but has not confirmed a clean Stage 2 yet.,,,,,watchlist,weekly_watchlist,watchlist,14.51,51.11,30.98,5.0,14.51,51.11,35.98,5.52,7.56,17897701.8,"Stage 1, Stage 1 - Early Turn, weekly_vcp_ok, volume_dryup, weekly_volume_dryup, weekly_strong, stage1_not_actionable, stage1_needs_more_base",289,300,Stage 1,watchlist,weekly_watchlist,35.79,11,0.18999999999999773,False,False,False,False,False
TIINDIA.NS,Tube Investments of India Limited,Automobile and Auto Components,Unknown,True,F&O,1,Stage 2 Failed,Not Sure,Failed Stage 2,Failed Stage 2,Stage 2 Failed • Failed Stage 2,0.72,"This stock was recently Stage 2, but the latest structure no longer satisfies Stage 2 rules. It is kept as Stage 2 Failed until a fresh base/repair structure forms.",Recent Stage 2 break; public stage held as Stage 2 Failed.,2026-07-28,2026-07-10,,watchlist,weekly_watchlist,watchlist,29.02,6.57,18.92,5.0,29.02,6.57,23.92,-4.12,33.82,649010951.32,"Not Sure, Not Sure, volume_dryup | Stage 2 failed state applied from stage memory.",515,526,Stage 2 Failed,watchlist,weekly_watchlist,23.75,11,0.1700000000000017,False,False,False,False,False
SANSERA.NS,Sansera Engineering Limited,Automobile and Auto Components,Unknown,False,Cash,1,Stage 2,Stage 2,Extended Stage 2,Extended Stage 2,Stage 2 • Extended Stage 2,0.78,"Advancing structure remains intact, but price is stretched versus key moving averages or far above the 52-week low.",,,2026-07-27,,watchlist,weekly_watchlist,watchlist,45.05,30.4,38.46,5.0,45.05,30.4,43.46,26.44,97.63,768405677.52,"Stage 2, Extended Stage 2, trend_template_ok, volume_dryup, weekly_volume_dryup",195,206,Stage 2,watchlist,weekly_watchlist,43.45,11,0.00999999999999801,False,False,False,False,False
IRB.NS,IRB Infrastructure Developers Limited,Construction,Unknown,False,Cash,1,Stage 4,Stage 4,Stage 4 - Confirmed Downtrend,Stage 4 - Confirmed Downtrend,Stage 4 • Stage 4 - Confirmed Downtrend,0.86,Price is below a bearish moving-average stack with falling trend signals.,,,,,watchlist,weekly_watchlist,watchlist,14.45,35.8,24.06,0.0,14.45,35.8,24.06,-9.45,2.96,192228574.82,"Stage 4, Stage 4 - Confirmed Downtrend, weekly_vcp_ok, volume_dryup, weekly_volume_dryup, weekly_strong, downtrend",507,518,Stage 4,watchlist,weekly_watchlist,24.06,11,0.0,False,False,False,False,False
NUVOCO.NS,Nuvoco Vistas Corporation Limited,Construction Materials,Unknown,False,Cash,1,Stage 1,Stage 1,Stage 1 - Early Turn,Stage 1 - Early Turn,Stage 1 • Stage 1 - Early Turn,0.66,The stock is improving from a repair/base area but has not confirmed a clean Stage 2 yet.,,,2025-10-17,,watchlist,weekly_watchlist,watchlist,0.0,53.34,24.0,0.0,0.0,53.34,24.0,18.16,6.27,1661624047.81,"Stage 1, Stage 1 - Early Turn, weekly_vcp_ok, weekly_volume_dryup, weekly_strong, stage1_not_actionable, stage1_needs_more_base",509,520,Stage 1,watchlist,weekly_watchlist,24.01,11,-0.010000000000001563,False,False,False,False,False
BHARATFORG.NS,Bharat Forge Limited,Capital Goods,Unknown,True,F&O,1,Stage 2,Stage 2,Clean Stage 2,Clean Stage 2,Stage 2 • Clean Stage 2,0.9,"Price is above rising key averages, weekly structure is supportive, and the stock is near its 52-week high.",,,2026-07-27,,forming_vcp,weekly_watchlist,watchlist,68.16,33.31,52.48,5.0,68.16,33.31,57.48,15.33,57.76,1687361480.05,"Stage 2, Clean Stage 2, trend_template_ok, daily_vcp_ok, volume_dryup, weekly_volume_dryup",88,98,Stage 2,watchlist,weekly_watchlist,56.26,10,1.2199999999999989,False,False,False,False,False
WOCKPHARMA.NS,Wockhardt Limited,Healthcare,Unknown,False,Cash,1,Stage 2,Stage 2,Early Stage 2,Early Stage 2,Stage 2 • Early Stage 2,0.72,"Price has moved above long-term structure, but the full moving-average stack is not clean yet.",,,2026-07-27,,watchlist,weekly_watchlist,watchlist,44.74,27.2,36.85,10.0,44.74,27.2,46.85,35.48,44.81,1134189750.86,"Stage 2, Early Stage 2, volume_dryup, weekly_volume_dryup",172,182,Stage 2,watchlist,weekly_watchlist,46.1,10,0.75,False,False,False,False,False
LT.NS,Larsen & Toubro Limited,Construction,Unknown,True,F&O,1,Stage 2 Failed,Stage 1,Failed Stage 2,Failed Stage 2,Stage 2 Failed • Failed Stage 2,0.72,"This stock was recently Stage 2, but the latest structure no longer satisfies Stage 2 rules. It is kept as Stage 2 Failed until a fresh base/repair structure forms.",Recent Stage 2 break; public stage held as Stage 2 Failed.,2026-07-28,2026-07-07,,watchlist,weekly_watchlist,watchlist,21.29,41.33,30.31,0.0,21.29,41.33,30.31,-3.56,6.81,7930277476.7,"Stage 1, Stage 1 - Base/Repair, weekly_vcp_ok, weekly_volume_dryup, weekly_strong, stage1_not_actionable, stage1_needs_more_base | Stage 2 failed state applied from stage memory.",374,384,Stage 2 Failed,watchlist,weekly_watchlist,29.92,10,0.389999999999997,False,False,False,False,False
VIJAYA.NS,Vijaya Diagnostic Centre Limited,Healthcare,Unknown,False,Cash,1,Stage 2,Stage 2,Clean Stage 2,Clean Stage 2,Stage 2 • Clean Stage 2,0.9,"Price is above rising key averages, weekly structure is supportive, and the stock is near its 52-week high.",,,2026-07-27,,watchlist,weekly_watchlist,watchlist,43.97,33.74,39.37,10.0,43.97,33.74,49.37,20.36,45.0,278774289.34,"Stage 2, Clean Stage 2, trend_template_ok, volume_dryup, weekly_volume_dryup",146,156,Stage 2,watchlist,weekly_watchlist,49.0,10,0.36999999999999744,False,False,False,False,False
THERMAX.NS,Thermax Limited,Capital Goods,Unknown,False,Cash,1,Stage 2,Stage 2,Early Stage 2,Early Stage 2,Stage 2 • Early Stage 2,0.72,"Price has moved above long-term structure, but the full moving-average stack is not clean yet.",,,2026-07-27,,watchlist,weekly_forming,watchlist,27.66,64.81,44.38,5.0,27.66,64.81,49.38,8.8,61.3,988340633.76,"Stage 2, Early Stage 2, weekly_vcp_ok, volume_dryup, weekly_volume_dryup, weekly_strong",145,155,Stage 2,watchlist,weekly_forming,49.02,10,0.35999999999999943,False,False,False,False,False
CHENNPETRO.NS,Chennai Petroleum Corporation Limited,"Oil, Gas & Consumable Fuels",Unknown,False,Cash,1,Stage 2,Stage 2,Clean Stage 2,Clean Stage 2,Stage 2 • Clean Stage 2,0.9,"Price is above rising key averages, weekly structure is supportive, and the stock is near its 52-week high.",,,2026-07-27,,watchlist,weekly_watchlist,watchlist,42.49,29.91,36.83,0.0,42.49,29.91,36.83,4.66,46.45,2256296776.5,"Stage 2, Clean Stage 2, trend_template_ok",276,286,Stage 2,watchlist,weekly_watchlist,36.5,10,0.3299999999999983,False,False,False,False,False
JAICORPLTD.NS,Jai Corp Limited,Capital Goods,Unknown,False,Cash,1,Stage 4,Stage 4,Stage 4 - Confirmed Downtrend,Stage 4 - Confirmed Downtrend,Stage 4 • Stage 4 - Confirmed Downtrend,0.86,Price is below a bearish moving-average stack with falling trend signals.,,,2025-11-04,,watchlist,weekly_watchlist,watchlist,5.24,36.9,19.49,5.0,5.24,36.9,24.49,-13.42,-3.57,36113212.75,"Stage 4, Stage 4 - Confirmed Downtrend, weekly_vcp_ok, volume_dryup, weekly_volume_dryup, weekly_strong, downtrend",500,510,Stage 4,watchlist,weekly_watchlist,24.28,10,0.2099999999999973,False,False,False,False,False
ABSLAMC.NS,Aditya Birla Sun Life AMC Limited,Financial Services,Unknown,False,Cash,1,Stage 2,Stage 2,Early Stage 2,Early Stage 2,Stage 2 • Early Stage 2,0.72,"Price has moved above long-term structure, but the full moving-average stack is not clean yet.",,,2026-07-27,,watchlist,weekly_watchlist,watchlist,17.0,27.7,21.82,2.0,17.0,27.7,23.82,0.93,36.12,382854435.84,"Stage 2, Early Stage 2",518,528,Stage 2,watchlist,weekly_watchlist,23.62,10,0.1999999999999993,False,False,False,False,False
HSCL.NS,Himadri Speciality Chemical Limited,Chemicals,Unknown,False,Cash,1,Stage 2,Stage 2,Clean Stage 2,Clean Stage 2,Stage 2 • Clean Stage 2,0.9,"Price is above rising key averages, weekly structure is supportive, and the stock is near its 52-week high.",,,2026-07-27,,watchlist,weekly_watchlist,watchlist,62.83,22.4,44.64,5.0,62.83,22.4,49.64,23.56,72.13,8641035663.61,"Stage 2, Clean Stage 2, trend_template_ok, weekly_volume_dryup",142,152,Stage 2,watchlist,weekly_watchlist,49.64,10,0.0,False,False,False,False,False
ABBOTINDIA.NS,Abbott India Limited,Healthcare,Unknown,False,Cash,1,Stage 1,Stage 1,Stage 1 - Early Turn,Stage 1 - Early Turn,Stage 1 • Stage 1 - Early Turn,0.66,The stock is improving from a repair/base area but has not confirmed a clean Stage 2 yet.,,,,,watchlist,weekly_watchlist,watchlist,16.21,38.11,26.07,10.0,16.21,38.11,36.07,12.32,7.81,371424976.28,"Stage 1, Stage 1 - Early Turn, weekly_vcp_ok, stage1_not_actionable, stage1_needs_more_base",283,293,Stage 1,watchlist,weekly_watchlist,36.07,10,0.0,False,False,False,False,False
RTNINDIA.NS,RattanIndia Enterprises Limited,Services,Unknown,False,Cash,1,Stage 4,Stage 4,Stage 4 - Weak/Declining,Stage 4 - Weak/Declining,Stage 4 • Stage 4 - Weak/Declining,0.72,Price is below long-term support with weak trend evidence.,,,,,watchlist,weekly_watchlist,watchlist,10.07,36.9,22.14,2.0,10.07,36.9,24.14,-11.05,0.39,40285624.69,"Stage 4, Stage 4 - Weak/Declining, weekly_vcp_ok, volume_dryup, weekly_volume_dryup, weekly_strong, downtrend",505,515,Stage 4,watchlist,weekly_watchlist,24.14,10,0.0,False,False,False,False,False
GRINFRA.NS,G R Infraprojects Limited,Construction,Unknown,False,Cash,1,Stage 4,Stage 4,Stage 4 - Confirmed Downtrend,Stage 4 - Confirmed Downtrend,Stage 4 • Stage 4 - Confirmed Downtrend,0.86,Price is below a bearish moving-average stack with falling trend signals.,,,,,watchlist,weekly_watchlist,watchlist,11.1,36.9,22.71,0.0,11.1,36.9,22.71,-7.32,0.53,14732165.58,"Stage 4, Stage 4 - Confirmed Downtrend, weekly_vcp_ok, volume_dryup, weekly_volume_dryup, weekly_strong, downtrend",528,538,Stage 4,watchlist,weekly_watchlist,22.71,10,0.0,False,False,False,False,False
SIGNATURE.NS,Signatureglobal (India) Ltd.,Realty,Unknown,False,Cash,1,Stage 4,Stage 4,Stage 4 - Weak/Declining,Stage 4 - Weak/Declining,Stage 4 • Stage 4 - Weak/Declining,0.72,Price is below long-term support with weak trend evidence.,,,,,watchlist,weekly_watchlist,watchlist,14.2,22.1,17.76,2.0,14.2,22.1,19.76,-7.89,-2.53,621041436.94,"Stage 4, Stage 4 - Weak/Declining, weekly_vcp_ok, weekly_volume_dryup, downtrend",577,587,Stage 4,watchlist,weekly_watchlist,19.76,10,0.0,False,False,False,False,False
OLAELEC.NS,Ola Electric Mobility Ltd.,Automobile and Auto Components,Unknown,False,Cash,1,Stage 4,Stage 4,Stage 4 - Weak/Declining,Stage 4 - Weak/Declining,Stage 4 • Stage 4 - Weak/Declining,0.72,Price is below long-term support with weak trend evidence.,,,,,watchlist,weekly_watchlist,watchlist,0.0,39.29,17.68,5.0,0.0,39.29,22.68,1.55,22.32,2972977215.3,"Stage 4, Stage 4 - Weak/Declining, weekly_vcp_ok, volume_dryup, weekly_volume_dryup, weekly_strong, downtrend",529,539,Stage 4,watchlist,weekly_watchlist,22.7,10,-0.019999999999999574,False,False,False,False,False
TATVA.NS,Tatva Chintan Pharma Chem Limited,Chemicals,Unknown,False,Cash,1,Stage 2,Stage 2,Extended Stage 2,Extended Stage 2,Stage 2 • Extended Stage 2,0.78,"Advancing structure remains intact, but price is stretched versus key moving averages or far above the 52-week low.",,,2026-07-27,,watchlist,weekly_watchlist,watchlist,49.0,26.0,38.65,5.0,49.0,26.0,43.65,31.1,58.26,588750591.1,"Stage 2, Extended Stage 2",192,202,Stage 2,watchlist,weekly_watchlist,43.73,10,-0.0799999999999983,False,False,False,False,False
NAM-INDIA.NS,Nippon Life India Asset Management Limited,Financial Services,Unknown,True,F&O,1,Stage 2,Stage 2,Clean Stage 2,Clean Stage 2,Stage 2 • Clean Stage 2,0.9,"Price is above rising key averages, weekly structure is supportive, and the stock is near its 52-week high.",,,2026-07-27,,watchlist,weekly_watchlist,watchlist,45.08,36.14,41.06,2.0,45.08,36.14,43.06,15.18,50.21,997249039.83,"Stage 2, Clean Stage 2, trend_template_ok",200,210,Stage 2,watchlist,weekly_watchlist,43.26,10,-0.19999999999999574,False,False,False,False,False
OBEROIRLTY.NS,Oberoi Realty Limited,Realty,Unknown,True,F&O,1,Stage 2,Stage 2,Early Stage 2,Early Stage 2,Stage 2 • Early Stage 2,0.72,"Price has moved above long-term structure, but the full moving-average stack is not clean yet.",,,2026-07-27,,watchlist,weekly_near_pivot,watchlist,45.71,69.87,56.58,2.0,45.71,69.87,58.58,9.87,30.79,1193883407.54,"Stage 2, Early Stage 2, weekly_vcp_ok, volume_dryup, weekly_volume_dryup, weekly_strong",79,88,Stage 2,watchlist,weekly_near_pivot,57.86,9,0.7199999999999989,False,False,False,False,False
SYNGENE.NS,Syngene International Limited,Healthcare,Unknown,False,Cash,1,Stage 4,Stage 4,Stage 4 - Confirmed Downtrend,Stage 4 - Confirmed Downtrend,Stage 4 • Stage 4 - Confirmed Downtrend,0.86,Price is below a bearish moving-average stack with falling trend signals.,,,,,watchlist,weekly_watchlist,watchlist,13.15,35.8,23.34,10.0,13.15,35.8,33.34,-12.22,-11.55,384580215.74,"Stage 4, Stage 4 - Confirmed Downtrend, weekly_vcp_ok, weekly_volume_dryup, weekly_strong, downtrend",322,331,Stage 4,watchlist,weekly_watchlist,32.89,9,0.45000000000000284,False,False,False,False,False
SBILIFE.NS,SBI Life Insurance Company Limited,Financial Services,Unknown,True,F&O,1,Stage 1,Stage 1,Stage 1 - Base/Repair,Stage 1 - Base/Repair,Stage 1 • Stage 1 - Base/Repair,0.7,Price is near long-term moving averages with no strong long-term downtrend signal.,,,2026-03-02,,watchlist,weekly_watchlist,watchlist,24.84,49.94,36.13,2.0,24.84,49.94,38.13,3.9,-2.53,1574077746.6,"Stage 1, Stage 1 - Base/Repair, weekly_vcp_ok, weekly_strong, stage1_not_actionable, stage1_needs_more_base",261,270,Stage 1,watchlist,weekly_watchlist,37.84,9,0.28999999999999915,False,False,False,False,False
NUCLEUS.NS,Nucleus Software Exports Limited,Information Technology,Unknown,False,Cash,1,Stage 4,Stage 4,Stage 4 - Confirmed Downtrend,Stage 4 - Confirmed Downtrend,Stage 4 • Stage 4 - Confirmed Downtrend,0.86,Price is below a bearish moving-average stack with falling trend signals.,,,,,watchlist,weekly_watchlist,watchlist,7.95,35.8,20.48,0.0,7.95,35.8,20.48,-8.18,-10.66,22288615.61,"Stage 4, Stage 4 - Confirmed Downtrend, weekly_vcp_ok, volume_dryup, weekly_volume_dryup, weekly_strong, downtrend",571,580,Stage 4,watchlist,weekly_watchlist,20.27,9,0.21000000000000085,False,False,False,False,False
YATHARTH.NS,Yatharth Hospital & Trauma Care Services Limited,Healthcare,Unknown,False,Cash,1,Stage 2,Stage 2,Early Stage 2,Early Stage 2,Stage 2 • Early Stage 2,0.72,"Price has moved above long-term structure, but the full moving-average stack is not clean yet.",,,2026-07-27,,watchlist,weekly_watchlist,watchlist,28.61,32.81,30.5,10.0,28.61,32.81,40.5,1.74,54.38,202618683.59,"Stage 2, Early Stage 2, volume_dryup, weekly_volume_dryup",230,239,Stage 2,watchlist,weekly_watchlist,40.3,9,0.20000000000000284,False,False,False,False,False
BOSCHLTD.NS,Bosch Limited,Automobile and Auto Components,Unknown,True,F&O,1,Stage 2,Stage 2,Early Stage 2,Early Stage 2,Stage 2 • Early Stage 2,0.72,"Price has moved above long-term structure, but the full moving-average stack is not clean yet.",,,2026-07-27,,watchlist,weekly_near_pivot,watchlist,25.91,69.46,45.51,5.0,25.91,69.46,50.51,14.81,21.8,1147338402.25,"Stage 2, Early Stage 2, weekly_vcp_ok, volume_dryup, weekly_volume_dryup, weekly_strong",136,145,Stage 2,watchlist,weekly_near_pivot,50.33,9,0.17999999999999972,False,False,False,False,False
TVSSCS.NS,TVS Supply Chain Solutions Limited,Services,Unknown,False,Cash,1,Stage 2,Stage 2,Early Stage 2,Early Stage 2,Stage 2 • Early Stage 2,0.72,"Price has moved above long-term structure, but the full moving-average stack is not clean yet.",,,2026-07-27,,watchlist,weekly_near_pivot,watchlist,27.62,72.54,47.83,2.0,27.62,72.54,49.83,18.46,48.98,74105019.75,"Stage 2, Early Stage 2, weekly_vcp_ok, volume_dryup, weekly_volume_dryup, weekly_strong",141,150,Stage 2,watchlist,weekly_near_pivot,49.72,9,0.10999999999999943,False,False,False,False,False
BLUEJET.NS,Blue Jet Healthcare Ltd.,Healthcare,Unknown,False,Cash,1,Stage 1,Stage 1,Stage 1 - Early Turn,Stage 1 - Early Turn,Stage 1 • Stage 1 - Early Turn,0.66,The stock is improving from a repair/base area but has not confirmed a clean Stage 2 yet.,,,,,watchlist,weekly_watchlist,watchlist,3.75,16.96,9.69,10.0,3.75,16.96,19.69,28.7,40.89,570571982.14,"Stage 1, Stage 1 - Early Turn, volume_dryup, weekly_volume_dryup, stage1_not_actionable, stage1_needs_more_base",582,591,Stage 1,watchlist,weekly_watchlist,19.65,9,0.0400000000000027,False,False,False,False,False
ABREL.NS,Aditya Birla Real Estate Ltd.,Forest Materials,Unknown,False,Cash,1,Stage 4,Stage 4,Stage 4 - Weak/Declining,Stage 4 - Weak/Declining,Stage 4 • Stage 4 - Weak/Declining,0.72,Price is below long-term support with weak trend evidence.,,,,,watchlist,weekly_watchlist,watchlist,18.82,36.64,26.84,10.0,18.82,36.64,36.84,-6.15,14.53,246250180.6,"Stage 4, Stage 4 - Weak/Declining, weekly_vcp_ok, volume_dryup, weekly_volume_dryup, weekly_strong, downtrend",275,284,Stage 4,watchlist,weekly_watchlist,36.81,9,0.030000000000001137,False,False,False,False,False
NUVAMA.NS,Nuvama Wealth Management Ltd.,Financial Services,Unknown,True,F&O,1,Stage 2,Stage 2,Clean Stage 2,Clean Stage 2,Stage 2 • Clean Stage 2,0.9,"Price is above rising key averages, weekly structure is supportive, and the stock is near its 52-week high.",,,2026-07-27,,watchlist,weekly_watchlist,watchlist,44.0,34.0,39.5,2.0,44.0,34.0,41.5,37.71,48.99,1186950578.28,"Stage 2, Clean Stage 2, trend_template_ok",215,224,Stage 2,watchlist,weekly_watchlist,41.5,9,0.0,False,False,False,False,False
ALOKINDS.NS,Alok Industries Limited,Textiles,Unknown,False,Cash,1,Stage 4,Stage 4,Stage 4 - Confirmed Downtrend,Stage 4 - Confirmed Downtrend,Stage 4 • Stage 4 - Confirmed Downtrend,0.86,Price is below a bearish moving-average stack with falling trend signals.,,,,,watchlist,weekly_watchlist,watchlist,18.2,35.8,26.12,10.0,18.2,35.8,36.12,-13.52,-14.58,50777344.33,"Stage 4, Stage 4 - Confirmed Downtrend, weekly_vcp_ok, volume_dryup, weekly_volume_dryup, weekly_strong, downtrend",282,291,Stage 4,watchlist,weekly_watchlist,36.12,9,0.0,False,False,False,False,False
WESTLIFE.NS,WESTLIFE FOODWORLD LIMITED,Consumer Services,Unknown,False,Cash,1,Stage 4,Stage 4,Stage 4 - Weak/Declining,Stage 4 - Weak/Declining,Stage 4 • Stage 4 - Weak/Declining,0.72,Price is below long-term support with weak trend evidence.,,,,,watchlist,weekly_watchlist,watchlist,14.2,35.8,23.92,0.0,14.2,35.8,23.92,-1.86,-1.67,104155943.64,"Stage 4, Stage 4 - Weak/Declining, weekly_vcp_ok, weekly_strong, downtrend",514,523,Stage 4,watchlist,weekly_watchlist,23.92,9,0.0,False,False,False,False,False
AHLUCONT.NS,Ahluwalia Contracts (India) Limited,Construction,Unknown,False,Cash,1,Stage 4,Stage 4,Stage 4 - Weak/Declining,Stage 4 - Weak/Declining,Stage 4 • Stage 4 - Weak/Declining,0.72,Price is below long-term support with weak trend evidence.,,,2025-12-05,,watchlist,weekly_watchlist,watchlist,7.1,35.8,20.02,0.0,7.1,35.8,20.02,-6.49,5.02,32047865.47,"Stage 4, Stage 4 - Weak/Declining, weekly_vcp_ok, weekly_strong, downtrend",573,582,Stage 4,watchlist,weekly_watchlist,20.02,9,0.0,False,False,False,False,False
SAGILITY.NS,Sagility Ltd.,Information Technology,Unknown,False,Cash,1,Stage 4,Stage 4,Stage 4 - Weak/Declining,Stage 4 - Weak/Declining,Stage 4 • Stage 4 - Weak/Declining,0.72,Price is below long-term support with weak trend evidence.,,,,,watchlist,weekly_watchlist,watchlist,0.0,43.8,19.71,0.0,0.0,43.8,19.71,3.45,-12.63,1277510946.3,"Stage 4, Stage 4 - Weak/Declining, weekly_vcp_ok, weekly_strong, downtrend",581,590,Stage 4,watchlist,weekly_watchlist,19.71,9,0.0,False,False,False,False,False
NCC.NS,NCC Limited,Construction,Unknown,False,Cash,1,Stage 4,Stage 4,Stage 4 - Confirmed Downtrend,Stage 4 - Confirmed Downtrend,Stage 4 • Stage 4 - Confirmed Downtrend,0.86,Price is below a bearish moving-average stack with falling trend signals.,,,,,watchlist,weekly_watchlist,watchlist,11.33,35.8,22.34,0.0,11.33,35.8,22.34,-15.91,2.23,216761320.59,"Stage 4, Stage 4 - Confirmed Downtrend, weekly_vcp_ok, volume_dryup, weekly_volume_dryup, weekly_strong, downtrend",535,544,Stage 4,watchlist,weekly_watchlist,22.45,9,-0.10999999999999943,False,False,False,False,False
WELCORP.NS,Welspun Corp Limited,Capital Goods,Unknown,False,Cash,1,Stage 2,Stage 2,Extended Stage 2,Extended Stage 2,Stage 2 • Extended Stage 2,0.78,"Advancing structure remains intact, but price is stretched versus key moving averages or far above the 52-week low.",,,2026-07-27,,watchlist,weekly_near_pivot,watchlist,43.84,73.8,57.32,5.0,43.84,73.8,62.32,30.18,133.04,2295399944.46,"Stage 2, Extended Stage 2, trend_template_ok, weekly_vcp_ok, volume_dryup, weekly_volume_dryup, weekly_strong",53,61,Stage 2,watchlist,weekly_near_pivot,61.24,8,1.0799999999999983,False,False,False,False,False
ZENSARTECH.NS,Zensar Technologies Limited,Information Technology,Unknown,False,Cash,1,Stage 4,Stage 4,Stage 4 - Weak/Declining,Stage 4 - Weak/Declining,Stage 4 • Stage 4 - Weak/Declining,0.72,Price is below long-term support with weak trend evidence.,,,,,watchlist,weekly_watchlist,watchlist,15.36,10.0,12.95,0.0,15.36,10.0,12.95,4.62,-15.45,6148309736.82,"Stage 4, Stage 4 - Weak/Declining, volume_dryup, weekly_volume_dryup, downtrend",653,661,Stage 4,watchlist,weekly_watchlist,12.08,8,0.8699999999999992,False,False,False,False,False
KIRLOSBROS.NS,Kirloskar Brothers Limited,Capital Goods,Unknown,False,Cash,1,Stage 2,Stage 2,Early Stage 2,Early Stage 2,Stage 2 • Early Stage 2,0.72,"Price has moved above long-term structure, but the full moving-average stack is not clean yet.",,,2026-07-27,,watchlist,weekly_watchlist,watchlist,25.36,20.55,23.2,5.0,25.36,20.55,28.2,7.76,29.75,198543221.84,"Stage 2, Early Stage 2, volume_dryup, weekly_volume_dryup",416,424,Stage 2,watchlist,weekly_watchlist,27.41,8,0.7899999999999991,False,False,False,False,False
BEL.NS,Bharat Electronics Limited,Capital Goods,Unknown,True,F&O,1,Stage 1,Stage 1,Stage 1 - Unclear/Repair,Stage 1 - Unclear/Repair,Stage 1 • Stage 1 - Unclear/Repair,0.58,Not enough evidence for Stage 2 or Stage 4; classified as repair/unclear structure.,,,2026-04-29,,watchlist,weekly_watchlist,watchlist,2.33,10.0,5.78,5.0,2.33,10.0,10.78,-9.76,-1.42,4208415630.03,"Stage 1, Stage 1 - Unclear/Repair, volume_dryup, stage1_not_actionable, stage1_needs_more_base",670,678,Stage 1,watchlist,weekly_watchlist,10.08,8,0.6999999999999993,False,False,False,False,False
ICRA.NS,ICRA Limited,Financial Services,Unknown,False,Cash,1,Stage 4,Stage 4,Stage 4 - Confirmed Downtrend,Stage 4 - Confirmed Downtrend,Stage 4 • Stage 4 - Confirmed Downtrend,0.86,Price is below a bearish moving-average stack with falling trend signals.,,,2025-11-06,,watchlist,weekly_watchlist,watchlist,14.77,35.8,24.23,2.0,14.77,35.8,26.23,-11.23,-14.78,165706258.02,"Stage 4, Stage 4 - Confirmed Downtrend, weekly_vcp_ok, weekly_strong, downtrend",459,467,Stage 4,watchlist,weekly_watchlist,25.92,8,0.3099999999999987,False,False,False,False,False
HYUNDAI.NS,Hyundai Motor India Ltd.,Automobile and Auto Components,Unknown,True,F&O,1,Stage 4,Stage 4,Stage 4 - Weak/Declining,Stage 4 - Weak/Declining,Stage 4 • Stage 4 - Weak/Declining,0.72,Price is below long-term support with weak trend evidence.,,,,,watchlist,weekly_watchlist,watchlist,19.33,7.1,13.83,5.0,19.33,7.1,18.83,10.18,-3.23,1297490756.38,"Stage 4, Stage 4 - Weak/Declining, volume_dryup, weekly_volume_dryup, downtrend",591,599,Stage 4,watchlist,weekly_watchlist,18.59,8,0.23999999999999844,False,False,False,False,False
FORTIS.NS,Fortis Healthcare Limited,Healthcare,Unknown,True,F&O,1,Stage 2,Stage 2,Early Stage 2,Early Stage 2,Stage 2 • Early Stage 2,0.72,"Price has moved above long-term structure, but the full moving-average stack is not clean yet.",,,2026-07-27,,watchlist,weekly_watchlist,watchlist,44.32,28.01,36.98,10.0,44.32,28.01,46.98,2.59,17.54,1079159297.55,"Stage 2, Early Stage 2, daily_vcp_ok, volume_dryup, weekly_volume_dryup",168,176,Stage 2,watchlist,weekly_watchlist,46.79,8,0.18999999999999773,False,False,False,False,False
JKTYRE.NS,JK Tyre & Industries Limited,Automobile and Auto Components,Unknown,False,Cash,1,Stage 1,Stage 1,Stage 1 - Unclear/Repair,Stage 1 - Unclear/Repair,Stage 1 • Stage 1 - Unclear/Repair,0.58,Not enough evidence for Stage 2 or Stage 4; classified as repair/unclear structure.,,,2026-03-02,,watchlist,weekly_watchlist,watchlist,22.1,41.8,30.96,5.0,22.1,41.8,35.96,-1.26,-16.83,488910438.0,"Stage 1, Stage 1 - Unclear/Repair, weekly_vcp_ok, volume_dryup, weekly_volume_dryup, weekly_strong, stage1_not_actionable, stage1_needs_more_base",291,299,Not Sure,watchlist,weekly_watchlist,35.79,8,0.1700000000000017,False,False,False,False,False
SAMHI.NS,Samhi Hotels Limited,Consumer Services,Unknown,False,Cash,1,Stage 1,Stage 1,Stage 1 - Early Turn,Stage 1 - Early Turn,Stage 1 • Stage 1 - Early Turn,0.66,The stock is improving from a repair/base area but has not confirmed a clean Stage 2 yet.,,,,,watchlist,weekly_watchlist,watchlist,22.97,51.96,36.02,0.0,22.97,51.96,36.02,12.9,8.7,123109771.19,"Stage 1, Stage 1 - Early Turn, weekly_vcp_ok, volume_dryup, weekly_volume_dryup, weekly_strong, stage1_not_actionable, stage1_needs_more_base",287,295,Stage 1,watchlist,weekly_watchlist,35.93,8,0.09000000000000341,False,False,False,False,False
BPCL.NS,Bharat Petroleum Corporation Limited,"Oil, Gas & Consumable Fuels",Unknown,True,F&O,1,Stage 1,Stage 1,Stage 1 - Unclear/Repair,Stage 1 - Unclear/Repair,Stage 1 • Stage 1 - Unclear/Repair,0.58,Not enough evidence for Stage 2 or Stage 4; classified as repair/unclear structure.,,,2026-03-02,,watchlist,weekly_watchlist,watchlist,19.64,51.23,33.86,0.0,19.64,51.23,33.86,6.57,-3.27,2251706938.4,"Stage 1, Stage 1 - Unclear/Repair, weekly_vcp_ok, weekly_strong, stage1_not_actionable, stage1_needs_more_base",317,325,Stage 1,watchlist,weekly_watchlist,33.78,8,0.0799999999999983,False,False,False,False,False
MARUTI.NS,Maruti Suzuki India Limited,Automobile and Auto Components,Unknown,True,F&O,1,Stage 4,Stage 4,Stage 4 - Weak/Declining,Stage 4 - Weak/Declining,Stage 4 • Stage 4 - Weak/Declining,0.72,Price is below long-term support with weak trend evidence.,,,2026-01-13,,watchlist,weekly_watchlist,watchlist,0.0,43.8,19.71,5.0,0.0,43.8,24.71,3.71,-4.81,6080146624.75,"Stage 4, Stage 4 - Weak/Declining, weekly_vcp_ok, volume_dryup, weekly_volume_dryup, weekly_strong, downtrend",492,500,Stage 4,watchlist,weekly_watchlist,24.71,8,0.0,False,False,False,False,False
AFCONS.NS,Afcons Infrastructure Ltd.,Construction,Unknown,False,Cash,1,Stage 4,Stage 4,Stage 4 - Confirmed Downtrend,Stage 4 - Confirmed Downtrend,Stage 4 • Stage 4 - Confirmed Downtrend,0.86,Price is below a bearish moving-average stack with falling trend signals.,,,,,watchlist,weekly_watchlist,watchlist,14.2,35.8,23.92,0.0,14.2,35.8,23.92,-16.88,-12.51,516981024.44,"Stage 4, Stage 4 - Confirmed Downtrend, weekly_vcp_ok, weekly_volume_dryup, weekly_strong, downtrend",513,521,Stage 4,watchlist,weekly_watchlist,23.92,8,0.0,False,False,False,False,False
FIRSTCRY.NS,Brainbees Solutions Ltd.,Consumer Services,Unknown,False,Cash,1,Stage 4,Stage 4,Stage 4 - Confirmed Downtrend,Stage 4 - Confirmed Downtrend,Stage 4 • Stage 4 - Confirmed Downtrend,0.86,Price is below a bearish moving-average stack with falling trend signals.,,,,,watchlist,weekly_watchlist,watchlist,10.4,36.9,22.33,0.0,10.4,36.9,22.33,-11.18,-14.07,317665346.8,"Stage 4, Stage 4 - Confirmed Downtrend, weekly_vcp_ok, volume_dryup, weekly_volume_dryup, weekly_strong, downtrend",537,545,Stage 4,watchlist,weekly_watchlist,22.33,8,0.0,False,False,False,False,False
NETWORK18.NS,Network18 Media & Investments Limited,"Media, Entertainment & Publication",Unknown,False,Cash,1,Stage 4,Stage 4,Stage 4 - Confirmed Downtrend,Stage 4 - Confirmed Downtrend,Stage 4 • Stage 4 - Confirmed Downtrend,0.86,Price is below a bearish moving-average stack with falling trend signals.,,,,,watchlist,weekly_watchlist,watchlist,18.2,22.1,19.95,0.0,18.2,22.1,19.95,-16.13,-15.15,112503074.43,"Stage 4, Stage 4 - Confirmed Downtrend, weekly_vcp_ok, volume_dryup, weekly_volume_dryup, downtrend",576,584,Stage 4,watchlist,weekly_watchlist,19.95,8,0.0,False,False,False,False,False
MSUMI.NS,Motherson Sumi Wiring India Limited,Automobile and Auto Components,Unknown,False,Cash,1,Stage 4,Stage 4,Stage 4 - Weak/Declining,Stage 4 - Weak/Declining,Stage 4 • Stage 4 - Weak/Declining,0.72,Price is below long-term support with weak trend evidence.,,,2026-01-09,,watchlist,weekly_watchlist,watchlist,19.93,44.63,31.05,5.0,19.93,44.63,36.05,3.95,4.36,389579695.79,"Stage 4, Stage 4 - Weak/Declining, weekly_vcp_ok, volume_dryup, weekly_volume_dryup, weekly_strong, downtrend",284,292,Stage 4,watchlist,weekly_watchlist,36.1,8,-0.05000000000000426,False,False,False,False,False
IKS.NS,Inventurus Knowledge Solutions Ltd.,Information Technology,Unknown,False,Cash,1,Stage 2,Stage 2,Clean Stage 2,Clean Stage 2,Stage 2 • Clean Stage 2,0.9,"Price is above rising key averages, weekly structure is supportive, and the stock is near its 52-week high.",,,2026-07-27,,watchlist,weekly_watchlist,watchlist,61.19,29.81,47.07,0.0,61.19,29.81,47.07,10.01,16.13,564262046.68,"Stage 2, Clean Stage 2, trend_template_ok, volume_dryup, weekly_volume_dryup",165,173,Stage 2,watchlist,weekly_watchlist,47.17,8,-0.10000000000000142,False,False,False,False,False
AETHER.NS,Aether Industries Limited,Chemicals,Unknown,False,Cash,1,Stage 2,Stage 2,Clean Stage 2,Clean Stage 2,Stage 2 • Clean Stage 2,0.9,"Price is above rising key averages, weekly structure is supportive, and the stock is near its 52-week high.",,,2026-07-27,,watchlist,weekly_watchlist,watchlist,46.25,37.33,42.24,5.0,46.25,37.33,47.24,25.04,52.24,523967988.17,"Stage 2, Clean Stage 2, trend_template_ok, volume_dryup, weekly_volume_dryup",164,172,Stage 2,watchlist,weekly_watchlist,47.36,8,-0.11999999999999744,False,False,False,False,False
DEEPAKFERT.NS,Deepak Fertilizers and Petrochemicals Corporation Limited,Chemicals,Unknown,False,Cash,1,Stage 2,Stage 2,Early Stage 2,Early Stage 2,Stage 2 • Early Stage 2,0.72,"Price has moved above long-term structure, but the full moving-average stack is not clean yet.",,,2026-07-27,,watchlist,weekly_watchlist,watchlist,35.36,41.74,38.23,5.0,35.36,41.74,43.23,30.25,47.11,441544063.46,"Stage 2, Early Stage 2, volume_dryup, weekly_volume_dryup",197,205,Stage 2,watchlist,weekly_watchlist,43.48,8,-0.25,False,False,False,False,False
PHOENIXLTD.NS,The Phoenix Mills Limited,Realty,Unknown,True,F&O,1,Stage 2,Stage 2,Clean Stage 2,Clean Stage 2,Stage 2 • Clean Stage 2,0.9,"Price is above rising key averages, weekly structure is supportive, and the stock is near its 52-week high.",,,2026-07-27,,forming_vcp,weekly_breakout,watchlist,65.41,69.45,67.23,2.0,65.41,69.45,69.23,14.67,21.84,1892742063.47,"Stage 2, Clean Stage 2, trend_template_ok, daily_vcp_ok, weekly_vcp_ok, volume_dryup, weekly_strong",12,19,Stage 2,watchlist,weekly_breakout,68.64,7,0.5900000000000034,False,False,False,False,False
HONAUT.NS,Honeywell Automation India Limited,Capital Goods,Unknown,False,Cash,1,Stage 2,Stage 2,Early Stage 2,Early Stage 2,Stage 2 • Early Stage 2,0.72,"Price has moved above long-term structure, but the full moving-average stack is not clean yet.",,,2026-07-27,,watchlist,weekly_near_pivot,watchlist,26.21,70.38,46.09,5.0,26.21,70.38,51.09,21.27,24.55,167209442.17,"Stage 2, Early Stage 2, weekly_vcp_ok, volume_dryup, weekly_volume_dryup, weekly_strong",132,139,Stage 2,watchlist,weekly_near_pivot,50.62,7,0.47000000000000597,False,False,False,False,False
ACMESOLAR.NS,ACME Solar Holdings Ltd.,Power,Unknown,False,Cash,1,Stage 2,Stage 2,Messy Stage 2,Messy Stage 2,Stage 2 • Messy Stage 2,0.64,"Long-term structure is still constructive, but the short-term/weekly structure is not clean.",,,2026-07-27,,watchlist,weekly_watchlist,watchlist,45.08,24.8,35.95,2.0,45.08,24.8,37.95,17.43,76.38,677481339.64,"Stage 2, Messy Stage 2, trend_template_ok, volume_dryup, weekly_volume_dryup",266,273,Stage 2,watchlist,weekly_watchlist,37.51,7,0.44000000000000483,False,False,False,False,False
CDSL.NS,Central Depository Services (India) Ltd.,Financial Services,Unknown,True,F&O,1,Stage 1,Stage 1,Stage 1 - Early Turn,Stage 1 - Early Turn,Stage 1 • Stage 1 - Early Turn,0.66,The stock is improving from a repair/base area but has not confirmed a clean Stage 2 yet.,,,2025-12-02,,watchlist,weekly_watchlist,watchlist,22.42,51.21,35.38,2.0,22.42,51.21,37.38,6.75,7.33,2628873301.3,"Stage 1, Stage 1 - Early Turn, weekly_vcp_ok, volume_dryup, weekly_volume_dryup, weekly_strong, stage1_not_actionable, stage1_needs_more_base",272,279,Stage 1,watchlist,weekly_watchlist,36.97,7,0.4100000000000037,False,False,False,False,False
BBL.NS,Bharat Bijlee Limited,Capital Goods,Unknown,False,Cash,1,Stage 4,Stage 4,Stage 4 - Weak/Declining,Stage 4 - Weak/Declining,Stage 4 • Stage 4 - Weak/Declining,0.72,Price is below long-term support with weak trend evidence.,,,,,watchlist,weekly_watchlist,watchlist,17.8,35.8,25.9,5.0,17.8,35.8,30.9,-17.41,8.4,74997058.63,"Stage 4, Stage 4 - Weak/Declining, weekly_vcp_ok, volume_dryup, weekly_volume_dryup, weekly_strong, downtrend",365,372,Stage 4,watchlist,weekly_watchlist,30.55,7,0.34999999999999787,False,False,False,False,False
RAMKY.NS,Ramky Infrastructure Limited,Construction,Unknown,False,Cash,1,Stage 4,Stage 4,Stage 4 - Confirmed Downtrend,Stage 4 - Confirmed Downtrend,Stage 4 • Stage 4 - Confirmed Downtrend,0.86,Price is below a bearish moving-average stack with falling trend signals.,,,2025-11-28,,watchlist,weekly_watchlist,watchlist,11.1,35.8,22.21,0.0,11.1,35.8,22.21,-26.23,-21.12,21553321.86,"Stage 4, Stage 4 - Confirmed Downtrend, weekly_vcp_ok, volume_dryup, weekly_volume_dryup, weekly_strong, downtrend",540,547,Stage 4,watchlist,weekly_watchlist,21.9,7,0.3100000000000023,False,False,False,False,False
SIS.NS,SIS LIMITED,Services,Unknown,False,Cash,1,Stage 2,Stage 2,Clean Stage 2,Clean Stage 2,Stage 2 • Clean Stage 2,0.9,"Price is above rising key averages, weekly structure is supportive, and the stock is near its 52-week high.",,,2026-07-27,,watchlist,weekly_watchlist,watchlist,46.62,25.44,37.09,2.0,46.62,25.44,39.09,21.16,41.27,52767037.97,"Stage 2, Clean Stage 2, trend_template_ok, volume_dryup, weekly_volume_dryup",250,257,Stage 2,watchlist,weekly_watchlist,38.79,7,0.30000000000000426,False,False,False,False,False
MRF.NS,MRF Limited,Automobile and Auto Components,Unknown,False,Cash,1,Stage 4,Stage 4,Stage 4 - Weak/Declining,Stage 4 - Weak/Declining,Stage 4 • Stage 4 - Weak/Declining,0.72,Price is below long-term support with weak trend evidence.,,,2025-12-01,,watchlist,weekly_watchlist,watchlist,17.63,37.47,26.56,5.0,17.63,37.47,31.56,2.87,2.87,881155224.11,"Stage 4, Stage 4 - Weak/Declining, weekly_vcp_ok, volume_dryup, weekly_volume_dryup, weekly_strong, downtrend",353,360,Stage 4,watchlist,weekly_watchlist,31.31,7,0.25,False,False,False,False,False
CHOICEIN.NS,Choice International Limited,Financial Services,Unknown,False,Cash,1,Stage 2,Stage 2,Early Stage 2,Early Stage 2,Stage 2 • Early Stage 2,0.72,"Price has moved above long-term structure, but the full moving-average stack is not clean yet.",,,2026-07-27,,watchlist,weekly_near_pivot,watchlist,48.9,68.76,57.84,2.0,48.9,68.76,59.84,20.1,9.46,1067172823.46,"Stage 2, Early Stage 2, weekly_vcp_ok, volume_dryup, weekly_volume_dryup, weekly_strong",67,74,Stage 2,watchlist,weekly_near_pivot,59.6,7,0.240000000000002,False,False,False,False,False
BAJAJ-AUTO.NS,Bajaj Auto Limited,Automobile and Auto Components,Unknown,True,F&O,1,Stage 2,Stage 2,Clean Stage 2,Clean Stage 2,Stage 2 • Clean Stage 2,0.9,"Price is above rising key averages, weekly structure is supportive, and the stock is near its 52-week high.",,,2026-07-27,,watchlist,weekly_watchlist,watchlist,41.91,22.16,33.02,5.0,41.91,22.16,38.02,15.45,26.17,5187705586.12,"Stage 2, Clean Stage 2, trend_template_ok",264,271,Stage 2,watchlist,weekly_watchlist,37.84,7,0.17999999999999972,False,False,False,False,False
BRIGADE.NS,Brigade Enterprises Limited,Realty,Unknown,False,Cash,1,Stage 4,Stage 4,Stage 4 - Weak/Declining,Stage 4 - Weak/Declining,Stage 4 • Stage 4 - Weak/Declining,0.72,Price is below long-term support with weak trend evidence.,,,,,watchlist,weekly_watchlist,watchlist,11.95,35.85,22.7,2.0,11.95,35.85,24.7,-5.41,5.89,461662924.68,"Stage 4, Stage 4 - Weak/Declining, weekly_vcp_ok, volume_dryup, weekly_volume_dryup, weekly_strong, downtrend",494,501,Stage 4,watchlist,weekly_watchlist,24.66,7,0.03999999999999915,False,False,False,False,False
JYOTICNC.NS,Jyoti CNC Automation Ltd.,Capital Goods,Unknown,False,Cash,1,Stage 1,Stage 1,Stage 1 - Early Turn,Stage 1 - Early Turn,Stage 1 • Stage 1 - Early Turn,0.66,The stock is improving from a repair/base area but has not confirmed a clean Stage 2 yet.,,,,,watchlist,weekly_watchlist,watchlist,11.48,51.16,29.34,5.0,11.48,51.16,34.34,7.58,6.0,606932550.64,"Stage 1, Stage 1 - Early Turn, weekly_vcp_ok, volume_dryup, weekly_volume_dryup, weekly_strong, stage1_not_actionable, stage1_needs_more_base",310,317,Stage 1,watchlist,weekly_watchlist,34.31,7,0.030000000000001137,False,False,False,False,False
GLAND.NS,Gland Pharma Limited,Healthcare,Unknown,False,Cash,1,Stage 2,Stage 2,Clean Stage 2,Clean Stage 2,Stage 2 • Clean Stage 2,0.9,"Price is above rising key averages, weekly structure is supportive, and the stock is near its 52-week high.",,,2026-07-27,,watchlist,weekly_watchlist,watchlist,47.12,31.6,40.14,10.0,47.12,31.6,50.14,38.74,49.55,1171615714.87,"Stage 2, Clean Stage 2, trend_template_ok, volume_dryup, weekly_volume_dryup",139,146,Stage 2,watchlist,weekly_watchlist,50.14,7,0.0,False,False,False,False,False
TEJASNET.NS,Tejas Networks Limited,Telecommunication,Unknown,False,Cash,1,Stage 2 Failed,Not Sure,Failed Stage 2,Failed Stage 2,Stage 2 Failed • Failed Stage 2,0.72,"This stock was recently Stage 2, but the latest structure no longer satisfies Stage 2 rules. It is kept as Stage 2 Failed until a fresh base/repair structure forms.",Recent Stage 2 break; public stage held as Stage 2 Failed.,2026-07-28,2026-07-16,,watchlist,weekly_watchlist,watchlist,15.0,53.8,32.46,10.0,15.0,53.8,42.46,19.11,71.57,1121746161.74,"Not Sure, Not Sure, weekly_vcp_ok, volume_dryup, weekly_volume_dryup, weekly_strong | Stage 2 failed state applied from stage memory.",210,217,Stage 2 Failed,watchlist,weekly_watchlist,42.46,7,0.0,False,False,False,False,False
TMPV.NS,Tata Motors Passenger Vehicles Ltd.,Automobile and Auto Components,Unknown,True,F&O,1,Stage 4,Stage 4,Stage 4 - Weak/Declining,Stage 4 - Weak/Declining,Stage 4 • Stage 4 - Weak/Declining,0.72,Price is below long-term support with weak trend evidence.,,,,,watchlist,weekly_watchlist,watchlist,0.0,35.0,15.75,5.0,0.0,35.0,20.75,-4.19,0.71,2963275276.59,"Stage 4, Stage 4 - Weak/Declining, weekly_vcp_ok, volume_dryup, weekly_volume_dryup, weekly_strong, downtrend",568,575,Stage 4,watchlist,weekly_watchlist,20.75,7,0.0,False,False,False,False,False
NATIONALUM.NS,National Aluminium Company Limited,Metals & Mining,Unknown,True,F&O,1,Stage 1,Stage 1,Stage 1 - Base/Repair,Stage 1 - Base/Repair,Stage 1 • Stage 1 - Base/Repair,0.7,Price is near long-term moving averages with no strong long-term downtrend signal.,,,2026-06-05,,watchlist,weekly_watchlist,watchlist,0.75,41.8,19.22,0.0,0.75,41.8,19.22,-15.76,-6.83,2412019463.0,"Stage 1, Stage 1 - Base/Repair, weekly_vcp_ok, volume_dryup, weekly_volume_dryup, weekly_strong, stage1_not_actionable, stage1_needs_more_base",585,592,Not Sure,watchlist,weekly_watchlist,19.22,7,0.0,False,False,False,False,False
JMFINANCIL.NS,JM Financial Limited,Financial Services,Unknown,False,Cash,1,Stage 4,Stage 4,Stage 4 - Confirmed Downtrend,Stage 4 - Confirmed Downtrend,Stage 4 • Stage 4 - Confirmed Downtrend,0.86,Price is below a bearish moving-average stack with falling trend signals.,,,,,watchlist,weekly_watchlist,watchlist,0.0,38.0,17.1,2.0,0.0,38.0,19.1,-10.37,2.38,315453730.67,"Stage 4, Stage 4 - Confirmed Downtrend, weekly_vcp_ok, volume_dryup, weekly_volume_dryup, weekly_strong, downtrend",587,594,Stage 4,watchlist,weekly_watchlist,19.1,7,0.0,False,False,False,False,False
BAJAJHFL.NS,Bajaj Housing Finance Ltd.,Financial Services,Unknown,False,Cash,1,Stage 4,Stage 4,Stage 4 - Weak/Declining,Stage 4 - Weak/Declining,Stage 4 • Stage 4 - Weak/Declining,0.72,Price is below long-term support with weak trend evidence.,,,,,watchlist,weekly_watchlist,watchlist,15.2,22.1,18.3,2.0,15.2,22.1,20.3,-1.7,1.31,415305435.27,"Stage 4, Stage 4 - Weak/Declining, weekly_vcp_ok, volume_dryup, weekly_volume_dryup, downtrend",572,579,Stage 4,watchlist,weekly_watchlist,20.37,7,-0.07000000000000028,False,False,False,False,False
360ONE.NS,360 ONE WAM LIMITED,Financial Services,Unknown,True,F&O,1,Stage 2,Stage 2,Early Stage 2,Early Stage 2,Stage 2 • Early Stage 2,0.72,"Price has moved above long-term structure, but the full moving-average stack is not clean yet.",Stage 2 reclaimed after 3 confirmation runs.,,2026-07-27,,watchlist,weekly_watchlist,watchlist,44.57,35.57,40.52,2.0,44.57,35.57,42.52,9.09,6.56,1690588240.05,"Stage 2, Early Stage 2, weekly_volume_dryup",208,215,Stage 2 Failed,watchlist,weekly_watchlist,42.72,7,-0.19999999999999574,False,False,True,False,False
SHREECEM.NS,SHREE CEMENT LIMITED,Construction Materials,Unknown,True,F&O,1,Stage 2,Stage 2,Early Stage 2,Early Stage 2,Stage 2 • Early Stage 2,0.72,"Price has moved above long-term structure, but the full moving-average stack is not clean yet.",,,2026-07-27,,watchlist,weekly_breakout,watchlist,17.32,59.31,36.22,0.0,17.32,59.31,36.22,11.41,3.65,412069495.69,"Stage 2, Early Stage 2, weekly_vcp_ok, volume_dryup, weekly_volume_dryup, weekly_strong",280,287,Stage 2,watchlist,weekly_breakout,36.46,7,-0.240000000000002,False,False,False,False,False
CONCOR.NS,Container Corporation of India Limited,Services,Unknown,True,F&O,1,Not Sure,Not Sure,Not Sure,Not Sure,Not Sure,0.0,Stage rules did not identify a reliable structure.,No confident stage classification.,,,,watchlist,weekly_watchlist,watchlist,35.25,55.37,44.3,2.0,35.25,55.37,46.3,2.71,13.02,1593253071.7,"Not Sure, Not Sure, weekly_vcp_ok, weekly_strong",180,186,Not Sure,watchlist,weekly_watchlist,44.71,6,1.5899999999999963,False,False,False,False,False
PRESTIGE.NS,Prestige Estates Projects Ltd.,Realty,Unknown,True,F&O,1,Stage 2,Stage 2,Early Stage 2,Early Stage 2,Stage 2 • Early Stage 2,0.72,"Price has moved above long-term structure, but the full moving-average stack is not clean yet.",,,2026-07-27,,watchlist,weekly_near_pivot,watchlist,48.55,70.25,58.31,2.0,48.55,70.25,60.31,18.98,25.51,1476660788.72,"Stage 2, Early Stage 2, weekly_vcp_ok, volume_dryup, weekly_volume_dryup, weekly_strong",66,72,Stage 2,watchlist,weekly_near_pivot,59.71,6,0.6000000000000014,False,False,False,False,False
KANSAINER.NS,Kansai Nerolac Paints Limited,Consumer Durables,Unknown,False,Cash,1,Stage 4,Stage 4,Stage 4 - Weak/Declining,Stage 4 - Weak/Declining,Stage 4 • Stage 4 - Weak/Declining,0.72,Price is below long-term support with weak trend evidence.,,,2025-11-17,,watchlist,weekly_watchlist,watchlist,3.28,0.0,1.8,5.0,3.28,0.0,6.8,1.78,-6.99,41546461.95,"Stage 4, Stage 4 - Weak/Declining, volume_dryup, downtrend",707,713,Stage 4,watchlist,weekly_watchlist,6.24,6,0.5599999999999996,False,False,False,False,False
POWERINDIA.NS,Hitachi Energy India Limited,Capital Goods,Unknown,True,F&O,1,Stage 2 Failed,Stage 3,Failed Stage 2,Failed Stage 2,Stage 2 Failed • Failed Stage 2,0.72,"This stock was recently Stage 2, but the latest structure no longer satisfies Stage 2 rules. It is kept as Stage 2 Failed until a fresh base/repair structure forms.",Recent Stage 2 break; public stage held as Stage 2 Failed.,2026-07-28,2026-07-20,,watchlist,weekly_watchlist,watchlist,5.1,6.8,5.87,5.0,5.1,6.8,10.87,-7.17,90.97,5039008863.0,"Stage 3, Stage 3 - Distribution/Damage, volume_dryup, weekly_volume_dryup, distribution_risk | Stage 2 failed state applied from stage memory.",668,674,Stage 2 Failed,watchlist,weekly_watchlist,10.46,6,0.40999999999999837,False,False,False,False,False
SUPRAJIT.NS,Suprajit Engineering Limited,Automobile and Auto Components,Unknown,False,Cash,1,Stage 2,Stage 2,Early Stage 2,Early Stage 2,Stage 2 • Early Stage 2,0.72,"Price has moved above long-term structure, but the full moving-average stack is not clean yet.",,,2026-07-27,,watchlist,weekly_near_pivot,watchlist,44.31,70.88,56.27,5.0,44.31,70.88,61.27,17.39,22.45,72994602.9,"Stage 2, Early Stage 2, weekly_vcp_ok, volume_dryup, weekly_volume_dryup, weekly_strong",59,65,Stage 2,watchlist,weekly_near_pivot,60.95,6,0.3200000000000003,False,False,False,False,False
IOC.NS,Indian Oil Corporation Ltd.,"Oil, Gas & Consumable Fuels",Unknown,True,F&O,1,Stage 1,Stage 1,Stage 1 - Unclear/Repair,Stage 1 - Unclear/Repair,Stage 1 • Stage 1 - Unclear/Repair,0.58,Not enough evidence for Stage 2 or Stage 4; classified as repair/unclear structure.,,,2026-03-06,,watchlist,weekly_watchlist,watchlist,19.21,42.9,29.87,0.0,19.21,42.9,29.87,-0.64,-5.31,1914955639.92,"Stage 1, Stage 1 - Unclear/Repair, weekly_vcp_ok, weekly_volume_dryup, weekly_strong, stage1_not_actionable, stage1_needs_more_base",383,389,Stage 1,watchlist,weekly_watchlist,29.66,6,0.21000000000000085,False,False,False,False,False
MFSL.NS,Max Financial Services Limited,Financial Services,Unknown,True,F&O,1,Stage 1,Stage 1,Stage 1 - Unclear/Repair,Stage 1 - Unclear/Repair,Stage 1 • Stage 1 - Unclear/Repair,0.58,Not enough evidence for Stage 2 or Stage 4; classified as repair/unclear structure.,,,2026-03-11,,watchlist,weekly_watchlist,watchlist,19.3,41.8,29.43,2.0,19.3,41.8,31.43,-4.94,0.23,1068719992.72,"Stage 1, Stage 1 - Unclear/Repair, weekly_vcp_ok, volume_dryup, weekly_strong, stage1_not_actionable, stage1_needs_more_base",356,362,Stage 1,watchlist,weekly_watchlist,31.23,6,0.1999999999999993,False,False,False,False,False
SPANDANA.NS,Spandana Sphoorty Financial Limited,Financial Services,Unknown,False,Cash,1,Stage 2,Stage 2,Early Stage 2,Early Stage 2,Stage 2 • Early Stage 2,0.72,"Price has moved above long-term structure, but the full moving-average stack is not clean yet.",,,2026-07-27,,watchlist,weekly_forming,watchlist,34.3,61.24,46.42,2.0,34.3,61.24,48.42,17.14,17.23,163175055.57,"Stage 2, Early Stage 2, weekly_vcp_ok, weekly_strong",157,163,Stage 2,watchlist,weekly_forming,48.24,6,0.17999999999999972,False,False,False,False,False
INDGN.NS,Indegene Ltd.,Healthcare,Unknown,False,Cash,1,Stage 3,Stage 3,Stage 3 - Distribution/Damage,Stage 3 - Distribution/Damage,Stage 3 • Stage 3 - Distribution/Damage,0.76,"Prior strength exists, but short-term and/or weekly structure is deteriorating.",,,2026-06-30,,watchlist,weekly_watchlist,watchlist,2.21,8.38,4.99,10.0,2.21,8.38,14.99,1.79,14.05,90367684.57,"Stage 3, Stage 3 - Distribution/Damage, volume_dryup, weekly_volume_dryup, distribution_risk",633,639,Stage 3,watchlist,weekly_watchlist,14.82,6,0.16999999999999993,False,False,False,False,False
ITI.NS,ITI Limited,Telecommunication,Unknown,False,Cash,1,Stage 4,Stage 4,Stage 4 - Weak/Declining,Stage 4 - Weak/Declining,Stage 4 • Stage 4 - Weak/Declining,0.72,Price is below long-term support with weak trend evidence.,,,2026-07-02,,watchlist,weekly_watchlist,watchlist,16.0,35.8,24.91,10.0,16.0,35.8,34.91,-8.48,2.63,144733432.19,"Stage 4, Stage 4 - Weak/Declining, weekly_vcp_ok, weekly_volume_dryup, weekly_strong, downtrend",305,311,Stage 4,watchlist,weekly_watchlist,34.91,6,0.0,False,False,False,False,False
BLS.NS,BLS International Services Ltd.,Consumer Services,Unknown,False,Cash,1,Stage 4,Stage 4,Stage 4 - Confirmed Downtrend,Stage 4 - Confirmed Downtrend,Stage 4 • Stage 4 - Confirmed Downtrend,0.86,Price is below a bearish moving-average stack with falling trend signals.,,,,,watchlist,weekly_watchlist,watchlist,17.07,35.8,25.5,0.0,17.07,35.8,25.5,-15.27,-7.25,354712879.31,"Stage 4, Stage 4 - Confirmed Downtrend, weekly_vcp_ok, volume_dryup, weekly_volume_dryup, weekly_strong, downtrend",476,482,Stage 4,watchlist,weekly_watchlist,25.5,6,0.0,False,False,False,False,False
SHANTIGEAR.NS,Shanthi Gears Limited,Capital Goods,Unknown,False,Cash,1,Stage 4,Stage 4,Stage 4 - Confirmed Downtrend,Stage 4 - Confirmed Downtrend,Stage 4 • Stage 4 - Confirmed Downtrend,0.86,Price is below a bearish moving-average stack with falling trend signals.,,,,,watchlist,weekly_watchlist,watchlist,7.95,35.8,20.48,5.0,7.95,35.8,25.48,-12.22,-0.98,7484033.08,"Stage 4, Stage 4 - Confirmed Downtrend, weekly_vcp_ok, weekly_strong, downtrend",477,483,Stage 4,watchlist,weekly_watchlist,25.48,6,0.0,False,False,False,False,False
CSBBANK.NS,CSB Bank Limited,Financial Services,Unknown,False,Cash,1,Stage 4,Stage 4,Stage 4 - Confirmed Downtrend,Stage 4 - Confirmed Downtrend,Stage 4 • Stage 4 - Confirmed Downtrend,0.86,Price is below a bearish moving-average stack with falling trend signals.,,,2026-01-30,,watchlist,weekly_watchlist,watchlist,11.2,36.9,22.77,2.0,11.2,36.9,24.77,-11.15,-27.46,207365237.4,"Stage 4, Stage 4 - Confirmed Downtrend, weekly_vcp_ok, weekly_strong, downtrend",491,497,Stage 4,watchlist,weekly_watchlist,24.77,6,0.0,False,False,False,False,False
DBCORP.NS,D.B.Corp Limited,"Media, Entertainment & Publication",Unknown,False,Cash,1,Stage 4,Stage 4,Stage 4 - Weak/Declining,Stage 4 - Weak/Declining,Stage 4 • Stage 4 - Weak/Declining,0.72,Price is below long-term support with weak trend evidence.,,,,,watchlist,weekly_watchlist,watchlist,15.1,35.8,24.41,0.0,15.1,35.8,24.41,-1.4,-10.11,226522675.21,"Stage 4, Stage 4 - Weak/Declining, weekly_vcp_ok, weekly_volume_dryup, weekly_strong, downtrend",502,508,Stage 4,watchlist,weekly_watchlist,24.41,6,0.0,False,False,False,False,False
HEIDELBERG.NS,HeidelbergCement India Limited,Construction Materials,Unknown,False,Cash,1,Stage 4,Stage 4,Stage 4 - Weak/Declining,Stage 4 - Weak/Declining,Stage 4 • Stage 4 - Weak/Declining,0.72,Price is below long-term support with weak trend evidence.,,,,,watchlist,weekly_watchlist,watchlist,0.0,43.8,19.71,0.0,0.0,43.8,19.71,-1.2,-0.7,16339280.3,"Stage 4, Stage 4 - Weak/Declining, weekly_vcp_ok, volume_dryup, weekly_volume_dryup, weekly_strong, downtrend",580,586,Stage 4,watchlist,weekly_watchlist,19.85,6,-0.14000000000000057,False,False,False,False,False
HCG.NS,Healthcare Global Enterprises Limited,Healthcare,Unknown,False,Cash,1,Stage 2,Stage 2,Early Stage 2,Early Stage 2,Stage 2 • Early Stage 2,0.72,"Price has moved above long-term structure, but the full moving-average stack is not clean yet.",Stage 2 confirmed with 3 raw confirmation runs.,,2026-07-27,,watchlist,weekly_breakout,watchlist,42.35,69.44,54.54,10.0,42.35,69.44,64.54,18.7,17.73,172621424.14,"Stage 2, Early Stage 2, weekly_vcp_ok, weekly_volume_dryup, weekly_strong",35,40,Not Sure,watchlist,weekly_breakout,64.08,5,0.46000000000000796,False,False,True,False,False
UNITDSPR.NS,United Spirits Ltd.,Fast Moving Consumer Goods,Unknown,True,F&O,1,Stage 2,Stage 2,Early Stage 2,Early Stage 2,Stage 2 • Early Stage 2,0.72,"Price has moved above long-term structure, but the full moving-average stack is not clean yet.",,,2026-07-27,,watchlist,weekly_forming,watchlist,45.63,47.63,46.53,0.0,45.63,47.63,46.53,14.74,20.59,1403442723.77,"Stage 2, Early Stage 2, weekly_vcp_ok",175,180,Stage 2,watchlist,weekly_forming,46.38,5,0.14999999999999858,False,False,False,False,False
OFSS.NS,Oracle Financial Services Software Limited,Information Technology,Unknown,True,F&O,1,Stage 2,Stage 2,Clean Stage 2,Clean Stage 2,Stage 2 • Clean Stage 2,0.9,"Price is above rising key averages, weekly structure is supportive, and the stock is near its 52-week high.",,,2026-07-27,,watchlist,weekly_watchlist,watchlist,42.53,27.42,35.73,0.0,42.53,27.42,35.73,19.91,50.28,5251273582.4,"Stage 2, Clean Stage 2, trend_template_ok",298,303,Stage 2,watchlist,weekly_watchlist,35.58,5,0.14999999999999858,False,False,False,False,False
UNOMINDA.NS,UNO Minda Limited,Automobile and Auto Components,Unknown,True,F&O,1,Stage 1,Stage 1,Stage 1 - Early Turn,Stage 1 - Early Turn,Stage 1 • Stage 1 - Early Turn,0.66,The stock is improving from a repair/base area but has not confirmed a clean Stage 2 yet.,,,2026-01-07,,watchlist,weekly_watchlist,watchlist,32.23,37.24,34.48,5.0,32.23,37.24,39.48,4.83,6.54,943963969.1,"Stage 1, Stage 1 - Early Turn, weekly_vcp_ok, stage1_not_actionable, stage1_needs_more_base",245,250,Not Sure,watchlist,weekly_watchlist,39.35,5,0.12999999999999545,False,False,False,False,False
SBICARD.NS,SBI Cards and Payment Services Limited,Financial Services,Unknown,True,F&O,1,Stage 4,Stage 4,Stage 4 - Weak/Declining,Stage 4 - Weak/Declining,Stage 4 • Stage 4 - Weak/Declining,0.72,Price is below long-term support with weak trend evidence.,,,2025-10-29,,watchlist,weekly_watchlist,watchlist,17.56,22.1,19.6,2.0,17.56,22.1,21.6,1.75,-10.1,1046762301.15,"Stage 4, Stage 4 - Weak/Declining, weekly_vcp_ok, downtrend",550,555,Stage 4,watchlist,weekly_watchlist,21.48,5,0.120000000000001,False,False,False,False,False
APLLTD.NS,Alembic Pharmaceuticals Limited,Healthcare,Unknown,False,Cash,1,Stage 1,Stage 1,Stage 1 - Early Turn,Stage 1 - Early Turn,Stage 1 • Stage 1 - Early Turn,0.66,The stock is improving from a repair/base area but has not confirmed a clean Stage 2 yet.,,,,,watchlist,weekly_watchlist,watchlist,23.33,53.03,36.7,10.0,23.33,53.03,46.7,8.5,12.79,88618731.21,"Stage 1, Stage 1 - Early Turn, weekly_vcp_ok, volume_dryup, weekly_volume_dryup, weekly_strong, stage1_not_actionable, stage1_needs_more_base",174,179,Stage 1,watchlist,weekly_watchlist,46.59,5,0.10999999999999943,False,False,False,False,False
METROPOLIS.NS,Metropolis Healthcare Limited,Healthcare,Unknown,False,Cash,1,Stage 2,Stage 2,Clean Stage 2,Clean Stage 2,Stage 2 • Clean Stage 2,0.9,"Price is above rising key averages, weekly structure is supportive, and the stock is near its 52-week high.",,,2026-07-27,,watchlist,weekly_watchlist,watchlist,52.42,35.23,44.68,10.0,52.42,35.23,54.68,23.16,33.19,159225935.98,"Stage 2, Clean Stage 2, trend_template_ok",105,110,Stage 2,watchlist,weekly_watchlist,54.58,5,0.10000000000000142,False,False,False,False,False
DLF.NS,DLF Limited,Realty,Unknown,True,F&O,1,Stage 1,Stage 1,Stage 1 - Early Turn,Stage 1 - Early Turn,Stage 1 • Stage 1 - Early Turn,0.66,The stock is improving from a repair/base area but has not confirmed a clean Stage 2 yet.,,,,,watchlist,weekly_watchlist,watchlist,23.03,15.32,19.56,2.0,23.03,15.32,21.56,14.42,14.8,3454603254.6,"Stage 1, Stage 1 - Early Turn, weekly_volume_dryup, stage1_not_actionable, stage1_needs_more_base",551,556,Stage 1,watchlist,weekly_watchlist,21.46,5,0.09999999999999787,False,False,False,False,False
KOTAKBANK.NS,Kotak Mahindra Bank Limited,Financial Services,Unknown,True,F&O,1,Stage 4,Stage 4,Stage 4 - Weak/Declining,Stage 4 - Weak/Declining,Stage 4 • Stage 4 - Weak/Declining,0.72,Price is below long-term support with weak trend evidence.,,,2026-06-26,,watchlist,weekly_watchlist,watchlist,16.12,43.8,28.58,2.0,16.12,43.8,30.58,0.74,-0.9,6918953592.88,"Stage 4, Stage 4 - Weak/Declining, weekly_vcp_ok, weekly_volume_dryup, weekly_strong, downtrend",369,374,Stage 4,watchlist,weekly_watchlist,30.49,5,0.08999999999999986,False,False,False,False,False
SANOFI.NS,Sanofi India Limited,Healthcare,Unknown,False,Cash,1,Stage 4,Stage 4,Stage 4 - Weak/Declining,Stage 4 - Weak/Declining,Stage 4 • Stage 4 - Weak/Declining,0.72,Price is below long-term support with weak trend evidence.,,,,,watchlist,weekly_watchlist,watchlist,17.62,43.8,29.4,10.0,17.62,43.8,39.4,-1.25,-12.48,69770873.6,"Stage 4, Stage 4 - Weak/Declining, weekly_vcp_ok, volume_dryup, weekly_volume_dryup, weekly_strong, downtrend",246,251,Stage 4,watchlist,weekly_watchlist,39.32,5,0.0799999999999983,False,False,False,False,False
JKIL.NS,J.Kumar Infraprojects Limited,Construction,Unknown,False,Cash,1,Stage 4,Stage 4,Stage 4 - Confirmed Downtrend,Stage 4 - Confirmed Downtrend,Stage 4 • Stage 4 - Confirmed Downtrend,0.86,Price is below a bearish moving-average stack with falling trend signals.,,,,,watchlist,weekly_watchlist,watchlist,10.42,35.8,21.84,0.0,10.42,35.8,21.84,-7.45,-8.98,47176889.73,"Stage 4, Stage 4 - Confirmed Downtrend, weekly_vcp_ok, volume_dryup, weekly_volume_dryup, weekly_strong, downtrend",543,548,Stage 4,watchlist,weekly_watchlist,21.77,5,0.07000000000000028,False,False,False,False,False
BBOX.NS,Black Box Limited,Information Technology,Unknown,False,Cash,1,Stage 2 Failed,Stage 1,Failed Stage 2,Failed Stage 2,Stage 2 Failed • Failed Stage 2,0.72,"This stock was recently Stage 2, but the latest structure no longer satisfies Stage 2 rules. It is kept as Stage 2 Failed until a fresh base/repair structure forms.",Recent Stage 2 break; public stage held as Stage 2 Failed.,2026-07-28,2026-07-21,,watchlist,weekly_watchlist,watchlist,3.89,11.74,7.42,0.0,3.89,11.74,7.42,14.56,58.84,277230738.52,"Stage 1, Stage 1 - Base/Repair, volume_dryup, weekly_volume_dryup, stage1_not_actionable, stage1_needs_more_base | Stage 2 failed state applied from stage memory.",700,705,Stage 2 Failed,watchlist,weekly_watchlist,7.36,5,0.05999999999999961,False,False,False,False,False
NMDC.NS,NMDC Limited,Metals & Mining,Unknown,True,F&O,1,Stage 3,Stage 3,Stage 3 - Distribution/Damage,Stage 3 - Distribution/Damage,Stage 3 • Stage 3 - Distribution/Damage,0.76,"Prior strength exists, but short-term and/or weekly structure is deteriorating.",,,2026-07-03,,watchlist,weekly_watchlist,watchlist,1.92,39.72,18.93,0.0,1.92,39.72,18.93,-7.09,14.34,1368675140.01,"Stage 3, Stage 3 - Distribution/Damage, weekly_vcp_ok, volume_dryup, weekly_volume_dryup, weekly_strong, distribution_risk",590,595,Stage 3,watchlist,weekly_watchlist,18.87,5,0.05999999999999872,False,False,False,False,False
JUSTDIAL.NS,Just Dial Limited,Consumer Services,Unknown,False,Cash,1,Stage 1,Stage 1,Stage 1 - Early Turn,Stage 1 - Early Turn,Stage 1 • Stage 1 - Early Turn,0.66,The stock is improving from a repair/base area but has not confirmed a clean Stage 2 yet.,,,,,watchlist,weekly_watchlist,watchlist,0.0,47.32,21.29,0.0,0.0,47.32,21.29,38.52,16.67,3975808896.15,"Stage 1, Stage 1 - Early Turn, weekly_vcp_ok, weekly_volume_dryup, weekly_strong, stage1_not_actionable, stage1_needs_more_base",554,559,Stage 1,watchlist,weekly_watchlist,21.24,5,0.05000000000000071,False,False,False,False,False
JSWHL.NS,JSW Holdings Limited,Financial Services,Unknown,False,Cash,1,Stage 4,Stage 4,Stage 4 - Confirmed Downtrend,Stage 4 - Confirmed Downtrend,Stage 4 • Stage 4 - Confirmed Downtrend,0.86,Price is below a bearish moving-average stack with falling trend signals.,,,,,watchlist,weekly_watchlist,watchlist,8.51,4.0,6.48,2.0,8.51,4.0,8.48,-11.35,-30.04,43382256.6,"Stage 4, Stage 4 - Confirmed Downtrend, volume_dryup, weekly_volume_dryup, downtrend",694,699,Stage 4,watchlist,weekly_watchlist,8.43,5,0.05000000000000071,False,False,False,False,False
TATASTEEL.NS,Tata Steel Limited,Metals & Mining,Unknown,True,F&O,1,Stage 1,Stage 1,Stage 1 - Base/Repair,Stage 1 - Base/Repair,Stage 1 • Stage 1 - Base/Repair,0.7,Price is near long-term moving averages with no strong long-term downtrend signal.,,,2026-06-04,,watchlist,weekly_watchlist,watchlist,20.69,7.6,14.8,0.0,20.69,7.6,14.8,-11.77,1.6,3972034299.71,"Stage 1, Stage 1 - Base/Repair, volume_dryup, weekly_volume_dryup, stage1_not_actionable, stage1_needs_more_base",635,640,Stage 1,watchlist,weekly_watchlist,14.76,5,0.040000000000000924,False,False,False,False,False
GRASIM.NS,Grasim Industries Limited,Construction Materials,Unknown,True,F&O,1,Stage 2,Stage 2,Early Stage 2,Early Stage 2,Stage 2 • Early Stage 2,0.72,"Price has moved above long-term structure, but the full moving-average stack is not clean yet.",,,2026-07-27,,watchlist,weekly_watchlist,watchlist,47.18,29.73,39.33,0.0,47.18,29.73,39.33,11.56,13.76,1663645372.01,"Stage 2, Early Stage 2, daily_vcp_ok, volume_dryup, weekly_volume_dryup",247,252,Stage 2,watchlist,weekly_watchlist,39.3,5,0.030000000000001137,False,False,False,False,False
TEGA.NS,Tega Industries Limited,Capital Goods,Unknown,False,Cash,1,Stage 4,Stage 4,Stage 4 - Weak/Declining,Stage 4 - Weak/Declining,Stage 4 • Stage 4 - Weak/Declining,0.72,Price is below long-term support with weak trend evidence.,,,2025-11-27,,watchlist,weekly_watchlist,watchlist,23.19,35.8,28.86,5.0,23.19,35.8,33.86,-9.72,-9.31,98251598.94,"Stage 4, Stage 4 - Weak/Declining, weekly_vcp_ok, volume_dryup, weekly_strong, downtrend",318,323,Stage 4,watchlist,weekly_watchlist,33.83,5,0.030000000000001137,False,False,False,False,False
JSL.NS,Jindal Stainless Limited,Metals & Mining,Unknown,False,Cash,1,Stage 4,Stage 4,Stage 4 - Weak/Declining,Stage 4 - Weak/Declining,Stage 4 • Stage 4 - Weak/Declining,0.72,Price is below long-term support with weak trend evidence.,,,2026-02-26,,watchlist,weekly_watchlist,watchlist,10.5,6.4,8.66,0.0,10.5,6.4,8.66,-5.57,-5.82,374398103.12,"Stage 4, Stage 4 - Weak/Declining, volume_dryup, weekly_volume_dryup, downtrend",693,698,Stage 4,watchlist,weekly_watchlist,8.65,5,0.009999999999999787,False,False,False,False,False
INDUSTOWER.NS,Indus Towers Limited,Telecommunication,Unknown,True,F&O,1,Stage 1,Stage 1,Stage 1 - Unclear/Repair,Stage 1 - Unclear/Repair,Stage 1 • Stage 1 - Unclear/Repair,0.58,Not enough evidence for Stage 2 or Stage 4; classified as repair/unclear structure.,,,2026-03-27,,watchlist,weekly_watchlist,watchlist,21.2,41.8,30.47,10.0,21.2,41.8,40.47,-6.87,-5.03,2526841156.47,"Stage 1, Stage 1 - Unclear/Repair, weekly_vcp_ok, volume_dryup, weekly_volume_dryup, weekly_strong, stage1_not_actionable, stage1_needs_more_base",231,236,Stage 1,watchlist,weekly_watchlist,40.47,5,0.0,False,False,False,False,False
JWL.NS,Jupiter Wagons Limited,Capital Goods,Unknown,False,Cash,1,Stage 4,Stage 4,Stage 4 - Confirmed Downtrend,Stage 4 - Confirmed Downtrend,Stage 4 • Stage 4 - Confirmed Downtrend,0.86,Price is below a bearish moving-average stack with falling trend signals.,,,,,watchlist,weekly_watchlist,watchlist,20.0,32.13,25.46,5.0,20.0,32.13,30.46,-13.38,-15.78,184351003.72,"Stage 4, Stage 4 - Confirmed Downtrend, weekly_vcp_ok, volume_dryup, weekly_volume_dryup, weekly_strong, downtrend",370,375,Stage 4,watchlist,weekly_watchlist,30.46,5,0.0,False,False,False,False,False
MANYAVAR.NS,Vedant Fashions Limited,Consumer Services,Unknown,False,Cash,1,Stage 4,Stage 4,Stage 4 - Weak/Declining,Stage 4 - Weak/Declining,Stage 4 • Stage 4 - Weak/Declining,0.72,Price is below long-term support with weak trend evidence.,,,,,watchlist,weekly_watchlist,watchlist,16.45,36.9,25.65,0.0,16.45,36.9,25.65,-4.06,-10.83,121092274.65,"Stage 4, Stage 4 - Weak/Declining, weekly_vcp_ok, weekly_strong, downtrend",475,480,Stage 4,watchlist,weekly_watchlist,25.65,5,0.0,False,False,False,False,False
CEATLTD.NS,Ceat Ltd.,Automobile and Auto Components,Unknown,False,Cash,1,Stage 2 Failed,Stage 1,Failed Stage 2,Failed Stage 2,Stage 2 Failed • Failed Stage 2,0.72,"This stock was recently Stage 2, but the latest structure no longer satisfies Stage 2 rules. It is kept as Stage 2 Failed until a fresh base/repair structure forms.",Recent Stage 2 break; public stage held as Stage 2 Failed.,2026-07-28,2026-07-16,,watchlist,weekly_watchlist,watchlist,13.07,28.1,19.83,5.0,13.07,28.1,24.83,-1.23,-3.4,927583630.88,"Stage 1, Stage 1 - Base/Repair, weekly_vcp_ok, weekly_volume_dryup, stage1_not_actionable, stage1_needs_more_base | Stage 2 failed state applied from stage memory.",490,495,Stage 2 Failed,watchlist,weekly_watchlist,24.83,5,0.0,False,False,False,False,False
BAJAJCON.NS,Bajaj Consumer Care Limited,Fast Moving Consumer Goods,Unknown,False,Cash,1,Stage 2,Stage 2,Early Stage 2,Early Stage 2,Stage 2 • Early Stage 2,0.72,"Price has moved above long-term structure, but the full moving-average stack is not clean yet.",,,2026-07-27,,watchlist,weekly_watchlist,watchlist,19.5,23.6,21.35,0.0,19.5,23.6,21.35,17.91,71.7,750760284.45,"Stage 2, Early Stage 2, weekly_volume_dryup",553,558,Stage 2,watchlist,weekly_watchlist,21.35,5,0.0,False,False,False,False,False
DALBHARAT.NS,Dalmia Bharat Limited,Construction Materials,Unknown,True,F&O,1,Stage 4,Stage 4,Stage 4 - Weak/Declining,Stage 4 - Weak/Declining,Stage 4 • Stage 4 - Weak/Declining,0.72,Price is below long-term support with weak trend evidence.,,,,,watchlist,weekly_watchlist,watchlist,9.7,22.1,15.28,0.0,9.7,22.1,15.28,-4.67,-8.21,553243078.97,"Stage 4, Stage 4 - Weak/Declining, weekly_vcp_ok, downtrend",631,636,Stage 4,watchlist,weekly_watchlist,15.28,5,0.0,False,False,False,False,False
EIDPARRY.NS,EID Parry India Limited,Chemicals,Unknown,False,Cash,1,Stage 4,Stage 4,Stage 4 - Weak/Declining,Stage 4 - Weak/Declining,Stage 4 • Stage 4 - Weak/Declining,0.72,Price is below long-term support with weak trend evidence.,,,,,watchlist,weekly_watchlist,watchlist,0.0,7.6,3.42,5.0,0.0,7.6,8.42,-8.96,-8.02,243042408.19,"Stage 4, Stage 4 - Weak/Declining, volume_dryup, weekly_volume_dryup, downtrend",695,700,Stage 4,watchlist,weekly_watchlist,8.42,5,0.0,False,False,False,False,False
LGBBROSLTD.NS,LG Balakrishnan & Bros Limited,Automobile and Auto Components,Unknown,False,Cash,1,Stage 4,Stage 4,Stage 4 - Weak/Declining,Stage 4 - Weak/Declining,Stage 4 • Stage 4 - Weak/Declining,0.72,Price is below long-term support with weak trend evidence.,,,2026-05-01,,watchlist,weekly_watchlist,watchlist,0.0,6.2,2.79,5.0,0.0,6.2,7.79,-11.62,-2.37,30965199.18,"Stage 4, Stage 4 - Weak/Declining, volume_dryup, weekly_volume_dryup, downtrend",697,702,Stage 4,watchlist,weekly_watchlist,7.79,5,0.0,False,False,False,False,False
HDFCBANK.NS,HDFC Bank Limited,Financial Services,Unknown,True,F&O,1,Stage 4,Stage 4,Stage 4 - Weak/Declining,Stage 4 - Weak/Declining,Stage 4 • Stage 4 - Weak/Declining,0.72,Price is below long-term support with weak trend evidence.,,,2026-01-02,,watchlist,weekly_watchlist,watchlist,9.41,35.8,21.29,2.0,9.41,35.8,23.29,-3.08,-14.65,26003098908.76,"Stage 4, Stage 4 - Weak/Declining, weekly_vcp_ok, weekly_volume_dryup, weekly_strong, downtrend",525,530,Stage 4,watchlist,weekly_watchlist,23.36,5,-0.07000000000000028,False,False,False,False,False
ASTRAL.NS,Astral Limited,Capital Goods,Unknown,True,F&O,1,Stage 4,Stage 4,Stage 4 - Weak/Declining,Stage 4 - Weak/Declining,Stage 4 • Stage 4 - Weak/Declining,0.72,Price is below long-term support with weak trend evidence.,,,2026-05-06,,watchlist,weekly_watchlist,watchlist,0.0,36.4,16.38,5.0,0.0,36.4,21.38,-3.77,9.72,884619832.54,"Stage 4, Stage 4 - Weak/Declining, weekly_vcp_ok, weekly_volume_dryup, weekly_strong, downtrend",552,557,Stage 4,watchlist,weekly_watchlist,21.45,5,-0.07000000000000028,False,False,False,False,False
BANDHANBNK.NS,Bandhan Bank Limited,Financial Services,Unknown,True,F&O,1,Stage 2 Failed,Stage 1,Failed Stage 2,Failed Stage 2,Stage 2 Failed • Failed Stage 2,0.72,"This stock was recently Stage 2, but the latest structure no longer satisfies Stage 2 rules. It is kept as Stage 2 Failed until a fresh base/repair structure forms.",Recent Stage 2 break; public stage held as Stage 2 Failed.,2026-07-28,2026-07-21,,watchlist,weekly_watchlist,watchlist,0.0,12.45,5.6,2.0,0.0,12.45,7.6,-15.42,17.96,3714817274.45,"Stage 1, Stage 1 - Base/Repair, stage1_not_actionable, stage1_needs_more_base | Stage 2 failed state applied from stage memory.",698,703,Stage 2 Failed,watchlist,weekly_watchlist,7.67,5,-0.07000000000000028,False,False,False,False,False
NAUKRI.NS,Info Edge (India) Limited,Consumer Services,Unknown,True,F&O,1,Stage 1,Stage 1,Stage 1 - Early Turn,Stage 1 - Early Turn,Stage 1 • Stage 1 - Early Turn,0.66,The stock is improving from a repair/base area but has not confirmed a clean Stage 2 yet.,,,,,watchlist,weekly_watchlist,watchlist,32.75,44.73,38.14,0.0,32.75,44.73,38.14,27.5,1.82,3762718076.53,"Stage 1, Stage 1 - Early Turn, weekly_vcp_ok, volume_dryup, weekly_volume_dryup, weekly_strong, stage1_not_actionable, stage1_needs_more_base",260,265,Stage 1,watchlist,weekly_watchlist,38.26,5,-0.11999999999999744,False,False,False,False,False
TVSSRICHAK.NS,TVS Srichakra Limited,Automobile and Auto Components,Unknown,False,Cash,1,Stage 2 Failed,Stage 1,Failed Stage 2,Failed Stage 2,Stage 2 Failed • Failed Stage 2,0.72,"This stock was recently Stage 2, but the latest structure no longer satisfies Stage 2 rules. It is kept as Stage 2 Failed until a fresh base/repair structure forms.",Recent Stage 2 break; public stage held as Stage 2 Failed.,2026-07-28,2026-07-20,,watchlist,weekly_watchlist,watchlist,15.04,42.74,27.51,5.0,15.04,42.74,32.51,2.52,6.91,15019441.13,"Stage 1, Stage 1 - Base/Repair, weekly_vcp_ok, volume_dryup, weekly_volume_dryup, weekly_strong, stage1_not_actionable, stage1_needs_more_base | Stage 2 failed state applied from stage memory.",329,334,Stage 2 Failed,watchlist,weekly_watchlist,32.66,5,-0.14999999999999858,False,False,False,False,False
GRANULES.NS,Granules India Limited,Healthcare,Unknown,False,Cash,1,Stage 2,Stage 2,Clean Stage 2,Clean Stage 2,Stage 2 • Clean Stage 2,0.9,"Price is above rising key averages, weekly structure is supportive, and the stock is near its 52-week high.",,,2026-07-27,,watchlist,weekly_watchlist,watchlist,43.56,30.75,37.8,10.0,43.56,30.75,47.8,20.87,50.64,1111827791.08,"Stage 2, Clean Stage 2, trend_template_ok, weekly_volume_dryup",159,164,Stage 2,watchlist,weekly_watchlist,47.98,5,-0.17999999999999972,False,False,False,False,False
MANAPPURAM.NS,Manappuram Finance Limited,Financial Services,Unknown,True,F&O,1,Stage 2,Stage 2,Clean Stage 2,Clean Stage 2,Stage 2 • Clean Stage 2,0.9,"Price is above rising key averages, weekly structure is supportive, and the stock is near its 52-week high.",,,2026-07-27,,watchlist,weekly_breakout,watchlist,64.24,62.84,63.61,2.0,64.24,62.84,65.61,22.97,27.48,1340585270.36,"Stage 2, Clean Stage 2, trend_template_ok, weekly_vcp_ok, weekly_strong",27,32,Stage 2,watchlist,weekly_breakout,65.8,5,-0.18999999999999773,False,False,False,False,False
TARIL.NS,Transformers And Rectifiers (India) Ltd.,Capital Goods,Unknown,False,Cash,1,Stage 4,Stage 4,Stage 4 - Weak/Declining,Stage 4 - Weak/Declining,Stage 4 • Stage 4 - Weak/Declining,0.72,Price is below long-term support with weak trend evidence.,,,,,watchlist,weekly_watchlist,watchlist,0.0,40.1,18.05,5.0,0.0,40.1,23.05,-11.51,32.54,1027871466.99,"Stage 4, Stage 4 - Weak/Declining, weekly_vcp_ok, volume_dryup, weekly_volume_dryup, weekly_strong, downtrend",527,532,Stage 4,watchlist,weekly_watchlist,23.29,5,-0.23999999999999844,False,False,False,False,False
AARTIIND.NS,Aarti Industries Limited,Chemicals,Unknown,False,Cash,1,Stage 2,Stage 2,Stage 2,Stage 2,Stage 2,0.76,Advancing structure detected.,,,2026-07-27,,watchlist,weekly_watchlist,watchlist,43.13,29.48,36.99,5.0,43.13,29.48,41.99,-6.02,40.82,400155938.28,"Stage 2, Stage 2, weekly_volume_dryup",214,219,Stage 2,watchlist,weekly_watchlist,42.34,5,-0.3500000000000014,False,False,False,False,False
ZEEL.NS,Zee Entertainment Enterprises Limited,"Media, Entertainment & Publication",Unknown,False,Cash,1,Stage 2,Stage 2,Early Stage 2,Early Stage 2,Stage 2 • Early Stage 2,0.72,"Price has moved above long-term structure, but the full moving-average stack is not clean yet.",,,2026-07-27,,watchlist,weekly_forming,watchlist,25.12,63.82,42.54,0.0,25.12,63.82,42.54,19.91,40.33,2521189160.98,"Stage 2, Early Stage 2, weekly_vcp_ok, volume_dryup, weekly_volume_dryup, weekly_strong",207,212,Stage 2,watchlist,weekly_forming,43.07,5,-0.5300000000000011,False,False,False,False,False
TATACHEM.NS,Tata Chemicals Limited,Chemicals,Unknown,False,Cash,1,Stage 4,Stage 4,Stage 4 - Weak/Declining,Stage 4 - Weak/Declining,Stage 4 • Stage 4 - Weak/Declining,0.72,Price is below long-term support with weak trend evidence.,,,,,watchlist,weekly_watchlist,watchlist,20.29,4.0,12.96,5.0,20.29,4.0,17.96,-15.33,1.0,347368319.52,"Stage 4, Stage 4 - Weak/Declining, volume_dryup, weekly_volume_dryup, downtrend",608,612,Stage 4,watchlist,weekly_watchlist,16.81,4,1.1500000000000021,False,False,False,False,False
SHOPERSTOP.NS,Shoppers Stop Limited,Consumer Services,Unknown,False,Cash,1,Stage 1,Stage 1,Stage 1 - Early Turn,Stage 1 - Early Turn,Stage 1 • Stage 1 - Early Turn,0.66,The stock is improving from a repair/base area but has not confirmed a clean Stage 2 yet.,,,,,watchlist,weekly_watchlist,watchlist,6.25,54.38,27.91,0.0,6.25,54.38,27.91,29.43,16.35,120336039.29,"Stage 1, Stage 1 - Early Turn, weekly_vcp_ok, volume_dryup, weekly_volume_dryup, weekly_strong, stage1_not_actionable, stage1_needs_more_base",419,423,Stage 1,watchlist,weekly_watchlist,27.44,4,0.46999999999999886,False,False,False,False,False
BANCOINDIA.NS,Banco Products (I) Limited,Automobile and Auto Components,Unknown,False,Cash,1,Stage 2 Failed,Stage 4,Failed Stage 2,Failed Stage 2,Stage 2 Failed • Failed Stage 2,0.72,"This stock was recently Stage 2, but the latest structure no longer satisfies Stage 2 rules. It is kept as Stage 2 Failed until a fresh base/repair structure forms.",Recent Stage 2 break; public stage held as Stage 2 Failed.,2026-07-28,2026-07-16,,watchlist,weekly_watchlist,watchlist,16.72,37.82,26.22,5.0,16.72,37.82,31.22,0.66,19.58,97074858.37,"Stage 4, Stage 4 - Weak/Declining, weekly_vcp_ok, volume_dryup, weekly_volume_dryup, weekly_strong, downtrend | Stage 2 failed state applied from stage memory.",363,367,Stage 2 Failed,watchlist,weekly_watchlist,30.95,4,0.2699999999999996,False,False,False,False,False
NLCINDIA.NS,NLC India Ltd.,Power,Unknown,False,Cash,1,Stage 2 Failed,Stage 3,Failed Stage 2,Failed Stage 2,Stage 2 Failed • Failed Stage 2,0.72,"This stock was recently Stage 2, but the latest structure no longer satisfies Stage 2 rules. It is kept as Stage 2 Failed until a fresh base/repair structure forms.",Recent Stage 2 break; public stage held as Stage 2 Failed.,2026-07-28,2026-07-17,,watchlist,weekly_watchlist,watchlist,21.39,1.11,12.26,2.0,21.39,1.11,14.26,-5.5,28.62,663117830.0,"Stage 3, Stage 3 - Distribution/Damage, volume_dryup, weekly_volume_dryup, distribution_risk | Stage 2 failed state applied from stage memory.",639,643,Stage 2 Failed,watchlist,weekly_watchlist,14.04,4,0.22000000000000064,False,False,False,False,False
CLEAN.NS,Clean Science and Technology Limited,Chemicals,Unknown,False,Cash,1,Stage 4,Stage 4,Stage 4 - Confirmed Downtrend,Stage 4 - Confirmed Downtrend,Stage 4 • Stage 4 - Confirmed Downtrend,0.86,Price is below a bearish moving-average stack with falling trend signals.,,,,,watchlist,weekly_watchlist,watchlist,17.73,0.0,9.75,5.0,17.73,0.0,14.75,-10.82,-9.77,163067657.34,"Stage 4, Stage 4 - Confirmed Downtrend, volume_dryup, weekly_volume_dryup, downtrend",637,641,Stage 4,watchlist,weekly_watchlist,14.55,4,0.1999999999999993,False,False,False,False,False
LEMONTREE.NS,Lemon Tree Hotels Limited,Consumer Services,Unknown,False,Cash,1,Stage 4,Stage 4,Stage 4 - Confirmed Downtrend,Stage 4 - Confirmed Downtrend,Stage 4 • Stage 4 - Confirmed Downtrend,0.86,Price is below a bearish moving-average stack with falling trend signals.,,,2025-11-17,,watchlist,weekly_watchlist,watchlist,17.61,35.8,25.8,0.0,17.61,35.8,25.8,-6.15,-6.97,321277961.5,"Stage 4, Stage 4 - Confirmed Downtrend, weekly_vcp_ok, volume_dryup, weekly_volume_dryup, weekly_strong, downtrend",472,476,Stage 4,watchlist,weekly_watchlist,25.73,4,0.07000000000000028,False,False,False,False,False
GABRIEL.NS,Gabriel India Limited,Automobile and Auto Components,Unknown,False,Cash,1,Stage 2,Stage 2,Early Stage 2,Early Stage 2,Stage 2 • Early Stage 2,0.72,"Price has moved above long-term structure, but the full moving-average stack is not clean yet.",,,2026-07-27,,watchlist,weekly_breakout,watchlist,47.2,68.0,56.56,5.0,47.2,68.0,61.56,37.31,63.5,1181884168.42,"Stage 2, Early Stage 2, weekly_vcp_ok, weekly_strong",56,60,Stage 2,watchlist,weekly_breakout,61.56,4,0.0,False,False,False,False,False
RRKABEL.NS,R R Kabel Limited,Capital Goods,Unknown,False,Cash,1,Stage 2,Stage 2,Extended Stage 2,Extended Stage 2,Stage 2 • Extended Stage 2,0.78,"Advancing structure remains intact, but price is stretched versus key moving averages or far above the 52-week low.",,,2026-07-27,,watchlist,weekly_watchlist,watchlist,46.88,44.2,45.67,5.0,46.88,44.2,50.67,64.49,98.81,1758610414.1,"Stage 2, Extended Stage 2, trend_template_ok",134,138,Stage 2,watchlist,weekly_watchlist,50.67,4,0.0,False,False,False,False,False
ICIL.NS,Indo Count Industries Limited,Textiles,Unknown,False,Cash,1,Stage 2,Stage 2,Clean Stage 2,Clean Stage 2,Stage 2 • Clean Stage 2,0.9,"Price is above rising key averages, weekly structure is supportive, and the stock is near its 52-week high.",,,2026-07-27,,watchlist,weekly_watchlist,watchlist,47.88,28.4,39.11,10.0,47.88,28.4,49.11,48.14,76.88,169626163.39,"Stage 2, Clean Stage 2, trend_template_ok, volume_dryup, weekly_volume_dryup",150,154,Stage 2,watchlist,weekly_watchlist,49.11,4,0.0,False,False,False,False,False
APLAPOLLO.NS,APL Apollo Tubes Limited,Capital Goods,Unknown,True,F&O,1,Stage 1,Stage 1,Stage 1 - Base/Repair,Stage 1 - Base/Repair,Stage 1 • Stage 1 - Base/Repair,0.7,Price is near long-term moving averages with no strong long-term downtrend signal.,,,2026-04-24,,watchlist,weekly_watchlist,watchlist,22.1,41.8,30.96,5.0,22.1,41.8,35.96,-3.02,-5.72,908363840.28,"Stage 1, Stage 1 - Base/Repair, weekly_vcp_ok, volume_dryup, weekly_volume_dryup, weekly_strong, stage1_not_actionable, stage1_needs_more_base",290,294,Stage 1,watchlist,weekly_watchlist,35.96,4,0.0,False,False,False,False,False
RAILTEL.NS,Railtel Corporation Of India Limited,Telecommunication,Unknown,False,Cash,1,Stage 4,Stage 4,Stage 4 - Confirmed Downtrend,Stage 4 - Confirmed Downtrend,Stage 4 • Stage 4 - Confirmed Downtrend,0.86,Price is below a bearish moving-average stack with falling trend signals.,,,,,watchlist,weekly_watchlist,watchlist,17.82,35.8,25.91,10.0,17.82,35.8,35.91,-11.39,-8.41,196527463.48,"Stage 4, Stage 4 - Confirmed Downtrend, weekly_vcp_ok, volume_dryup, weekly_volume_dryup, weekly_strong, downtrend",292,296,Stage 4,watchlist,weekly_watchlist,35.91,4,0.0,False,False,False,False,False
J&KBANK.NS,The Jammu & Kashmir Bank Limited,Financial Services,Unknown,False,Cash,1,Stage 2,Stage 2,Clean Stage 2,Clean Stage 2,Stage 2 • Clean Stage 2,0.9,"Price is above rising key averages, weekly structure is supportive, and the stock is near its 52-week high.",,,2026-07-27,,watchlist,weekly_watchlist,watchlist,42.12,22.4,33.25,2.0,42.12,22.4,35.25,37.46,75.65,1135831022.76,"Stage 2, Clean Stage 2, trend_template_ok, weekly_volume_dryup",302,306,Stage 2,watchlist,weekly_watchlist,35.25,4,0.0,False,False,False,False,False
VINATIORGA.NS,Vinati Organics Limited,Chemicals,Unknown,False,Cash,1,Stage 4,Stage 4,Stage 4 - Weak/Declining,Stage 4 - Weak/Declining,Stage 4 • Stage 4 - Weak/Declining,0.72,Price is below long-term support with weak trend evidence.,,,,,watchlist,weekly_watchlist,watchlist,20.0,35.8,27.11,5.0,20.0,35.8,32.11,-1.58,-9.26,73847288.54,"Stage 4, Stage 4 - Weak/Declining, weekly_vcp_ok, volume_dryup, weekly_volume_dryup, weekly_strong, downtrend",337,341,Stage 4,watchlist,weekly_watchlist,32.11,4,0.0,False,False,False,False,False
BIRLACORPN.NS,Birla Corporation Limited,Construction Materials,Unknown,False,Cash,1,Stage 4,Stage 4,Stage 4 - Weak/Declining,Stage 4 - Weak/Declining,Stage 4 • Stage 4 - Weak/Declining,0.72,Price is below long-term support with weak trend evidence.,,,,,watchlist,weekly_watchlist,watchlist,16.57,35.8,25.22,0.0,16.57,35.8,25.22,-2.42,-7.84,136593770.28,"Stage 4, Stage 4 - Weak/Declining, weekly_vcp_ok, weekly_strong, downtrend",482,486,Stage 4,watchlist,weekly_watchlist,25.22,4,0.0,False,False,False,False,False
DISHTV.NS,Dish TV India Limited,"Media, Entertainment & Publication",Unknown,False,Cash,1,Stage 4,Stage 4,Stage 4 - Confirmed Downtrend,Stage 4 - Confirmed Downtrend,Stage 4 • Stage 4 - Confirmed Downtrend,0.86,Price is below a bearish moving-average stack with falling trend signals.,,,,,watchlist,weekly_watchlist,watchlist,9.2,35.8,21.17,0.0,9.2,35.8,21.17,-26.13,-10.66,2471900.06,"Stage 4, Stage 4 - Confirmed Downtrend, weekly_vcp_ok, volume_dryup, weekly_volume_dryup, weekly_strong, downtrend",558,562,Stage 4,watchlist,weekly_watchlist,21.17,4,0.0,False,False,False,False,False
COCHINSHIP.NS,Cochin Shipyard Limited,Capital Goods,Unknown,True,F&O,1,Stage 4,Stage 4,Stage 4 - Confirmed Downtrend,Stage 4 - Confirmed Downtrend,Stage 4 • Stage 4 - Confirmed Downtrend,0.86,Price is below a bearish moving-average stack with falling trend signals.,,,2025-10-17,,watchlist,weekly_watchlist,watchlist,0.0,35.8,16.11,5.0,0.0,35.8,21.11,-20.19,-4.35,2210760174.82,"Stage 4, Stage 4 - Confirmed Downtrend, weekly_vcp_ok, volume_dryup, weekly_volume_dryup, weekly_strong, downtrend",559,563,Stage 4,watchlist,weekly_watchlist,21.11,4,0.0,False,False,False,False,False
ELECTCAST.NS,Electrosteel Castings Limited,Capital Goods,Unknown,False,Cash,1,Stage 4,Stage 4,Stage 4 - Weak/Declining,Stage 4 - Weak/Declining,Stage 4 • Stage 4 - Weak/Declining,0.72,Price is below long-term support with weak trend evidence.,,,,,watchlist,weekly_watchlist,watchlist,0.0,35.8,16.11,5.0,0.0,35.8,21.11,-12.78,7.35,82545244.39,"Stage 4, Stage 4 - Weak/Declining, weekly_vcp_ok, volume_dryup, weekly_volume_dryup, weekly_strong, downtrend",560,564,Stage 4,watchlist,weekly_watchlist,21.11,4,0.0,False,False,False,False,False
KEC.NS,KEC International Limited,Capital Goods,Unknown,False,Cash,1,Stage 4,Stage 4,Stage 4 - Confirmed Downtrend,Stage 4 - Confirmed Downtrend,Stage 4 • Stage 4 - Confirmed Downtrend,0.86,Price is below a bearish moving-average stack with falling trend signals.,,,,,watchlist,weekly_watchlist,watchlist,0.0,35.8,16.11,5.0,0.0,35.8,21.11,-16.85,-20.96,493253600.3,"Stage 4, Stage 4 - Confirmed Downtrend, weekly_vcp_ok, weekly_volume_dryup, weekly_strong, downtrend",561,565,Stage 4,watchlist,weekly_watchlist,21.11,4,0.0,False,False,False,False,False
RHIM.NS,RHI MAGNESITA INDIA LIMITED,Capital Goods,Unknown,False,Cash,1,Stage 4,Stage 4,Stage 4 - Weak/Declining,Stage 4 - Weak/Declining,Stage 4 • Stage 4 - Weak/Declining,0.72,Price is below long-term support with weak trend evidence.,,,,,watchlist,weekly_watchlist,watchlist,0.0,35.8,16.11,5.0,0.0,35.8,21.11,-2.94,-1.76,1856174858.87,"Stage 4, Stage 4 - Weak/Declining, weekly_vcp_ok, volume_dryup, weekly_volume_dryup, weekly_strong, downtrend",562,566,Stage 4,watchlist,weekly_watchlist,21.11,4,0.0,False,False,False,False,False
SALASAR.NS,Salasar Techno Engineering Limited,Capital Goods,Unknown,False,Cash,1,Stage 4,Stage 4,Stage 4 - Confirmed Downtrend,Stage 4 - Confirmed Downtrend,Stage 4 • Stage 4 - Confirmed Downtrend,0.86,Price is below a bearish moving-average stack with falling trend signals.,,,,,watchlist,weekly_watchlist,watchlist,0.0,35.8,16.11,5.0,0.0,35.8,21.11,-20.9,-17.43,18322429.69,"Stage 4, Stage 4 - Confirmed Downtrend, weekly_vcp_ok, volume_dryup, weekly_volume_dryup, weekly_strong, downtrend",563,567,Stage 4,watchlist,weekly_watchlist,21.11,4,0.0,False,False,False,False,False
SKFINDIA.NS,SKF India Limited,Capital Goods,Unknown,False,Cash,1,Stage 4,Stage 4,Stage 4 - Confirmed Downtrend,Stage 4 - Confirmed Downtrend,Stage 4 • Stage 4 - Confirmed Downtrend,0.86,Price is below a bearish moving-average stack with falling trend signals.,,,,,watchlist,weekly_watchlist,watchlist,0.0,35.8,16.11,5.0,0.0,35.8,21.11,-12.19,-5.88,75887447.19,"Stage 4, Stage 4 - Confirmed Downtrend, weekly_vcp_ok, weekly_strong, downtrend",564,568,Stage 4,watchlist,weekly_watchlist,21.11,4,0.0,False,False,False,False,False
SUPREMEIND.NS,Supreme Industries Limited,Capital Goods,Unknown,True,F&O,1,Stage 4,Stage 4,Stage 4 - Confirmed Downtrend,Stage 4 - Confirmed Downtrend,Stage 4 • Stage 4 - Confirmed Downtrend,0.86,Price is below a bearish moving-average stack with falling trend signals.,,,,,watchlist,weekly_watchlist,watchlist,0.0,35.8,16.11,5.0,0.0,35.8,21.11,-5.57,3.94,734626396.91,"Stage 4, Stage 4 - Confirmed Downtrend, weekly_vcp_ok, weekly_strong, downtrend",565,569,Stage 4,watchlist,weekly_watchlist,21.11,4,0.0,False,False,False,False,False
UPL.NS,UPL Limited,Chemicals,Unknown,True,F&O,1,Stage 4,Stage 4,Stage 4 - Confirmed Downtrend,Stage 4 - Confirmed Downtrend,Stage 4 • Stage 4 - Confirmed Downtrend,0.86,Price is below a bearish moving-average stack with falling trend signals.,,,2026-01-20,,watchlist,weekly_watchlist,watchlist,0.0,35.8,16.11,5.0,0.0,35.8,21.11,-5.63,-10.84,1221781103.37,"Stage 4, Stage 4 - Confirmed Downtrend, weekly_vcp_ok, weekly_volume_dryup, weekly_strong, downtrend",566,570,Stage 4,watchlist,weekly_watchlist,21.11,4,0.0,False,False,False,False,False
GENSOL.NS,Gensol Engineering Limited,Services,Unknown,False,Cash,1,Stage 4,Stage 4,Stage 4 - Confirmed Downtrend,Stage 4 - Confirmed Downtrend,Stage 4 • Stage 4 - Confirmed Downtrend,0.86,Price is below a bearish moving-average stack with falling trend signals.,,,,,watchlist,weekly_watchlist,watchlist,0.0,36.9,16.61,2.0,0.0,36.9,18.61,-24.62,-19.61,197665.87,"Stage 4, Stage 4 - Confirmed Downtrend, weekly_vcp_ok, volume_dryup, weekly_volume_dryup, weekly_strong, downtrend",593,597,Stage 4,watchlist,weekly_watchlist,18.61,4,0.0,False,False,False,False,False
MMTC.NS,MMTC Limited,Services,Unknown,False,Cash,1,Stage 2 Failed,Stage 4,Failed Stage 2,Failed Stage 2,Stage 2 Failed • Failed Stage 2,0.72,"This stock was recently Stage 2, but the latest structure no longer satisfies Stage 2 rules. It is kept as Stage 2 Failed until a fresh base/repair structure forms.",Recent Stage 2 break; public stage held as Stage 2 Failed.,2026-07-28,2026-07-13,,watchlist,weekly_watchlist,watchlist,0.0,36.9,16.61,2.0,0.0,36.9,18.61,-6.42,-1.39,116664796.49,"Stage 4, Stage 4 - Weak/Declining, weekly_vcp_ok, volume_dryup, weekly_volume_dryup, weekly_strong, downtrend | Stage 2 failed state applied from stage memory.",594,598,Stage 2 Failed,watchlist,weekly_watchlist,18.61,4,0.0,False,False,False,False,False
INDIACEM.NS,The India Cements Limited,Construction Materials,Unknown,False,Cash,1,Stage 1,Stage 1,Stage 1 - Base/Repair,Stage 1 - Base/Repair,Stage 1 • Stage 1 - Base/Repair,0.7,Price is near long-term moving averages with no strong long-term downtrend signal.,,,2026-02-26,,watchlist,weekly_watchlist,watchlist,19.0,11.2,15.49,0.0,19.0,11.2,15.49,-1.46,-9.44,164471230.27,"Stage 1, Stage 1 - Base/Repair, stage1_not_actionable, stage1_needs_more_base",630,634,Stage 1,watchlist,weekly_watchlist,15.49,4,0.0,False,False,False,False,False
GPIL.NS,Godawari Power And Ispat limited,Capital Goods,Unknown,False,Cash,1,Stage 4,Stage 4,Stage 4 - Weak/Declining,Stage 4 - Weak/Declining,Stage 4 • Stage 4 - Weak/Declining,0.72,Price is below long-term support with weak trend evidence.,,,2026-06-05,,watchlist,weekly_watchlist,watchlist,0.0,36.9,16.61,5.0,0.0,36.9,21.61,-17.1,3.77,329616381.39,"Stage 4, Stage 4 - Weak/Declining, weekly_vcp_ok, volume_dryup, weekly_volume_dryup, weekly_strong, downtrend",549,553,Stage 4,watchlist,weekly_watchlist,21.62,4,-0.010000000000001563,False,False,False,False,False
UCOBANK.NS,UCO Bank,Financial Services,Unknown,False,Cash,1,Stage 4,Stage 4,Stage 4 - Weak/Declining,Stage 4 - Weak/Declining,Stage 4 • Stage 4 - Weak/Declining,0.72,Price is below long-term support with weak trend evidence.,,,,,watchlist,weekly_watchlist,watchlist,0.0,35.9,16.16,2.0,0.0,35.9,18.16,1.26,-0.23,154149390.51,"Stage 4, Stage 4 - Weak/Declining, weekly_vcp_ok, volume_dryup, weekly_strong, downtrend",598,602,Stage 4,watchlist,weekly_watchlist,18.17,4,-0.010000000000001563,False,False,False,False,False
BALRAMCHIN.NS,Balrampur Chini Mills Limited,Fast Moving Consumer Goods,Unknown,False,Cash,1,Stage 2,Stage 2,Clean Stage 2,Clean Stage 2,Stage 2 • Clean Stage 2,0.9,"Price is above rising key averages, weekly structure is supportive, and the stock is near its 52-week high.",,,2026-07-27,,watchlist,weekly_breakout,watchlist,62.2,64.83,63.38,0.0,62.2,64.83,63.38,16.2,54.12,429137747.76,"Stage 2, Clean Stage 2, trend_template_ok, weekly_vcp_ok, weekly_volume_dryup, weekly_strong",43,47,Stage 2,watchlist,weekly_breakout,63.43,4,-0.04999999999999716,False,False,False,False,False
PRINCEPIPE.NS,Prince Pipes And Fittings Limited,Capital Goods,Unknown,False,Cash,1,Stage 4,Stage 4,Stage 4 - Weak/Declining,Stage 4 - Weak/Declining,Stage 4 • Stage 4 - Weak/Declining,0.72,Price is below long-term support with weak trend evidence.,,,,,watchlist,weekly_watchlist,watchlist,13.49,5.49,9.89,5.0,13.49,5.49,14.89,0.2,14.67,36899363.44,"Stage 4, Stage 4 - Weak/Declining, volume_dryup, weekly_volume_dryup, downtrend",634,638,Stage 4,watchlist,weekly_watchlist,14.97,4,-0.08000000000000007,False,False,False,False,False
SYRMA.NS,Syrma SGS Technology Limited,Capital Goods,Unknown,False,Cash,1,Stage 2,Stage 2,Messy Stage 2,Messy Stage 2,Stage 2 • Messy Stage 2,0.64,"Long-term structure is still constructive, but the short-term/weekly structure is not clean.",,,2026-07-27,,watchlist,weekly_forming,watchlist,45.19,65.8,54.46,5.0,45.19,65.8,59.46,36.23,103.41,1360048259.58,"Stage 2, Messy Stage 2, trend_template_ok, weekly_vcp_ok, volume_dryup, weekly_volume_dryup, weekly_strong",69,73,Stage 2,watchlist,weekly_forming,59.63,4,-0.1700000000000017,False,False,False,False,False
KPIGREEN.NS,KPI Green Energy Limited,Power,Unknown,False,Cash,1,Stage 4,Stage 4,Stage 4 - Confirmed Downtrend,Stage 4 - Confirmed Downtrend,Stage 4 • Stage 4 - Confirmed Downtrend,0.86,Price is below a bearish moving-average stack with falling trend signals.,,,,,watchlist,weekly_watchlist,watchlist,10.62,35.8,21.95,2.0,10.62,35.8,23.95,-13.56,-0.66,185963046.98,"Stage 4, Stage 4 - Confirmed Downtrend, weekly_vcp_ok, weekly_volume_dryup, weekly_strong, downtrend",512,516,Stage 4,watchlist,weekly_watchlist,24.13,4,-0.17999999999999972,False,False,False,False,False
INDHOTEL.NS,The Indian Hotels Company Limited,Consumer Services,Unknown,True,F&O,1,Stage 2,Stage 2,Early Stage 2,Early Stage 2,Stage 2 • Early Stage 2,0.72,"Price has moved above long-term structure, but the full moving-average stack is not clean yet.",,,2026-07-27,,watchlist,weekly_watchlist,watchlist,44.05,31.81,38.54,0.0,44.05,31.81,38.54,16.1,17.96,1864180704.13,"Stage 2, Early Stage 2",254,258,Stage 2,watchlist,weekly_watchlist,38.78,4,-0.240000000000002,False,False,False,False,False
CHAMBLFERT.NS,Chambal Fertilizers & Chemicals Limited,Chemicals,Unknown,False,Cash,1,Stage 4,Stage 4,Stage 4 - Weak/Declining,Stage 4 - Weak/Declining,Stage 4 • Stage 4 - Weak/Declining,0.72,Price is below long-term support with weak trend evidence.,,,2026-07-03,,watchlist,weekly_watchlist,watchlist,19.55,38.45,28.06,5.0,19.55,38.45,33.06,0.12,4.39,172226163.5,"Stage 4, Stage 4 - Weak/Declining, weekly_vcp_ok, volume_dryup, weekly_volume_dryup, weekly_strong, downtrend",325,329,Stage 4,watchlist,weekly_watchlist,33.31,4,-0.25,False,False,False,False,False
COLPAL.NS,Colgate Palmolive (India) Limited,Fast Moving Consumer Goods,Unknown,True,F&O,1,Not Sure,Not Sure,Not Sure,Not Sure,Not Sure,0.0,Stage rules did not identify a reliable structure.,No confident stage classification.,,,,watchlist,weekly_watchlist,watchlist,33.87,54.63,43.21,0.0,33.87,54.63,43.21,3.24,5.1,569395782.44,"Not Sure, Not Sure, weekly_vcp_ok, volume_dryup, weekly_volume_dryup, weekly_strong",199,203,Not Sure,watchlist,weekly_watchlist,43.59,4,-0.38000000000000256,False,False,False,False,False
AJANTPHARM.NS,Ajanta Pharma Limited,Healthcare,Unknown,False,Cash,1,Stage 2,Stage 2,Clean Stage 2,Clean Stage 2,Stage 2 • Clean Stage 2,0.9,"Price is above rising key averages, weekly structure is supportive, and the stock is near its 52-week high.",,,2026-07-27,,watchlist,weekly_watchlist,watchlist,43.2,29.5,37.04,10.0,43.2,29.5,47.04,18.45,28.53,313856682.9,"Stage 2, Clean Stage 2, trend_template_ok, volume_dryup, weekly_volume_dryup",167,171,Stage 2,watchlist,weekly_watchlist,47.45,4,-0.4100000000000037,False,False,False,False,False
FEDERALBNK.NS,The Federal Bank Limited,Financial Services,Unknown,True,F&O,1,Stage 2,Stage 2,Clean Stage 2,Clean Stage 2,Stage 2 • Clean Stage 2,0.9,"Price is above rising key averages, weekly structure is supportive, and the stock is near its 52-week high.",,,2026-07-27,,watchlist,weekly_breakout,watchlist,66.79,62.46,64.84,2.0,66.79,62.46,66.84,24.54,30.03,2520270119.52,"Stage 2, Clean Stage 2, trend_template_ok, weekly_vcp_ok, volume_dryup, weekly_volume_dryup, weekly_strong",21,25,Stage 2,watchlist,weekly_breakout,67.31,4,-0.46999999999999886,False,False,False,False,False
HIKAL.NS,Hikal Limited,Healthcare,Unknown,False,Cash,1,Stage 1,Stage 1,Stage 1 - Early Turn,Stage 1 - Early Turn,Stage 1 • Stage 1 - Early Turn,0.66,The stock is improving from a repair/base area but has not confirmed a clean Stage 2 yet.,,,,,watchlist,weekly_watchlist,watchlist,24.35,39.25,31.06,10.0,24.35,39.25,41.06,14.7,16.79,224562785.58,"Stage 1, Stage 1 - Early Turn, weekly_vcp_ok, volume_dryup, weekly_volume_dryup, stage1_not_actionable, stage1_needs_more_base",219,223,Stage 1,watchlist,weekly_watchlist,41.64,4,-0.5799999999999983,False,False,False,False,False
WAAREEENER.NS,Waaree Energies Ltd.,Capital Goods,Unknown,True,F&O,1,Stage 4,Stage 4,Stage 4 - Confirmed Downtrend,Stage 4 - Confirmed Downtrend,Stage 4 • Stage 4 - Confirmed Downtrend,0.86,Price is below a bearish moving-average stack with falling trend signals.,,,,,watchlist,weekly_watchlist,watchlist,13.83,0.0,7.61,5.0,13.83,0.0,12.61,-13.57,4.63,1859184494.13,"Stage 4, Stage 4 - Confirmed Downtrend, volume_dryup, downtrend",659,662,Stage 4,watchlist,weekly_watchlist,12.03,3,0.5800000000000001,False,False,False,False,False
M&MFIN.NS,Mahindra & Mahindra Financial Services Limited,Financial Services,Unknown,False,Cash,1,Stage 2,Stage 2,Extended Stage 2,Extended Stage 2,Stage 2 • Extended Stage 2,0.78,"Advancing structure remains intact, but price is stretched versus key moving averages or far above the 52-week low.",,,2026-07-27,,watchlist,weekly_breakout,watchlist,44.45,61.05,51.92,2.0,44.45,61.05,53.92,22.96,9.55,2542525506.39,"Stage 2, Extended Stage 2, weekly_vcp_ok, weekly_strong",115,118,Stage 2,watchlist,weekly_breakout,53.49,3,0.4299999999999997,False,False,False,False,False
HLEGLAS.NS,HLE Glascoat Limited,Capital Goods,Unknown,False,Cash,1,Stage 1,Stage 1,Stage 1 - Early Turn,Stage 1 - Early Turn,Stage 1 • Stage 1 - Early Turn,0.66,The stock is improving from a repair/base area but has not confirmed a clean Stage 2 yet.,,,2025-11-11,,watchlist,weekly_watchlist,watchlist,25.69,22.49,24.25,5.0,25.69,22.49,29.25,31.13,13.75,174981410.38,"Stage 1, Stage 1 - Early Turn, volume_dryup, weekly_volume_dryup, stage1_not_actionable, stage1_needs_more_base",399,402,Stage 1,watchlist,weekly_watchlist,28.99,3,0.26000000000000156,False,False,False,False,False
IREDA.NS,Indian Renewable Energy Development Agency Ltd.,Financial Services,Unknown,True,F&O,1,Stage 4,Stage 4,Stage 4 - Confirmed Downtrend,Stage 4 - Confirmed Downtrend,Stage 4 • Stage 4 - Confirmed Downtrend,0.86,Price is below a bearish moving-average stack with falling trend signals.,,,,,watchlist,weekly_watchlist,watchlist,14.34,35.8,24.0,2.0,14.34,35.8,26.0,-10.77,-1.35,469184343.31,"Stage 4, Stage 4 - Confirmed Downtrend, weekly_vcp_ok, volume_dryup, weekly_volume_dryup, weekly_strong, downtrend",467,470,Stage 4,watchlist,weekly_watchlist,25.85,3,0.14999999999999858,False,False,False,False,False
CONCORDBIO.NS,Concord Biotech Limited,Healthcare,Unknown,False,Cash,1,Stage 1,Stage 1,Stage 1 - Early Turn,Stage 1 - Early Turn,Stage 1 • Stage 1 - Early Turn,0.66,The stock is improving from a repair/base area but has not confirmed a clean Stage 2 yet.,,,,,watchlist,weekly_watchlist,watchlist,1.13,43.68,20.28,10.0,1.13,43.68,30.28,10.69,8.07,123170376.01,"Stage 1, Stage 1 - Early Turn, weekly_vcp_ok, volume_dryup, weekly_volume_dryup, weekly_strong, stage1_not_actionable, stage1_needs_more_base",375,378,Stage 1,watchlist,weekly_watchlist,30.18,3,0.10000000000000142,False,False,False,False,False
BAJAJFINSV.NS,Bajaj Finserv Limited,Financial Services,Unknown,True,F&O,1,Stage 1,Stage 1,Stage 1 - Early Turn,Stage 1 - Early Turn,Stage 1 • Stage 1 - Early Turn,0.66,The stock is improving from a repair/base area but has not confirmed a clean Stage 2 yet.,,,2025-12-02,,watchlist,weekly_watchlist,watchlist,0.0,51.38,23.12,2.0,0.0,51.38,25.12,10.48,5.28,2494237273.49,"Stage 1, Stage 1 - Early Turn, weekly_vcp_ok, weekly_strong, stage1_not_actionable, stage1_needs_more_base",486,489,Stage 1,watchlist,weekly_watchlist,25.02,3,0.10000000000000142,False,False,False,False,False
VENUSPIPES.NS,Venus Pipes & Tubes Limited,Capital Goods,Unknown,False,Cash,1,Stage 2,Stage 2,Clean Stage 2,Clean Stage 2,Stage 2 • Clean Stage 2,0.9,"Price is above rising key averages, weekly structure is supportive, and the stock is near its 52-week high.",,,2026-07-27,,watchlist,weekly_watchlist,watchlist,64.71,23.6,46.21,5.0,64.71,23.6,51.21,20.64,66.49,191467579.68,"Stage 2, Clean Stage 2, trend_template_ok, volume_dryup, weekly_volume_dryup",131,134,Stage 2,watchlist,weekly_watchlist,51.19,3,0.020000000000003126,False,False,False,False,False
FLUOROCHEM.NS,Gujarat Fluorochemicals Limited,Chemicals,Unknown,False,Cash,1,Stage 2,Stage 2,Early Stage 2,Early Stage 2,Stage 2 • Early Stage 2,0.72,"Price has moved above long-term structure, but the full moving-average stack is not clean yet.",,,2026-07-27,,watchlist,weekly_breakout,watchlist,47.2,66.73,55.99,5.0,47.2,66.73,60.99,24.63,53.64,865711406.39,"Stage 2, Early Stage 2, weekly_vcp_ok, weekly_strong",61,64,Stage 2,watchlist,weekly_breakout,60.99,3,0.0,False,False,False,False,False
RATEGAIN.NS,Rategain Travel Technologies Limited,Information Technology,Unknown,False,Cash,1,Stage 2,Stage 2,Early Stage 2,Early Stage 2,Stage 2 • Early Stage 2,0.72,"Price has moved above long-term structure, but the full moving-average stack is not clean yet.",,,2026-07-27,,watchlist,weekly_watchlist,watchlist,27.88,34.0,30.63,0.0,27.88,34.0,30.63,50.77,53.71,385158137.78,"Stage 2, Early Stage 2, volume_dryup, weekly_volume_dryup",368,371,Stage 2,watchlist,weekly_watchlist,30.63,3,0.0,False,False,False,False,False
ICICIPRULI.NS,ICICI Prudential Life Insurance Company Limited,Financial Services,Unknown,True,F&O,1,Stage 4,Stage 4,Stage 4 - Weak/Declining,Stage 4 - Weak/Declining,Stage 4 • Stage 4 - Weak/Declining,0.72,Price is below long-term support with weak trend evidence.,,,2026-02-06,,watchlist,weekly_watchlist,watchlist,11.57,35.8,22.47,2.0,11.57,35.8,24.47,-0.34,-15.84,1026309850.75,"Stage 4, Stage 4 - Weak/Declining, weekly_vcp_ok, weekly_volume_dryup, weekly_strong, downtrend",501,504,Stage 4,watchlist,weekly_watchlist,24.47,3,0.0,False,False,False,False,False
VENTIVE.NS,Ventive Hospitality Ltd.,Consumer Services,Unknown,False,Cash,1,Stage 4,Stage 4,Stage 4 - Confirmed Downtrend,Stage 4 - Confirmed Downtrend,Stage 4 • Stage 4 - Confirmed Downtrend,0.86,Price is below a bearish moving-average stack with falling trend signals.,,,,,watchlist,weekly_watchlist,watchlist,10.2,35.8,21.72,0.0,10.2,35.8,21.72,-0.03,-11.34,10026685.36,"Stage 4, Stage 4 - Confirmed Downtrend, weekly_vcp_ok, volume_dryup, weekly_volume_dryup, weekly_strong, downtrend",547,550,Stage 4,watchlist,weekly_watchlist,21.72,3,0.0,False,False,False,False,False
CMSINFO.NS,CMS Info Systems Limited,Services,Unknown,False,Cash,1,Stage 4,Stage 4,Stage 4 - Confirmed Downtrend,Stage 4 - Confirmed Downtrend,Stage 4 • Stage 4 - Confirmed Downtrend,0.86,Price is below a bearish moving-average stack with falling trend signals.,,,,,watchlist,weekly_watchlist,watchlist,0.0,35.8,16.11,2.0,0.0,35.8,18.11,-6.43,-8.8,168582391.69,"Stage 4, Stage 4 - Confirmed Downtrend, weekly_vcp_ok, weekly_volume_dryup, weekly_strong, downtrend",600,603,Stage 4,watchlist,weekly_watchlist,18.11,3,0.0,False,False,False,False,False
MTARTECH.NS,Mtar Technologies Limited,Capital Goods,Unknown,False,Cash,1,Stage 2 Failed,Stage 1,Failed Stage 2,Failed Stage 2,Stage 2 Failed • Failed Stage 2,0.72,"This stock was recently Stage 2, but the latest structure no longer satisfies Stage 2 rules. It is kept as Stage 2 Failed until a fresh base/repair structure forms.",Recent Stage 2 break; public stage held as Stage 2 Failed.,2026-07-28,2026-07-16,,watchlist,weekly_watchlist,watchlist,4.75,7.6,6.03,5.0,4.75,7.6,11.03,-15.29,120.85,1125868355.95,"Stage 1, Stage 1 - Base/Repair, volume_dryup, weekly_volume_dryup, stage1_not_actionable, stage1_needs_more_base | Stage 2 failed state applied from stage memory.",666,669,Stage 2 Failed,watchlist,weekly_watchlist,11.03,3,0.0,False,False,False,False,False
INDIANB.NS,Indian Bank,Financial Services,Unknown,True,F&O,1,Stage 1,Stage 1,Stage 1 - Base/Repair,Stage 1 - Base/Repair,Stage 1 • Stage 1 - Base/Repair,0.7,Price is near long-term moving averages with no strong long-term downtrend signal.,,,2026-04-27,,watchlist,weekly_watchlist,watchlist,0.0,49.99,22.5,2.0,0.0,49.99,24.5,0.06,1.84,2821057613.87,"Stage 1, Stage 1 - Base/Repair, weekly_vcp_ok, volume_dryup, weekly_volume_dryup, weekly_strong, stage1_not_actionable, stage1_needs_more_base",499,502,Stage 1,watchlist,weekly_watchlist,24.51,3,-0.010000000000001563,False,False,False,False,False
POLICYBZR.NS,PB Fintech Limited,Financial Services,Unknown,True,F&O,1,Stage 4,Stage 4,Stage 4 - Weak/Declining,Stage 4 - Weak/Declining,Stage 4 • Stage 4 - Weak/Declining,0.72,Price is below long-term support with weak trend evidence.,,,2025-12-31,,watchlist,weekly_watchlist,watchlist,13.8,35.8,23.7,2.0,13.8,35.8,25.7,-4.93,1.81,4614257567.1,"Stage 4, Stage 4 - Weak/Declining, weekly_vcp_ok, volume_dryup, weekly_volume_dryup, weekly_strong, downtrend",474,477,Stage 4,watchlist,weekly_watchlist,25.73,3,-0.030000000000001137,False,False,False,False,False
LICI.NS,Life Insurance Corporation Of India,Financial Services,Unknown,True,F&O,1,Stage 2,Stage 2,Early Stage 2,Early Stage 2,Stage 2 • Early Stage 2,0.72,"Price has moved above long-term structure, but the full moving-average stack is not clean yet.",,,2026-07-27,,watchlist,weekly_breakout,watchlist,48.35,68.05,57.22,2.0,48.35,68.05,59.22,9.62,12.89,1026685075.65,"Stage 2, Early Stage 2, weekly_vcp_ok, volume_dryup, weekly_volume_dryup, weekly_strong",74,77,Stage 2,watchlist,weekly_breakout,59.26,3,-0.03999999999999915,False,False,False,False,False
SUNPHARMA.NS,Sun Pharmaceutical Industries Limited,Healthcare,Unknown,True,F&O,1,Stage 2,Stage 2,Clean Stage 2,Clean Stage 2,Stage 2 • Clean Stage 2,0.9,"Price is above rising key averages, weekly structure is supportive, and the stock is near its 52-week high.",,,2026-07-27,,watchlist,weekly_breakout,watchlist,47.43,62.5,54.21,10.0,47.43,62.5,64.21,9.64,26.37,4442073814.31,"Stage 2, Clean Stage 2, weekly_vcp_ok, weekly_strong",36,39,Stage 2,watchlist,weekly_breakout,64.34,3,-0.13000000000000966,False,False,False,False,False
HEMIPROP.NS,Hemisphere Properties India Limited,Realty,Unknown,False,Cash,1,Stage 4,Stage 4,Stage 4 - Weak/Declining,Stage 4 - Weak/Declining,Stage 4 • Stage 4 - Weak/Declining,0.72,Price is below long-term support with weak trend evidence.,,,2026-07-03,,watchlist,weekly_watchlist,watchlist,16.59,0.0,9.12,2.0,16.59,0.0,11.12,4.61,9.25,51888664.7,"Stage 4, Stage 4 - Weak/Declining, volume_dryup, weekly_volume_dryup, downtrend",665,668,Stage 4,watchlist,weekly_watchlist,11.3,3,-0.1800000000000015,False,False,False,False,False
EICHERMOT.NS,Eicher Motors Limited,Automobile and Auto Components,Unknown,True,F&O,1,Stage 2,Stage 2,Clean Stage 2,Clean Stage 2,Stage 2 • Clean Stage 2,0.9,"Price is above rising key averages, weekly structure is supportive, and the stock is near its 52-week high.",,,2026-07-27,,forming_vcp,weekly_breakout,watchlist,60.45,68.23,63.95,5.0,60.45,68.23,68.95,10.27,14.03,3934352264.85,"Stage 2, Clean Stage 2, trend_template_ok, daily_vcp_ok, weekly_vcp_ok, volume_dryup, weekly_volume_dryup, weekly_strong",14,17,Stage 2,forming_vcp,weekly_breakout,69.15,3,-0.20000000000000284,False,False,False,False,False
GMRAIRPORT.NS,GMR Airports Ltd.,Services,Unknown,True,F&O,1,Stage 2,Stage 2,Clean Stage 2,Clean Stage 2,Stage 2 • Clean Stage 2,0.9,"Price is above rising key averages, weekly structure is supportive, and the stock is near its 52-week high.",,,2026-07-27,,watchlist,weekly_watchlist,watchlist,45.93,29.32,38.46,2.0,45.93,29.32,40.46,12.0,21.2,2025495514.23,"Stage 2, Clean Stage 2, daily_vcp_ok, volume_dryup, weekly_volume_dryup",232,235,Stage 2,watchlist,weekly_watchlist,40.68,3,-0.21999999999999886,False,False,False,False,False
ALKYLAMINE.NS,Alkyl Amines Chemicals Limited,Chemicals,Unknown,False,Cash,1,Stage 2,Stage 2,Early Stage 2,Early Stage 2,Stage 2 • Early Stage 2,0.72,"Price has moved above long-term structure, but the full moving-average stack is not clean yet.",Stage 2 reclaimed after 3 confirmation runs.,,2026-07-27,,watchlist,weekly_watchlist,watchlist,40.48,24.56,33.32,5.0,40.48,24.56,38.32,20.18,21.38,260888071.11,"Stage 2, Early Stage 2, volume_dryup, weekly_volume_dryup",259,262,Stage 2 Failed,watchlist,weekly_watchlist,38.55,3,-0.22999999999999687,False,False,True,False,False
PNCINFRA.NS,PNC Infratech Limited,Construction,Unknown,False,Cash,1,Stage 1,Stage 1,Stage 1 - Early Turn,Stage 1 - Early Turn,Stage 1 • Stage 1 - Early Turn,0.66,The stock is improving from a repair/base area but has not confirmed a clean Stage 2 yet.,,,,,watchlist,weekly_watchlist,watchlist,0.0,52.27,23.52,0.0,0.0,52.27,23.52,9.45,15.24,116448635.15,"Stage 1, Stage 1 - Early Turn, weekly_vcp_ok, volume_dryup, weekly_volume_dryup, weekly_strong, stage1_not_actionable, stage1_needs_more_base",522,525,Stage 1,watchlist,weekly_watchlist,23.79,3,-0.2699999999999996,False,False,False,False,False
GAIL.NS,GAIL (India) Limited,"Oil, Gas & Consumable Fuels",Unknown,True,F&O,1,Stage 2,Stage 2,Early Stage 2,Early Stage 2,Stage 2 • Early Stage 2,0.72,"Price has moved above long-term structure, but the full moving-average stack is not clean yet.",,,2026-07-27,,watchlist,weekly_watchlist,watchlist,60.44,27.29,45.52,0.0,60.44,27.29,45.52,7.35,17.55,1181540711.21,"Stage 2, Early Stage 2",185,187,Stage 2,watchlist,weekly_watchlist,44.68,2,0.8400000000000034,False,False,False,False,False
HGS.NS,Hinduja Global Solutions Limited,Services,Unknown,False,Cash,1,Stage 1,Stage 1,Stage 1 - Early Turn,Stage 1 - Early Turn,Stage 1 • Stage 1 - Early Turn,0.66,The stock is improving from a repair/base area but has not confirmed a clean Stage 2 yet.,,,,,watchlist,weekly_watchlist,watchlist,0.77,1.95,1.3,2.0,0.77,1.95,3.3,2.93,8.55,50929454.35,"Stage 1, Stage 1 - Early Turn, volume_dryup, weekly_volume_dryup, stage1_not_actionable, stage1_needs_more_base",728,730,Stage 1,watchlist,weekly_watchlist,2.83,2,0.46999999999999975,False,False,False,False,False
PAGEIND.NS,Page Industries Limited,Textiles,Unknown,True,F&O,1,Stage 2,Stage 2,Early Stage 2,Early Stage 2,Stage 2 • Early Stage 2,0.72,"Price has moved above long-term structure, but the full moving-average stack is not clean yet.",,,2026-07-27,,watchlist,weekly_breakout,watchlist,40.31,62.76,50.41,10.0,40.31,62.76,60.41,10.22,28.37,1451143874.0,"Stage 2, Early Stage 2, weekly_vcp_ok, volume_dryup, weekly_volume_dryup, weekly_strong",65,67,Stage 2,watchlist,weekly_breakout,60.13,2,0.27999999999999403,False,False,False,False,False
EPL.NS,EPL Limited,Capital Goods,Unknown,False,Cash,1,Stage 2,Stage 2,Clean Stage 2,Clean Stage 2,Stage 2 • Clean Stage 2,0.9,"Price is above rising key averages, weekly structure is supportive, and the stock is near its 52-week high.",,,2026-07-27,,forming_vcp,weekly_near_pivot,building_setup,64.79,68.97,66.67,5.0,64.79,68.97,71.67,4.0,27.68,125799182.81,"Stage 2, Clean Stage 2, trend_template_ok, daily_vcp_ok, weekly_vcp_ok, volume_dryup, weekly_volume_dryup, weekly_strong",5,7,Stage 2,forming_vcp,weekly_near_pivot,71.4,2,0.269999999999996,False,False,False,False,False
ASTERDM.NS,Aster DM Healthcare Limited,Healthcare,Unknown,False,Cash,1,Stage 2,Stage 2,Clean Stage 2,Clean Stage 2,Stage 2 • Clean Stage 2,0.9,"Price is above rising key averages, weekly structure is supportive, and the stock is near its 52-week high.",,,2026-07-27,,watchlist,weekly_near_pivot,watchlist,55.26,71.82,62.71,10.0,55.26,71.82,72.71,16.08,52.09,370375334.94,"Stage 2, Clean Stage 2, trend_template_ok, weekly_vcp_ok, volume_dryup, weekly_volume_dryup, weekly_strong",3,5,Stage 2,watchlist,weekly_near_pivot,72.51,2,0.19999999999998863,False,False,False,False,False
ALLCARGO.NS,Allcargo Logistics Limited,Services,Unknown,False,Cash,1,Stage 4,Stage 4,Stage 4 - Confirmed Downtrend,Stage 4 - Confirmed Downtrend,Stage 4 • Stage 4 - Confirmed Downtrend,0.86,Price is below a bearish moving-average stack with falling trend signals.,,,,,watchlist,weekly_watchlist,watchlist,5.03,4.0,4.57,2.0,5.03,4.0,6.57,-17.31,-9.23,28853660.09,"Stage 4, Stage 4 - Confirmed Downtrend, volume_dryup, weekly_volume_dryup, downtrend",708,710,Stage 4,watchlist,weekly_watchlist,6.4,2,0.16999999999999993,False,False,False,False,False
HOMEFIRST.NS,Home First Finance Company India Limited,Financial Services,Unknown,False,Cash,1,Stage 2,Stage 2,Early Stage 2,Early Stage 2,Stage 2 • Early Stage 2,0.72,"Price has moved above long-term structure, but the full moving-average stack is not clean yet.",,,2026-07-27,,watchlist,weekly_forming,watchlist,42.25,45.45,43.69,2.0,42.25,45.45,45.69,2.18,11.28,285755783.8,"Stage 2, Early Stage 2, weekly_vcp_ok",182,184,Stage 2,watchlist,weekly_forming,45.54,2,0.14999999999999858,False,False,False,False,False
NATCOPHARM.NS,Natco Pharma Limited,Healthcare,Unknown,False,Cash,1,Stage 4,Stage 4,Stage 4 - Weak/Declining,Stage 4 - Weak/Declining,Stage 4 • Stage 4 - Weak/Declining,0.72,Price is below long-term support with weak trend evidence.,,,2026-05-29,,watchlist,weekly_watchlist,watchlist,2.29,1.09,1.75,10.0,2.29,1.09,11.75,-15.54,18.46,499938995.78,"Stage 4, Stage 4 - Weak/Declining, volume_dryup, weekly_volume_dryup, downtrend",663,665,Stage 4,watchlist,weekly_watchlist,11.66,2,0.08999999999999986,False,False,False,False,False
TMB.NS,Tamilnad Mercantile Bank Limited,Financial Services,Unknown,False,Cash,1,Stage 2,Stage 2,Clean Stage 2,Clean Stage 2,Stage 2 • Clean Stage 2,0.9,"Price is above rising key averages, weekly structure is supportive, and the stock is near its 52-week high.",,,2026-07-27,,watchlist,weekly_watchlist,watchlist,71.1,24.8,50.27,2.0,71.1,24.8,52.27,21.1,65.4,634817453.37,"Stage 2, Clean Stage 2, trend_template_ok",127,129,Stage 2,watchlist,weekly_watchlist,52.27,2,0.0,False,False,False,False,False
CRISIL.NS,CRISIL Limited,Financial Services,Unknown,False,Cash,1,Not Sure,Not Sure,Not Sure,Not Sure,Not Sure,0.0,Stage rules did not identify a reliable structure.,No confident stage classification.,,,,watchlist,weekly_watchlist,watchlist,24.37,54.97,38.14,2.0,24.37,54.97,40.14,4.98,6.75,384447305.13,"Not Sure, Not Sure, weekly_vcp_ok, weekly_strong",240,242,Not Sure,watchlist,weekly_watchlist,40.14,2,0.0,False,False,False,False,False
ASHOKLEY.NS,Ashok Leyland Limited,Capital Goods,Unknown,True,F&O,1,Stage 1,Stage 1,Stage 1 - Base/Repair,Stage 1 - Base/Repair,Stage 1 • Stage 1 - Base/Repair,0.7,Price is near long-term moving averages with no strong long-term downtrend signal.,,,2026-03-18,,watchlist,weekly_watchlist,watchlist,14.9,41.8,27.0,5.0,14.9,41.8,32.0,-1.13,-12.34,2588450623.29,"Stage 1, Stage 1 - Base/Repair, weekly_vcp_ok, volume_dryup, weekly_volume_dryup, weekly_strong, stage1_not_actionable, stage1_needs_more_base",342,344,Not Sure,watchlist,weekly_watchlist,32.0,2,0.0,False,False,False,False,False
NFL.NS,National Fertilizers Limited,Chemicals,Unknown,False,Cash,1,Stage 4,Stage 4,Stage 4 - Confirmed Downtrend,Stage 4 - Confirmed Downtrend,Stage 4 • Stage 4 - Confirmed Downtrend,0.86,Price is below a bearish moving-average stack with falling trend signals.,,,,,watchlist,weekly_watchlist,watchlist,10.6,0.0,5.83,5.0,10.6,0.0,10.83,-8.44,-5.28,45803667.92,"Stage 4, Stage 4 - Confirmed Downtrend, volume_dryup, weekly_volume_dryup, downtrend",669,671,Stage 4,watchlist,weekly_watchlist,10.83,2,0.0,False,False,False,False,False
NAVA.NS,NAVA LIMITED,Power,Unknown,False,Cash,1,Stage 4,Stage 4,Stage 4 - Weak/Declining,Stage 4 - Weak/Declining,Stage 4 • Stage 4 - Weak/Declining,0.72,Price is below long-term support with weak trend evidence.,,,2026-05-28,,watchlist,weekly_watchlist,watchlist,0.0,0.0,0.0,2.0,0.0,0.0,2.0,-16.51,7.98,134083970.37,"Stage 4, Stage 4 - Weak/Declining, volume_dryup, weekly_volume_dryup, downtrend",736,738,Stage 4,watchlist,weekly_watchlist,2.0,2,0.0,False,False,False,False,False
OIL.NS,Oil India Limited,"Oil, Gas & Consumable Fuels",Unknown,True,F&O,1,Stage 1,Stage 1,Stage 1 - Base/Repair,Stage 1 - Base/Repair,Stage 1 • Stage 1 - Base/Repair,0.7,Price is near long-term moving averages with no strong long-term downtrend signal.,,,2026-06-05,,watchlist,weekly_watchlist,watchlist,0.0,3.2,1.44,0.0,0.0,3.2,1.44,-9.37,5.29,1568865517.99,"Stage 1, Stage 1 - Base/Repair, weekly_volume_dryup, stage1_not_actionable, stage1_needs_more_base",741,743,Not Sure,watchlist,weekly_watchlist,1.44,2,0.0,False,False,False,False,False
JBCHEPHARM.NS,JB Chemicals & Pharmaceuticals Limited,Healthcare,Unknown,False,Cash,1,Stage 2,Stage 2,Clean Stage 2,Clean Stage 2,Stage 2 • Clean Stage 2,0.9,"Price is above rising key averages, weekly structure is supportive, and the stock is near its 52-week high.",,,2026-07-27,,watchlist,weekly_watchlist,watchlist,65.08,19.63,44.63,10.0,65.08,19.63,54.63,18.42,33.87,1379320211.14,"Stage 2, Clean Stage 2, trend_template_ok, weekly_volume_dryup",107,109,Stage 2,watchlist,weekly_watchlist,54.74,2,-0.10999999999999943,False,False,False,False,False
PIDILITIND.NS,Pidilite Industries Limited,Chemicals,Unknown,True,F&O,1,Stage 2,Stage 2,Early Stage 2,Early Stage 2,Stage 2 • Early Stage 2,0.72,"Price has moved above long-term structure, but the full moving-average stack is not clean yet.",,,2026-07-27,,watchlist,weekly_watchlist,watchlist,57.36,30.8,45.41,5.0,57.36,30.8,50.41,18.62,17.38,1493287885.08,"Stage 2, Early Stage 2",138,140,Stage 2,watchlist,weekly_watchlist,50.56,2,-0.15000000000000568,False,False,False,False,False
MSTCLTD.NS,Mstc Limited,Services,Unknown,False,Cash,1,Stage 2,Stage 2,Early Stage 2,Early Stage 2,Stage 2 • Early Stage 2,0.72,"Price has moved above long-term structure, but the full moving-average stack is not clean yet.",,,2026-07-27,,watchlist,weekly_forming,watchlist,23.12,65.34,42.12,2.0,23.12,65.34,44.12,37.77,37.64,357301699.59,"Stage 2, Early Stage 2, weekly_vcp_ok, volume_dryup, weekly_volume_dryup, weekly_strong",190,192,Stage 2,watchlist,weekly_forming,44.29,2,-0.1700000000000017,False,False,False,False,False
AARTIDRUGS.NS,Aarti Drugs Limited,Healthcare,Unknown,False,Cash,1,Stage 2,Stage 2,Early Stage 2,Early Stage 2,Stage 2 • Early Stage 2,0.72,"Price has moved above long-term structure, but the full moving-average stack is not clean yet.",Stage 2 reclaimed after 3 confirmation runs.,,2026-07-27,,watchlist,weekly_breakout,watchlist,39.58,68.28,52.5,10.0,39.58,68.28,62.5,8.55,16.21,85932398.88,"Stage 2, Early Stage 2, weekly_vcp_ok, weekly_volume_dryup, weekly_strong",50,52,Stage 2 Failed,watchlist,weekly_breakout,62.69,2,-0.18999999999999773,False,False,True,False,False
ACE.NS,Action Construction Equipment Limited,Capital Goods,Unknown,False,Cash,1,Stage 2,Stage 2,Early Stage 2,Early Stage 2,Stage 2 • Early Stage 2,0.72,"Price has moved above long-term structure, but the full moving-average stack is not clean yet.",,,2026-07-27,,watchlist,weekly_breakout,watchlist,43.95,72.84,56.95,5.0,43.95,72.84,61.95,21.44,37.95,759767014.24,"Stage 2, Early Stage 2, weekly_vcp_ok, weekly_strong",55,57,Stage 2,watchlist,weekly_breakout,62.16,2,-0.20999999999999375,False,False,False,False,False
HATHWAY.NS,Hathway Cable & Datacom Limited,"Media, Entertainment & Publication",Unknown,False,Cash,1,Stage 4,Stage 4,Stage 4 - Weak/Declining,Stage 4 - Weak/Declining,Stage 4 • Stage 4 - Weak/Declining,0.72,Price is below long-term support with weak trend evidence.,,,,,watchlist,weekly_watchlist,watchlist,4.76,37.76,19.61,0.0,4.76,37.76,19.61,-1.77,10.33,18383316.09,"Stage 4, Stage 4 - Weak/Declining, weekly_vcp_ok, volume_dryup, weekly_volume_dryup, weekly_strong, downtrend",583,585,Stage 4,watchlist,weekly_watchlist,19.86,2,-0.25,False,False,False,False,False
ABCAPITAL.NS,Aditya Birla Capital Limited,Financial Services,Unknown,True,F&O,1,Stage 2,Stage 2,Clean Stage 2,Clean Stage 2,Stage 2 • Clean Stage 2,0.9,"Price is above rising key averages, weekly structure is supportive, and the stock is near its 52-week high.",,,2026-07-27,,watchlist,weekly_breakout,watchlist,64.22,60.81,62.69,2.0,64.22,60.81,64.69,13.31,16.83,1363198092.67,"Stage 2, Clean Stage 2, trend_template_ok, weekly_vcp_ok, volume_dryup, weekly_volume_dryup, weekly_strong",33,35,Stage 2,watchlist,weekly_breakout,64.96,2,-0.269999999999996,False,False,False,False,False
RCF.NS,Rashtriya Chemicals and Fertilizers Limited,Chemicals,Unknown,False,Cash,1,Stage 4,Stage 4,Stage 4 - Weak/Declining,Stage 4 - Weak/Declining,Stage 4 • Stage 4 - Weak/Declining,0.72,Price is below long-term support with weak trend evidence.,,,,,watchlist,weekly_watchlist,watchlist,20.01,35.81,27.12,5.0,20.01,35.81,32.12,-2.21,2.33,165125260.8,"Stage 4, Stage 4 - Weak/Declining, weekly_vcp_ok, volume_dryup, weekly_volume_dryup, weekly_strong, downtrend",334,336,Stage 4,watchlist,weekly_watchlist,32.39,2,-0.2700000000000031,False,False,False,False,False
BIOCON.NS,Biocon Ltd.,Healthcare,Unknown,True,F&O,1,Stage 2,Stage 2,Clean Stage 2,Clean Stage 2,Stage 2 • Clean Stage 2,0.9,"Price is above rising key averages, weekly structure is supportive, and the stock is near its 52-week high.",,,2026-07-27,,watchlist,weekly_near_pivot,watchlist,39.26,71.26,53.66,10.0,39.26,71.26,63.66,20.43,23.2,2985764448.31,"Stage 2, Clean Stage 2, weekly_vcp_ok, weekly_volume_dryup, weekly_strong",41,43,Stage 2,watchlist,weekly_near_pivot,63.95,2,-0.29000000000000625,False,False,False,False,False
SHYAMMETL.NS,Shyam Metalics and Energy Limited,Metals & Mining,Unknown,False,Cash,1,Stage 2,Stage 2,Clean Stage 2,Clean Stage 2,Stage 2 • Clean Stage 2,0.9,"Price is above rising key averages, weekly structure is supportive, and the stock is near its 52-week high.",,,2026-07-27,,watchlist,weekly_watchlist,watchlist,43.72,31.12,38.05,0.0,43.72,31.12,38.05,17.79,33.39,631856958.2,"Stage 2, Clean Stage 2, trend_template_ok, weekly_volume_dryup",262,264,Stage 2,watchlist,weekly_watchlist,38.36,2,-0.3100000000000023,False,False,False,False,False
TBOTEK.NS,TBO Tek Ltd.,Consumer Services,Unknown,False,Cash,1,Stage 1,Stage 1,Stage 1 - Early Turn,Stage 1 - Early Turn,Stage 1 • Stage 1 - Early Turn,0.66,The stock is improving from a repair/base area but has not confirmed a clean Stage 2 yet.,,,2026-01-15,,watchlist,weekly_watchlist,watchlist,26.45,53.01,38.4,0.0,26.45,53.01,38.4,20.21,11.9,369100441.39,"Stage 1, Stage 1 - Early Turn, weekly_vcp_ok, volume_dryup, weekly_volume_dryup, weekly_strong, stage1_not_actionable, stage1_needs_more_base",257,259,Stage 1,watchlist,weekly_watchlist,38.74,2,-0.3400000000000034,False,False,False,False,False
OLECTRA.NS,Olectra Greentech Limited,Automobile and Auto Components,Unknown,False,Cash,1,Stage 2 Failed,Not Sure,Failed Stage 2,Failed Stage 2,Stage 2 Failed • Failed Stage 2,0.72,"This stock was recently Stage 2, but the latest structure no longer satisfies Stage 2 rules. It is kept as Stage 2 Failed until a fresh base/repair structure forms.",Recent Stage 2 break; public stage held as Stage 2 Failed.,2026-07-28,2026-07-21,,watchlist,weekly_watchlist,watchlist,12.18,59.2,33.34,5.0,12.18,59.2,38.34,5.43,37.58,744420197.65,"Not Sure, Not Sure, weekly_vcp_ok, volume_dryup, weekly_volume_dryup, weekly_strong | Stage 2 failed state applied from stage memory.",258,260,Stage 2 Failed,watchlist,weekly_watchlist,38.7,2,-0.35999999999999943,False,False,False,False,False
BEML.NS,BEML Limited,Capital Goods,Unknown,False,Cash,1,Stage 2 Failed,Stage 4,Failed Stage 2,Failed Stage 2,Stage 2 Failed • Failed Stage 2,0.72,"This stock was recently Stage 2, but the latest structure no longer satisfies Stage 2 rules. It is kept as Stage 2 Failed until a fresh base/repair structure forms.",Recent Stage 2 break; public stage held as Stage 2 Failed.,2026-07-28,2026-07-17,,watchlist,weekly_watchlist,watchlist,20.0,37.8,28.01,5.0,20.0,37.8,33.01,-2.42,11.4,488870336.72,"Stage 4, Stage 4 - Weak/Declining, weekly_vcp_ok, volume_dryup, weekly_volume_dryup, weekly_strong, downtrend | Stage 2 failed state applied from stage memory.",326,328,Stage 2 Failed,watchlist,weekly_watchlist,33.41,2,-0.3999999999999986,False,False,False,False,False
PVRINOX.NS,PVR INOX Limited,"Media, Entertainment & Publication",Unknown,False,Cash,1,Stage 1,Stage 1,Stage 1 - Unclear/Repair,Stage 1 - Unclear/Repair,Stage 1 • Stage 1 - Unclear/Repair,0.58,Not enough evidence for Stage 2 or Stage 4; classified as repair/unclear structure.,,,2025-11-07,,watchlist,weekly_watchlist,watchlist,4.15,38.75,19.72,0.0,4.15,38.75,19.72,4.65,21.8,495630210.65,"Stage 1, Stage 1 - Unclear/Repair, weekly_vcp_ok, stage1_not_actionable, stage1_needs_more_base",579,581,Stage 1,watchlist,weekly_watchlist,20.22,2,-0.5,False,False,False,False,False
TRIDENT.NS,Trident Limited,Textiles,Unknown,False,Cash,1,Stage 4,Stage 4,Stage 4 - Weak/Declining,Stage 4 - Weak/Declining,Stage 4 • Stage 4 - Weak/Declining,0.72,Price is below long-term support with weak trend evidence.,,,,,watchlist,weekly_watchlist,watchlist,15.1,35.8,24.41,10.0,15.1,35.8,34.41,-2.56,2.51,185218136.48,"Stage 4, Stage 4 - Weak/Declining, weekly_vcp_ok, weekly_strong, downtrend",308,310,Stage 4,watchlist,weekly_watchlist,34.95,2,-0.5400000000000063,False,False,False,False,False
SAIL.NS,Steel Authority of India Limited,Metals & Mining,Unknown,True,F&O,1,Stage 2 Failed,Stage 3,Failed Stage 2,Failed Stage 2,Stage 2 Failed • Failed Stage 2,0.72,"This stock was recently Stage 2, but the latest structure no longer satisfies Stage 2 rules. It is kept as Stage 2 Failed until a fresh base/repair structure forms.",Recent Stage 2 break; public stage held as Stage 2 Failed.,2026-07-28,2026-07-10,,watchlist,weekly_watchlist,watchlist,1.62,0.0,0.89,0.0,1.62,0.0,0.89,-10.12,11.27,2114647672.87,"Stage 3, Stage 3 - Distribution/Damage, volume_dryup, weekly_volume_dryup, distribution_risk | Stage 2 failed state applied from stage memory.",745,746,Stage 2 Failed,watchlist,weekly_watchlist,0.31,1,0.5800000000000001,False,False,False,False,False
APOLLOHOSP.NS,Apollo Hospitals Enterprise Limited,Healthcare,Unknown,True,F&O,1,Stage 2,Stage 2,Clean Stage 2,Clean Stage 2,Stage 2 • Clean Stage 2,0.9,"Price is above rising key averages, weekly structure is supportive, and the stock is near its 52-week high.",,,2026-07-27,,forming_vcp,weekly_breakout,watchlist,68.0,64.15,66.27,10.0,68.0,64.15,76.27,16.63,35.88,2317881669.28,"Stage 2, Clean Stage 2, trend_template_ok, daily_vcp_ok, weekly_vcp_ok, volume_dryup, weekly_volume_dryup, weekly_strong",1,2,Stage 2,forming_vcp,weekly_breakout,75.87,1,0.3999999999999915,False,False,False,False,False
VESUVIUS.NS,Vesuvius India Limited,Capital Goods,Unknown,False,Cash,1,Stage 4,Stage 4,Stage 4 - Confirmed Downtrend,Stage 4 - Confirmed Downtrend,Stage 4 • Stage 4 - Confirmed Downtrend,0.86,Price is below a bearish moving-average stack with falling trend signals.,,,,,watchlist,weekly_watchlist,watchlist,15.73,35.8,24.76,5.0,15.73,35.8,29.76,-13.35,2.88,51665914.53,"Stage 4, Stage 4 - Confirmed Downtrend, weekly_vcp_ok, weekly_volume_dryup, weekly_strong, downtrend",387,388,Stage 4,watchlist,weekly_watchlist,29.68,1,0.08000000000000185,False,False,False,False,False
RELIANCE.NS,Reliance Industries Limited,"Oil, Gas & Consumable Fuels",Unknown,True,F&O,1,Stage 4,Stage 4,Stage 4 - Confirmed Downtrend,Stage 4 - Confirmed Downtrend,Stage 4 • Stage 4 - Confirmed Downtrend,0.86,Price is below a bearish moving-average stack with falling trend signals.,,,2026-01-14,,watchlist,weekly_watchlist,watchlist,13.42,6.2,10.17,0.0,13.42,6.2,10.17,-10.95,-3.09,15620058598.3,"Stage 4, Stage 4 - Confirmed Downtrend, weekly_volume_dryup, downtrend",676,677,Stage 4,watchlist,weekly_watchlist,10.09,1,0.08000000000000007,False,False,False,False,False
HEROMOTOCO.NS,Hero MotoCorp Limited,Automobile and Auto Components,Unknown,True,F&O,1,Stage 4,Stage 4,Stage 4 - Weak/Declining,Stage 4 - Weak/Declining,Stage 4 • Stage 4 - Weak/Declining,0.72,Price is below long-term support with weak trend evidence.,,,2026-02-12,,watchlist,weekly_watchlist,watchlist,11.84,44.44,26.51,5.0,11.84,44.44,31.51,2.61,3.77,3269094692.76,"Stage 4, Stage 4 - Weak/Declining, weekly_vcp_ok, weekly_strong, downtrend",355,356,Stage 4,watchlist,weekly_watchlist,31.45,1,0.060000000000002274,False,False,False,False,False
BALKRISIND.NS,Balkrishna Industries Limited,Automobile and Auto Components,Unknown,False,Cash,1,Stage 4,Stage 4,Stage 4 - Confirmed Downtrend,Stage 4 - Confirmed Downtrend,Stage 4 • Stage 4 - Confirmed Downtrend,0.86,Price is below a bearish moving-average stack with falling trend signals.,,,2026-02-24,,watchlist,weekly_watchlist,watchlist,14.98,0.0,8.24,5.0,14.98,0.0,13.24,-6.61,-11.45,348295861.93,"Stage 4, Stage 4 - Confirmed Downtrend, weekly_volume_dryup, downtrend",652,653,Stage 4,watchlist,weekly_watchlist,13.19,1,0.05000000000000071,False,False,False,False,False
RKFORGE.NS,Ramkrishna Forgings Limited,Capital Goods,Unknown,False,Cash,1,Stage 2,Stage 2,Stage 2,Stage 2,Stage 2,0.76,Advancing structure detected.,,,2026-07-27,,watchlist,weekly_near_pivot,watchlist,47.52,69.52,57.42,5.0,47.52,69.52,62.42,5.62,31.54,1341285816.93,"Stage 2, Stage 2, weekly_vcp_ok, weekly_strong",52,53,Stage 2,watchlist,weekly_near_pivot,62.38,1,0.03999999999999915,False,False,False,False,False
VEDL.NS,Vedanta Limited,Metals & Mining,Unknown,True,F&O,1,Stage 4,Stage 4,Stage 4 - Weak/Declining,Stage 4 - Weak/Declining,Stage 4 • Stage 4 - Weak/Declining,0.72,Price is below long-term support with weak trend evidence.,,,2026-04-29,,watchlist,weekly_watchlist,watchlist,16.27,0.0,8.95,0.0,16.27,0.0,8.95,-4.45,-57.96,3303249356.82,"Stage 4, Stage 4 - Weak/Declining, volume_dryup, weekly_volume_dryup, downtrend",692,693,Stage 4,watchlist,weekly_watchlist,8.91,1,0.03999999999999915,False,False,False,False,False
PAISALO.NS,Paisalo Digital Limited,Financial Services,Unknown,False,Cash,1,Stage 2,Stage 2,Extended Stage 2,Extended Stage 2,Stage 2 • Extended Stage 2,0.78,"Advancing structure remains intact, but price is stretched versus key moving averages or far above the 52-week low.",,,2026-07-27,,watchlist,weekly_breakout,watchlist,42.0,66.9,53.21,2.0,42.0,66.9,55.21,42.49,125.11,1829027976.08,"Stage 2, Extended Stage 2, trend_template_ok, weekly_vcp_ok, weekly_volume_dryup, weekly_strong",102,103,Stage 2,watchlist,weekly_breakout,55.21,1,0.0,False,False,False,False,False
AEGISLOG.NS,Aegis Logistics Ltd.,"Oil, Gas & Consumable Fuels",Unknown,False,Cash,1,Stage 2,Stage 2,Extended Stage 2,Extended Stage 2,Stage 2 • Extended Stage 2,0.78,"Advancing structure remains intact, but price is stretched versus key moving averages or far above the 52-week low.",,,2026-07-27,,watchlist,weekly_forming,watchlist,45.75,65.0,54.41,0.0,45.75,65.0,54.41,82.25,95.85,3228407781.87,"Stage 2, Extended Stage 2, trend_template_ok, weekly_vcp_ok, volume_dryup, weekly_volume_dryup, weekly_strong",111,112,Stage 2,watchlist,weekly_forming,54.41,1,0.0,False,False,False,False,False
HONASA.NS,Honasa Consumer Ltd.,Fast Moving Consumer Goods,Unknown,False,Cash,1,Stage 2,Stage 2,Clean Stage 2,Clean Stage 2,Stage 2 • Clean Stage 2,0.9,"Price is above rising key averages, weekly structure is supportive, and the stock is near its 52-week high.",,,2026-07-27,,watchlist,weekly_watchlist,watchlist,46.62,26.0,37.34,0.0,46.62,26.0,37.34,32.78,71.89,463034788.68,"Stage 2, Clean Stage 2, trend_template_ok, volume_dryup, weekly_volume_dryup",273,274,Stage 2,watchlist,weekly_watchlist,37.34,1,0.0,False,False,False,False,False
NTPCGREEN.NS,NTPC Green Energy Ltd.,Power,Unknown,False,Cash,1,Stage 4,Stage 4,Stage 4 - Weak/Declining,Stage 4 - Weak/Declining,Stage 4 • Stage 4 - Weak/Declining,0.72,Price is below long-term support with weak trend evidence.,,,2026-06-05,,watchlist,weekly_watchlist,watchlist,0.0,35.8,16.11,2.0,0.0,35.8,18.11,-15.96,7.11,881574219.62,"Stage 4, Stage 4 - Weak/Declining, weekly_vcp_ok, weekly_strong, downtrend",603,604,Stage 4,watchlist,weekly_watchlist,18.11,1,0.0,False,False,False,False,False
RPOWER.NS,Reliance Power Limited,Power,Unknown,False,Cash,1,Stage 4,Stage 4,Stage 4 - Confirmed Downtrend,Stage 4 - Confirmed Downtrend,Stage 4 • Stage 4 - Confirmed Downtrend,0.86,Price is below a bearish moving-average stack with falling trend signals.,,,,,watchlist,weekly_watchlist,watchlist,11.9,4.0,8.35,2.0,11.9,4.0,10.35,-17.96,-9.81,1071461984.34,"Stage 4, Stage 4 - Confirmed Downtrend, volume_dryup, weekly_volume_dryup, downtrend",674,675,Stage 4,watchlist,weekly_watchlist,10.35,1,0.0,False,False,False,False,False
ESABINDIA.NS,Esab India Limited,Capital Goods,Unknown,False,Cash,1,Stage 1,Stage 1,Stage 1 - Base/Repair,Stage 1 - Base/Repair,Stage 1 • Stage 1 - Base/Repair,0.7,Price is near long-term moving averages with no strong long-term downtrend signal.,,,2026-06-05,,watchlist,weekly_watchlist,watchlist,0.0,10.0,4.5,5.0,0.0,10.0,9.5,-10.74,7.86,16953107.99,"Stage 1, Stage 1 - Base/Repair, volume_dryup, weekly_volume_dryup, stage1_not_actionable, stage1_needs_more_base",688,689,Stage 1,watchlist,weekly_watchlist,9.5,1,0.0,False,False,False,False,False
FINPIPE.NS,Finolex Industries Limited,Capital Goods,Unknown,False,Cash,1,Stage 4,Stage 4,Stage 4 - Confirmed Downtrend,Stage 4 - Confirmed Downtrend,Stage 4 • Stage 4 - Confirmed Downtrend,0.86,Price is below a bearish moving-average stack with falling trend signals.,,,,,watchlist,weekly_watchlist,watchlist,0.0,0.0,0.0,5.0,0.0,0.0,5.0,-5.85,-1.74,75418052.14,"Stage 4, Stage 4 - Confirmed Downtrend, volume_dryup, weekly_volume_dryup, downtrend",718,719,Stage 4,watchlist,weekly_watchlist,5.0,1,0.0,False,False,False,False,False
GALLANTT.NS,Gallantt Ispat Limited,Capital Goods,Unknown,False,Cash,1,Stage 4,Stage 4,Stage 4 - Weak/Declining,Stage 4 - Weak/Declining,Stage 4 • Stage 4 - Weak/Declining,0.72,Price is below long-term support with weak trend evidence.,,,2026-06-26,,watchlist,weekly_watchlist,watchlist,0.0,0.0,0.0,5.0,0.0,0.0,5.0,-33.29,14.28,98912249.3,"Stage 4, Stage 4 - Weak/Declining, downtrend",719,720,Stage 4,watchlist,weekly_watchlist,5.0,1,0.0,False,False,False,False,False
MAHSEAMLES.NS,Maharashtra Seamless Limited,Capital Goods,Unknown,False,Cash,1,Stage 4,Stage 4,Stage 4 - Weak/Declining,Stage 4 - Weak/Declining,Stage 4 • Stage 4 - Weak/Declining,0.72,Price is below long-term support with weak trend evidence.,,,,,watchlist,weekly_watchlist,watchlist,0.0,0.0,0.0,5.0,0.0,0.0,5.0,-10.25,18.02,39928090.46,"Stage 4, Stage 4 - Weak/Declining, volume_dryup, weekly_volume_dryup, downtrend",720,721,Stage 4,watchlist,weekly_watchlist,5.0,1,0.0,False,False,False,False,False
JYOTHYLAB.NS,Jyothy Labs Limited,Fast Moving Consumer Goods,Unknown,False,Cash,1,Stage 4,Stage 4,Stage 4 - Weak/Declining,Stage 4 - Weak/Declining,Stage 4 • Stage 4 - Weak/Declining,0.72,Price is below long-term support with weak trend evidence.,,,,,watchlist,weekly_watchlist,watchlist,0.0,4.0,1.8,0.0,0.0,4.0,1.8,-21.9,-11.14,114250244.87,"Stage 4, Stage 4 - Weak/Declining, volume_dryup, weekly_volume_dryup, downtrend",738,739,Stage 4,watchlist,weekly_watchlist,1.8,1,0.0,False,False,False,False,False
ORISSAMINE.NS,The Orissa Minerals Development Company Limited,Metals & Mining,Unknown,False,Cash,1,Stage 4,Stage 4,Stage 4 - Confirmed Downtrend,Stage 4 - Confirmed Downtrend,Stage 4 • Stage 4 - Confirmed Downtrend,0.86,Price is below a bearish moving-average stack with falling trend signals.,,,,,watchlist,weekly_watchlist,watchlist,0.0,4.0,1.8,0.0,0.0,4.0,1.8,-11.16,-7.49,23142673.13,"Stage 4, Stage 4 - Confirmed Downtrend, volume_dryup, downtrend",739,740,Stage 4,watchlist,weekly_watchlist,1.8,1,0.0,False,False,False,False,False
WIPRO.NS,Wipro Limited,Information Technology,Unknown,True,F&O,1,Stage 4,Stage 4,Stage 4 - Confirmed Downtrend,Stage 4 - Confirmed Downtrend,Stage 4 • Stage 4 - Confirmed Downtrend,0.86,Price is below a bearish moving-average stack with falling trend signals.,,,2026-01-16,,watchlist,weekly_watchlist,watchlist,0.0,4.0,1.8,0.0,0.0,4.0,1.8,-8.66,-17.32,3016574206.49,"Stage 4, Stage 4 - Confirmed Downtrend, volume_dryup, weekly_volume_dryup, downtrend",740,741,Stage 4,watchlist,weekly_watchlist,1.8,1,0.0,False,False,False,False,False
TCS.NS,Tata Consultancy Services Limited,Information Technology,Unknown,True,F&O,1,Stage 4,Stage 4,Stage 4 - Weak/Declining,Stage 4 - Weak/Declining,Stage 4 • Stage 4 - Weak/Declining,0.72,Price is below long-term support with weak trend evidence.,,,,,watchlist,weekly_watchlist,watchlist,0.0,2.8,1.26,0.0,0.0,2.8,1.26,-1.17,-17.96,10683876309.61,"Stage 4, Stage 4 - Weak/Declining, volume_dryup, weekly_volume_dryup, downtrend",743,744,Stage 4,watchlist,weekly_watchlist,1.26,1,0.0,False,False,False,False,False
KPITTECH.NS,KPIT Technologies Limited,Information Technology,Unknown,True,F&O,1,Stage 4,Stage 4,Stage 4 - Confirmed Downtrend,Stage 4 - Confirmed Downtrend,Stage 4 • Stage 4 - Confirmed Downtrend,0.86,Price is below a bearish moving-average stack with falling trend signals.,,,,,watchlist,weekly_watchlist,watchlist,0.0,2.0,0.9,0.0,0.0,2.0,0.9,-20.59,-40.67,2952018308.33,"Stage 4, Stage 4 - Confirmed Downtrend, downtrend",744,745,Stage 4,watchlist,weekly_watchlist,0.9,1,0.0,False,False,False,False,False
ABFRL.NS,Aditya Birla Fashion and Retail Limited,Consumer Services,Unknown,False,Cash,1,Stage 4,Stage 4,Stage 4 - Confirmed Downtrend,Stage 4 - Confirmed Downtrend,Stage 4 • Stage 4 - Confirmed Downtrend,0.86,Price is below a bearish moving-average stack with falling trend signals.,,,,,watchlist,weekly_watchlist,watchlist,0.0,0.0,0.0,0.0,0.0,0.0,0.0,-11.64,-3.7,306556997.25,"Stage 4, Stage 4 - Confirmed Downtrend, volume_dryup, weekly_volume_dryup, downtrend",746,747,Stage 4,watchlist,weekly_watchlist,0.0,1,0.0,False,False,False,False,False
BAJAJHIND.NS,Bajaj Hindusthan Sugar Limited,Fast Moving Consumer Goods,Unknown,False,Cash,1,Stage 4,Stage 4,Stage 4 - Weak/Declining,Stage 4 - Weak/Declining,Stage 4 • Stage 4 - Weak/Declining,0.72,Price is below long-term support with weak trend evidence.,,,,,watchlist,weekly_watchlist,watchlist,0.0,0.0,0.0,0.0,0.0,0.0,0.0,-17.2,9.07,78068689.77,"Stage 4, Stage 4 - Weak/Declining, volume_dryup, weekly_volume_dryup, downtrend",747,748,Stage 4,watchlist,weekly_watchlist,0.0,1,0.0,False,False,False,False,False
DELTACORP.NS,Delta Corp Limited,Consumer Services,Unknown,False,Cash,1,Stage 4,Stage 4,Stage 4 - Weak/Declining,Stage 4 - Weak/Declining,Stage 4 • Stage 4 - Weak/Declining,0.72,Price is below long-term support with weak trend evidence.,,,,,watchlist,weekly_watchlist,watchlist,0.0,0.0,0.0,0.0,0.0,0.0,0.0,-11.9,4.36,161593458.38,"Stage 4, Stage 4 - Weak/Declining, volume_dryup, weekly_volume_dryup, downtrend",748,749,Stage 4,watchlist,weekly_watchlist,0.0,1,0.0,False,False,False,False,False
HINDZINC.NS,Hindustan Zinc Limited,Metals & Mining,Unknown,True,F&O,1,Stage 4,Stage 4,Stage 4 - Weak/Declining,Stage 4 - Weak/Declining,Stage 4 • Stage 4 - Weak/Declining,0.72,Price is below long-term support with weak trend evidence.,,,2026-06-04,,watchlist,weekly_watchlist,watchlist,0.0,0.0,0.0,0.0,0.0,0.0,0.0,-11.54,-21.56,1641520732.22,"Stage 4, Stage 4 - Weak/Declining, volume_dryup, weekly_volume_dryup, downtrend",749,750,Stage 4,watchlist,weekly_watchlist,0.0,1,0.0,False,False,False,False,False
ISGEC.NS,Isgec Heavy Engineering Limited,Construction,Unknown,False,Cash,1,Stage 4,Stage 4,Stage 4 - Weak/Declining,Stage 4 - Weak/Declining,Stage 4 • Stage 4 - Weak/Declining,0.72,Price is below long-term support with weak trend evidence.,,,,,watchlist,weekly_watchlist,watchlist,0.0,0.0,0.0,0.0,0.0,0.0,0.0,-22.29,19.42,27188566.3,"Stage 4, Stage 4 - Weak/Declining, volume_dryup, weekly_volume_dryup, downtrend",750,751,Stage 4,watchlist,weekly_watchlist,0.0,1,0.0,False,False,False,False,False
CASTROLIND.NS,Castrol India Limited,"Oil, Gas & Consumable Fuels",Unknown,False,Cash,1,Not Sure,Not Sure,Not Sure,Not Sure,Not Sure,0.0,Stage rules did not identify a reliable structure.,No confident stage classification.,,,,watchlist,weekly_watchlist,watchlist,26.96,55.66,39.88,0.0,26.96,55.66,39.88,-0.37,7.92,202825944.91,"Not Sure, Not Sure, weekly_vcp_ok, weekly_strong",243,244,Not Sure,watchlist,weekly_watchlist,40.0,1,-0.11999999999999744,False,False,False,False,False
PGHH.NS,Procter & Gamble Hygiene and Health Care Limited,Fast Moving Consumer Goods,Unknown,False,Cash,1,Stage 4,Stage 4,Stage 4 - Confirmed Downtrend,Stage 4 - Confirmed Downtrend,Stage 4 • Stage 4 - Confirmed Downtrend,0.86,Price is below a bearish moving-average stack with falling trend signals.,,,,,watchlist,weekly_watchlist,watchlist,9.94,4.0,7.27,0.0,9.94,4.0,7.27,-11.52,-19.31,108827943.45,"Stage 4, Stage 4 - Confirmed Downtrend, weekly_volume_dryup, downtrend",703,704,Stage 4,watchlist,weekly_watchlist,7.43,1,-0.16000000000000014,False,False,False,False,False
JSWINFRA.NS,JSW Infrastructure Ltd.,Services,Unknown,False,Cash,1,Stage 2,Stage 2,Early Stage 2,Early Stage 2,Stage 2 • Early Stage 2,0.72,"Price has moved above long-term structure, but the full moving-average stack is not clean yet.",,,2026-07-27,,watchlist,weekly_forming,watchlist,25.74,48.57,36.01,2.0,25.74,48.57,38.01,17.39,27.27,1274150218.36,"Stage 2, Early Stage 2, weekly_vcp_ok, volume_dryup, weekly_volume_dryup",265,266,Stage 2,watchlist,weekly_forming,38.23,1,-0.21999999999999886,False,False,False,False,False
MOTHERSON.NS,Samvardhana Motherson International Limited,Automobile and Auto Components,Unknown,True,F&O,1,Stage 2,Stage 2,Clean Stage 2,Clean Stage 2,Stage 2 • Clean Stage 2,0.9,"Price is above rising key averages, weekly structure is supportive, and the stock is near its 52-week high.",,,2026-07-27,,watchlist,weekly_watchlist,watchlist,47.88,33.44,41.38,5.0,47.88,33.44,46.38,22.24,40.14,2264461468.81,"Stage 2, Clean Stage 2, trend_template_ok, volume_dryup, weekly_volume_dryup",177,178,Stage 2,watchlist,weekly_watchlist,46.62,1,-0.23999999999999488,False,False,False,False,False
MARKSANS.NS,Marksans Pharma Limited,Healthcare,Unknown,False,Cash,1,Stage 2,Stage 2,Clean Stage 2,Clean Stage 2,Stage 2 • Clean Stage 2,0.9,"Price is above rising key averages, weekly structure is supportive, and the stock is near its 52-week high.",,,2026-07-27,,watchlist,weekly_watchlist,watchlist,46.0,34.0,40.6,10.0,46.0,34.0,50.6,39.05,63.89,500062084.97,"Stage 2, Clean Stage 2, trend_template_ok, volume_dryup, weekly_volume_dryup",135,136,Stage 2,watchlist,weekly_watchlist,50.89,1,-0.28999999999999915,False,False,False,False,False
PNB.NS,Punjab National Bank,Financial Services,Unknown,True,F&O,1,Stage 1,Stage 1,Stage 1 - Early Turn,Stage 1 - Early Turn,Stage 1 • Stage 1 - Early Turn,0.66,The stock is improving from a repair/base area but has not confirmed a clean Stage 2 yet.,,,2026-03-02,,watchlist,weekly_watchlist,watchlist,20.23,49.32,33.32,2.0,20.23,49.32,35.32,5.11,-1.89,2375216056.82,"Stage 1, Stage 1 - Early Turn, weekly_vcp_ok, weekly_volume_dryup, weekly_strong, stage1_not_actionable, stage1_needs_more_base",301,302,Stage 1,watchlist,weekly_watchlist,35.63,1,-0.3100000000000023,False,False,False,False,False
PCBL.NS,PCBL LIMITED,Chemicals,Unknown,False,Cash,1,Stage 2,Stage 2,Early Stage 2,Early Stage 2,Stage 2 • Early Stage 2,0.72,"Price has moved above long-term structure, but the full moving-average stack is not clean yet.",,,2026-07-27,,watchlist,weekly_near_pivot,watchlist,41.02,70.6,54.33,5.0,41.02,70.6,59.33,9.62,27.33,342433921.65,"Stage 2, Early Stage 2, weekly_vcp_ok, volume_dryup, weekly_volume_dryup, weekly_strong",70,71,Stage 2,watchlist,weekly_near_pivot,59.74,1,-0.4100000000000037,False,False,False,False,False
ADANIGREEN.NS,Adani Green Energy Limited,Power,Unknown,True,F&O,1,Stage 2,Stage 2,Early Stage 2,Early Stage 2,Stage 2 • Early Stage 2,0.72,"Price has moved above long-term structure, but the full moving-average stack is not clean yet.",,,2026-07-27,,watchlist,weekly_forming,watchlist,20.37,65.8,40.81,2.0,20.37,65.8,42.81,12.32,77.08,4412294066.71,"Stage 2, Early Stage 2, weekly_vcp_ok, weekly_strong",203,204,Stage 2,watchlist,weekly_forming,43.57,1,-0.759999999999998,False,False,False,False,False
JUBLINGREA.NS,Jubilant Ingrevia Limited,Chemicals,Unknown,False,Cash,1,Stage 3,Stage 3,Stage 3 - Transition,Stage 3 - Transition,Stage 3 • Stage 3 - Transition,0.62,"The structure is transitioning after prior strength, but it is not yet a confirmed Stage 4 decline.",,,2026-01-07,,watchlist,weekly_watchlist,watchlist,25.22,50.25,36.48,5.0,25.22,50.25,41.48,2.15,22.35,524075114.02,"Stage 3, Stage 3 - Transition, weekly_vcp_ok, weekly_strong, distribution_risk",217,218,Not Sure,watchlist,weekly_watchlist,42.4,1,-0.9200000000000017,False,False,False,False,False
CUB.NS,City Union Bank Limited,Financial Services,Unknown,False,Cash,1,Stage 2,Stage 2,Clean Stage 2,Clean Stage 2,Stage 2 • Clean Stage 2,0.9,"Price is above rising key averages, weekly structure is supportive, and the stock is near its 52-week high.",,,2026-07-27,,watchlist,weekly_breakout,watchlist,67.6,61.2,64.72,2.0,67.6,61.2,66.72,17.6,16.36,753664854.42,"Stage 2, Clean Stage 2, trend_template_ok, weekly_vcp_ok, weekly_strong",22,23,Stage 2,watchlist,weekly_breakout,68.01,1,-1.2900000000000063,False,False,False,False,False
CENTRALBK.NS,Central Bank of India,Financial Services,Unknown,False,Cash,1,Stage 4,Stage 4,Stage 4 - Confirmed Downtrend,Stage 4 - Confirmed Downtrend,Stage 4 • Stage 4 - Confirmed Downtrend,0.86,Price is below a bearish moving-average stack with falling trend signals.,,,,,watchlist,weekly_watchlist,watchlist,18.25,35.8,26.15,2.0,18.25,35.8,28.15,-13.75,-8.25,334785250.7,"Stage 4, Stage 4 - Confirmed Downtrend, weekly_vcp_ok, volume_dryup, weekly_volume_dryup, weekly_strong, downtrend",417,417,Stage 4,watchlist,weekly_watchlist,27.74,0,0.41000000000000014,False,False,False,False,False
AWL.NS,Adani Wilmar Limited,Fast Moving Consumer Goods,Unknown,False,Cash,1,Stage 4,Stage 4,Stage 4 - Confirmed Downtrend,Stage 4 - Confirmed Downtrend,Stage 4 • Stage 4 - Confirmed Downtrend,0.86,Price is below a bearish moving-average stack with falling trend signals.,,,2025-11-25,,watchlist,weekly_watchlist,watchlist,1.4,35.8,16.88,0.0,1.4,35.8,16.88,-4.66,-5.19,704751919.02,"Stage 4, Stage 4 - Confirmed Downtrend, weekly_vcp_ok, volume_dryup, weekly_volume_dryup, weekly_strong, downtrend",614,614,Stage 4,watchlist,weekly_watchlist,16.67,0,0.2099999999999973,False,False,False,False,False
RAINBOW.NS,Rainbow Childrens Medicare Limited,Healthcare,Unknown,False,Cash,1,Stage 2,Stage 2,Early Stage 2,Early Stage 2,Stage 2 • Early Stage 2,0.72,"Price has moved above long-term structure, but the full moving-average stack is not clean yet.",,,2026-07-27,,watchlist,weekly_near_pivot,watchlist,26.38,70.43,46.2,10.0,26.38,70.43,56.2,17.66,28.59,112987312.06,"Stage 2, Early Stage 2, weekly_vcp_ok, volume_dryup, weekly_volume_dryup, weekly_strong",99,99,Stage 2,watchlist,weekly_near_pivot,56.15,0,0.05000000000000426,False,False,False,False,False
KAYNES.NS,Kaynes Technology India Limited,Capital Goods,Unknown,True,F&O,1,Stage 4,Stage 4,Stage 4 - Weak/Declining,Stage 4 - Weak/Declining,Stage 4 • Stage 4 - Weak/Declining,0.72,Price is below long-term support with weak trend evidence.,,,2025-11-13,,watchlist,weekly_watchlist,watchlist,14.13,0.4,7.95,5.0,14.13,0.4,12.95,-20.15,1.5,3381446906.04,"Stage 4, Stage 4 - Weak/Declining, volume_dryup, weekly_volume_dryup, downtrend",654,654,Stage 4,watchlist,weekly_watchlist,12.92,0,0.02999999999999936,False,False,False,False,False
TATAINVEST.NS,Tata Investment Corporation Ltd.,Financial Services,Unknown,False,Cash,1,Stage 4,Stage 4,Stage 4 - Weak/Declining,Stage 4 - Weak/Declining,Stage 4 • Stage 4 - Weak/Declining,0.72,Price is below long-term support with weak trend evidence.,,,2025-10-29,,watchlist,weekly_watchlist,watchlist,19.59,37.39,27.6,2.0,19.59,37.39,29.6,-8.55,13.45,158243953.92,"Stage 4, Stage 4 - Weak/Declining, weekly_vcp_ok, volume_dryup, weekly_volume_dryup, weekly_strong, downtrend",391,391,Stage 4,watchlist,weekly_watchlist,29.59,0,0.010000000000001563,False,False,False,False,False
JAYNECOIND.NS,Jayaswal Neco Industries Limited,Capital Goods,Unknown,False,Cash,1,Stage 3,Stage 3,Stage 3 - Distribution/Damage,Stage 3 - Distribution/Damage,Stage 3 • Stage 3 - Distribution/Damage,0.76,"Prior strength exists, but short-term and/or weekly structure is deteriorating.",,,2026-07-03,,watchlist,weekly_watchlist,watchlist,0.0,3.13,1.41,5.0,0.0,3.13,6.41,-20.2,27.48,503732938.98,"Stage 3, Stage 3 - Distribution/Damage, distribution_risk",711,711,Stage 3,watchlist,weekly_watchlist,6.4,0,0.009999999999999787,False,False,False,False,False
LTFOODS.NS,LT Foods Ltd.,Fast Moving Consumer Goods,Unknown,False,Cash,1,Stage 4,Stage 4,Stage 4 - Confirmed Downtrend,Stage 4 - Confirmed Downtrend,Stage 4 • Stage 4 - Confirmed Downtrend,0.86,Price is below a bearish moving-average stack with falling trend signals.,,,,,watchlist,weekly_watchlist,watchlist,16.78,36.9,25.83,0.0,16.78,36.9,25.83,-14.01,8.84,162012693.02,"Stage 4, Stage 4 - Confirmed Downtrend, weekly_vcp_ok, volume_dryup, weekly_volume_dryup, weekly_strong, downtrend",471,471,Stage 4,watchlist,weekly_watchlist,25.82,0,0.00999999999999801,False,False,False,False,False
KKCL.NS,Kewal Kiran Clothing Limited,Textiles,Unknown,False,Cash,1,Stage 2,Stage 2,Early Stage 2,Early Stage 2,Stage 2 • Early Stage 2,0.72,"Price has moved above long-term structure, but the full moving-average stack is not clean yet.",,,2026-07-27,,watchlist,weekly_near_pivot,watchlist,32.72,67.75,48.48,10.0,32.72,67.75,58.48,5.21,14.32,28034254.56,"Stage 2, Early Stage 2, weekly_vcp_ok, volume_dryup, weekly_volume_dryup, weekly_strong",80,80,Stage 2,watchlist,weekly_near_pivot,58.48,0,0.0,False,False,False,False,False
SPARC.NS,Sun Pharma Advanced Research Company Limited,Healthcare,Unknown,False,Cash,1,Stage 2,Stage 2,Early Stage 2,Early Stage 2,Stage 2 • Early Stage 2,0.72,"Price has moved above long-term structure, but the full moving-average stack is not clean yet.",,,2026-07-27,,watchlist,weekly_forming,watchlist,25.0,65.8,43.36,10.0,25.0,65.8,53.36,46.13,74.48,660636532.45,"Stage 2, Early Stage 2, weekly_vcp_ok, volume_dryup, weekly_volume_dryup, weekly_strong",120,120,Stage 2,watchlist,weekly_forming,53.36,0,0.0,False,False,False,False,False
SANGHVIMOV.NS,Sanghvi Movers Limited,Capital Goods,Unknown,False,Cash,1,Stage 2,Stage 2,Early Stage 2,Early Stage 2,Stage 2 • Early Stage 2,0.72,"Price has moved above long-term structure, but the full moving-average stack is not clean yet.",,,2026-07-27,,watchlist,weekly_watchlist,watchlist,51.2,44.2,48.05,5.0,51.2,44.2,53.05,36.48,59.59,165043004.56,"Stage 2, Early Stage 2, volume_dryup, weekly_volume_dryup",123,123,Stage 2,watchlist,weekly_watchlist,53.05,0,0.0,False,False,False,False,False
SHARDACROP.NS,Sharda Cropchem Limited,Chemicals,Unknown,False,Cash,1,Stage 4,Stage 4,Stage 4 - Weak/Declining,Stage 4 - Weak/Declining,Stage 4 • Stage 4 - Weak/Declining,0.72,Price is below long-term support with weak trend evidence.,,,2026-05-06,,watchlist,weekly_watchlist,watchlist,19.1,35.8,26.62,5.0,19.1,35.8,31.62,-18.2,13.99,127183911.38,"Stage 4, Stage 4 - Weak/Declining, weekly_vcp_ok, volume_dryup, weekly_volume_dryup, weekly_strong, downtrend",351,351,Stage 4,watchlist,weekly_watchlist,31.62,0,0.0,False,False,False,False,False
HBLENGINE.NS,HBL Engineering Ltd.,Capital Goods,Unknown,False,Cash,1,Stage 4,Stage 4,Stage 4 - Weak/Declining,Stage 4 - Weak/Declining,Stage 4 • Stage 4 - Weak/Declining,0.72,Price is below long-term support with weak trend evidence.,,,2026-06-26,,watchlist,weekly_watchlist,watchlist,18.2,36.9,26.62,5.0,18.2,36.9,31.62,-12.92,3.51,620438923.75,"Stage 4, Stage 4 - Weak/Declining, weekly_vcp_ok, volume_dryup, weekly_volume_dryup, weekly_strong, downtrend",352,352,Stage 4,watchlist,weekly_watchlist,31.62,0,0.0,False,False,False,False,False
GMDCLTD.NS,Gujarat Mineral Development Corporation Limited,Metals & Mining,Unknown,False,Cash,1,Stage 4,Stage 4,Stage 4,Stage 4,Stage 4,0.66,Declining structure detected.,,,2026-06-24,,watchlist,weekly_watchlist,watchlist,16.7,36.9,25.79,0.0,16.7,36.9,25.79,-24.73,9.32,576013100.62,"Stage 4, Stage 4, weekly_vcp_ok, volume_dryup, weekly_volume_dryup, weekly_strong, downtrend",473,473,Stage 4,watchlist,weekly_watchlist,25.79,0,0.0,False,False,False,False,False
NIITMTS.NS,NIIT Learning Systems Limited,Consumer Services,Unknown,False,Cash,1,Stage 4,Stage 4,Stage 4 - Weak/Declining,Stage 4 - Weak/Declining,Stage 4 • Stage 4 - Weak/Declining,0.72,Price is below long-term support with weak trend evidence.,,,2026-02-17,,watchlist,weekly_watchlist,watchlist,0.0,35.8,16.11,0.0,0.0,35.8,16.11,-26.06,-34.68,188506780.05,"Stage 4, Stage 4 - Weak/Declining, weekly_vcp_ok, volume_dryup, weekly_volume_dryup, weekly_strong, downtrend",626,626,Stage 4,watchlist,weekly_watchlist,16.11,0,0.0,False,False,False,False,False
RSYSTEMS.NS,R Systems International Limited,Information Technology,Unknown,False,Cash,1,Stage 4,Stage 4,Stage 4 - Weak/Declining,Stage 4 - Weak/Declining,Stage 4 • Stage 4 - Weak/Declining,0.72,Price is below long-term support with weak trend evidence.,,,,,watchlist,weekly_watchlist,watchlist,0.0,35.8,16.11,0.0,0.0,35.8,16.11,-3.35,-22.01,210316568.54,"Stage 4, Stage 4 - Weak/Declining, weekly_vcp_ok, volume_dryup, weekly_volume_dryup, weekly_strong, downtrend",627,627,Stage 4,watchlist,weekly_watchlist,16.11,0,0.0,False,False,False,False,False
RVNL.NS,Rail Vikas Nigam Limited,Construction,Unknown,True,F&O,1,Stage 4,Stage 4,Stage 4 - Confirmed Downtrend,Stage 4 - Confirmed Downtrend,Stage 4 • Stage 4 - Confirmed Downtrend,0.86,Price is below a bearish moving-average stack with falling trend signals.,,,,,watchlist,weekly_watchlist,watchlist,0.0,35.8,16.11,0.0,0.0,35.8,16.11,-25.59,-26.79,865420112.15,"Stage 4, Stage 4 - Confirmed Downtrend, weekly_vcp_ok, volume_dryup, weekly_volume_dryup, weekly_strong, downtrend",628,628,Stage 4,watchlist,weekly_watchlist,16.11,0,0.0,False,False,False,False,False
BAYERCROP.NS,Bayer Cropscience Limited,Chemicals,Unknown,False,Cash,1,Stage 4,Stage 4,Stage 4 - Confirmed Downtrend,Stage 4 - Confirmed Downtrend,Stage 4 • Stage 4 - Confirmed Downtrend,0.86,Price is below a bearish moving-average stack with falling trend signals.,,,,,watchlist,weekly_watchlist,watchlist,12.7,3.2,8.43,5.0,12.7,3.2,13.43,-11.39,1.54,192535693.72,"Stage 4, Stage 4 - Confirmed Downtrend, weekly_volume_dryup, downtrend",647,647,Stage 4,watchlist,weekly_watchlist,13.43,0,0.0,False,False,False,False,False
PNC.NS,Pritish Nandy Communications Limited,"Media, Entertainment & Publication",Unknown,False,Cash,1,Stage 4,Stage 4,Stage 4 - Confirmed Downtrend,Stage 4 - Confirmed Downtrend,Stage 4 • Stage 4 - Confirmed Downtrend,0.86,Price is below a bearish moving-average stack with falling trend signals.,,,,,watchlist,weekly_watchlist,watchlist,6.2,22.1,13.36,0.0,6.2,22.1,13.36,-7.69,-9.21,386549.63,"Stage 4, Stage 4 - Confirmed Downtrend, weekly_vcp_ok, weekly_volume_dryup, downtrend",649,649,Stage 4,watchlist,weekly_watchlist,13.36,0,0.0,False,False,False,False,False
PIIND.NS,PI Industries Limited,Chemicals,Unknown,True,F&O,1,Stage 4,Stage 4,Stage 4 - Confirmed Downtrend,Stage 4 - Confirmed Downtrend,Stage 4 • Stage 4 - Confirmed Downtrend,0.86,Price is below a bearish moving-average stack with falling trend signals.,,,,,watchlist,weekly_watchlist,watchlist,15.2,0.0,8.36,5.0,15.2,0.0,13.36,-11.36,-9.47,537945789.33,"Stage 4, Stage 4 - Confirmed Downtrend, volume_dryup, weekly_volume_dryup, downtrend",650,650,Stage 4,watchlist,weekly_watchlist,13.36,0,0.0,False,False,False,False,False
CHEMPLASTS.NS,Chemplast Sanmar Limited,Chemicals,Unknown,False,Cash,1,Stage 4,Stage 4,Stage 4 - Confirmed Downtrend,Stage 4 - Confirmed Downtrend,Stage 4 • Stage 4 - Confirmed Downtrend,0.86,Price is below a bearish moving-average stack with falling trend signals.,,,,,watchlist,weekly_watchlist,watchlist,10.7,4.0,7.68,5.0,10.7,4.0,12.68,-11.53,-13.6,130517774.57,"Stage 4, Stage 4 - Confirmed Downtrend, downtrend",657,657,Stage 4,watchlist,weekly_watchlist,12.68,0,0.0,False,False,False,False,False
MANINFRA.NS,Man Infraconstruction Limited,Construction,Unknown,False,Cash,1,Stage 4,Stage 4,Stage 4 - Confirmed Downtrend,Stage 4 - Confirmed Downtrend,Stage 4 • Stage 4 - Confirmed Downtrend,0.86,Price is below a bearish moving-average stack with falling trend signals.,,,,,watchlist,weekly_watchlist,watchlist,18.2,0.0,10.01,0.0,18.2,0.0,10.01,-18.52,-0.53,106257757.95,"Stage 4, Stage 4 - Confirmed Downtrend, volume_dryup, weekly_volume_dryup, downtrend",679,679,Stage 4,watchlist,weekly_watchlist,10.01,0,0.0,False,False,False,False,False
RENUKA.NS,Shree Renuka Sugars Limited,Fast Moving Consumer Goods,Unknown,False,Cash,1,Stage 4,Stage 4,Stage 4 - Confirmed Downtrend,Stage 4 - Confirmed Downtrend,Stage 4 • Stage 4 - Confirmed Downtrend,0.86,Price is below a bearish moving-average stack with falling trend signals.,,,,,watchlist,weekly_watchlist,watchlist,18.2,0.0,10.01,0.0,18.2,0.0,10.01,-25.87,-5.36,77981043.98,"Stage 4, Stage 4 - Confirmed Downtrend, volume_dryup, weekly_volume_dryup, downtrend",680,680,Stage 4,watchlist,weekly_watchlist,10.01,0,0.0,False,False,False,False,False
ADVENZYMES.NS,Advanced Enzyme Technologies Limited,Healthcare,Unknown,False,Cash,1,Stage 2 Failed,Stage 4,Failed Stage 2,Failed Stage 2,Stage 2 Failed • Failed Stage 2,0.72,"This stock was recently Stage 2, but the latest structure no longer satisfies Stage 2 rules. It is kept as Stage 2 Failed until a fresh base/repair structure forms.",Recent Stage 2 break; public stage held as Stage 2 Failed.,2026-07-28,2026-07-13,,watchlist,weekly_watchlist,watchlist,0.0,0.0,0.0,10.0,0.0,0.0,10.0,-10.17,21.8,101008514.12,"Stage 4, Stage 4 - Weak/Declining, volume_dryup, weekly_volume_dryup, downtrend | Stage 2 failed state applied from stage memory.",681,681,Stage 2 Failed,watchlist,weekly_watchlist,10.0,0,0.0,False,False,False,False,False
ASHOKA.NS,Ashoka Buildcon Limited,Construction,Unknown,False,Cash,1,Stage 4,Stage 4,Stage 4 - Confirmed Downtrend,Stage 4 - Confirmed Downtrend,Stage 4 • Stage 4 - Confirmed Downtrend,0.86,Price is below a bearish moving-average stack with falling trend signals.,,,,,watchlist,weekly_watchlist,watchlist,0.0,22.1,9.95,0.0,0.0,22.1,9.95,-8.54,-9.82,73201078.69,"Stage 4, Stage 4 - Confirmed Downtrend, weekly_vcp_ok, volume_dryup, weekly_volume_dryup, downtrend",682,682,Stage 4,watchlist,weekly_watchlist,9.95,0,0.0,False,False,False,False,False
KNRCON.NS,KNR Constructions Limited,Construction,Unknown,False,Cash,1,Stage 4,Stage 4,Stage 4 - Confirmed Downtrend,Stage 4 - Confirmed Downtrend,Stage 4 • Stage 4 - Confirmed Downtrend,0.86,Price is below a bearish moving-average stack with falling trend signals.,,,,,watchlist,weekly_watchlist,watchlist,0.0,22.1,9.95,0.0,0.0,22.1,9.95,-3.74,-5.82,74387377.23,"Stage 4, Stage 4 - Confirmed Downtrend, weekly_vcp_ok, volume_dryup, weekly_volume_dryup, downtrend",683,683,Stage 4,watchlist,weekly_watchlist,9.95,0,0.0,False,False,False,False,False
SUNDARMFIN.NS,Sundaram Finance Limited,Financial Services,Unknown,False,Cash,1,Stage 1,Stage 1,Stage 1 - Unclear/Repair,Stage 1 - Unclear/Repair,Stage 1 • Stage 1 - Unclear/Repair,0.58,Not enough evidence for Stage 2 or Stage 4; classified as repair/unclear structure.,,,2026-03-17,,watchlist,weekly_watchlist,watchlist,0.0,10.0,4.5,2.0,0.0,10.0,6.5,-1.93,-9.46,273158314.57,"Stage 1, Stage 1 - Unclear/Repair, volume_dryup, weekly_volume_dryup, stage1_not_actionable, stage1_needs_more_base",709,709,Stage 1,watchlist,weekly_watchlist,6.5,0,0.0,False,False,False,False,False
PRSMJOHNSN.NS,Prism Johnson Limited,Construction Materials,Unknown,False,Cash,1,Stage 4,Stage 4,Stage 4 - Confirmed Downtrend,Stage 4 - Confirmed Downtrend,Stage 4 • Stage 4 - Confirmed Downtrend,0.86,Price is below a bearish moving-average stack with falling trend signals.,,,,,watchlist,weekly_watchlist,watchlist,0.0,0.0,0.0,0.0,0.0,0.0,0.0,-20.03,-6.34,13596970.17,"Stage 4, Stage 4 - Confirmed Downtrend, volume_dryup, weekly_volume_dryup, downtrend",752,752,Stage 4,watchlist,weekly_watchlist,0.0,0,0.0,False,False,False,False,False
TECHNOE.NS,Techno Electric & Engineering Company Limited,Construction,Unknown,False,Cash,1,Stage 4,Stage 4,Stage 4 - Confirmed Downtrend,Stage 4 - Confirmed Downtrend,Stage 4 • Stage 4 - Confirmed Downtrend,0.86,Price is below a bearish moving-average stack with falling trend signals.,,,,,watchlist,weekly_watchlist,watchlist,0.0,0.0,0.0,0.0,0.0,0.0,0.0,-22.66,14.46,134931536.09,"Stage 4, Stage 4 - Confirmed Downtrend, volume_dryup, weekly_volume_dryup, downtrend",753,753,Stage 4,watchlist,weekly_watchlist,0.0,0,0.0,False,False,False,False,False
VSTIND.NS,VST Industries Limited,Fast Moving Consumer Goods,Unknown,False,Cash,1,Stage 2 Failed,Stage 4,Failed Stage 2,Failed Stage 2,Stage 2 Failed • Failed Stage 2,0.72,"This stock was recently Stage 2, but the latest structure no longer satisfies Stage 2 rules. It is kept as Stage 2 Failed until a fresh base/repair structure forms.",Recent Stage 2 break; public stage held as Stage 2 Failed.,2026-07-28,2026-07-10,,watchlist,weekly_watchlist,watchlist,0.0,0.0,0.0,0.0,0.0,0.0,0.0,-7.02,8.39,113613430.91,"Stage 4, Stage 4 - Weak/Declining, volume_dryup, weekly_volume_dryup, downtrend | Stage 2 failed state applied from stage memory.",754,754,Stage 2 Failed,watchlist,weekly_watchlist,0.0,0,0.0,False,False,False,False,False
ZAGGLE.NS,Zaggle Prepaid Ocean Services Limited,Information Technology,Unknown,False,Cash,1,Stage 4,Stage 4,Stage 4 - Confirmed Downtrend,Stage 4 - Confirmed Downtrend,Stage 4 • Stage 4 - Confirmed Downtrend,0.86,Price is below a bearish moving-average stack with falling trend signals.,,,,,watchlist,weekly_watchlist,watchlist,18.47,35.8,26.27,0.0,18.47,35.8,26.27,-15.31,-21.38,145779214.51,"Stage 4, Stage 4 - Confirmed Downtrend, weekly_vcp_ok, volume_dryup, weekly_volume_dryup, weekly_strong, downtrend",456,456,Stage 4,watchlist,weekly_watchlist,26.31,0,-0.03999999999999915,False,False,False,False,False
TDPOWERSYS.NS,TD Power Systems Limited,Capital Goods,Unknown,False,Cash,1,Stage 2 Failed,Stage 3,Failed Stage 2,Failed Stage 2,Stage 2 Failed • Failed Stage 2,0.72,"This stock was recently Stage 2, but the latest structure no longer satisfies Stage 2 rules. It is kept as Stage 2 Failed until a fresh base/repair structure forms.",Recent Stage 2 break; public stage held as Stage 2 Failed.,2026-07-28,2026-07-21,,watchlist,weekly_watchlist,watchlist,5.38,4.31,4.9,5.0,5.38,4.31,9.9,-3.24,82.32,1001367108.05,"Stage 3, Stage 3 - Distribution/Damage, volume_dryup, weekly_volume_dryup, distribution_risk | Stage 2 failed state applied from stage memory.",684,684,Stage 2 Failed,watchlist,weekly_watchlist,9.94,0,-0.03999999999999915,False,False,False,False,False
STARCEMENT.NS,Star Cement Limited,Construction Materials,Unknown,False,Cash,1,Stage 4,Stage 4,Stage 4 - Confirmed Downtrend,Stage 4 - Confirmed Downtrend,Stage 4 • Stage 4 - Confirmed Downtrend,0.86,Price is below a bearish moving-average stack with falling trend signals.,,,2025-11-03,,watchlist,weekly_watchlist,watchlist,8.44,0.0,4.64,0.0,8.44,0.0,4.64,-12.24,0.3,39403366.33,"Stage 4, Stage 4 - Confirmed Downtrend, volume_dryup, weekly_volume_dryup, downtrend",722,722,Stage 4,watchlist,weekly_watchlist,4.69,0,-0.05000000000000071,False,False,False,False,False
HUDCO.NS,Housing & Urban Development Corporation Limited,Financial Services,Unknown,False,Cash,1,Stage 4,Stage 4,Stage 4 - Weak/Declining,Stage 4 - Weak/Declining,Stage 4 • Stage 4 - Weak/Declining,0.72,Price is below long-term support with weak trend evidence.,,,2026-07-06,,watchlist,weekly_watchlist,watchlist,0.0,35.8,16.11,2.0,0.0,35.8,18.11,-11.92,4.09,630357303.22,"Stage 4, Stage 4 - Weak/Declining, weekly_vcp_ok, weekly_strong, downtrend",601,601,Stage 2 Failed,watchlist,weekly_watchlist,18.19,0,-0.08000000000000185,False,False,False,False,False
AUROPHARMA.NS,Aurobindo Pharma Limited,Healthcare,Unknown,True,F&O,1,Stage 2,Stage 2,Clean Stage 2,Clean Stage 2,Stage 2 • Clean Stage 2,0.9,"Price is above rising key averages, weekly structure is supportive, and the stock is near its 52-week high.",,,2026-07-27,,watchlist,weekly_watchlist,watchlist,62.17,30.13,47.75,10.0,62.17,30.13,57.75,11.54,41.79,1355111675.87,"Stage 2, Clean Stage 2, trend_template_ok, volume_dryup, weekly_volume_dryup",87,87,Stage 2,watchlist,weekly_watchlist,57.88,0,-0.13000000000000256,False,False,False,False,False
APTUS.NS,Aptus Value Housing Finance India Limited,Financial Services,Unknown,False,Cash,1,Stage 2,Stage 2,Early Stage 2,Early Stage 2,Stage 2 • Early Stage 2,0.72,"Price has moved above long-term structure, but the full moving-average stack is not clean yet.",,,2026-07-27,,watchlist,weekly_near_pivot,watchlist,39.07,67.8,52.0,2.0,39.07,67.8,54.0,9.19,10.8,276896388.41,"Stage 2, Early Stage 2, weekly_vcp_ok, weekly_volume_dryup, weekly_strong",114,114,Stage 2,watchlist,weekly_near_pivot,54.13,0,-0.13000000000000256,False,False,False,False,False
BHARTIARTL.NS,Bharti Airtel Limited,Telecommunication,Unknown,True,F&O,1,Stage 1,Stage 1,Stage 1 - Early Turn,Stage 1 - Early Turn,Stage 1 • Stage 1 - Early Turn,0.66,The stock is improving from a repair/base area but has not confirmed a clean Stage 2 yet.,,,2026-01-08,,watchlist,weekly_watchlist,watchlist,12.13,50.24,29.28,10.0,12.13,50.24,39.28,2.11,2.24,11056558855.81,"Stage 1, Stage 1 - Early Turn, weekly_vcp_ok, volume_dryup, weekly_volume_dryup, weekly_strong, stage1_not_actionable, stage1_needs_more_base",248,248,Stage 1,watchlist,weekly_watchlist,39.43,0,-0.14999999999999858,False,False,False,False,False
JKCEMENT.NS,J.K. Cement Ltd.,Construction Materials,Unknown,False,Cash,1,Stage 1,Stage 1,Stage 1 - Early Turn,Stage 1 - Early Turn,Stage 1 • Stage 1 - Early Turn,0.66,The stock is improving from a repair/base area but has not confirmed a clean Stage 2 yet.,,,,,watchlist,weekly_watchlist,watchlist,0.0,21.72,9.77,0.0,0.0,21.72,9.77,7.16,8.04,477961651.72,"Stage 1, Stage 1 - Early Turn, weekly_volume_dryup, stage1_not_actionable, stage1_needs_more_base",685,685,Not Sure,watchlist,weekly_watchlist,9.92,0,-0.15000000000000036,False,False,False,False,False
ASAHIINDIA.NS,Asahi India Glass Limited,Automobile and Auto Components,Unknown,False,Cash,1,Stage 1,Stage 1,Stage 1 - Base/Repair,Stage 1 - Base/Repair,Stage 1 • Stage 1 - Base/Repair,0.7,Price is near long-term moving averages with no strong long-term downtrend signal.,,,2026-02-02,,watchlist,weekly_watchlist,watchlist,0.0,10.0,4.5,5.0,0.0,10.0,9.5,4.15,-7.57,91539338.35,"Stage 1, Stage 1 - Base/Repair, volume_dryup, weekly_volume_dryup, stage1_not_actionable, stage1_needs_more_base",687,687,Stage 1,watchlist,weekly_watchlist,9.68,0,-0.17999999999999972,False,False,False,False,False
GVT&D.NS,GE Vernova T&D India Ltd.,Capital Goods,Unknown,False,Cash,1,Stage 2 Failed,Stage 1,Failed Stage 2,Failed Stage 2,Stage 2 Failed • Failed Stage 2,0.72,"This stock was recently Stage 2, but the latest structure no longer satisfies Stage 2 rules. It is kept as Stage 2 Failed until a fresh base/repair structure forms.",Recent Stage 2 break; public stage held as Stage 2 Failed.,2026-07-28,2026-07-24,,watchlist,weekly_watchlist,watchlist,4.57,3.21,3.96,5.0,4.57,3.21,8.96,-7.62,55.67,4602376653.3,"Stage 1, Stage 1 - Base/Repair, stage1_not_actionable, stage1_needs_more_base | Stage 2 failed state applied from stage memory.",691,691,Stage 2 Failed,watchlist,weekly_watchlist,9.14,0,-0.17999999999999972,False,False,False,False,False
GICRE.NS,General Insurance Corporation of India,Financial Services,Unknown,False,Cash,1,Stage 1,Stage 1,Stage 1 - Unclear/Repair,Stage 1 - Unclear/Repair,Stage 1 • Stage 1 - Unclear/Repair,0.58,Not enough evidence for Stage 2 or Stage 4; classified as repair/unclear structure.,,,2026-06-05,,watchlist,weekly_watchlist,watchlist,1.26,6.8,3.75,2.0,1.26,6.8,5.75,-9.03,0.53,191285251.69,"Stage 1, Stage 1 - Unclear/Repair, volume_dryup, weekly_volume_dryup, stage1_not_actionable, stage1_needs_more_base",714,714,Stage 1,watchlist,weekly_watchlist,5.95,0,-0.20000000000000018,False,False,False,False,False
VMART.NS,V-Mart Retail Limited,Consumer Services,Unknown,False,Cash,1,Stage 2,Stage 2,Early Stage 2,Early Stage 2,Stage 2 • Early Stage 2,0.72,"Price has moved above long-term structure, but the full moving-average stack is not clean yet.",,,2026-07-27,,watchlist,weekly_forming,watchlist,40.73,62.33,50.45,0.0,40.73,62.33,50.45,16.05,29.29,138858805.52,"Stage 2, Early Stage 2, weekly_vcp_ok, weekly_strong",137,137,Stage 2,watchlist,weekly_forming,50.86,0,-0.4099999999999966,False,False,False,False,False
ELGIEQUIP.NS,Elgi Equipments Limited,Capital Goods,Unknown,False,Cash,1,Stage 2,Stage 2,Early Stage 2,Early Stage 2,Stage 2 • Early Stage 2,0.72,"Price has moved above long-term structure, but the full moving-average stack is not clean yet.",,,2026-07-27,,watchlist,weekly_forming,watchlist,50.43,62.13,55.7,5.0,50.43,62.13,60.7,3.4,39.89,161575657.9,"Stage 2, Early Stage 2, weekly_vcp_ok, volume_dryup, weekly_volume_dryup, weekly_strong",63,63,Stage 2,watchlist,weekly_forming,61.14,0,-0.4399999999999977,False,False,False,False,False
GPPL.NS,Gujarat Pipavav Port Limited,Services,Unknown,False,Cash,1,Stage 4,Stage 4,Stage 4 - Confirmed Downtrend,Stage 4 - Confirmed Downtrend,Stage 4 • Stage 4 - Confirmed Downtrend,0.86,Price is below a bearish moving-average stack with falling trend signals.,,,2026-02-10,,watchlist,weekly_watchlist,watchlist,13.05,4.0,8.98,2.0,13.05,4.0,10.98,-4.9,-3.32,155875594.55,"Stage 4, Stage 4 - Confirmed Downtrend, volume_dryup, weekly_volume_dryup, downtrend",667,667,Stage 4,watchlist,weekly_watchlist,11.42,0,-0.4399999999999995,False,False,False,False,False
STARHEALTH.NS,Star Health and Allied Insurance Company Limited,Financial Services,Unknown,False,Cash,1,Stage 2,Stage 2,Clean Stage 2,Clean Stage 2,Stage 2 • Clean Stage 2,0.9,"Price is above rising key averages, weekly structure is supportive, and the stock is near its 52-week high.",,,2026-07-27,,watchlist,weekly_watchlist,watchlist,45.94,28.92,38.28,2.0,45.94,28.92,40.28,11.14,42.01,263396626.87,"Stage 2, Clean Stage 2, trend_template_ok, volume_dryup, weekly_volume_dryup",234,234,Stage 2,watchlist,weekly_watchlist,40.73,0,-0.44999999999999574,False,False,False,False,False
SAILIFE.NS,Sai Life Sciences Ltd.,Healthcare,Unknown,False,Cash,1,Stage 2,Stage 2,Clean Stage 2,Clean Stage 2,Stage 2 • Clean Stage 2,0.9,"Price is above rising key averages, weekly structure is supportive, and the stock is near its 52-week high.",,,2026-07-27,,watchlist,weekly_watchlist,watchlist,71.58,34.0,54.67,10.0,71.58,34.0,64.67,21.65,63.21,461578205.34,"Stage 2, Clean Stage 2, trend_template_ok, volume_dryup, weekly_volume_dryup",34,34,Stage 2,watchlist,weekly_watchlist,65.15,0,-0.480000000000004,False,False,False,False,False
ZYDUSLIFE.NS,Zydus Lifesciences Limited,Healthcare,Unknown,True,F&O,1,Stage 2,Stage 2,Early Stage 2,Early Stage 2,Stage 2 • Early Stage 2,0.72,"Price has moved above long-term structure, but the full moving-average stack is not clean yet.",,,2026-07-27,,watchlist,weekly_watchlist,watchlist,26.22,31.12,28.43,10.0,26.22,31.12,38.43,23.4,27.81,1391685345.15,"Stage 2, Early Stage 2, volume_dryup, weekly_volume_dryup",256,256,Stage 2,watchlist,weekly_watchlist,38.99,0,-0.5600000000000023,False,False,False,False,False
POLYMED.NS,Poly Medicure Limited,Healthcare,Unknown,False,Cash,1,Stage 1,Stage 1,Stage 1 - Early Turn,Stage 1 - Early Turn,Stage 1 • Stage 1 - Early Turn,0.66,The stock is improving from a repair/base area but has not confirmed a clean Stage 2 yet.,,,,,watchlist,weekly_watchlist,watchlist,1.12,52.04,24.03,10.0,1.12,52.04,34.03,9.01,13.41,181889288.02,"Stage 1, Stage 1 - Early Turn, weekly_vcp_ok, volume_dryup, weekly_volume_dryup, weekly_strong, stage1_not_actionable, stage1_needs_more_base",313,313,Stage 1,watchlist,weekly_watchlist,34.75,0,-0.7199999999999989,False,False,False,False,False
DIVISLAB.NS,Divi's Laboratories Limited,Healthcare,Unknown,True,F&O,1,Stage 2,Stage 2,Early Stage 2,Early Stage 2,Stage 2 • Early Stage 2,0.72,"Price has moved above long-term structure, but the full moving-average stack is not clean yet.",,,2026-07-27,,watchlist,weekly_breakout,watchlist,56.69,62.14,59.14,10.0,56.69,62.14,69.14,14.7,28.68,3035288000.19,"Stage 2, Early Stage 2, weekly_vcp_ok, weekly_strong",13,13,Stage 2,watchlist,weekly_breakout,69.9,0,-0.7600000000000051,False,False,False,False,False
RATNAMANI.NS,Ratnamani Metals & Tubes Limited,Capital Goods,Unknown,False,Cash,1,Stage 2 Failed,Stage 1,Failed Stage 2,Failed Stage 2,Stage 2 Failed • Failed Stage 2,0.72,"This stock was recently Stage 2, but the latest structure no longer satisfies Stage 2 rules. It is kept as Stage 2 Failed until a fresh base/repair structure forms.",Recent Stage 2 break; public stage held as Stage 2 Failed.,2026-07-28,2026-07-17,,watchlist,weekly_watchlist,watchlist,17.72,42.92,29.06,5.0,17.72,42.92,34.06,-10.86,22.07,76667730.13,"Stage 1, Stage 1 - Base/Repair, weekly_vcp_ok, volume_dryup, weekly_volume_dryup, weekly_strong, stage1_not_actionable, stage1_needs_more_base | Stage 2 failed state applied from stage memory.",312,312,Stage 2 Failed,watchlist,weekly_watchlist,34.83,0,-0.769999999999996,False,False,False,False,False
KARURVYSYA.NS,Karur Vysya Bank Limited,Financial Services,Unknown,False,Cash,1,Stage 2,Stage 2,Clean Stage 2,Clean Stage 2,Stage 2 • Clean Stage 2,0.9,"Price is above rising key averages, weekly structure is supportive, and the stock is near its 52-week high.",,,2026-07-27,,watchlist,weekly_breakout,watchlist,63.85,61.55,62.82,2.0,63.85,61.55,64.82,16.24,21.23,2500771437.36,"Stage 2, Clean Stage 2, trend_template_ok, weekly_vcp_ok, weekly_strong",31,31,Stage 2,watchlist,weekly_breakout,66.2,0,-1.3800000000000097,False,False,False,False,False
JUBLFOOD.NS,Jubilant Foodworks Limited,Consumer Services,Unknown,True,F&O,1,Stage 4,Stage 4,Stage 4 - Weak/Declining,Stage 4 - Weak/Declining,Stage 4 • Stage 4 - Weak/Declining,0.72,Price is below long-term support with weak trend evidence.,,,,,watchlist,weekly_watchlist,watchlist,19.44,35.8,26.8,0.0,19.44,35.8,26.8,-9.39,-6.58,1158767918.8,"Stage 4, Stage 4 - Weak/Declining, weekly_vcp_ok, volume_dryup, weekly_volume_dryup, weekly_strong, downtrend",444,443,Stage 4,watchlist,weekly_watchlist,26.62,-1,0.17999999999999972,False,False,False,False,False
MAZDOCK.NS,Mazagon Dock Shipbuilders Limited,Capital Goods,Unknown,True,F&O,1,Stage 4,Stage 4,Stage 4 - Confirmed Downtrend,Stage 4 - Confirmed Downtrend,Stage 4 • Stage 4 - Confirmed Downtrend,0.86,Price is below a bearish moving-average stack with falling trend signals.,,,,,watchlist,weekly_watchlist,watchlist,14.9,35.8,24.3,5.0,14.9,35.8,29.3,-15.96,3.28,1601546827.88,"Stage 4, Stage 4 - Confirmed Downtrend, weekly_vcp_ok, volume_dryup, weekly_volume_dryup, weekly_strong, downtrend",398,397,Stage 4,watchlist,weekly_watchlist,29.16,-1,0.14000000000000057,False,False,False,False,False
NEULANDLAB.NS,Neuland Laboratories Limited,Healthcare,Unknown,False,Cash,1,Stage 2,Stage 2,Early Stage 2,Early Stage 2,Stage 2 • Early Stage 2,0.72,"Price has moved above long-term structure, but the full moving-average stack is not clean yet.",,,2026-07-27,,watchlist,weekly_near_pivot,watchlist,27.62,73.65,48.33,10.0,27.62,73.65,58.33,26.06,52.41,648690366.06,"Stage 2, Early Stage 2, weekly_vcp_ok, volume_dryup, weekly_volume_dryup, weekly_strong",82,81,Stage 2,watchlist,weekly_near_pivot,58.23,-1,0.10000000000000142,False,False,False,False,False
SJVN.NS,SJVN Limited,Power,Unknown,False,Cash,1,Stage 4,Stage 4,Stage 4 - Confirmed Downtrend,Stage 4 - Confirmed Downtrend,Stage 4 • Stage 4 - Confirmed Downtrend,0.86,Price is below a bearish moving-average stack with falling trend signals.,,,,,watchlist,weekly_watchlist,watchlist,12.66,38.0,24.06,2.0,12.66,38.0,26.06,-14.3,0.66,120338225.8,"Stage 4, Stage 4 - Confirmed Downtrend, weekly_vcp_ok, volume_dryup, weekly_volume_dryup, weekly_strong, downtrend",464,463,Stage 4,watchlist,weekly_watchlist,26.02,-1,0.03999999999999915,False,False,False,False,False
GODREJCP.NS,Godrej Consumer Products Ltd.,Fast Moving Consumer Goods,Unknown,True,F&O,1,Stage 4,Stage 4,Stage 4 - Weak/Declining,Stage 4 - Weak/Declining,Stage 4 • Stage 4 - Weak/Declining,0.72,Price is below long-term support with weak trend evidence.,,,2026-02-11,,watchlist,weekly_watchlist,watchlist,19.1,43.8,30.22,0.0,19.1,43.8,30.22,0.52,-3.61,787473738.14,"Stage 4, Stage 4 - Weak/Declining, weekly_vcp_ok, volume_dryup, weekly_volume_dryup, weekly_strong, downtrend",377,376,Stage 4,watchlist,weekly_watchlist,30.22,-1,0.0,False,False,False,False,False
SUNTECK.NS,Sunteck Realty Limited,Realty,Unknown,False,Cash,1,Stage 4,Stage 4,Stage 4 - Weak/Declining,Stage 4 - Weak/Declining,Stage 4 • Stage 4 - Weak/Declining,0.72,Price is below long-term support with weak trend evidence.,,,2025-11-14,,watchlist,weekly_watchlist,watchlist,14.2,35.8,23.92,2.0,14.2,35.8,25.92,-9.71,-12.42,172050927.63,"Stage 4, Stage 4 - Weak/Declining, weekly_vcp_ok, weekly_strong, downtrend",469,468,Stage 4,watchlist,weekly_watchlist,25.92,-1,0.0,False,False,False,False,False
RUSTOMJEE.NS,Keystone Realtors Limited,Realty,Unknown,False,Cash,1,Stage 4,Stage 4,Stage 4 - Weak/Declining,Stage 4 - Weak/Declining,Stage 4 • Stage 4 - Weak/Declining,0.72,Price is below long-term support with weak trend evidence.,,,,,watchlist,weekly_watchlist,watchlist,0.0,35.8,16.11,2.0,0.0,35.8,18.11,4.22,-9.36,20318270.23,"Stage 4, Stage 4 - Weak/Declining, weekly_vcp_ok, volume_dryup, weekly_volume_dryup, weekly_strong, downtrend",606,605,Stage 4,watchlist,weekly_watchlist,18.11,-1,0.0,False,False,False,False,False
BDL.NS,Bharat Dynamics Limited,Capital Goods,Unknown,True,F&O,1,Stage 4,Stage 4,Stage 4 - Confirmed Downtrend,Stage 4 - Confirmed Downtrend,Stage 4 • Stage 4 - Confirmed Downtrend,0.86,Price is below a bearish moving-average stack with falling trend signals.,,,,,watchlist,weekly_watchlist,watchlist,11.9,14.27,12.97,5.0,11.9,14.27,17.97,-6.78,-8.53,1345739261.48,"Stage 4, Stage 4 - Confirmed Downtrend, volume_dryup, weekly_volume_dryup, downtrend",607,606,Stage 4,watchlist,weekly_watchlist,17.97,-1,0.0,False,False,False,False,False
HGINFRA.NS,H.G. Infra Engineering Limited,Construction,Unknown,False,Cash,1,Stage 4,Stage 4,Stage 4 - Confirmed Downtrend,Stage 4 - Confirmed Downtrend,Stage 4 • Stage 4 - Confirmed Downtrend,0.86,Price is below a bearish moving-average stack with falling trend signals.,,,,,watchlist,weekly_watchlist,watchlist,0.0,36.9,16.61,0.0,0.0,36.9,16.61,-9.85,-5.15,32822354.3,"Stage 4, Stage 4 - Confirmed Downtrend, weekly_vcp_ok, volume_dryup, weekly_volume_dryup, weekly_strong, downtrend",616,615,Stage 4,watchlist,weekly_watchlist,16.61,-1,0.0,False,False,False,False,False
MEDPLUS.NS,Medplus Health Services Limited,Consumer Services,Unknown,False,Cash,1,Stage 4,Stage 4,Stage 4 - Weak/Declining,Stage 4 - Weak/Declining,Stage 4 • Stage 4 - Weak/Declining,0.72,Price is below long-term support with weak trend evidence.,,,2026-06-05,,watchlist,weekly_watchlist,watchlist,0.0,36.9,16.61,0.0,0.0,36.9,16.61,-19.62,-4.98,203146190.35,"Stage 4, Stage 4 - Weak/Declining, weekly_vcp_ok, weekly_strong, downtrend",617,616,Stage 4,watchlist,weekly_watchlist,16.61,-1,0.0,False,False,False,False,False
PATANJALI.NS,Patanjali Foods Ltd.,Fast Moving Consumer Goods,Unknown,True,F&O,1,Stage 4,Stage 4,Stage 4 - Confirmed Downtrend,Stage 4 - Confirmed Downtrend,Stage 4 • Stage 4 - Confirmed Downtrend,0.86,Price is below a bearish moving-average stack with falling trend signals.,,,,,watchlist,weekly_watchlist,watchlist,0.0,36.9,16.61,0.0,0.0,36.9,16.61,-25.31,-26.92,2895331757.71,"Stage 4, Stage 4 - Confirmed Downtrend, weekly_vcp_ok, weekly_strong, downtrend",618,617,Stage 4,watchlist,weekly_watchlist,16.61,-1,0.0,False,False,False,False,False
SANDUMA.NS,Sandur Manganese & Iron Ores Limited,"Oil, Gas & Consumable Fuels",Unknown,False,Cash,1,Stage 1,Stage 1,Stage 1 - Base/Repair,Stage 1 - Base/Repair,Stage 1 • Stage 1 - Base/Repair,0.7,Price is near long-term moving averages with no strong long-term downtrend signal.,,,2026-06-05,,watchlist,weekly_watchlist,watchlist,21.2,10.0,16.16,0.0,21.2,10.0,16.16,-4.26,0.48,140932248.84,"Stage 1, Stage 1 - Base/Repair, volume_dryup, weekly_volume_dryup, stage1_not_actionable, stage1_needs_more_base",620,619,Not Sure,watchlist,weekly_watchlist,16.16,-1,0.0,False,False,False,False,False
IRFC.NS,Indian Railway Finance Corporation Limited,Financial Services,Unknown,True,F&O,1,Stage 4,Stage 4,Stage 4 - Confirmed Downtrend,Stage 4 - Confirmed Downtrend,Stage 4 • Stage 4 - Confirmed Downtrend,0.86,Price is below a bearish moving-average stack with falling trend signals.,,,,,watchlist,weekly_watchlist,watchlist,15.7,4.0,10.44,2.0,15.7,4.0,12.44,-16.33,-18.49,690795025.46,"Stage 4, Stage 4 - Confirmed Downtrend, volume_dryup, weekly_volume_dryup, downtrend",660,659,Stage 4,watchlist,weekly_watchlist,12.44,-1,0.0,False,False,False,False,False
HINDCOPPER.NS,Hindustan Copper Ltd.,Metals & Mining,Unknown,False,Cash,1,Stage 1,Stage 1,Stage 1 - Base/Repair,Stage 1 - Base/Repair,Stage 1 • Stage 1 - Base/Repair,0.7,Price is near long-term moving averages with no strong long-term downtrend signal.,,,2026-06-03,,watchlist,weekly_watchlist,watchlist,0.0,5.6,2.52,0.0,0.0,5.6,2.52,-11.49,-11.04,1396704629.22,"Stage 1, Stage 1 - Base/Repair, volume_dryup, weekly_volume_dryup, stage1_not_actionable, stage1_needs_more_base",732,731,Stage 1,watchlist,weekly_watchlist,2.52,-1,0.0,False,False,False,False,False
MGL.NS,Mahanagar Gas Limited,"Oil, Gas & Consumable Fuels",Unknown,False,Cash,1,Stage 4,Stage 4,Stage 4 - Weak/Declining,Stage 4 - Weak/Declining,Stage 4 • Stage 4 - Weak/Declining,0.72,Price is below long-term support with weak trend evidence.,,,,,watchlist,weekly_watchlist,watchlist,0.0,35.89,16.15,0.0,0.0,35.89,16.15,-4.97,5.87,138933012.23,"Stage 4, Stage 4 - Weak/Declining, weekly_vcp_ok, volume_dryup, weekly_volume_dryup, weekly_strong, downtrend",621,620,Stage 4,watchlist,weekly_watchlist,16.16,-1,-0.010000000000001563,False,False,False,False,False
NBCC.NS,NBCC (India) Ltd.,Construction,Unknown,True,F&O,1,Stage 4,Stage 4,Stage 4 - Weak/Declining,Stage 4 - Weak/Declining,Stage 4 • Stage 4 - Weak/Declining,0.72,Price is below long-term support with weak trend evidence.,,,2026-07-02,,watchlist,weekly_watchlist,watchlist,0.0,4.55,2.05,0.0,0.0,4.55,2.05,3.16,2.38,840988020.01,"Stage 4, Stage 4 - Weak/Declining, volume_dryup, weekly_volume_dryup, downtrend",734,733,Stage 4,watchlist,weekly_watchlist,2.22,-1,-0.17000000000000037,False,False,False,False,False
AXISBANK.NS,Axis Bank Limited,Financial Services,Unknown,True,F&O,1,Stage 2 Failed,Stage 1,Failed Stage 2,Failed Stage 2,Stage 2 Failed • Failed Stage 2,0.72,"This stock was recently Stage 2, but the latest structure no longer satisfies Stage 2 rules. It is kept as Stage 2 Failed until a fresh base/repair structure forms.",Recent Stage 2 break; public stage held as Stage 2 Failed.,2026-07-28,2026-07-17,,watchlist,weekly_watchlist,watchlist,20.37,41.8,30.01,2.0,20.37,41.8,32.01,-3.41,-2.28,9656681266.44,"Stage 1, Stage 1 - Base/Repair, weekly_vcp_ok, weekly_strong, stage1_not_actionable, stage1_needs_more_base | Stage 2 failed state applied from stage memory.",341,340,Stage 2 Failed,watchlist,weekly_watchlist,32.2,-1,-0.19000000000000483,False,False,False,False,False
AIAENG.NS,AIA Engineering Limited,Capital Goods,Unknown,False,Cash,1,Stage 2,Stage 2,Messy Stage 2,Messy Stage 2,Stage 2 • Messy Stage 2,0.64,"Long-term structure is still constructive, but the short-term/weekly structure is not clean.",,,2026-07-27,,watchlist,weekly_forming,watchlist,44.09,62.27,52.27,5.0,44.09,62.27,57.27,16.59,28.07,356783457.35,"Stage 2, Messy Stage 2, trend_template_ok, weekly_vcp_ok, volume_dryup, weekly_volume_dryup, weekly_strong",91,90,Stage 2,watchlist,weekly_forming,57.49,-1,-0.21999999999999886,False,False,False,False,False
RBLBANK.NS,RBL Bank Limited,Financial Services,Unknown,True,F&O,1,Stage 2,Stage 2,Clean Stage 2,Clean Stage 2,Stage 2 • Clean Stage 2,0.9,"Price is above rising key averages, weekly structure is supportive, and the stock is near its 52-week high.",,,2026-07-27,,watchlist,weekly_watchlist,watchlist,63.77,39.87,53.02,2.0,63.77,39.87,55.02,8.47,28.21,2386621606.84,"Stage 2, Clean Stage 2, trend_template_ok, weekly_volume_dryup",103,102,Stage 2,watchlist,weekly_watchlist,55.28,-1,-0.259999999999998,False,False,False,False,False
GHCL.NS,GHCL Limited,Chemicals,Unknown,False,Cash,1,Stage 4,Stage 4,Stage 4 - Confirmed Downtrend,Stage 4 - Confirmed Downtrend,Stage 4 • Stage 4 - Confirmed Downtrend,0.86,Price is below a bearish moving-average stack with falling trend signals.,,,,,watchlist,weekly_watchlist,watchlist,20.0,35.8,27.11,5.0,20.0,35.8,32.11,-12.03,-10.12,59066740.61,"Stage 4, Stage 4 - Confirmed Downtrend, weekly_vcp_ok, volume_dryup, weekly_volume_dryup, weekly_strong, downtrend",336,335,Stage 4,watchlist,weekly_watchlist,32.52,-1,-0.4100000000000037,False,False,False,False,False
GLENMARK.NS,Glenmark Pharmaceuticals Limited,Healthcare,Unknown,True,F&O,1,Stage 2,Stage 2,Messy Stage 2,Messy Stage 2,Stage 2 • Messy Stage 2,0.64,"Long-term structure is still constructive, but the short-term/weekly structure is not clean.",,,2026-07-27,,watchlist,weekly_forming,watchlist,43.55,60.47,51.16,10.0,43.55,60.47,61.16,-9.17,13.91,1230982106.84,"Stage 2, Messy Stage 2, weekly_vcp_ok, volume_dryup, weekly_strong",60,59,Stage 2,watchlist,weekly_forming,61.61,-1,-0.45000000000000284,False,False,False,False,False
INDUSINDBK.NS,IndusInd Bank Ltd.,Financial Services,Unknown,True,F&O,1,Stage 2,Stage 2,Clean Stage 2,Clean Stage 2,Stage 2 • Clean Stage 2,0.9,"Price is above rising key averages, weekly structure is supportive, and the stock is near its 52-week high.",,,2026-07-27,,watchlist,weekly_watchlist,watchlist,62.52,34.42,49.88,2.0,62.52,34.42,51.88,8.5,15.7,2842606784.98,"Stage 2, Clean Stage 2, trend_template_ok",128,127,Stage 2,watchlist,weekly_watchlist,52.34,-1,-0.46000000000000085,False,False,False,False,False
DCXINDIA.NS,DCX Systems Limited,Capital Goods,Unknown,False,Cash,1,Stage 4,Stage 4,Stage 4 - Weak/Declining,Stage 4 - Weak/Declining,Stage 4 • Stage 4 - Weak/Declining,0.72,Price is below long-term support with weak trend evidence.,,,,,watchlist,weekly_watchlist,watchlist,0.0,38.12,17.15,5.0,0.0,38.12,22.15,-11.03,12.27,158695040.27,"Stage 4, Stage 4 - Weak/Declining, weekly_vcp_ok, volume_dryup, weekly_volume_dryup, weekly_strong, downtrend",541,540,Stage 4,watchlist,weekly_watchlist,22.62,-1,-0.4700000000000024,False,False,False,False,False
SAKSOFT.NS,Saksoft Limited,Information Technology,Unknown,False,Cash,1,Stage 1,Stage 1,Stage 1 - Early Turn,Stage 1 - Early Turn,Stage 1 • Stage 1 - Early Turn,0.66,The stock is improving from a repair/base area but has not confirmed a clean Stage 2 yet.,,,2025-11-20,,watchlist,weekly_watchlist,watchlist,23.75,11.65,18.31,0.0,23.75,11.65,18.31,15.97,0.52,1345629834.55,"Stage 1, Stage 1 - Early Turn, volume_dryup, weekly_volume_dryup, stage1_not_actionable, stage1_needs_more_base",597,596,Stage 1,watchlist,weekly_watchlist,18.84,-1,-0.5300000000000011,False,False,False,False,False
DATAMATICS.NS,Datamatics Global Services Limited,Information Technology,Unknown,False,Cash,1,Stage 2,Stage 2,Early Stage 2,Early Stage 2,Stage 2 • Early Stage 2,0.72,"Price has moved above long-term structure, but the full moving-average stack is not clean yet.",,,2026-07-27,,watchlist,weekly_watchlist,watchlist,45.9,41.0,43.7,0.0,45.9,41.0,43.7,14.67,33.32,166245525.83,"Stage 2, Early Stage 2, daily_vcp_ok, volume_dryup, weekly_volume_dryup",191,190,Stage 2,watchlist,weekly_watchlist,44.33,-1,-0.6299999999999955,False,False,False,False,False
SCHNEIDER.NS,Schneider Electric Infrastructure Limited,Capital Goods,Unknown,False,Cash,1,Stage 2,Stage 2,Stage 2,Stage 2,Stage 2,0.76,Advancing structure detected.,,,2026-07-27,,watchlist,weekly_near_pivot,watchlist,44.54,73.8,57.71,5.0,44.54,73.8,62.71,7.2,115.16,454642260.77,"Stage 2, Stage 2, trend_template_ok, weekly_vcp_ok, volume_dryup, weekly_volume_dryup, weekly_strong",49,48,Stage 2,watchlist,weekly_near_pivot,63.37,-1,-0.6599999999999966,False,False,False,False,False
KIMS.NS,Krishna Institute of Medical Sciences Limited,Healthcare,Unknown,False,Cash,1,Stage 2,Stage 2,Messy Stage 2,Messy Stage 2,Stage 2 • Messy Stage 2,0.64,"Long-term structure is still constructive, but the short-term/weekly structure is not clean.",,,2026-07-27,,watchlist,weekly_breakout,watchlist,66.82,63.23,65.2,10.0,66.82,63.23,75.2,19.79,34.47,390291553.46,"Stage 2, Messy Stage 2, trend_template_ok, weekly_vcp_ok, volume_dryup, weekly_strong",2,1,Stage 2,watchlist,weekly_breakout,75.91,-1,-0.7099999999999937,False,False,False,False,False
KIRLOSIND.NS,Kirloskar Industries Limited,Capital Goods,Unknown,False,Cash,1,Stage 2,Stage 2,Early Stage 2,Early Stage 2,Stage 2 • Early Stage 2,0.72,"Price has moved above long-term structure, but the full moving-average stack is not clean yet.",,,2026-07-27,,watchlist,weekly_forming,watchlist,29.93,61.83,44.28,5.0,29.93,61.83,49.28,15.42,24.92,45947586.97,"Stage 2, Early Stage 2, weekly_vcp_ok, volume_dryup, weekly_volume_dryup, weekly_strong",148,147,Stage 2,watchlist,weekly_forming,50.02,-1,-0.740000000000002,False,False,False,False,False
WELSPUNLIV.NS,Welspun Living Ltd.,Textiles,Unknown,False,Cash,1,Stage 2,Stage 2,Clean Stage 2,Clean Stage 2,Stage 2 • Clean Stage 2,0.9,"Price is above rising key averages, weekly structure is supportive, and the stock is near its 52-week high.",,,2026-07-27,,watchlist,weekly_watchlist,watchlist,45.5,31.63,39.26,10.0,45.5,31.63,49.26,24.37,31.93,336349663.61,"Stage 2, Clean Stage 2, trend_template_ok, volume_dryup, weekly_volume_dryup",149,148,Stage 2,watchlist,weekly_watchlist,50.0,-1,-0.740000000000002,False,False,False,False,False
VTL.NS,Vardhman Textiles Limited,Textiles,Unknown,False,Cash,1,Stage 2,Stage 2,Early Stage 2,Early Stage 2,Stage 2 • Early Stage 2,0.72,"Price has moved above long-term structure, but the full moving-average stack is not clean yet.",,,2026-07-27,,watchlist,weekly_watchlist,watchlist,48.24,23.41,37.07,10.0,48.24,23.41,47.07,0.12,53.99,137828091.03,"Stage 2, Early Stage 2, daily_vcp_ok, volume_dryup, weekly_volume_dryup",166,165,Stage 2,watchlist,weekly_watchlist,47.85,-1,-0.7800000000000011,False,False,False,False,False
PDSL.NS,PDS Limited,Textiles,Unknown,False,Cash,1,Stage 2,Stage 2,Early Stage 2,Early Stage 2,Stage 2 • Early Stage 2,0.72,"Price has moved above long-term structure, but the full moving-average stack is not clean yet.",,,2026-07-27,,watchlist,weekly_forming,watchlist,42.59,62.21,51.42,10.0,42.59,62.21,61.42,26.51,17.57,259472963.18,"Stage 2, Early Stage 2, weekly_vcp_ok, volume_dryup, weekly_volume_dryup, weekly_strong",57,56,Stage 2,watchlist,weekly_forming,62.24,-1,-0.8200000000000003,False,False,False,False,False
FDC.NS,FDC Limited,Healthcare,Unknown,False,Cash,1,Stage 2,Stage 2,Early Stage 2,Early Stage 2,Stage 2 • Early Stage 2,0.72,"Price has moved above long-term structure, but the full moving-average stack is not clean yet.",,,2026-07-27,,watchlist,weekly_watchlist,watchlist,42.76,31.21,37.56,10.0,42.76,31.21,47.56,11.84,16.31,59905949.61,"Stage 2, Early Stage 2, daily_vcp_ok, volume_dryup, weekly_volume_dryup",161,160,Stage 2,watchlist,weekly_watchlist,48.65,-1,-1.0899999999999963,False,False,False,False,False
GOKEX.NS,Gokaldas Exports Limited,Textiles,Unknown,False,Cash,1,Stage 2,Stage 2,Early Stage 2,Early Stage 2,Stage 2 • Early Stage 2,0.72,"Price has moved above long-term structure, but the full moving-average stack is not clean yet.",,,2026-07-27,,watchlist,weekly_near_pivot,watchlist,47.78,73.92,59.54,10.0,47.78,73.92,69.54,15.63,54.54,273491330.97,"Stage 2, Early Stage 2, weekly_vcp_ok, volume_dryup, weekly_volume_dryup, weekly_strong",11,10,Stage 2,watchlist,weekly_near_pivot,70.92,-1,-1.3799999999999955,False,False,False,False,False
INOXWIND.NS,Inox Wind Limited,Capital Goods,Unknown,True,F&O,1,Stage 4,Stage 4,Stage 4 - Confirmed Downtrend,Stage 4 - Confirmed Downtrend,Stage 4 • Stage 4 - Confirmed Downtrend,0.86,Price is below a bearish moving-average stack with falling trend signals.,,,,,watchlist,weekly_watchlist,watchlist,11.45,35.8,22.41,5.0,11.45,35.8,27.41,-24.73,-22.82,761378350.65,"Stage 4, Stage 4 - Confirmed Downtrend, weekly_vcp_ok, volume_dryup, weekly_volume_dryup, weekly_strong, downtrend",429,427,Stage 4,watchlist,weekly_watchlist,27.29,-2,0.120000000000001,False,False,False,False,False
TIMKEN.NS,Timken India Limited,Capital Goods,Unknown,False,Cash,1,Stage 1,Stage 1,Stage 1 - Base/Repair,Stage 1 - Base/Repair,Stage 1 • Stage 1 - Base/Repair,0.7,Price is near long-term moving averages with no strong long-term downtrend signal.,,,2026-07-06,,watchlist,weekly_watchlist,watchlist,18.74,4.4,12.29,5.0,18.74,4.4,17.29,-10.26,7.93,178049353.07,"Stage 1, Stage 1 - Base/Repair, volume_dryup, weekly_volume_dryup, stage1_not_actionable, stage1_needs_more_base",610,608,Stage 2 Failed,watchlist,weekly_watchlist,17.19,-2,0.09999999999999787,False,False,False,False,False
HINDPETRO.NS,Hindustan Petroleum Corporation Limited,"Oil, Gas & Consumable Fuels",Unknown,True,F&O,1,Stage 4,Stage 4,Stage 4 - Weak/Declining,Stage 4 - Weak/Declining,Stage 4 • Stage 4 - Weak/Declining,0.72,Price is below long-term support with weak trend evidence.,,,2026-01-07,,watchlist,weekly_watchlist,watchlist,0.0,7.09,3.19,0.0,0.0,7.09,3.19,6.85,0.06,2646356551.39,"Stage 4, Stage 4 - Weak/Declining, downtrend",729,727,Stage 4,watchlist,weekly_watchlist,3.15,-2,0.040000000000000036,False,False,False,False,False
IGIL.NS,International Gemmological Institute (India) Ltd.,Services,Unknown,False,Cash,1,Stage 2 Failed,Stage 4,Failed Stage 2,Failed Stage 2,Stage 2 Failed • Failed Stage 2,0.72,"This stock was recently Stage 2, but the latest structure no longer satisfies Stage 2 rules. It is kept as Stage 2 Failed until a fresh base/repair structure forms.",Recent Stage 2 break; public stage held as Stage 2 Failed.,2026-07-28,2026-07-09,,watchlist,weekly_watchlist,watchlist,0.0,33.49,15.07,2.0,0.0,33.49,17.07,-4.93,18.5,203570222.84,"Stage 4, Stage 4 - Weak/Declining, weekly_vcp_ok, weekly_strong, downtrend | Stage 2 failed state applied from stage memory.",612,610,Stage 2 Failed,watchlist,weekly_watchlist,17.04,-2,0.030000000000001137,False,False,False,False,False
BIKAJI.NS,Bikaji Foods International Limited,Fast Moving Consumer Goods,Unknown,False,Cash,1,Stage 4,Stage 4,Stage 4 - Confirmed Downtrend,Stage 4 - Confirmed Downtrend,Stage 4 • Stage 4 - Confirmed Downtrend,0.86,Price is below a bearish moving-average stack with falling trend signals.,,,,,watchlist,weekly_watchlist,watchlist,18.2,35.8,26.12,0.0,18.2,35.8,26.12,-6.08,2.25,75154152.55,"Stage 4, Stage 4 - Confirmed Downtrend, weekly_vcp_ok, volume_dryup, weekly_volume_dryup, weekly_strong, downtrend",460,458,Stage 4,watchlist,weekly_watchlist,26.12,-2,0.0,False,False,False,False,False
IRCON.NS,Ircon International Limited,Construction,Unknown,False,Cash,1,Stage 4,Stage 4,Stage 4 - Confirmed Downtrend,Stage 4 - Confirmed Downtrend,Stage 4 • Stage 4 - Confirmed Downtrend,0.86,Price is below a bearish moving-average stack with falling trend signals.,,,,,watchlist,weekly_watchlist,watchlist,18.2,35.8,26.12,0.0,18.2,35.8,26.12,-18.14,-14.32,170643580.62,"Stage 4, Stage 4 - Confirmed Downtrend, weekly_vcp_ok, volume_dryup, weekly_volume_dryup, weekly_strong, downtrend",461,459,Stage 4,watchlist,weekly_watchlist,26.12,-2,0.0,False,False,False,False,False
DCAL.NS,Dishman Carbogen Amcis Limited,Healthcare,Unknown,False,Cash,1,Stage 4,Stage 4,Stage 4 - Weak/Declining,Stage 4 - Weak/Declining,Stage 4 • Stage 4 - Weak/Declining,0.72,Price is below long-term support with weak trend evidence.,,,2025-11-12,,watchlist,weekly_watchlist,watchlist,0.0,35.8,16.11,10.0,0.0,35.8,26.11,-0.56,-8.36,73620888.24,"Stage 4, Stage 4 - Weak/Declining, weekly_vcp_ok, volume_dryup, weekly_volume_dryup, weekly_strong, downtrend",463,461,Stage 4,watchlist,weekly_watchlist,26.11,-2,0.0,False,False,False,False,False
INDIAMART.NS,Indiamart Intermesh Limited,Consumer Services,Unknown,False,Cash,1,Stage 4,Stage 4,Stage 4 - Confirmed Downtrend,Stage 4 - Confirmed Downtrend,Stage 4 • Stage 4 - Confirmed Downtrend,0.86,Price is below a bearish moving-average stack with falling trend signals.,,,,,watchlist,weekly_watchlist,watchlist,0.0,38.0,17.1,0.0,0.0,38.0,17.1,-14.71,-13.31,239835972.68,"Stage 4, Stage 4 - Confirmed Downtrend, weekly_vcp_ok, weekly_strong, downtrend",611,609,Stage 4,watchlist,weekly_watchlist,17.1,-2,0.0,False,False,False,False,False
CIEINDIA.NS,CIE Automotive India Limited,Automobile and Auto Components,Unknown,False,Cash,1,Stage 2 Failed,Stage 1,Failed Stage 2,Failed Stage 2,Stage 2 Failed • Failed Stage 2,0.72,"This stock was recently Stage 2, but the latest structure no longer satisfies Stage 2 rules. It is kept as Stage 2 Failed until a fresh base/repair structure forms.",Recent Stage 2 break; public stage held as Stage 2 Failed.,2026-07-28,2026-07-22,,watchlist,weekly_watchlist,watchlist,18.1,4.4,11.94,5.0,18.1,4.4,16.94,-13.77,5.49,237551519.92,"Stage 1, Stage 1 - Unclear/Repair, stage1_not_actionable, stage1_needs_more_base | Stage 2 failed state applied from stage memory.",613,611,Stage 2 Failed,watchlist,weekly_watchlist,16.94,-2,0.0,False,False,False,False,False
BSOFT.NS,BIRLASOFT LIMITED,Information Technology,Unknown,False,Cash,1,Stage 4,Stage 4,Stage 4 - Confirmed Downtrend,Stage 4 - Confirmed Downtrend,Stage 4 • Stage 4 - Confirmed Downtrend,0.86,Price is below a bearish moving-average stack with falling trend signals.,,,2026-01-30,,watchlist,weekly_watchlist,watchlist,0.0,35.8,16.11,0.0,0.0,35.8,16.11,-17.58,-19.01,765730497.63,"Stage 4, Stage 4 - Confirmed Downtrend, weekly_vcp_ok, weekly_strong, downtrend",623,621,Stage 4,watchlist,weekly_watchlist,16.11,-2,0.0,False,False,False,False,False
EASEMYTRIP.NS,Easy Trip Planners Limited,Consumer Services,Unknown,False,Cash,1,Stage 4,Stage 4,Stage 4 - Confirmed Downtrend,Stage 4 - Confirmed Downtrend,Stage 4 • Stage 4 - Confirmed Downtrend,0.86,Price is below a bearish moving-average stack with falling trend signals.,,,,,watchlist,weekly_watchlist,watchlist,0.0,35.8,16.11,0.0,0.0,35.8,16.11,-16.11,10.61,151060215.68,"Stage 4, Stage 4 - Confirmed Downtrend, weekly_vcp_ok, volume_dryup, weekly_volume_dryup, weekly_strong, downtrend",624,622,Stage 4,watchlist,weekly_watchlist,16.11,-2,0.0,False,False,False,False,False
GOCOLORS.NS,Go Fashion (India) Limited,Consumer Services,Unknown,False,Cash,1,Stage 4,Stage 4,Stage 4 - Weak/Declining,Stage 4 - Weak/Declining,Stage 4 • Stage 4 - Weak/Declining,0.72,Price is below long-term support with weak trend evidence.,,,,,watchlist,weekly_watchlist,watchlist,0.0,35.8,16.11,0.0,0.0,35.8,16.11,11.28,-12.61,241151950.43,"Stage 4, Stage 4 - Weak/Declining, weekly_vcp_ok, volume_dryup, weekly_volume_dryup, weekly_strong, downtrend",625,623,Stage 4,watchlist,weekly_watchlist,16.11,-2,0.0,False,False,False,False,False
HINDALCO.NS,Hindalco Industries Limited,Metals & Mining,Unknown,True,F&O,1,Stage 3,Stage 3,Stage 3 - Distribution/Damage,Stage 3 - Distribution/Damage,Stage 3 • Stage 3 - Distribution/Damage,0.76,"Prior strength exists, but short-term and/or weekly structure is deteriorating.",,,2026-06-29,,watchlist,weekly_watchlist,watchlist,0.0,8.0,3.6,0.0,0.0,8.0,3.6,-9.27,2.52,4451806388.9,"Stage 3, Stage 3 - Distribution/Damage, volume_dryup, weekly_volume_dryup, distribution_risk",727,725,Stage 3,watchlist,weekly_watchlist,3.6,-2,0.0,False,False,False,False,False
EMCURE.NS,Emcure Pharmaceuticals Ltd.,Healthcare,Unknown,False,Cash,1,Stage 2,Stage 2,Clean Stage 2,Clean Stage 2,Stage 2 • Clean Stage 2,0.9,"Price is above rising key averages, weekly structure is supportive, and the stock is near its 52-week high.",,,2026-07-27,,watchlist,weekly_watchlist,watchlist,53.19,31.68,43.51,10.0,53.19,31.68,53.51,12.67,32.11,273309386.56,"Stage 2, Clean Stage 2, trend_template_ok",119,117,Stage 2,watchlist,weekly_watchlist,53.52,-2,-0.010000000000005116,False,False,False,False,False
CANFINHOME.NS,Can Fin Homes Limited,Financial Services,Unknown,False,Cash,1,Stage 2 Failed,Stage 1,Failed Stage 2,Failed Stage 2,Stage 2 Failed • Failed Stage 2,0.72,"This stock was recently Stage 2, but the latest structure no longer satisfies Stage 2 rules. It is kept as Stage 2 Failed until a fresh base/repair structure forms.",Recent Stage 2 break; public stage held as Stage 2 Failed.,2026-07-28,2026-07-17,,watchlist,weekly_watchlist,watchlist,19.87,41.8,29.74,2.0,19.87,41.8,31.74,-4.66,-2.86,265645738.18,"Stage 1, Stage 1 - Base/Repair, weekly_vcp_ok, weekly_strong, stage1_not_actionable, stage1_needs_more_base | Stage 2 failed state applied from stage memory.",348,346,Stage 2 Failed,watchlist,weekly_watchlist,31.89,-2,-0.15000000000000213,False,False,False,False,False
SWANCORP.NS,Swan Corp Ltd.,Chemicals,Unknown,False,Cash,1,Stage 4,Stage 4,Stage 4 - Confirmed Downtrend,Stage 4 - Confirmed Downtrend,Stage 4 • Stage 4 - Confirmed Downtrend,0.86,Price is below a bearish moving-average stack with falling trend signals.,,,2026-01-07,,watchlist,weekly_watchlist,watchlist,19.45,35.8,26.81,5.0,19.45,35.8,31.81,-7.57,-18.69,312214455.02,"Stage 4, Stage 4 - Confirmed Downtrend, weekly_vcp_ok, volume_dryup, weekly_volume_dryup, weekly_strong, downtrend",347,345,Stage 4,watchlist,weekly_watchlist,31.99,-2,-0.17999999999999972,False,False,False,False,False
TORNTPOWER.NS,Torrent Power Limited,Power,Unknown,False,Cash,1,Stage 1,Stage 1,Stage 1 - Base/Repair,Stage 1 - Base/Repair,Stage 1 • Stage 1 - Base/Repair,0.7,Price is near long-term moving averages with no strong long-term downtrend signal.,,,2026-06-24,,watchlist,weekly_watchlist,watchlist,15.51,6.4,11.41,2.0,15.51,6.4,13.41,-17.19,15.5,497450568.09,"Stage 1, Stage 1 - Base/Repair, stage1_not_actionable, stage1_needs_more_base",648,646,Stage 1,watchlist,weekly_watchlist,13.77,-2,-0.35999999999999943,False,False,False,False,False
TIIL.NS,Technocraft Industries (India) Limited,Capital Goods,Unknown,False,Cash,1,Stage 2,Stage 2,Stage 2,Stage 2,Stage 2,0.76,Advancing structure detected.,,,2026-07-27,,watchlist,weekly_near_pivot,watchlist,32.11,69.71,49.03,5.0,32.11,69.71,54.03,4.39,34.68,22529531.66,"Stage 2, Stage 2, weekly_vcp_ok, weekly_volume_dryup, weekly_strong",113,111,Stage 2,watchlist,weekly_near_pivot,54.49,-2,-0.46000000000000085,False,False,False,False,False
SOLARINDS.NS,Solar Industries India Limited,Chemicals,Unknown,True,F&O,1,Stage 2,Stage 2,Clean Stage 2,Clean Stage 2,Stage 2 • Clean Stage 2,0.9,"Price is above rising key averages, weekly structure is supportive, and the stock is near its 52-week high.",,,2026-07-27,,watchlist,weekly_watchlist,watchlist,63.72,30.19,48.63,5.0,63.72,30.19,53.63,18.28,47.65,2285158973.42,"Stage 2, Clean Stage 2, trend_template_ok, volume_dryup, weekly_volume_dryup",117,115,Stage 2,watchlist,weekly_watchlist,54.12,-2,-0.4899999999999949,False,False,False,False,False
SOUTHBANK.NS,The South Indian Bank Limited,Financial Services,Unknown,False,Cash,1,Stage 2,Stage 2,Clean Stage 2,Clean Stage 2,Stage 2 • Clean Stage 2,0.9,"Price is above rising key averages, weekly structure is supportive, and the stock is near its 52-week high.",,,2026-07-27,,watchlist,weekly_near_pivot,watchlist,39.6,68.65,52.67,2.0,39.6,68.65,54.67,19.48,9.04,1016899625.54,"Stage 2, Clean Stage 2, trend_template_ok, weekly_vcp_ok, weekly_volume_dryup, weekly_strong",106,104,Stage 2,watchlist,weekly_near_pivot,55.18,-2,-0.509999999999998,False,False,False,False,False
IDEA.NS,Vodafone Idea Limited,Telecommunication,Unknown,True,F&O,1,Stage 2,Stage 2,Early Stage 2,Early Stage 2,Stage 2 • Early Stage 2,0.72,"Price has moved above long-term structure, but the full moving-average stack is not clean yet.",,,2026-07-27,,watchlist,weekly_watchlist,watchlist,26.83,26.72,26.78,10.0,26.83,26.72,36.78,26.76,36.4,4271330523.41,"Stage 2, Early Stage 2, volume_dryup, weekly_volume_dryup",277,275,Stage 2,watchlist,weekly_watchlist,37.3,-2,-0.519999999999996,False,False,False,False,False
MEDANTA.NS,Global Health Limited,Healthcare,Unknown,False,Cash,1,Stage 2,Stage 2,Early Stage 2,Early Stage 2,Stage 2 • Early Stage 2,0.72,"Price has moved above long-term structure, but the full moving-average stack is not clean yet.",,,2026-07-27,,watchlist,weekly_breakout,watchlist,47.2,60.75,53.3,10.0,47.2,60.75,63.3,25.47,40.71,256039692.51,"Stage 2, Early Stage 2, weekly_vcp_ok, weekly_strong",46,44,Stage 2,watchlist,weekly_breakout,63.85,-2,-0.5500000000000043,False,False,False,False,False
YESBANK.NS,Yes Bank Limited,Financial Services,Unknown,True,F&O,1,Stage 2,Stage 2,Early Stage 2,Early Stage 2,Stage 2 • Early Stage 2,0.72,"Price has moved above long-term structure, but the full moving-average stack is not clean yet.",,,2026-07-27,,watchlist,weekly_watchlist,watchlist,41.08,26.77,34.64,2.0,41.08,26.77,36.64,14.49,13.17,1707828097.04,"Stage 2, Early Stage 2, volume_dryup, weekly_volume_dryup",278,276,Stage 2,watchlist,weekly_watchlist,37.24,-2,-0.6000000000000014,False,False,False,False,False
ENDURANCE.NS,Endurance Technologies Limited,Automobile and Auto Components,Unknown,False,Cash,1,Stage 2,Stage 2,Early Stage 2,Early Stage 2,Stage 2 • Early Stage 2,0.72,"Price has moved above long-term structure, but the full moving-average stack is not clean yet.",Stage 2 reclaimed after 3 confirmation runs.,,2026-07-27,,watchlist,weekly_near_pivot,watchlist,40.65,69.48,53.62,5.0,40.65,69.48,58.62,16.2,20.64,355647618.44,"Stage 2, Early Stage 2, weekly_vcp_ok, weekly_strong",78,76,Stage 2 Failed,watchlist,weekly_near_pivot,59.31,-2,-0.6900000000000048,False,False,True,False,False
ADANIPOWER.NS,Adani Power Limited,Power,Unknown,True,F&O,1,Stage 2,Stage 2,Messy Stage 2,Messy Stage 2,Stage 2 • Messy Stage 2,0.64,"Long-term structure is still constructive, but the short-term/weekly structure is not clean.",,,2026-07-27,,watchlist,weekly_watchlist,watchlist,19.74,19.74,19.74,2.0,19.74,19.74,21.74,-6.09,59.49,6643670787.32,"Stage 2, Messy Stage 2, weekly_volume_dryup",545,543,Stage 2,watchlist,weekly_watchlist,22.49,-2,-0.75,False,False,False,False,False
SCHAEFFLER.NS,Schaeffler India Limited,Automobile and Auto Components,Unknown,False,Cash,1,Stage 2,Stage 2,Stage 2,Stage 2,Stage 2,0.76,Advancing structure detected.,Stage 2 reclaimed after 3 confirmation runs.,,2026-07-27,,watchlist,weekly_near_pivot,watchlist,42.73,68.91,54.51,5.0,42.73,68.91,59.51,0.52,19.55,265851565.11,"Stage 2, Stage 2, weekly_vcp_ok, weekly_strong",68,66,Stage 2 Failed,watchlist,weekly_near_pivot,60.35,-2,-0.8400000000000034,False,False,True,False,False
JAMNAAUTO.NS,Jamna Auto Industries Limited,Automobile and Auto Components,Unknown,False,Cash,1,Stage 2,Stage 2,Stage 2,Stage 2,Stage 2,0.76,Advancing structure detected.,,,2026-07-27,,watchlist,weekly_near_pivot,watchlist,64.98,68.5,66.56,5.0,64.98,68.5,71.56,8.55,18.48,254757454.88,"Stage 2, Stage 2, trend_template_ok, weekly_vcp_ok, volume_dryup, weekly_volume_dryup, weekly_strong",6,4,Stage 2,watchlist,weekly_near_pivot,72.55,-2,-0.9899999999999949,False,False,False,False,False
ATHERENERG.NS,Ather Energy Ltd.,Automobile and Auto Components,Unknown,False,Cash,1,Stage 2,Stage 2,Extended Stage 2,Extended Stage 2,Stage 2 • Extended Stage 2,0.78,"Advancing structure remains intact, but price is stretched versus key moving averages or far above the 52-week low.",,,2026-07-27,,watchlist,weekly_forming,watchlist,42.0,66.9,53.21,5.0,42.0,66.9,58.21,28.62,98.81,5706741612.63,"Stage 2, Extended Stage 2, trend_template_ok, weekly_vcp_ok, weekly_volume_dryup, weekly_strong",85,82,Stage 2,watchlist,weekly_forming,58.21,-3,0.0,False,False,False,False,False
DOMS.NS,DOMS Industries Ltd.,Fast Moving Consumer Goods,Unknown,False,Cash,1,Stage 4,Stage 4,Stage 4 - Weak/Declining,Stage 4 - Weak/Declining,Stage 4 • Stage 4 - Weak/Declining,0.72,Price is below long-term support with weak trend evidence.,,,,,watchlist,weekly_watchlist,watchlist,18.2,43.8,29.72,0.0,18.2,43.8,29.72,-0.72,0.07,104473094.6,"Stage 4, Stage 4 - Weak/Declining, weekly_vcp_ok, volume_dryup, weekly_volume_dryup, weekly_strong, downtrend",389,386,Stage 4,watchlist,weekly_watchlist,29.72,-3,0.0,False,False,False,False,False
COHANCE.NS,Cohance Lifesciences Ltd.,Healthcare,Unknown,False,Cash,1,Stage 4,Stage 4,Stage 4 - Weak/Declining,Stage 4 - Weak/Declining,Stage 4 • Stage 4 - Weak/Declining,0.72,Price is below long-term support with weak trend evidence.,,,,,watchlist,weekly_watchlist,watchlist,0.0,36.43,16.39,10.0,0.0,36.43,26.39,-11.86,18.19,268332595.89,"Stage 4, Stage 4 - Weak/Declining, weekly_vcp_ok, volume_dryup, weekly_volume_dryup, weekly_strong, downtrend",454,451,Stage 4,watchlist,weekly_watchlist,26.4,-3,-0.00999999999999801,False,False,False,False,False
RALLIS.NS,Rallis India Limited,Chemicals,Unknown,False,Cash,1,Stage 4,Stage 4,Stage 4 - Confirmed Downtrend,Stage 4 - Confirmed Downtrend,Stage 4 • Stage 4 - Confirmed Downtrend,0.86,Price is below a bearish moving-average stack with falling trend signals.,,,,,watchlist,weekly_watchlist,watchlist,15.1,0.0,8.3,5.0,15.1,0.0,13.3,-17.83,-13.55,355330170.03,"Stage 4, Stage 4 - Confirmed Downtrend, downtrend",651,648,Stage 4,watchlist,weekly_watchlist,13.42,-3,-0.11999999999999922,False,False,False,False,False
NSLNISP.NS,NMDC Steel Limited,Metals & Mining,Unknown,False,Cash,1,Stage 2 Failed,Stage 4,Failed Stage 2,Failed Stage 2,Stage 2 Failed • Failed Stage 2,0.72,"This stock was recently Stage 2, but the latest structure no longer satisfies Stage 2 rules. It is kept as Stage 2 Failed until a fresh base/repair structure forms.",Recent Stage 2 break; public stage held as Stage 2 Failed.,2026-07-28,2026-07-15,,watchlist,weekly_watchlist,watchlist,0.0,4.45,2.0,0.0,0.0,4.45,2.0,-1.53,6.01,116484835.96,"Stage 4, Stage 4 - Weak/Declining, volume_dryup, weekly_volume_dryup, downtrend | Stage 2 failed state applied from stage memory.",735,732,Stage 2 Failed,watchlist,weekly_watchlist,2.29,-3,-0.29000000000000004,False,False,False,False,False
GILLETTE.NS,Gillette India Limited,Fast Moving Consumer Goods,Unknown,False,Cash,1,Stage 4,Stage 4,Stage 4 - Confirmed Downtrend,Stage 4 - Confirmed Downtrend,Stage 4 • Stage 4 - Confirmed Downtrend,0.86,Price is below a bearish moving-average stack with falling trend signals.,,,,,watchlist,weekly_watchlist,watchlist,13.42,4.35,9.34,0.0,13.42,4.35,9.34,-2.01,5.47,121849535.83,"Stage 4, Stage 4 - Confirmed Downtrend, volume_dryup, weekly_volume_dryup, downtrend",689,686,Stage 4,watchlist,weekly_watchlist,9.7,-3,-0.35999999999999943,False,False,False,False,False
NTPC.NS,NTPC Limited,Power,Unknown,True,F&O,1,Stage 4,Stage 4,Stage 4 - Weak/Declining,Stage 4 - Weak/Declining,Stage 4 • Stage 4 - Weak/Declining,0.72,Price is below long-term support with weak trend evidence.,,,2026-05-28,,watchlist,weekly_watchlist,watchlist,0.11,1.6,0.78,2.0,0.11,1.6,2.78,-13.84,5.14,3289665020.41,"Stage 4, Stage 4 - Weak/Declining, volume_dryup, weekly_volume_dryup, downtrend",731,728,Stage 4,watchlist,weekly_watchlist,3.15,-3,-0.3700000000000001,False,False,False,False,False
ANGELONE.NS,Angel One Limited,Financial Services,Unknown,True,F&O,1,Stage 2,Stage 2,Early Stage 2,Early Stage 2,Stage 2 • Early Stage 2,0.72,"Price has moved above long-term structure, but the full moving-average stack is not clean yet.",,,2026-07-27,,watchlist,weekly_watchlist,watchlist,15.63,19.13,17.2,2.0,15.63,19.13,19.2,-1.63,24.89,2428948804.9,"Stage 2, Early Stage 2, weekly_volume_dryup",586,583,Stage 2,watchlist,weekly_watchlist,20.01,-3,-0.8100000000000023,False,False,False,False,False
JSWSTEEL.NS,JSW Steel Limited,Metals & Mining,Unknown,True,F&O,1,Stage 2 Failed,Stage 3,Failed Stage 2,Failed Stage 2,Stage 2 Failed • Failed Stage 2,0.72,"This stock was recently Stage 2, but the latest structure no longer satisfies Stage 2 rules. It is kept as Stage 2 Failed until a fresh base/repair structure forms.",Recent Stage 2 break; public stage held as Stage 2 Failed.,2026-07-28,2026-07-10,,watchlist,weekly_watchlist,watchlist,1.15,48.45,22.44,0.0,1.15,48.45,22.44,-0.78,7.28,2104025768.25,"Stage 3, Stage 3 - Distribution/Damage, weekly_vcp_ok, weekly_strong, distribution_risk | Stage 2 failed state applied from stage memory.",534,531,Stage 2 Failed,watchlist,weekly_watchlist,23.31,-3,-0.8699999999999974,False,False,False,False,False
MCX.NS,Multi Commodity Exchange of India Limited,Financial Services,Unknown,True,F&O,1,Stage 2 Failed,Stage 1,Failed Stage 2,Failed Stage 2,Stage 2 Failed • Failed Stage 2,0.72,"This stock was recently Stage 2, but the latest structure no longer satisfies Stage 2 rules. It is kept as Stage 2 Failed until a fresh base/repair structure forms.",Recent Stage 2 break; public stage held as Stage 2 Failed.,2026-07-28,2026-07-10,,watchlist,weekly_watchlist,watchlist,22.02,0.42,12.3,2.0,22.02,0.42,14.3,-8.64,16.88,7119106076.76,"Stage 1, Stage 1 - Base/Repair, volume_dryup, weekly_volume_dryup, stage1_not_actionable, stage1_needs_more_base | Stage 2 failed state applied from stage memory.",638,635,Stage 2 Failed,watchlist,weekly_watchlist,15.41,-3,-1.1099999999999994,False,False,False,False,False
FCL.NS,Fineotex Chemical Limited,Chemicals,Unknown,False,Cash,1,Stage 2,Stage 2,Extended Stage 2,Extended Stage 2,Stage 2 • Extended Stage 2,0.78,"Advancing structure remains intact, but price is stretched versus key moving averages or far above the 52-week low.",,,2026-07-27,,watchlist,weekly_watchlist,watchlist,46.68,27.2,37.91,5.0,46.68,27.2,42.91,77.33,97.74,511469293.36,"Stage 2, Extended Stage 2, trend_template_ok, volume_dryup, weekly_volume_dryup",201,198,Stage 2,watchlist,weekly_watchlist,44.03,-3,-1.1200000000000045,False,False,False,False,False
SUNDRMFAST.NS,Sundram Fasteners Limited,Automobile and Auto Components,Unknown,False,Cash,1,Stage 2,Stage 2,Early Stage 2,Early Stage 2,Stage 2 • Early Stage 2,0.72,"Price has moved above long-term structure, but the full moving-average stack is not clean yet.",,,2026-07-27,,watchlist,weekly_breakout,watchlist,44.46,60.16,51.53,5.0,44.46,60.16,56.53,13.31,10.29,114898389.1,"Stage 2, Early Stage 2, weekly_vcp_ok, weekly_strong",98,94,Stage 2,watchlist,weekly_breakout,56.71,-4,-0.17999999999999972,False,False,False,False,False
BASF.NS,BASF India Limited,Chemicals,Unknown,False,Cash,1,Stage 4,Stage 4,Stage 4 - Weak/Declining,Stage 4 - Weak/Declining,Stage 4 • Stage 4 - Weak/Declining,0.72,Price is below long-term support with weak trend evidence.,,,,,watchlist,weekly_watchlist,watchlist,14.07,37.95,24.82,5.0,14.07,37.95,29.82,1.64,8.9,63636291.8,"Stage 4, Stage 4 - Weak/Declining, weekly_vcp_ok, weekly_volume_dryup, weekly_strong, downtrend",384,380,Stage 4,watchlist,weekly_watchlist,30.02,-4,-0.1999999999999993,False,False,False,False,False
BAJAJHLDNG.NS,Bajaj Holdings & Investment Limited,Financial Services,Unknown,True,F&O,1,Stage 1,Stage 1,Stage 1 - Early Turn,Stage 1 - Early Turn,Stage 1 • Stage 1 - Early Turn,0.66,The stock is improving from a repair/base area but has not confirmed a clean Stage 2 yet.,,,,,watchlist,weekly_watchlist,watchlist,19.59,51.29,33.86,2.0,19.59,51.29,35.86,6.85,8.02,644123103.65,"Stage 1, Stage 1 - Early Turn, weekly_vcp_ok, weekly_strong, stage1_not_actionable, stage1_needs_more_base",293,289,Stage 1,watchlist,weekly_watchlist,36.28,-4,-0.4200000000000017,False,False,False,False,False
NIACL.NS,The New India Assurance Company Limited,Financial Services,Unknown,False,Cash,1,Stage 2 Failed,Not Sure,Failed Stage 2,Failed Stage 2,Stage 2 Failed • Failed Stage 2,0.72,"This stock was recently Stage 2, but the latest structure no longer satisfies Stage 2 rules. It is kept as Stage 2 Failed until a fresh base/repair structure forms.",Recent Stage 2 break; public stage held as Stage 2 Failed.,2026-07-28,2026-07-24,,watchlist,weekly_watchlist,watchlist,9.02,10.54,9.7,2.0,9.02,10.54,11.7,2.42,18.99,300814773.48,"Not Sure, Not Sure, volume_dryup, weekly_volume_dryup | Stage 2 failed state applied from stage memory.",664,660,Stage 2 Failed,watchlist,weekly_watchlist,12.17,-4,-0.47000000000000064,False,False,False,False,False
CARTRADE.NS,Cartrade Tech Limited,Consumer Services,Unknown,False,Cash,1,Stage 2,Stage 2,Extended Stage 2,Extended Stage 2,Stage 2 • Extended Stage 2,0.78,"Advancing structure remains intact, but price is stretched versus key moving averages or far above the 52-week low.",,,2026-07-27,,watchlist,weekly_watchlist,watchlist,29.44,31.6,30.41,0.0,29.44,31.6,30.41,82.54,21.22,2401064803.79,"Stage 2, Extended Stage 2, volume_dryup",372,368,Stage 2,watchlist,weekly_watchlist,30.9,-4,-0.48999999999999844,False,False,False,False,False
DELHIVERY.NS,Delhivery Limited,Services,Unknown,True,F&O,1,Stage 2,Stage 2,Clean Stage 2,Clean Stage 2,Stage 2 • Clean Stage 2,0.9,"Price is above rising key averages, weekly structure is supportive, and the stock is near its 52-week high.",,,2026-07-27,,watchlist,weekly_near_pivot,watchlist,44.02,69.28,55.39,2.0,44.02,69.28,57.39,1.15,22.61,3134100064.62,"Stage 2, Clean Stage 2, weekly_vcp_ok, weekly_volume_dryup, weekly_strong",89,85,Stage 2,watchlist,weekly_near_pivot,58.02,-4,-0.6300000000000026,False,False,False,False,False
IFCI.NS,IFCI Limited,Financial Services,Unknown,False,Cash,1,Stage 2,Stage 2,Early Stage 2,Early Stage 2,Stage 2 • Early Stage 2,0.72,"Price has moved above long-term structure, but the full moving-average stack is not clean yet.",,,2026-07-27,,watchlist,weekly_watchlist,watchlist,46.33,24.73,36.61,2.0,46.33,24.73,38.61,16.79,26.54,1538865862.08,"Stage 2, Early Stage 2, volume_dryup, weekly_volume_dryup",253,249,Stage 2,watchlist,weekly_watchlist,39.35,-4,-0.740000000000002,False,False,False,False,False
GULFOILLUB.NS,Gulf Oil Lubricants India Limited,"Oil, Gas & Consumable Fuels",Unknown,False,Cash,1,Stage 1,Stage 1,Stage 1 - Early Turn,Stage 1 - Early Turn,Stage 1 • Stage 1 - Early Turn,0.66,The stock is improving from a repair/base area but has not confirmed a clean Stage 2 yet.,,,2025-11-17,,watchlist,weekly_watchlist,watchlist,19.51,50.87,33.62,0.0,19.51,50.87,33.62,5.36,5.34,64869626.48,"Stage 1, Stage 1 - Early Turn, weekly_vcp_ok, weekly_volume_dryup, weekly_strong, stage1_not_actionable, stage1_needs_more_base",320,316,Not Sure,watchlist,weekly_watchlist,34.4,-4,-0.7800000000000011,False,False,False,False,False
ATGL.NS,Adani Total Gas Limited,"Oil, Gas & Consumable Fuels",Unknown,False,Cash,1,Stage 2,Stage 2,Early Stage 2,Early Stage 2,Stage 2 • Early Stage 2,0.72,"Price has moved above long-term structure, but the full moving-average stack is not clean yet.",,,2026-07-27,,watchlist,weekly_forming,watchlist,20.69,60.74,38.71,0.0,20.69,60.74,38.71,1.79,27.59,1251650653.62,"Stage 2, Early Stage 2, weekly_vcp_ok, volume_dryup, weekly_volume_dryup, weekly_strong",251,247,Stage 2,watchlist,weekly_forming,39.53,-4,-0.8200000000000003,False,False,False,False,False
TCIEXP.NS,TCI Express Limited,Services,Unknown,False,Cash,1,Stage 1,Stage 1,Stage 1 - Early Turn,Stage 1 - Early Turn,Stage 1 • Stage 1 - Early Turn,0.66,The stock is improving from a repair/base area but has not confirmed a clean Stage 2 yet.,,,,,watchlist,weekly_watchlist,watchlist,20.7,0.52,11.62,2.0,20.7,0.52,13.62,4.63,16.62,129362660.15,"Stage 1, Stage 1 - Early Turn, volume_dryup, weekly_volume_dryup, stage1_not_actionable, stage1_needs_more_base",646,642,Stage 1,watchlist,weekly_watchlist,14.48,-4,-0.8600000000000012,False,False,False,False,False
SHRIRAMFIN.NS,Shriram Finance Ltd.,Financial Services,Unknown,True,F&O,1,Stage 2,Stage 2,Early Stage 2,Early Stage 2,Stage 2 • Early Stage 2,0.72,"Price has moved above long-term structure, but the full moving-average stack is not clean yet.",,,2026-07-27,,watchlist,weekly_near_pivot,watchlist,56.47,67.89,61.61,2.0,56.47,67.89,63.61,11.72,9.23,5795226869.07,"Stage 2, Early Stage 2, weekly_vcp_ok, weekly_strong",42,38,Stage 2,watchlist,weekly_near_pivot,64.52,-4,-0.9099999999999966,False,False,False,False,False
SHARDAMOTR.NS,Sharda Motor Industries Limited,Automobile and Auto Components,Unknown,False,Cash,1,Stage 4,Stage 4,Stage 4 - Confirmed Downtrend,Stage 4 - Confirmed Downtrend,Stage 4 • Stage 4 - Confirmed Downtrend,0.86,Price is below a bearish moving-average stack with falling trend signals.,,,,,watchlist,weekly_watchlist,watchlist,10.39,37.09,22.41,5.0,10.39,37.09,27.41,-3.81,5.68,31660980.51,"Stage 4, Stage 4 - Confirmed Downtrend, weekly_vcp_ok, volume_dryup, weekly_volume_dryup, weekly_strong, downtrend",430,425,Stage 4,watchlist,weekly_watchlist,27.39,-5,0.019999999999999574,False,False,False,False,False
CYIENTDLM.NS,Cyient DLM Limited,Capital Goods,Unknown,False,Cash,1,Stage 2,Stage 2,Extended Stage 2,Extended Stage 2,Stage 2 • Extended Stage 2,0.78,"Advancing structure remains intact, but price is stretched versus key moving averages or far above the 52-week low.",,,2026-07-27,,watchlist,weekly_watchlist,watchlist,25.38,22.4,24.04,5.0,25.38,22.4,29.04,73.52,99.47,940415730.73,"Stage 2, Extended Stage 2",406,401,Stage 2,watchlist,weekly_watchlist,29.04,-5,0.0,False,False,False,False,False
VSTTILLERS.NS,V.S.T Tillers Tractors Limited,Capital Goods,Unknown,False,Cash,1,Stage 4,Stage 4,Stage 4 - Confirmed Downtrend,Stage 4 - Confirmed Downtrend,Stage 4 • Stage 4 - Confirmed Downtrend,0.86,Price is below a bearish moving-average stack with falling trend signals.,,,2026-02-26,,watchlist,weekly_watchlist,watchlist,11.1,35.8,22.21,5.0,11.1,35.8,27.21,-15.8,-14.11,38004301.09,"Stage 4, Stage 4 - Confirmed Downtrend, weekly_vcp_ok, volume_dryup, weekly_volume_dryup, weekly_strong, downtrend",433,428,Stage 4,watchlist,weekly_watchlist,27.21,-5,0.0,False,False,False,False,False
SOBHA.NS,Sobha Limited,Realty,Unknown,False,Cash,1,Stage 4,Stage 4,Stage 4 - Weak/Declining,Stage 4 - Weak/Declining,Stage 4 • Stage 4 - Weak/Declining,0.72,Price is below long-term support with weak trend evidence.,,,2026-01-12,,watchlist,weekly_watchlist,watchlist,16.0,35.8,24.91,2.0,16.0,35.8,26.91,-5.78,3.21,513791670.35,"Stage 4, Stage 4 - Weak/Declining, weekly_vcp_ok, weekly_strong, downtrend",440,435,Stage 4,watchlist,weekly_watchlist,26.92,-5,-0.010000000000001563,False,False,False,False,False
LUXIND.NS,Lux Industries Limited,Textiles,Unknown,False,Cash,1,Stage 3,Stage 3,Stage 3 - Distribution/Damage,Stage 3 - Distribution/Damage,Stage 3 • Stage 3 - Distribution/Damage,0.76,"Prior strength exists, but short-term and/or weekly structure is deteriorating.",,,2026-06-04,,watchlist,weekly_watchlist,watchlist,3.84,43.14,21.52,10.0,3.84,43.14,31.52,-11.49,44.85,53470964.43,"Stage 3, Stage 3 - Distribution/Damage, weekly_vcp_ok, volume_dryup, weekly_volume_dryup, weekly_strong, distribution_risk",354,349,Stage 3,watchlist,weekly_watchlist,31.63,-5,-0.10999999999999943,False,False,False,False,False
ASTRAZEN.NS,AstraZeneca Pharma India Limited,Healthcare,Unknown,False,Cash,1,Stage 4,Stage 4,Stage 4 - Confirmed Downtrend,Stage 4 - Confirmed Downtrend,Stage 4 • Stage 4 - Confirmed Downtrend,0.86,Price is below a bearish moving-average stack with falling trend signals.,,,2025-11-28,,watchlist,weekly_watchlist,watchlist,9.59,35.8,21.38,10.0,9.59,35.8,31.38,-1.68,1.34,46208582.95,"Stage 4, Stage 4 - Confirmed Downtrend, weekly_vcp_ok, volume_dryup, weekly_volume_dryup, weekly_strong, downtrend",359,354,Stage 4,watchlist,weekly_watchlist,31.53,-5,-0.15000000000000213,False,False,False,False,False
BECTORFOOD.NS,Mrs. Bectors Food Specialities Limited,Fast Moving Consumer Goods,Unknown,False,Cash,1,Stage 4,Stage 4,Stage 4 - Weak/Declining,Stage 4 - Weak/Declining,Stage 4 • Stage 4 - Weak/Declining,0.72,Price is below long-term support with weak trend evidence.,,,,,watchlist,weekly_watchlist,watchlist,15.89,44.59,28.81,0.0,15.89,44.59,28.81,7.15,0.7,2817328472.47,"Stage 4, Stage 4 - Weak/Declining, weekly_vcp_ok, weekly_volume_dryup, weekly_strong, downtrend",408,403,Stage 4,watchlist,weekly_watchlist,28.96,-5,-0.15000000000000213,False,False,False,False,False
SURYAROSNI.NS,Surya Roshni Limited,Capital Goods,Unknown,False,Cash,1,Stage 2 Failed,Stage 4,Failed Stage 2,Failed Stage 2,Stage 2 Failed • Failed Stage 2,0.72,"This stock was recently Stage 2, but the latest structure no longer satisfies Stage 2 rules. It is kept as Stage 2 Failed until a fresh base/repair structure forms.",Recent Stage 2 break; public stage held as Stage 2 Failed.,2026-07-28,2026-07-10,,watchlist,weekly_watchlist,watchlist,18.29,35.89,26.21,5.0,18.29,35.89,31.21,-4.26,5.21,126040881.83,"Stage 4, Stage 4 - Weak/Declining, weekly_vcp_ok, volume_dryup, weekly_volume_dryup, weekly_strong, downtrend | Stage 2 failed state applied from stage memory.",364,359,Stage 2 Failed,watchlist,weekly_watchlist,31.37,-5,-0.16000000000000014,False,False,False,False,False
FACT.NS,Fertilizers and Chemicals Travancore Limited,Chemicals,Unknown,False,Cash,1,Stage 4,Stage 4,Stage 4 - Weak/Declining,Stage 4 - Weak/Declining,Stage 4 • Stage 4 - Weak/Declining,0.72,Price is below long-term support with weak trend evidence.,,,2026-06-26,,watchlist,weekly_watchlist,watchlist,15.7,35.8,24.74,5.0,15.7,35.8,29.74,-9.1,7.65,103208907.72,"Stage 4, Stage 4 - Weak/Declining, weekly_vcp_ok, volume_dryup, weekly_volume_dryup, weekly_strong, downtrend",388,383,Stage 4,watchlist,weekly_watchlist,29.93,-5,-0.19000000000000128,False,False,False,False,False
RBA.NS,Restaurant Brands Asia Limited,Consumer Services,Unknown,False,Cash,1,Stage 2 Failed,Not Sure,Failed Stage 2,Failed Stage 2,Stage 2 Failed • Failed Stage 2,0.72,"This stock was recently Stage 2, but the latest structure no longer satisfies Stage 2 rules. It is kept as Stage 2 Failed until a fresh base/repair structure forms.",Recent Stage 2 break; public stage held as Stage 2 Failed.,2026-07-28,2026-07-13,,watchlist,weekly_watchlist,watchlist,11.08,15.08,12.88,0.0,11.08,15.08,12.88,2.05,8.77,268417622.97,"Not Sure, Not Sure, volume_dryup, weekly_volume_dryup | Stage 2 failed state applied from stage memory.",656,651,Stage 2 Failed,watchlist,weekly_watchlist,13.25,-5,-0.3699999999999992,False,False,False,False,False
ROSSARI.NS,Rossari Biotech Limited,Chemicals,Unknown,False,Cash,1,Stage 4,Stage 4,Stage 4 - Weak/Declining,Stage 4 - Weak/Declining,Stage 4 • Stage 4 - Weak/Declining,0.72,Price is below long-term support with weak trend evidence.,,,,,watchlist,weekly_watchlist,watchlist,0.0,36.04,16.22,5.0,0.0,36.04,21.22,5.44,-3.02,44626638.53,"Stage 4, Stage 4 - Weak/Declining, weekly_vcp_ok, weekly_strong, downtrend",557,552,Stage 4,watchlist,weekly_watchlist,21.65,-5,-0.4299999999999997,False,False,False,False,False
ONGC.NS,Oil & Natural Gas Corporation Limited,"Oil, Gas & Consumable Fuels",Unknown,True,F&O,1,Stage 1,Stage 1,Stage 1 - Unclear/Repair,Stage 1 - Unclear/Repair,Stage 1 • Stage 1 - Unclear/Repair,0.58,Not enough evidence for Stage 2 or Stage 4; classified as repair/unclear structure.,,,2026-05-22,,watchlist,weekly_watchlist,watchlist,0.0,10.0,4.5,0.0,0.0,10.0,4.5,-20.2,3.28,3179959799.31,"Stage 1, Stage 1 - Unclear/Repair, volume_dryup, weekly_volume_dryup, stage1_not_actionable, stage1_needs_more_base",723,718,Stage 1,watchlist,weekly_watchlist,5.14,-5,-0.6399999999999997,False,False,False,False,False
BORORENEW.NS,BOROSIL RENEWABLES LIMITED,Capital Goods,Unknown,False,Cash,1,Stage 2,Stage 2,Early Stage 2,Early Stage 2,Stage 2 • Early Stage 2,0.72,"Price has moved above long-term structure, but the full moving-average stack is not clean yet.",,,2026-07-27,,watchlist,weekly_near_pivot,watchlist,18.85,68.9,41.37,5.0,18.85,68.9,46.37,14.18,16.86,587387541.32,"Stage 2, Early Stage 2, weekly_vcp_ok, volume_dryup, weekly_volume_dryup, weekly_strong",179,174,Stage 2,watchlist,weekly_breakout,47.1,-5,-0.730000000000004,False,False,False,False,False
BOMDYEING.NS,Bombay Dyeing & Mfg Company Limited,Textiles,Unknown,False,Cash,1,Stage 4,Stage 4,Stage 4 - Weak/Declining,Stage 4 - Weak/Declining,Stage 4 • Stage 4 - Weak/Declining,0.72,Price is below long-term support with weak trend evidence.,,,,,watchlist,weekly_watchlist,watchlist,19.72,37.32,27.64,10.0,19.72,37.32,37.64,6.55,8.64,55250023.49,"Stage 4, Stage 4 - Weak/Declining, weekly_vcp_ok, volume_dryup, weekly_volume_dryup, weekly_strong, downtrend",268,263,Stage 4,watchlist,weekly_watchlist,38.47,-5,-0.8299999999999983,False,False,False,False,False
TECHM.NS,Tech Mahindra Limited,Information Technology,Unknown,True,F&O,1,Stage 2,Stage 2,Early Stage 2,Early Stage 2,Stage 2 • Early Stage 2,0.72,"Price has moved above long-term structure, but the full moving-average stack is not clean yet.",,,2026-07-27,,watchlist,weekly_watchlist,watchlist,47.39,15.87,33.21,0.0,47.39,15.87,33.21,13.9,0.8,4169157618.16,"Stage 2, Early Stage 2, weekly_volume_dryup",323,318,Stage 2,watchlist,weekly_watchlist,34.29,-5,-1.0799999999999983,False,False,False,False,False
SCI.NS,Shipping Corporation Of India Limited,Services,Unknown,False,Cash,1,Stage 2 Failed,Stage 3,Failed Stage 2,Failed Stage 2,Stage 2 Failed • Failed Stage 2,0.72,"This stock was recently Stage 2, but the latest structure no longer satisfies Stage 2 rules. It is kept as Stage 2 Failed until a fresh base/repair structure forms.",Recent Stage 2 break; public stage held as Stage 2 Failed.,2026-07-28,2026-07-17,,watchlist,weekly_watchlist,watchlist,8.27,0.62,4.83,2.0,8.27,0.62,6.83,-8.36,38.59,618017409.14,"Stage 3, Stage 3 - Distribution/Damage, volume_dryup, weekly_volume_dryup, distribution_risk | Stage 2 failed state applied from stage memory.",706,701,Stage 2 Failed,watchlist,weekly_watchlist,7.96,-5,-1.13,False,False,False,False,False
STLTECH.NS,Sterlite Technologies Limited,Telecommunication,Unknown,False,Cash,1,Stage 2,Stage 2,Extended Stage 2,Extended Stage 2,Stage 2 • Extended Stage 2,0.78,"Advancing structure remains intact, but price is stretched versus key moving averages or far above the 52-week low.",,,2026-07-27,,watchlist,weekly_forming,watchlist,21.88,65.8,41.64,10.0,21.88,65.8,51.64,79.84,519.28,1338525382.78,"Stage 2, Extended Stage 2, weekly_vcp_ok, weekly_strong",129,124,Stage 2,watchlist,weekly_forming,52.81,-5,-1.1700000000000017,False,False,False,False,False
BALAMINES.NS,Balaji Amines Limited,Chemicals,Unknown,False,Cash,1,Stage 2,Stage 2,Extended Stage 2,Extended Stage 2,Stage 2 • Extended Stage 2,0.78,"Advancing structure remains intact, but price is stretched versus key moving averages or far above the 52-week low.",,,2026-07-27,,watchlist,weekly_forming,watchlist,50.65,65.8,57.47,5.0,50.65,65.8,62.47,68.95,100.98,900910054.88,"Stage 2, Extended Stage 2, trend_template_ok, weekly_vcp_ok, volume_dryup, weekly_volume_dryup, weekly_strong",51,46,Stage 2,watchlist,weekly_near_pivot,63.67,-5,-1.2000000000000028,False,False,False,False,False
HARSHA.NS,Harsha Engineers International Limited,Capital Goods,Unknown,False,Cash,1,Stage 2,Stage 2,Early Stage 2,Early Stage 2,Stage 2 • Early Stage 2,0.72,"Price has moved above long-term structure, but the full moving-average stack is not clean yet.",,,2026-07-27,,watchlist,weekly_watchlist,watchlist,24.05,18.98,21.77,5.0,24.05,18.98,26.77,5.01,16.76,66189860.24,"Stage 2, Early Stage 2, volume_dryup, weekly_volume_dryup",446,440,Stage 2,watchlist,weekly_watchlist,26.66,-6,0.10999999999999943,False,False,False,False,False
RAMCOCEM.NS,The Ramco Cements Limited,Construction Materials,Unknown,False,Cash,1,Stage 4,Stage 4,Stage 4 - Weak/Declining,Stage 4 - Weak/Declining,Stage 4 • Stage 4 - Weak/Declining,0.72,Price is below long-term support with weak trend evidence.,,,2026-03-04,,watchlist,weekly_watchlist,watchlist,19.1,35.8,26.62,0.0,19.1,35.8,26.62,-2.8,-10.54,134532508.19,"Stage 4, Stage 4 - Weak/Declining, weekly_vcp_ok, volume_dryup, weekly_volume_dryup, weekly_strong, downtrend",450,444,Stage 4,watchlist,weekly_watchlist,26.62,-6,0.0,False,False,False,False,False
KSCL.NS,Kaveri Seed Company Limited,Fast Moving Consumer Goods,Unknown,False,Cash,1,Stage 4,Stage 4,Stage 4 - Confirmed Downtrend,Stage 4 - Confirmed Downtrend,Stage 4 • Stage 4 - Confirmed Downtrend,0.86,Price is below a bearish moving-average stack with falling trend signals.,,,,,watchlist,weekly_watchlist,watchlist,18.2,36.9,26.62,0.0,18.2,36.9,26.62,-14.44,5.48,52158969.48,"Stage 4, Stage 4 - Confirmed Downtrend, weekly_vcp_ok, volume_dryup, weekly_volume_dryup, weekly_strong, downtrend",451,445,Stage 4,watchlist,weekly_watchlist,26.62,-6,0.0,False,False,False,False,False
UTIAMC.NS,UTI Asset Management Company Limited,Financial Services,Unknown,False,Cash,1,Stage 4,Stage 4,Stage 4 - Weak/Declining,Stage 4 - Weak/Declining,Stage 4 • Stage 4 - Weak/Declining,0.72,Price is below long-term support with weak trend evidence.,,,,,watchlist,weekly_watchlist,watchlist,15.21,37.01,25.02,2.0,15.21,37.01,27.02,-1.36,2.44,382261153.33,"Stage 4, Stage 4 - Weak/Declining, weekly_vcp_ok, weekly_strong, downtrend",437,431,Stage 4,watchlist,weekly_watchlist,27.04,-6,-0.019999999999999574,False,False,False,False,False
JKLAKSHMI.NS,JK Lakshmi Cement Limited,Construction Materials,Unknown,False,Cash,1,Stage 4,Stage 4,Stage 4 - Confirmed Downtrend,Stage 4 - Confirmed Downtrend,Stage 4 • Stage 4 - Confirmed Downtrend,0.86,Price is below a bearish moving-average stack with falling trend signals.,,,,,watchlist,weekly_watchlist,watchlist,17.97,35.8,25.99,0.0,17.97,35.8,25.99,-11.7,-21.84,87871490.87,"Stage 4, Stage 4 - Confirmed Downtrend, weekly_vcp_ok, volume_dryup, weekly_volume_dryup, weekly_strong, downtrend",468,462,Stage 4,watchlist,weekly_watchlist,26.04,-6,-0.05000000000000071,False,False,False,False,False
BLUEDART.NS,Blue Dart Express Limited,Services,Unknown,False,Cash,1,Stage 4,Stage 4,Stage 4 - Weak/Declining,Stage 4 - Weak/Declining,Stage 4 • Stage 4 - Weak/Declining,0.72,Price is below long-term support with weak trend evidence.,,,,,watchlist,weekly_watchlist,watchlist,20.1,35.8,27.16,2.0,20.1,35.8,29.16,-6.58,-0.12,52431259.52,"Stage 4, Stage 4 - Weak/Declining, weekly_vcp_ok, weekly_strong, downtrend",402,396,Stage 4,watchlist,weekly_watchlist,29.26,-6,-0.10000000000000142,False,False,False,False,False
GESHIP.NS,The Great Eastern Shipping Company Limited,Services,Unknown,False,Cash,1,Stage 2 Failed,Stage 1,Failed Stage 2,Failed Stage 2,Stage 2 Failed • Failed Stage 2,0.72,"This stock was recently Stage 2, but the latest structure no longer satisfies Stage 2 rules. It is kept as Stage 2 Failed until a fresh base/repair structure forms.",Recent Stage 2 break; public stage held as Stage 2 Failed.,2026-07-28,2026-07-13,,watchlist,weekly_watchlist,watchlist,0.89,1.37,1.11,2.0,0.89,1.37,3.11,-12.0,29.67,572747349.35,"Stage 1, Stage 1 - Base/Repair, volume_dryup, weekly_volume_dryup, stage1_not_actionable, stage1_needs_more_base | Stage 2 failed state applied from stage memory.",730,724,Stage 2 Failed,watchlist,weekly_watchlist,3.65,-6,-0.54,False,False,False,False,False
PREMIERENE.NS,Premier Energies Ltd.,Capital Goods,Unknown,True,F&O,1,Stage 2,Stage 2,Early Stage 2,Early Stage 2,Stage 2 • Early Stage 2,0.72,"Price has moved above long-term structure, but the full moving-average stack is not clean yet.",,,2026-07-27,,watchlist,weekly_watchlist,watchlist,48.31,19.25,35.23,5.0,48.31,19.25,40.23,-0.01,48.48,1324488786.71,"Stage 2, Early Stage 2, volume_dryup, weekly_volume_dryup",236,230,Stage 2,watchlist,weekly_watchlist,41.12,-6,-0.8900000000000006,False,False,False,False,False
TORNTPHARM.NS,Torrent Pharmaceuticals Limited,Healthcare,Unknown,True,F&O,1,Stage 2,Stage 2,Clean Stage 2,Clean Stage 2,Stage 2 • Clean Stage 2,0.9,"Price is above rising key averages, weekly structure is supportive, and the stock is near its 52-week high.",,,2026-07-27,,watchlist,weekly_watchlist,watchlist,64.66,28.16,48.23,10.0,64.66,28.16,58.23,17.32,28.28,3912494269.58,"Stage 2, Clean Stage 2, trend_template_ok, weekly_volume_dryup",84,78,Stage 2,watchlist,weekly_watchlist,59.16,-6,-0.9299999999999997,False,False,False,False,False
DODLA.NS,Dodla Dairy Limited,Fast Moving Consumer Goods,Unknown,False,Cash,1,Stage 4,Stage 4,Stage 4 - Weak/Declining,Stage 4 - Weak/Declining,Stage 4 • Stage 4 - Weak/Declining,0.72,Price is below long-term support with weak trend evidence.,,,,,watchlist,weekly_watchlist,watchlist,11.29,35.8,22.32,0.0,11.29,35.8,22.32,-4.7,-8.03,17937327.01,"Stage 4, Stage 4 - Weak/Declining, weekly_vcp_ok, weekly_strong, downtrend",539,533,Stage 4,watchlist,weekly_watchlist,23.26,-6,-0.9400000000000013,False,False,False,False,False
RTNPOWER.NS,RattanIndia Power Limited,Power,Unknown,False,Cash,1,Stage 4,Stage 4,Stage 4 - Weak/Declining,Stage 4 - Weak/Declining,Stage 4 • Stage 4 - Weak/Declining,0.72,Price is below long-term support with weak trend evidence.,,,,,watchlist,weekly_watchlist,watchlist,11.39,0.0,6.26,2.0,11.39,0.0,8.26,-15.87,10.64,98867106.58,"Stage 4, Stage 4 - Weak/Declining, downtrend",696,690,Stage 4,watchlist,weekly_watchlist,9.26,-6,-1.0,False,False,False,False,False
DEEPAKNTR.NS,Deepak Nitrite Limited,Chemicals,Unknown,False,Cash,1,Stage 2,Stage 2,Messy Stage 2,Messy Stage 2,Stage 2 • Messy Stage 2,0.64,"Long-term structure is still constructive, but the short-term/weekly structure is not clean.",Stage 2 reclaimed after 3 confirmation runs.,,2026-07-27,,watchlist,weekly_forming,watchlist,38.27,58.43,47.34,5.0,38.27,58.43,52.34,-4.45,10.75,316906520.51,"Stage 2, Messy Stage 2, weekly_vcp_ok, weekly_volume_dryup, weekly_strong",125,119,Stage 2 Failed,watchlist,weekly_forming,53.39,-6,-1.0499999999999972,False,False,True,False,False
DCMSHRIRAM.NS,DCM Shriram Limited,Diversified,Unknown,False,Cash,1,Stage 4,Stage 4,Stage 4 - Weak/Declining,Stage 4 - Weak/Declining,Stage 4 • Stage 4 - Weak/Declining,0.72,Price is below long-term support with weak trend evidence.,,,2026-01-05,,watchlist,weekly_watchlist,watchlist,17.3,7.3,12.8,2.0,17.3,7.3,14.8,-14.43,-2.44,82484471.06,"Stage 4, Stage 4 - Weak/Declining, downtrend",636,630,Stage 4,watchlist,weekly_watchlist,15.88,-6,-1.08,False,False,False,False,False
EPIGRAL.NS,Epigral Limited,Chemicals,Unknown,False,Cash,1,Stage 4,Stage 4,Stage 4 - Weak/Declining,Stage 4 - Weak/Declining,Stage 4 • Stage 4 - Weak/Declining,0.72,Price is below long-term support with weak trend evidence.,,,,,watchlist,weekly_watchlist,watchlist,0.0,2.07,0.93,5.0,0.0,2.07,5.93,-3.25,15.98,179442218.23,"Stage 4, Stage 4 - Weak/Declining, downtrend",713,707,Stage 4,watchlist,weekly_watchlist,7.02,-6,-1.0899999999999999,False,False,False,False,False
TRENT.NS,Trent Limited,Consumer Services,Unknown,True,F&O,1,Stage 4,Stage 4,Stage 4 - Weak/Declining,Stage 4 - Weak/Declining,Stage 4 • Stage 4 - Weak/Declining,0.72,Price is below long-term support with weak trend evidence.,,,,,watchlist,weekly_watchlist,watchlist,21.79,39.59,29.8,0.0,21.79,39.59,29.8,6.27,20.67,4228760648.98,"Stage 4, Stage 4 - Weak/Declining, weekly_vcp_ok, volume_dryup, weekly_volume_dryup, weekly_strong, downtrend",386,379,Stage 4,watchlist,weekly_watchlist,30.09,-7,-0.28999999999999915,False,False,False,False,False
SIEMENS.NS,Siemens Ltd.,Capital Goods,Unknown,True,F&O,1,Stage 2 Failed,Stage 3,Failed Stage 2,Failed Stage 2,Stage 2 Failed • Failed Stage 2,0.72,"This stock was recently Stage 2, but the latest structure no longer satisfies Stage 2 rules. It is kept as Stage 2 Failed until a fresh base/repair structure forms.",Recent Stage 2 break; public stage held as Stage 2 Failed.,2026-07-28,2026-07-10,,watchlist,weekly_watchlist,watchlist,25.89,12.06,19.67,5.0,25.89,12.06,24.67,-3.3,31.85,1247498323.74,"Stage 3, Stage 3 - Transition, weekly_volume_dryup, distribution_risk | Stage 2 failed state applied from stage memory.",495,488,Stage 2 Failed,watchlist,weekly_watchlist,25.09,-7,-0.41999999999999815,False,False,False,False,False
FINCABLES.NS,Finolex Cables Limited,Capital Goods,Unknown,False,Cash,1,Stage 2,Stage 2,Messy Stage 2,Messy Stage 2,Stage 2 • Messy Stage 2,0.64,"Long-term structure is still constructive, but the short-term/weekly structure is not clean.",,,2026-07-27,,watchlist,weekly_watchlist,watchlist,20.72,19.57,20.2,5.0,20.72,19.57,25.2,-1.72,41.47,244717021.19,"Stage 2, Messy Stage 2, volume_dryup, weekly_volume_dryup",485,478,Stage 2,watchlist,weekly_watchlist,25.73,-7,-0.5300000000000011,False,False,False,False,False
SAMMAANCAP.NS,Sammaan Capital Ltd.,Financial Services,Unknown,True,F&O,1,Stage 2,Stage 2,Early Stage 2,Early Stage 2,Stage 2 • Early Stage 2,0.72,"Price has moved above long-term structure, but the full moving-average stack is not clean yet.",,,2026-07-27,,watchlist,weekly_forming,watchlist,44.47,62.43,52.55,2.0,44.47,62.43,54.55,12.95,22.32,1492425037.06,"Stage 2, Early Stage 2, weekly_vcp_ok, volume_dryup, weekly_volume_dryup, weekly_strong",108,101,Stage 2,watchlist,weekly_forming,55.37,-7,-0.8200000000000003,False,False,False,False,False
BSE.NS,BSE Ltd.,Financial Services,Unknown,True,F&O,1,Stage 2 Failed,Stage 3,Failed Stage 2,Failed Stage 2,Stage 2 Failed • Failed Stage 2,0.72,"This stock was recently Stage 2, but the latest structure no longer satisfies Stage 2 rules. It is kept as Stage 2 Failed until a fresh base/repair structure forms.",Recent Stage 2 break; public stage held as Stage 2 Failed.,2026-07-28,2026-07-24,,watchlist,weekly_watchlist,watchlist,0.65,0.15,0.43,2.0,0.65,0.15,2.43,-4.73,30.22,10042567138.38,"Stage 3, Stage 3 - Distribution/Damage, volume_dryup, weekly_volume_dryup, distribution_risk | Stage 2 failed state applied from stage memory.",733,726,Stage 2 Failed,watchlist,weekly_watchlist,3.45,-7,-1.02,False,False,False,False,False
TATACONSUM.NS,TATA CONSUMER PRODUCTS LIMITED,Fast Moving Consumer Goods,Unknown,True,F&O,1,Stage 1,Stage 1,Stage 1 - Unclear/Repair,Stage 1 - Unclear/Repair,Stage 1 • Stage 1 - Unclear/Repair,0.58,Not enough evidence for Stage 2 or Stage 4; classified as repair/unclear structure.,,,2026-05-20,,watchlist,weekly_watchlist,watchlist,0.0,12.2,5.49,0.0,0.0,12.2,5.49,-4.62,-3.44,1629696875.59,"Stage 1, Stage 1 - Unclear/Repair, stage1_not_actionable, stage1_needs_more_base",715,708,Stage 1,watchlist,weekly_watchlist,6.52,-7,-1.0299999999999994,False,False,False,False,False
KPRMILL.NS,K.P.R. Mill Ltd.,Textiles,Unknown,False,Cash,1,Stage 2,Stage 2,Early Stage 2,Early Stage 2,Stage 2 • Early Stage 2,0.72,"Price has moved above long-term structure, but the full moving-average stack is not clean yet.",,,2026-07-27,,watchlist,weekly_forming,watchlist,43.48,61.08,51.4,10.0,43.48,61.08,61.4,11.68,21.11,408613565.4,"Stage 2, Early Stage 2, daily_vcp_ok, weekly_vcp_ok, volume_dryup, weekly_volume_dryup, weekly_strong",58,51,Stage 2,watchlist,weekly_forming,62.71,-7,-1.3100000000000023,False,False,False,False,False
DCBBANK.NS,DCB Bank Limited,Financial Services,Unknown,False,Cash,1,Stage 2,Stage 2,Clean Stage 2,Clean Stage 2,Stage 2 • Clean Stage 2,0.9,"Price is above rising key averages, weekly structure is supportive, and the stock is near its 52-week high.",,,2026-07-27,,watchlist,weekly_near_pivot,watchlist,66.84,66.66,66.76,2.0,66.84,66.66,68.76,5.38,3.21,288677128.87,"Stage 2, Clean Stage 2, trend_template_ok, weekly_vcp_ok, weekly_strong",15,8,Stage 2,watchlist,weekly_near_pivot,71.22,-7,-2.4599999999999937,False,False,False,False,False
AAVAS.NS,Aavas Financiers Ltd.,Financial Services,Unknown,False,Cash,1,Stage 4,Stage 4,Stage 4 - Weak/Declining,Stage 4 - Weak/Declining,Stage 4 • Stage 4 - Weak/Declining,0.72,Price is below long-term support with weak trend evidence.,,,,,watchlist,weekly_watchlist,watchlist,17.69,35.8,25.84,2.0,17.69,35.8,27.84,-0.29,-2.71,117895376.1,"Stage 4, Stage 4 - Weak/Declining, weekly_vcp_ok, volume_dryup, weekly_strong, downtrend",423,415,Stage 4,watchlist,weekly_watchlist,27.79,-8,0.05000000000000071,False,False,False,False,False
EMUDHRA.NS,eMudhra Limited,Information Technology,Unknown,False,Cash,1,Stage 4,Stage 4,Stage 4 - Weak/Declining,Stage 4 - Weak/Declining,Stage 4 • Stage 4 - Weak/Declining,0.72,Price is below long-term support with weak trend evidence.,,,,,watchlist,weekly_watchlist,watchlist,19.1,35.8,26.62,0.0,19.1,35.8,26.62,-5.69,-5.36,185064796.03,"Stage 4, Stage 4 - Weak/Declining, weekly_vcp_ok, volume_dryup, weekly_volume_dryup, weekly_strong, downtrend",449,441,Stage 4,watchlist,weekly_watchlist,26.62,-8,0.0,False,False,False,False,False
ENGINERSIN.NS,Engineers India Limited,Construction,Unknown,False,Cash,1,Stage 2 Failed,Stage 3,Failed Stage 2,Failed Stage 2,Stage 2 Failed • Failed Stage 2,0.72,"This stock was recently Stage 2, but the latest structure no longer satisfies Stage 2 rules. It is kept as Stage 2 Failed until a fresh base/repair structure forms.",Recent Stage 2 break; public stage held as Stage 2 Failed.,2026-07-28,2026-07-13,,watchlist,weekly_watchlist,watchlist,2.31,0.0,1.27,0.0,2.31,0.0,1.27,-11.61,40.92,414113308.57,"Stage 3, Stage 3 - Distribution/Damage, volume_dryup, weekly_volume_dryup, distribution_risk | Stage 2 failed state applied from stage memory.",742,734,Stage 2 Failed,watchlist,weekly_watchlist,2.14,-8,-0.8700000000000001,False,False,False,False,False
LINDEINDIA.NS,Linde India Limited,Chemicals,Unknown,False,Cash,1,Stage 3,Stage 3,Stage 3 - Distribution/Damage,Stage 3 - Distribution/Damage,Stage 3 • Stage 3 - Distribution/Damage,0.76,"Prior strength exists, but short-term and/or weekly structure is deteriorating.",,,2026-06-30,,watchlist,weekly_watchlist,watchlist,3.7,8.19,5.72,5.0,3.7,8.19,10.72,-8.87,18.76,130915313.1,"Stage 3, Stage 3 - Distribution/Damage, volume_dryup, weekly_volume_dryup, distribution_risk",672,664,Stage 3,watchlist,weekly_watchlist,11.67,-8,-0.9499999999999993,False,False,False,False,False
SKIPPER.NS,Skipper Limited,Capital Goods,Unknown,False,Cash,1,Stage 2,Stage 2,Early Stage 2,Early Stage 2,Stage 2 • Early Stage 2,0.72,"Price has moved above long-term structure, but the full moving-average stack is not clean yet.",,,2026-07-27,,watchlist,weekly_forming,watchlist,24.63,61.83,41.37,5.0,24.63,61.83,46.37,5.64,54.63,365049392.18,"Stage 2, Early Stage 2, weekly_vcp_ok, volume_dryup, weekly_volume_dryup, weekly_strong",178,170,Stage 2,watchlist,weekly_forming,47.57,-8,-1.2000000000000028,False,False,False,False,False
LAURUSLABS.NS,Laurus Labs Limited,Healthcare,Unknown,True,F&O,1,Stage 2,Stage 2,Extended Stage 2,Extended Stage 2,Stage 2 • Extended Stage 2,0.78,"Advancing structure remains intact, but price is stretched versus key moving averages or far above the 52-week low.",,,2026-07-27,,watchlist,weekly_breakout,watchlist,44.85,63.8,53.38,10.0,44.85,63.8,63.38,59.96,80.69,3618333094.61,"Stage 2, Extended Stage 2, trend_template_ok, weekly_vcp_ok, weekly_strong",45,37,Stage 2,watchlist,weekly_breakout,64.64,-8,-1.259999999999998,False,False,False,False,False
CGPOWER.NS,CG Power and Industrial Solutions Limited,Capital Goods,Unknown,True,F&O,1,Stage 2,Stage 2,Early Stage 2,Early Stage 2,Stage 2 • Early Stage 2,0.72,"Price has moved above long-term structure, but the full moving-average stack is not clean yet.",,,2026-07-27,,watchlist,weekly_forming,watchlist,23.38,64.59,41.92,5.0,23.38,64.59,46.92,3.82,64.08,4840365500.71,"Stage 2, Early Stage 2, weekly_vcp_ok, weekly_strong",170,162,Stage 2,watchlist,weekly_forming,48.26,-8,-1.3399999999999963,False,False,False,False,False
PPLPHARMA.NS,Piramal Pharma Ltd.,Healthcare,Unknown,False,Cash,1,Stage 2,Stage 2,Early Stage 2,Early Stage 2,Stage 2 • Early Stage 2,0.72,"Price has moved above long-term structure, but the full moving-average stack is not clean yet.",Stage 2 reclaimed after 3 confirmation runs.,,2026-07-27,,watchlist,weekly_watchlist,watchlist,42.31,25.51,34.75,10.0,42.31,25.51,44.75,19.54,31.54,1394989951.45,"Stage 2, Early Stage 2",189,181,Stage 2 Failed,watchlist,weekly_watchlist,46.19,-8,-1.4399999999999977,False,False,True,False,False
GRSE.NS,Garden Reach Shipbuilders & Engineers Limited,Capital Goods,Unknown,False,Cash,1,Stage 2 Failed,Stage 1,Failed Stage 2,Failed Stage 2,Stage 2 Failed • Failed Stage 2,0.72,"This stock was recently Stage 2, but the latest structure no longer satisfies Stage 2 rules. It is kept as Stage 2 Failed until a fresh base/repair structure forms.",Recent Stage 2 break; public stage held as Stage 2 Failed.,2026-07-28,2026-07-08,,watchlist,weekly_watchlist,watchlist,1.22,3.54,2.26,5.0,1.22,3.54,7.26,-10.88,14.31,974402552.02,"Stage 1, Stage 1 - Base/Repair, volume_dryup, weekly_volume_dryup, stage1_not_actionable, stage1_needs_more_base | Stage 2 failed state applied from stage memory.",704,696,Stage 2 Failed,watchlist,weekly_watchlist,8.73,-8,-1.4700000000000006,False,False,False,False,False
ITCHOTELS.NS,ITC Hotels Ltd.,Consumer Services,Unknown,False,Cash,1,Stage 4,Stage 4,Stage 4 - Weak/Declining,Stage 4 - Weak/Declining,Stage 4 • Stage 4 - Weak/Declining,0.72,Price is below long-term support with weak trend evidence.,,,,,watchlist,weekly_watchlist,watchlist,14.2,43.8,27.52,0.0,14.2,43.8,27.52,0.97,-4.94,616833815.42,"Stage 4, Stage 4 - Weak/Declining, weekly_vcp_ok, weekly_volume_dryup, weekly_strong, downtrend",428,419,Stage 4,watchlist,weekly_watchlist,27.61,-9,-0.08999999999999986,False,False,False,False,False
GNFC.NS,Gujarat Narmada Valley Fertilizers and Chemicals Limited,Chemicals,Unknown,False,Cash,1,Stage 2,Stage 2,Early Stage 2,Early Stage 2,Stage 2 • Early Stage 2,0.72,"Price has moved above long-term structure, but the full moving-average stack is not clean yet.",,,2026-07-27,,watchlist,weekly_watchlist,watchlist,23.74,18.21,21.25,5.0,23.74,18.21,26.25,9.09,17.01,151820069.58,"Stage 2, Early Stage 2, volume_dryup, weekly_volume_dryup",458,449,Stage 2,watchlist,weekly_watchlist,26.45,-9,-0.1999999999999993,False,False,False,False,False
JPPOWER.NS,Jaiprakash Power Ventures Limited,Power,Unknown,False,Cash,1,Stage 4,Stage 4,Stage 4 - Weak/Declining,Stage 4 - Weak/Declining,Stage 4 • Stage 4 - Weak/Declining,0.72,Price is below long-term support with weak trend evidence.,,,2025-11-20,,watchlist,weekly_watchlist,watchlist,18.45,36.25,26.46,2.0,18.45,36.25,28.46,-14.16,18.68,935684564.27,"Stage 4, Stage 4 - Weak/Declining, weekly_vcp_ok, volume_dryup, weekly_volume_dryup, weekly_strong, downtrend",415,406,Stage 4,watchlist,weekly_watchlist,28.67,-9,-0.21000000000000085,False,False,False,False,False
FORCEMOT.NS,FORCE MOTORS LTD,Automobile and Auto Components,Unknown,True,F&O,1,Stage 4,Stage 4,Stage 4 - Weak/Declining,Stage 4 - Weak/Declining,Stage 4 • Stage 4 - Weak/Declining,0.72,Price is below long-term support with weak trend evidence.,,,2026-05-06,,watchlist,weekly_watchlist,watchlist,15.49,35.8,24.63,5.0,15.49,35.8,29.63,-13.56,-3.79,1879432563.15,"Stage 4, Stage 4 - Weak/Declining, weekly_vcp_ok, weekly_strong, downtrend",390,381,Stage 4,watchlist,weekly_watchlist,30.01,-9,-0.38000000000000256,False,False,False,False,False
KEI.NS,KEI Industries Limited,Capital Goods,Unknown,True,F&O,1,Stage 2,Stage 2,Messy Stage 2,Messy Stage 2,Stage 2 • Messy Stage 2,0.64,"Long-term structure is still constructive, but the short-term/weekly structure is not clean.",,,2026-07-27,,watchlist,weekly_watchlist,watchlist,19.04,18.78,18.92,5.0,19.04,18.78,23.92,-0.26,32.08,1400906429.42,"Stage 2, Messy Stage 2, volume_dryup, weekly_volume_dryup",516,507,Stage 2,watchlist,weekly_watchlist,24.44,-9,-0.5199999999999996,False,False,False,False,False
JBMA.NS,JBM Auto Ltd.,Automobile and Auto Components,Unknown,False,Cash,1,Stage 2 Failed,Not Sure,Failed Stage 2,Failed Stage 2,Stage 2 Failed • Failed Stage 2,0.72,"This stock was recently Stage 2, but the latest structure no longer satisfies Stage 2 rules. It is kept as Stage 2 Failed until a fresh base/repair structure forms.",Recent Stage 2 break; public stage held as Stage 2 Failed.,2026-07-28,2026-07-22,,watchlist,weekly_watchlist,watchlist,18.17,15.19,16.83,5.0,18.17,15.19,21.83,4.63,27.27,285997833.49,"Not Sure, Not Sure, volume_dryup, weekly_volume_dryup | Stage 2 failed state applied from stage memory.",544,535,Stage 2 Failed,watchlist,weekly_watchlist,22.78,-9,-0.9500000000000028,False,False,False,False,False
SUZLON.NS,Suzlon Energy Limited,Capital Goods,Unknown,True,F&O,1,Stage 2 Failed,Stage 4,Failed Stage 2,Failed Stage 2,Stage 2 Failed • Failed Stage 2,0.72,"This stock was recently Stage 2, but the latest structure no longer satisfies Stage 2 rules. It is kept as Stage 2 Failed until a fresh base/repair structure forms.",Recent Stage 2 break; public stage held as Stage 2 Failed.,2026-07-28,2026-07-13,,watchlist,weekly_watchlist,watchlist,0.0,0.0,0.0,5.0,0.0,0.0,5.0,-13.56,9.53,3291991711.35,"Stage 4, Stage 4 - Weak/Declining, volume_dryup, downtrend | Stage 2 failed state applied from stage memory.",721,712,Stage 2 Failed,watchlist,weekly_watchlist,6.3,-9,-1.2999999999999998,False,False,False,False,False
MIDHANI.NS,Mishra Dhatu Nigam Limited,Capital Goods,Unknown,False,Cash,1,Stage 2,Stage 2,Early Stage 2,Early Stage 2,Stage 2 • Early Stage 2,0.72,"Price has moved above long-term structure, but the full moving-average stack is not clean yet.",,,2026-07-27,,watchlist,weekly_forming,watchlist,21.09,59.91,38.56,5.0,21.09,59.91,43.56,0.52,20.54,204061596.13,"Stage 2, Early Stage 2, weekly_vcp_ok, volume_dryup, weekly_volume_dryup, weekly_strong",194,185,Stage 2,watchlist,weekly_forming,44.95,-9,-1.3900000000000006,False,False,False,False,False
GSFC.NS,Gujarat State Fertilizers & Chemicals Limited,Chemicals,Unknown,False,Cash,1,Stage 4,Stage 4,Stage 4 - Confirmed Downtrend,Stage 4 - Confirmed Downtrend,Stage 4 • Stage 4 - Confirmed Downtrend,0.86,Price is below a bearish moving-average stack with falling trend signals.,,,,,watchlist,weekly_watchlist,watchlist,13.18,4.0,9.05,5.0,13.18,4.0,14.05,-6.3,-3.6,79554649.39,"Stage 4, Stage 4 - Confirmed Downtrend, volume_dryup, weekly_volume_dryup, downtrend",642,633,Stage 4,watchlist,weekly_watchlist,15.52,-9,-1.4699999999999989,False,False,False,False,False
REDINGTON.NS,Redington Limited,Services,Unknown,False,Cash,1,Stage 2,Stage 2,Early Stage 2,Early Stage 2,Stage 2 • Early Stage 2,0.72,"Price has moved above long-term structure, but the full moving-average stack is not clean yet.",,,2026-07-27,,watchlist,weekly_near_pivot,watchlist,26.61,69.98,46.13,2.0,26.61,69.98,48.13,31.68,18.14,638003362.22,"Stage 2, Early Stage 2, weekly_vcp_ok, volume_dryup, weekly_volume_dryup, weekly_strong",158,149,Stage 2,watchlist,weekly_near_pivot,49.9,-9,-1.769999999999996,False,False,False,False,False
LTF.NS,L&T Finance Ltd.,Financial Services,Unknown,True,F&O,1,Stage 2,Stage 2,Clean Stage 2,Clean Stage 2,Stage 2 • Clean Stage 2,0.9,"Price is above rising key averages, weekly structure is supportive, and the stock is near its 52-week high.",,,2026-07-27,,watchlist,weekly_forming,watchlist,65.92,60.52,63.49,2.0,65.92,60.52,65.49,12.37,14.81,2123185216.43,"Stage 2, Clean Stage 2, trend_template_ok, weekly_vcp_ok, volume_dryup, weekly_volume_dryup, weekly_strong",29,20,Stage 2,watchlist,weekly_near_pivot,68.42,-9,-2.930000000000007,False,False,False,False,False
MUTHOOTFIN.NS,Muthoot Finance Limited,Financial Services,Unknown,True,F&O,1,Stage 4,Stage 4,Stage 4 - Confirmed Downtrend,Stage 4 - Confirmed Downtrend,Stage 4 • Stage 4 - Confirmed Downtrend,0.86,Price is below a bearish moving-average stack with falling trend signals.,,,2026-02-12,,watchlist,weekly_watchlist,watchlist,17.62,35.8,25.8,2.0,17.62,35.8,27.8,-11.92,-16.74,2701095768.52,"Stage 4, Stage 4 - Confirmed Downtrend, weekly_vcp_ok, volume_dryup, weekly_volume_dryup, weekly_strong, downtrend",424,414,Stage 4,watchlist,weekly_watchlist,27.81,-10,-0.00999999999999801,False,False,False,False,False
PFC.NS,Power Finance Corporation Limited,Financial Services,Unknown,True,F&O,1,Stage 3,Stage 3,Stage 3 - Distribution/Damage,Stage 3 - Distribution/Damage,Stage 3 • Stage 3 - Distribution/Damage,0.76,"Prior strength exists, but short-term and/or weekly structure is deteriorating.",,,2026-07-01,,watchlist,weekly_watchlist,watchlist,21.14,39.45,29.38,2.0,21.14,39.45,31.38,-6.31,22.84,2115506603.86,"Stage 3, Stage 3 - Distribution/Damage, weekly_vcp_ok, weekly_volume_dryup, weekly_strong, distribution_risk",358,348,Stage 3,watchlist,weekly_watchlist,31.65,-10,-0.2699999999999996,False,False,False,False,False
MRPL.NS,Mangalore Refinery and Petrochemicals Limited,"Oil, Gas & Consumable Fuels",Unknown,False,Cash,1,Stage 1,Stage 1,Stage 1 - Base/Repair,Stage 1 - Base/Repair,Stage 1 • Stage 1 - Base/Repair,0.7,Price is near long-term moving averages with no strong long-term downtrend signal.,,,2026-05-01,,watchlist,weekly_watchlist,watchlist,16.3,43.37,28.48,0.0,16.3,43.37,28.48,-4.45,9.17,3911870340.85,"Stage 1, Stage 1 - Base/Repair, weekly_vcp_ok, weekly_strong, stage1_not_actionable, stage1_needs_more_base",414,404,Stage 1,watchlist,weekly_watchlist,28.94,-10,-0.46000000000000085,False,False,False,False,False
VMM.NS,Vishal Mega Mart Ltd.,Consumer Services,Unknown,True,F&O,1,Stage 4,Stage 4,Stage 4 - Confirmed Downtrend,Stage 4 - Confirmed Downtrend,Stage 4 • Stage 4 - Confirmed Downtrend,0.86,Price is below a bearish moving-average stack with falling trend signals.,,,,,watchlist,weekly_watchlist,watchlist,15.1,35.0,24.05,0.0,15.1,35.0,24.05,-10.35,-7.69,1227875091.11,"Stage 4, Stage 4 - Confirmed Downtrend, weekly_vcp_ok, weekly_strong, downtrend",508,498,Stage 4,watchlist,weekly_watchlist,24.75,-10,-0.6999999999999993,False,False,False,False,False
FINEORG.NS,Fine Organic Industries Limited,Chemicals,Unknown,False,Cash,1,Stage 2,Stage 2,Early Stage 2,Early Stage 2,Stage 2 • Early Stage 2,0.72,"Price has moved above long-term structure, but the full moving-average stack is not clean yet.",,,2026-07-27,,watchlist,weekly_forming,watchlist,14.66,60.46,35.27,5.0,14.66,60.46,40.27,3.55,23.07,44526920.7,"Stage 2, Early Stage 2, weekly_vcp_ok, volume_dryup, weekly_volume_dryup, weekly_strong",235,225,Stage 2,watchlist,weekly_forming,41.46,-10,-1.1899999999999977,False,False,False,False,False
GMMPFAUDLR.NS,GMM Pfaudler Limited,Capital Goods,Unknown,False,Cash,1,Stage 4,Stage 4,Stage 4 - Weak/Declining,Stage 4 - Weak/Declining,Stage 4 • Stage 4 - Weak/Declining,0.72,Price is below long-term support with weak trend evidence.,,,,,watchlist,weekly_watchlist,watchlist,17.69,35.8,25.84,5.0,17.69,35.8,30.84,-10.87,-13.01,72819110.44,"Stage 4, Stage 4 - Weak/Declining, weekly_vcp_ok, volume_dryup, weekly_volume_dryup, weekly_strong, downtrend",366,355,Stage 4,watchlist,weekly_watchlist,31.45,-11,-0.6099999999999994,False,False,False,False,False
ITC.NS,ITC Limited,Fast Moving Consumer Goods,Unknown,True,F&O,1,Stage 4,Stage 4,Stage 4 - Confirmed Downtrend,Stage 4 - Confirmed Downtrend,Stage 4 • Stage 4 - Confirmed Downtrend,0.86,Price is below a bearish moving-average stack with falling trend signals.,,,,,watchlist,weekly_watchlist,watchlist,12.22,36.9,23.33,0.0,12.22,36.9,23.33,-7.1,-1.65,4147414128.57,"Stage 4, Stage 4 - Confirmed Downtrend, weekly_vcp_ok, weekly_strong, downtrend",524,513,Stage 4,watchlist,weekly_watchlist,24.16,-11,-0.8300000000000018,False,False,False,False,False
APOLLO.NS,Apollo Micro Systems Limited,Capital Goods,Unknown,False,Cash,1,Stage 2,Stage 2,Extended Stage 2,Extended Stage 2,Stage 2 • Extended Stage 2,0.78,"Advancing structure remains intact, but price is stretched versus key moving averages or far above the 52-week low.",,,2026-07-27,,watchlist,weekly_forming,watchlist,40.45,65.8,51.86,5.0,40.45,65.8,56.86,27.52,69.55,5030793308.9,"Stage 2, Extended Stage 2, weekly_vcp_ok, volume_dryup, weekly_volume_dryup, weekly_strong",95,84,Stage 2,watchlist,weekly_forming,58.13,-11,-1.2700000000000031,False,False,False,False,False
TEAMLEASE.NS,Teamlease Services Limited,Services,Unknown,False,Cash,1,Stage 4,Stage 4,Stage 4 - Weak/Declining,Stage 4 - Weak/Declining,Stage 4 • Stage 4 - Weak/Declining,0.72,Price is below long-term support with weak trend evidence.,,,,,watchlist,weekly_watchlist,watchlist,14.73,0.0,8.1,2.0,14.73,0.0,10.1,5.58,-0.3,57063725.71,"Stage 4, Stage 4 - Weak/Declining, downtrend",677,666,Stage 4,watchlist,weekly_watchlist,11.43,-11,-1.33,False,False,False,False,False
ANANTRAJ.NS,Anant Raj Limited,Realty,Unknown,False,Cash,1,Stage 2,Stage 2,Early Stage 2,Early Stage 2,Stage 2 • Early Stage 2,0.72,"Price has moved above long-term structure, but the full moving-average stack is not clean yet.",,,2026-07-27,,watchlist,weekly_breakout,watchlist,19.57,71.24,42.82,2.0,19.57,71.24,44.82,25.32,29.1,1945762164.28,"Stage 2, Early Stage 2, weekly_vcp_ok, weekly_strong",188,177,Stage 2,watchlist,weekly_breakout,46.75,-11,-1.9299999999999997,False,False,False,False,False
JINDWORLD.NS,Jindal Worldwide Limited,Textiles,Unknown,False,Cash,1,Stage 2,Stage 2,Extended Stage 2,Extended Stage 2,Stage 2 • Extended Stage 2,0.78,"Advancing structure remains intact, but price is stretched versus key moving averages or far above the 52-week low.",,,2026-07-27,,watchlist,weekly_breakout,watchlist,42.95,66.9,53.73,10.0,42.95,66.9,63.73,50.74,70.39,798368537.18,"Stage 2, Extended Stage 2, weekly_vcp_ok, weekly_strong",40,29,Stage 2,watchlist,weekly_breakout,66.48,-11,-2.750000000000007,False,False,False,False,False
GARFIBRES.NS,Garware Technical Fibres Limited,Textiles,Unknown,False,Cash,1,Stage 2,Stage 2,Early Stage 2,Early Stage 2,Stage 2 • Early Stage 2,0.72,"Price has moved above long-term structure, but the full moving-average stack is not clean yet.",,,2026-07-27,,watchlist,weekly_watchlist,watchlist,14.29,25.06,19.14,10.0,14.29,25.06,29.14,19.99,26.65,36105099.01,"Stage 2, Early Stage 2, volume_dryup, weekly_volume_dryup",404,392,Stage 2,watchlist,weekly_watchlist,29.59,-12,-0.4499999999999993,False,False,False,False,False
SAFARI.NS,Safari Industries (India) Limited,Consumer Durables,Unknown,False,Cash,1,Stage 4,Stage 4,Stage 4 - Weak/Declining,Stage 4 - Weak/Declining,Stage 4 • Stage 4 - Weak/Declining,0.72,Price is below long-term support with weak trend evidence.,,,2025-12-24,,watchlist,weekly_watchlist,watchlist,19.1,35.8,26.62,5.0,19.1,35.8,31.62,10.59,-16.54,57974150.11,"Stage 4, Stage 4 - Weak/Declining, weekly_vcp_ok, volume_dryup, weekly_volume_dryup, weekly_strong, downtrend",350,338,Stage 4,watchlist,weekly_watchlist,32.22,-12,-0.5999999999999979,False,False,False,False,False
IMFA.NS,Indian Metals & Ferro Alloys Limited,Metals & Mining,Unknown,False,Cash,1,Stage 3,Stage 3,Stage 3 - Distribution/Damage,Stage 3 - Distribution/Damage,Stage 3 • Stage 3 - Distribution/Damage,0.76,"Prior strength exists, but short-term and/or weekly structure is deteriorating.",,,2026-07-02,,watchlist,weekly_watchlist,watchlist,23.5,42.17,31.9,0.0,23.5,42.17,31.9,-10.47,23.21,129310248.87,"Stage 3, Stage 3 - Distribution/Damage, weekly_vcp_ok, volume_dryup, weekly_volume_dryup, weekly_strong, distribution_risk",345,333,Stage 3,watchlist,weekly_watchlist,32.72,-12,-0.8200000000000003,False,False,False,False,False
SBFC.NS,SBFC Finance Limited,Financial Services,Unknown,False,Cash,1,Stage 4,Stage 4,Stage 4 - Confirmed Downtrend,Stage 4 - Confirmed Downtrend,Stage 4 • Stage 4 - Confirmed Downtrend,0.86,Price is below a bearish moving-average stack with falling trend signals.,,,2025-11-17,,watchlist,weekly_watchlist,watchlist,21.28,36.08,27.94,2.0,21.28,36.08,29.94,-2.18,4.98,130222766.34,"Stage 4, Stage 4 - Confirmed Downtrend, weekly_vcp_ok, weekly_strong, downtrend",381,369,Stage 4,watchlist,weekly_watchlist,30.85,-12,-0.9100000000000001,False,False,False,False,False
RAYMOND.NS,Raymond Limited,Textiles,Unknown,False,Cash,1,Stage 2,Stage 2,Early Stage 2,Early Stage 2,Stage 2 • Early Stage 2,0.72,"Price has moved above long-term structure, but the full moving-average stack is not clean yet.",,,2026-07-27,,watchlist,weekly_watchlist,watchlist,23.94,28.13,25.83,10.0,23.94,28.13,35.83,23.87,53.43,348820623.71,"Stage 2, Early Stage 2, volume_dryup, weekly_volume_dryup",295,283,Stage 2,watchlist,weekly_watchlist,36.83,-12,-1.0,False,False,False,False,False
MHRIL.NS,Mahindra Holidays & Resorts India Limited,Consumer Services,Unknown,False,Cash,1,Stage 4,Stage 4,Stage 4 - Confirmed Downtrend,Stage 4 - Confirmed Downtrend,Stage 4 • Stage 4 - Confirmed Downtrend,0.86,Price is below a bearish moving-average stack with falling trend signals.,,,,,watchlist,weekly_watchlist,watchlist,10.2,35.8,21.72,0.0,10.2,35.8,21.72,-11.6,-19.82,43217481.9,"Stage 4, Stage 4 - Confirmed Downtrend, weekly_vcp_ok, volume_dryup, weekly_volume_dryup, weekly_strong, downtrend",546,534,Stage 4,watchlist,weekly_watchlist,22.91,-12,-1.1900000000000013,False,False,False,False,False
IGL.NS,Indraprastha Gas Limited,"Oil, Gas & Consumable Fuels",Unknown,False,Cash,1,Stage 4,Stage 4,Stage 4 - Confirmed Downtrend,Stage 4 - Confirmed Downtrend,Stage 4 • Stage 4 - Confirmed Downtrend,0.86,Price is below a bearish moving-average stack with falling trend signals.,,,2025-11-14,,watchlist,weekly_watchlist,watchlist,18.66,35.8,26.37,0.0,18.66,35.8,26.37,-9.18,-7.14,326108791.92,"Stage 4, Stage 4 - Confirmed Downtrend, weekly_vcp_ok, volume_dryup, weekly_volume_dryup, weekly_strong, downtrend",455,442,Stage 4,watchlist,weekly_watchlist,26.62,-13,-0.25,False,False,False,False,False
IOB.NS,Indian Overseas Bank,Financial Services,Unknown,False,Cash,1,Stage 4,Stage 4,Stage 4 - Weak/Declining,Stage 4 - Weak/Declining,Stage 4 • Stage 4 - Weak/Declining,0.72,Price is below long-term support with weak trend evidence.,,,,,watchlist,weekly_watchlist,watchlist,7.9,43.8,24.05,2.0,7.9,43.8,26.05,-3.27,2.38,166859041.37,"Stage 4, Stage 4 - Weak/Declining, weekly_vcp_ok, weekly_volume_dryup, weekly_strong, downtrend",465,452,Stage 4,watchlist,weekly_watchlist,26.39,-13,-0.33999999999999986,False,False,False,False,False
TITAGARH.NS,TITAGARH RAIL SYSTEMS LIMITED,Capital Goods,Unknown,False,Cash,1,Stage 2 Failed,Not Sure,Failed Stage 2,Failed Stage 2,Stage 2 Failed • Failed Stage 2,0.72,"This stock was recently Stage 2, but the latest structure no longer satisfies Stage 2 rules. It is kept as Stage 2 Failed until a fresh base/repair structure forms.",Recent Stage 2 break; public stage held as Stage 2 Failed.,2026-07-28,2026-07-20,,watchlist,weekly_watchlist,watchlist,9.15,47.2,26.27,5.0,9.15,47.2,31.27,5.51,8.5,332373899.3,"Not Sure, Not Sure, weekly_vcp_ok, volume_dryup, weekly_volume_dryup, weekly_strong | Stage 2 failed state applied from stage memory.",360,347,Stage 2 Failed,watchlist,weekly_watchlist,31.68,-13,-0.41000000000000014,False,False,False,False,False
MOTILALOFS.NS,Motilal Oswal Financial Services Limited,Financial Services,Unknown,True,F&O,1,Stage 2,Stage 2,Early Stage 2,Early Stage 2,Stage 2 • Early Stage 2,0.72,"Price has moved above long-term structure, but the full moving-average stack is not clean yet.",,,2026-07-27,,watchlist,weekly_watchlist,watchlist,15.96,28.96,21.81,2.0,15.96,28.96,23.81,7.03,22.55,1293501158.59,"Stage 2, Early Stage 2",519,506,Stage 2,watchlist,weekly_watchlist,24.44,-13,-0.6300000000000026,False,False,False,False,False
LXCHEM.NS,Laxmi Organic Industries Limited,Chemicals,Unknown,False,Cash,1,Stage 2,Stage 2,Extended Stage 2,Extended Stage 2,Stage 2 • Extended Stage 2,0.78,"Advancing structure remains intact, but price is stretched versus key moving averages or far above the 52-week low.",Stage 2 confirmed with 3 raw confirmation runs.,,2026-07-27,,watchlist,weekly_watchlist,watchlist,42.4,26.0,35.02,5.0,42.4,26.0,40.02,36.06,45.33,334038198.77,"Stage 2, Extended Stage 2",242,229,Not Sure,watchlist,weekly_watchlist,41.19,-13,-1.1699999999999946,False,False,True,False,False
SHAREINDIA.NS,Share India Securities Limited,Financial Services,Unknown,False,Cash,1,Stage 2,Stage 2,Extended Stage 2,Extended Stage 2,Stage 2 • Extended Stage 2,0.78,"Advancing structure remains intact, but price is stretched versus key moving averages or far above the 52-week low.",,,2026-07-27,,watchlist,weekly_near_pivot,watchlist,43.98,73.13,57.1,2.0,43.98,73.13,59.1,30.43,31.88,1575254173.9,"Stage 2, Extended Stage 2, weekly_vcp_ok, volume_dryup, weekly_volume_dryup, weekly_strong",75,62,Stage 2,watchlist,weekly_near_pivot,61.19,-13,-2.0899999999999963,False,False,False,False,False
WELENT.NS,Welspun Enterprises Limited,Construction,Unknown,False,Cash,1,Stage 2,Stage 2,Early Stage 2,Early Stage 2,Stage 2 • Early Stage 2,0.72,"Price has moved above long-term structure, but the full moving-average stack is not clean yet.",,,2026-07-27,,watchlist,weekly_breakout,watchlist,46.99,63.68,54.5,0.0,46.99,63.68,54.5,14.19,33.6,211948231.75,"Stage 2, Early Stage 2, weekly_vcp_ok, weekly_strong",109,96,Stage 2,watchlist,weekly_breakout,56.59,-13,-2.0900000000000034,False,False,False,False,False
KPIL.NS,Kalpataru Projects International Limited,Construction,Unknown,False,Cash,1,Stage 2,Stage 2,Early Stage 2,Early Stage 2,Stage 2 • Early Stage 2,0.72,"Price has moved above long-term structure, but the full moving-average stack is not clean yet.",,,2026-07-27,,watchlist,weekly_watchlist,watchlist,22.94,19.13,21.23,0.0,22.94,19.13,21.23,2.07,21.25,176356774.1,"Stage 2, Early Stage 2, volume_dryup, weekly_volume_dryup",556,542,Stage 2,watchlist,weekly_watchlist,22.52,-14,-1.2899999999999991,False,False,False,False,False
EDELWEISS.NS,Edelweiss Financial Services Limited,Financial Services,Unknown,False,Cash,1,Stage 2,Stage 2,Early Stage 2,Early Stage 2,Stage 2 • Early Stage 2,0.72,"Price has moved above long-term structure, but the full moving-average stack is not clean yet.",,,2026-07-27,,watchlist,weekly_forming,watchlist,44.3,59.34,51.07,2.0,44.3,59.34,53.07,-0.11,15.49,319527274.03,"Stage 2, Early Stage 2, weekly_vcp_ok, volume_dryup, weekly_volume_dryup, weekly_strong",122,108,Stage 2,watchlist,weekly_forming,54.77,-14,-1.7000000000000028,False,False,False,False,False
TIMETECHNO.NS,Time Technoplast Limited,Capital Goods,Unknown,False,Cash,1,Stage 2,Stage 2,Early Stage 2,Early Stage 2,Stage 2 • Early Stage 2,0.72,"Price has moved above long-term structure, but the full moving-average stack is not clean yet.",,,2026-07-27,,watchlist,weekly_breakout,watchlist,44.63,61.21,52.09,5.0,44.63,61.21,57.09,9.23,24.84,883369934.32,"Stage 2, Early Stage 2, weekly_vcp_ok, weekly_strong",93,79,Stage 2,watchlist,weekly_breakout,59.06,-14,-1.9699999999999989,False,False,False,False,False
RECLTD.NS,REC Limited,Financial Services,Unknown,True,F&O,1,Stage 2,Stage 2,Early Stage 2,Early Stage 2,Stage 2 • Early Stage 2,0.72,"Price has moved above long-term structure, but the full moving-average stack is not clean yet.",Stage 2 reclaimed after 3 confirmation runs.,,2026-07-27,,watchlist,weekly_near_pivot,watchlist,43.2,67.02,53.92,2.0,43.2,67.02,55.92,4.04,8.12,1804223356.7,"Stage 2, Early Stage 2, weekly_vcp_ok, weekly_strong",100,86,Stage 2 Failed,watchlist,weekly_near_pivot,57.98,-14,-2.059999999999995,False,False,True,False,False
FUSION.NS,Fusion Micro Finance Limited,Financial Services,Unknown,False,Cash,1,Stage 2,Stage 2,Stage 2,Stage 2,Stage 2,0.76,Advancing structure detected.,,,2026-07-27,,watchlist,weekly_near_pivot,watchlist,44.02,69.05,55.28,2.0,44.02,69.05,57.28,10.06,22.42,288432272.98,"Stage 2, Stage 2, trend_template_ok, weekly_vcp_ok, volume_dryup, weekly_volume_dryup, weekly_strong",90,75,Stage 2,watchlist,weekly_near_pivot,59.4,-15,-2.1199999999999974,False,False,False,False,False
LLOYDSME.NS,Lloyds Metals And Energy Limited,Metals & Mining,Unknown,False,Cash,1,Stage 2,Stage 2,Clean Stage 2,Clean Stage 2,Stage 2 • Clean Stage 2,0.9,"Price is above rising key averages, weekly structure is supportive, and the stock is near its 52-week high.",,,2026-07-27,,watchlist,weekly_watchlist,watchlist,60.57,36.2,49.6,0.0,60.57,36.2,49.6,12.28,84.57,1033225762.88,"Stage 2, Clean Stage 2, trend_template_ok",143,128,Stage 2,watchlist,weekly_watchlist,52.29,-15,-2.6899999999999977,False,False,False,False,False
RITES.NS,RITES Limited,Construction,Unknown,False,Cash,1,Stage 4,Stage 4,Stage 4 - Weak/Declining,Stage 4 - Weak/Declining,Stage 4 • Stage 4 - Weak/Declining,0.72,Price is below long-term support with weak trend evidence.,,,,,watchlist,weekly_watchlist,watchlist,19.27,35.97,26.79,0.0,19.27,35.97,26.79,-2.07,3.81,2659760495.04,"Stage 4, Stage 4 - Weak/Declining, weekly_vcp_ok, volume_dryup, weekly_volume_dryup, weekly_strong, downtrend",445,429,Stage 4,watchlist,weekly_watchlist,27.16,-16,-0.370000000000001,False,False,False,False,False
IDFCFIRSTB.NS,IDFC First Bank Limited,Financial Services,Unknown,True,F&O,1,Stage 2,Stage 2,Early Stage 2,Early Stage 2,Stage 2 • Early Stage 2,0.72,"Price has moved above long-term structure, but the full moving-average stack is not clean yet.",,,2026-07-27,,watchlist,weekly_watchlist,watchlist,25.63,22.25,24.11,2.0,25.63,22.25,26.11,23.18,7.35,2160773650.83,"Stage 2, Early Stage 2",462,446,Stage 2,watchlist,weekly_watchlist,26.57,-16,-0.46000000000000085,False,False,False,False,False
APARINDS.NS,Apar Industries Limited,Capital Goods,Unknown,False,Cash,1,Stage 2,Stage 2,Early Stage 2,Early Stage 2,Stage 2 • Early Stage 2,0.72,"Price has moved above long-term structure, but the full moving-average stack is not clean yet.",,,2026-07-27,,watchlist,weekly_watchlist,watchlist,20.69,23.6,22.0,5.0,20.69,23.6,27.0,9.36,91.66,2069774247.35,"Stage 2, Early Stage 2",438,422,Stage 2,watchlist,weekly_watchlist,27.54,-16,-0.5399999999999991,False,False,False,False,False
GRAPHITE.NS,Graphite India Limited,Capital Goods,Unknown,False,Cash,1,Stage 3,Stage 3,Stage 3 - Distribution/Damage,Stage 3 - Distribution/Damage,Stage 3 • Stage 3 - Distribution/Damage,0.76,"Prior strength exists, but short-term and/or weekly structure is deteriorating.",,,2026-06-05,,watchlist,weekly_watchlist,watchlist,0.0,10.38,4.67,5.0,0.0,10.38,9.67,-7.23,9.07,848710733.93,"Stage 3, Stage 3 - Distribution/Damage, distribution_risk",686,670,Stage 3,watchlist,weekly_watchlist,10.84,-16,-1.17,False,False,False,False,False
UJJIVANSFB.NS,Ujjivan Small Finance Bank Limited,Financial Services,Unknown,False,Cash,1,Stage 2,Stage 2,Extended Stage 2,Extended Stage 2,Stage 2 • Extended Stage 2,0.78,"Advancing structure remains intact, but price is stretched versus key moving averages or far above the 52-week low.",,,2026-07-27,,watchlist,weekly_watchlist,watchlist,44.01,19.69,33.07,2.0,44.01,19.69,35.07,23.32,17.63,2061306688.17,"Stage 2, Extended Stage 2, trend_template_ok",304,288,Stage 2,watchlist,weekly_watchlist,36.29,-16,-1.2199999999999989,False,False,False,False,False
DALMIASUG.NS,Dalmia Bharat Sugar and Industries Limited,Fast Moving Consumer Goods,Unknown,False,Cash,1,Stage 3,Stage 3,Stage 3 - Transition,Stage 3 - Transition,Stage 3 • Stage 3 - Transition,0.62,"The structure is transitioning after prior strength, but it is not yet a confirmed Stage 4 decline.",,,2026-05-14,,watchlist,weekly_watchlist,watchlist,25.32,8.47,17.74,0.0,25.32,8.47,17.74,-10.9,35.61,182925527.24,"Stage 3, Stage 3 - Transition, volume_dryup, weekly_volume_dryup, distribution_risk",609,593,Stage 3,watchlist,weekly_watchlist,19.16,-16,-1.4200000000000017,False,False,False,False,False
ATUL.NS,Atul Limited,Chemicals,Unknown,False,Cash,1,Stage 3,Stage 3,Stage 3 - Transition,Stage 3 - Transition,Stage 3 • Stage 3 - Transition,0.62,"The structure is transitioning after prior strength, but it is not yet a confirmed Stage 4 decline.",,,2026-07-03,,watchlist,weekly_watchlist,watchlist,4.37,9.72,6.78,5.0,4.37,9.72,11.78,-1.93,19.1,439326798.56,"Stage 3, Stage 3 - Transition, distribution_risk",661,645,Stage 3,watchlist,weekly_watchlist,13.85,-16,-2.0700000000000003,False,False,False,False,False
ROLEXRINGS.NS,Rolex Rings Limited,Automobile and Auto Components,Unknown,False,Cash,1,Stage 2,Stage 2,Messy Stage 2,Messy Stage 2,Stage 2 • Messy Stage 2,0.64,"Long-term structure is still constructive, but the short-term/weekly structure is not clean.",,,2026-07-27,,watchlist,weekly_watchlist,watchlist,38.46,20.52,30.39,5.0,38.46,20.52,35.39,-5.62,18.85,257270639.35,"Stage 2, Messy Stage 2",299,282,Stage 2,watchlist,weekly_watchlist,36.84,-17,-1.4500000000000028,False,False,False,False,False
ADANIENSOL.NS,Adani Energy Solutions Limited,Power,Unknown,True,F&O,1,Stage 2,Stage 2,Clean Stage 2,Clean Stage 2,Stage 2 • Clean Stage 2,0.9,"Price is above rising key averages, weekly structure is supportive, and the stock is near its 52-week high.",,,2026-07-27,,watchlist,weekly_watchlist,watchlist,44.49,30.4,38.15,2.0,44.49,30.4,40.15,22.93,98.92,4483150543.81,"Stage 2, Clean Stage 2, trend_template_ok",238,221,Stage 2,watchlist,weekly_watchlist,41.97,-17,-1.8200000000000003,False,False,False,False,False
RELIGARE.NS,Religare Enterprises Limited,Financial Services,Unknown,False,Cash,1,Stage 2,Stage 2,Early Stage 2,Early Stage 2,Stage 2 • Early Stage 2,0.72,"Price has moved above long-term structure, but the full moving-average stack is not clean yet.",,,2026-07-27,,watchlist,weekly_watchlist,watchlist,39.01,19.76,30.35,2.0,39.01,19.76,32.35,12.97,16.65,190531854.58,"Stage 2, Early Stage 2, volume_dryup, weekly_volume_dryup",331,314,Stage 2,watchlist,weekly_watchlist,34.47,-17,-2.1199999999999974,False,False,False,False,False
SPLPETRO.NS,Supreme Petrochem Limited,Chemicals,Unknown,False,Cash,1,Stage 2,Stage 2,Stage 2,Stage 2,Stage 2,0.76,Advancing structure detected.,,,2026-07-27,,watchlist,weekly_watchlist,watchlist,47.41,32.34,40.63,5.0,47.41,32.34,45.63,-1.11,52.55,178681339.53,"Stage 2, Stage 2",183,166,Stage 2,watchlist,weekly_watchlist,47.84,-17,-2.210000000000001,False,False,False,False,False
3MINDIA.NS,3M India Limited,Diversified,Unknown,False,Cash,1,Stage 2,Stage 2,Early Stage 2,Early Stage 2,Stage 2 • Early Stage 2,0.72,"Price has moved above long-term structure, but the full moving-average stack is not clean yet.",,,2026-07-27,,watchlist,weekly_watchlist,watchlist,45.82,30.25,38.81,2.0,45.82,30.25,40.81,6.94,11.51,160965736.46,"Stage 2, Early Stage 2, volume_dryup, weekly_volume_dryup",225,208,Stage 2,watchlist,weekly_watchlist,43.38,-17,-2.5700000000000003,False,False,False,False,False
HDFCAMC.NS,HDFC Asset Management Company Limited,Financial Services,Unknown,True,F&O,1,Stage 2 Failed,Stage 4,Failed Stage 2,Failed Stage 2,Stage 2 Failed • Failed Stage 2,0.72,"This stock was recently Stage 2, but the latest structure no longer satisfies Stage 2 rules. It is kept as Stage 2 Failed until a fresh base/repair structure forms.",Recent Stage 2 break; public stage held as Stage 2 Failed.,2026-07-28,2026-07-15,,watchlist,weekly_watchlist,watchlist,12.74,36.42,23.4,2.0,12.74,36.42,25.4,-4.6,10.81,2577416903.6,"Stage 4, Stage 4 - Weak/Declining, weekly_vcp_ok, weekly_volume_dryup, weekly_strong, downtrend | Stage 2 failed state applied from stage memory.",478,460,Stage 2 Failed,watchlist,weekly_watchlist,26.11,-18,-0.7100000000000009,False,False,False,False,False
JTLIND.NS,JTL INDUSTRIES LIMITED,Capital Goods,Unknown,False,Cash,1,Stage 2 Failed,Stage 1,Failed Stage 2,Failed Stage 2,Stage 2 Failed • Failed Stage 2,0.72,"This stock was recently Stage 2, but the latest structure no longer satisfies Stage 2 rules. It is kept as Stage 2 Failed until a fresh base/repair structure forms.",Recent Stage 2 break; public stage held as Stage 2 Failed.,2026-07-28,2026-07-21,,watchlist,weekly_watchlist,watchlist,22.53,8.0,15.99,5.0,22.53,8.0,20.99,-9.73,0.24,214701073.88,"Stage 1, Stage 1 - Base/Repair, volume_dryup, weekly_volume_dryup, stage1_not_actionable, stage1_needs_more_base | Stage 2 failed state applied from stage memory.",567,549,Stage 2 Failed,watchlist,weekly_watchlist,21.76,-18,-0.7700000000000031,False,False,False,False,False
WABAG.NS,VA Tech Wabag Limited,Utilities,Unknown,False,Cash,1,Stage 2,Stage 2,Messy Stage 2,Messy Stage 2,Stage 2 • Messy Stage 2,0.64,"Long-term structure is still constructive, but the short-term/weekly structure is not clean.",,,2026-07-27,,watchlist,weekly_watchlist,watchlist,40.15,23.6,32.7,10.0,40.15,23.6,42.7,25.79,85.6,1974805569.46,"Stage 2, Messy Stage 2, trend_template_ok, weekly_volume_dryup",206,188,Stage 2,watchlist,weekly_watchlist,44.45,-18,-1.75,False,False,False,False,False
SRF.NS,SRF Limited,Chemicals,Unknown,True,F&O,1,Stage 4,Stage 4,Stage 4 - Weak/Declining,Stage 4 - Weak/Declining,Stage 4 • Stage 4 - Weak/Declining,0.72,Price is below long-term support with weak trend evidence.,,,2026-01-05,,watchlist,weekly_watchlist,watchlist,16.78,9.58,13.54,5.0,16.78,9.58,18.54,4.8,3.03,1799913316.05,"Stage 4, Stage 4 - Weak/Declining, downtrend",595,577,Stage 4,watchlist,weekly_watchlist,20.43,-18,-1.8900000000000006,False,False,False,False,False
KIRLOSENG.NS,Kirloskar Oil Engines Limited,Capital Goods,Unknown,False,Cash,1,Stage 2,Stage 2,Extended Stage 2,Extended Stage 2,Stage 2 • Extended Stage 2,0.78,"Advancing structure remains intact, but price is stretched versus key moving averages or far above the 52-week low.",,,2026-07-27,,watchlist,weekly_watchlist,watchlist,41.51,23.6,33.45,5.0,41.51,23.6,38.45,29.13,104.66,1440775235.07,"Stage 2, Extended Stage 2, trend_template_ok, volume_dryup, weekly_volume_dryup",255,237,Stage 2,watchlist,weekly_watchlist,40.4,-18,-1.9499999999999957,False,False,False,False,False
LATENTVIEW.NS,Latent View Analytics Limited,Information Technology,Unknown,False,Cash,1,Stage 4,Stage 4,Stage 4 - Weak/Declining,Stage 4 - Weak/Declining,Stage 4 • Stage 4 - Weak/Declining,0.72,Price is below long-term support with weak trend evidence.,,,2026-01-07,,watchlist,weekly_watchlist,watchlist,7.06,5.2,6.22,0.0,7.06,5.2,6.22,6.78,-16.9,445641175.69,"Stage 4, Stage 4 - Weak/Declining, downtrend",712,694,Stage 4,watchlist,weekly_watchlist,8.9,-18,-2.6800000000000006,False,False,False,False,False
LALPATHLAB.NS,Dr. Lal Path Labs Ltd.,Healthcare,Unknown,False,Cash,1,Stage 2,Stage 2,Early Stage 2,Early Stage 2,Stage 2 • Early Stage 2,0.72,"Price has moved above long-term structure, but the full moving-average stack is not clean yet.",,,2026-07-27,,watchlist,weekly_watchlist,watchlist,43.08,30.25,37.31,10.0,43.08,30.25,47.31,32.4,34.11,773644866.68,"Stage 2, Early Stage 2",163,144,Stage 2,watchlist,weekly_watchlist,50.36,-19,-3.049999999999997,False,False,False,False,False
MINDACORP.NS,Minda Corporation Limited,Automobile and Auto Components,Unknown,False,Cash,1,Stage 2,Stage 2,Early Stage 2,Early Stage 2,Stage 2 • Early Stage 2,0.72,"Price has moved above long-term structure, but the full moving-average stack is not clean yet.",,,2026-07-27,,watchlist,weekly_near_pivot,watchlist,51.2,72.02,60.57,5.0,51.2,72.02,65.57,31.48,30.7,190463103.5,"Stage 2, Early Stage 2, weekly_vcp_ok, volume_dryup, weekly_volume_dryup, weekly_strong",28,9,Stage 2,watchlist,weekly_near_pivot,71.02,-19,-5.450000000000003,False,False,False,False,False
MAXHEALTH.NS,Max Healthcare Institute Limited,Healthcare,Unknown,True,F&O,1,Stage 2,Stage 2,Early Stage 2,Early Stage 2,Stage 2 • Early Stage 2,0.72,"Price has moved above long-term structure, but the full moving-average stack is not clean yet.",,,2026-07-27,,watchlist,weekly_near_pivot,watchlist,44.47,69.86,55.9,10.0,44.47,69.86,65.9,11.49,18.12,1810402421.09,"Stage 2, Early Stage 2, weekly_vcp_ok, volume_dryup, weekly_volume_dryup, weekly_strong",25,6,Stage 2,watchlist,weekly_breakout,71.82,-19,-5.9199999999999875,False,False,False,False,False
HATSUN.NS,Hatsun Agro Product Limited,Fast Moving Consumer Goods,Unknown,False,Cash,1,Stage 4,Stage 4,Stage 4 - Confirmed Downtrend,Stage 4 - Confirmed Downtrend,Stage 4 • Stage 4 - Confirmed Downtrend,0.86,Price is below a bearish moving-average stack with falling trend signals.,,,2026-05-08,,watchlist,weekly_watchlist,watchlist,7.1,35.8,20.02,0.0,7.1,35.8,20.02,-8.87,4.52,35637576.61,"Stage 4, Stage 4 - Confirmed Downtrend, weekly_vcp_ok, weekly_strong, downtrend",574,554,Not Sure,watchlist,weekly_watchlist,21.53,-20,-1.5100000000000016,False,False,False,False,False
PRICOLLTD.NS,Pricol Limited,Automobile and Auto Components,Unknown,False,Cash,1,Stage 2,Stage 2,Early Stage 2,Early Stage 2,Stage 2 • Early Stage 2,0.72,"Price has moved above long-term structure, but the full moving-average stack is not clean yet.",,,2026-07-27,,watchlist,weekly_breakout,watchlist,23.96,61.55,40.88,5.0,23.96,61.55,45.88,16.17,21.35,305958475.66,"Stage 2, Early Stage 2, weekly_vcp_ok, weekly_strong",181,161,Stage 2,watchlist,weekly_breakout,48.47,-20,-2.5899999999999963,False,False,False,False,False
ELECON.NS,Elecon Engineering Company Limited,Capital Goods,Unknown,False,Cash,1,Stage 4,Stage 4,Stage 4 - Weak/Declining,Stage 4 - Weak/Declining,Stage 4 • Stage 4 - Weak/Declining,0.72,Price is below long-term support with weak trend evidence.,,,2026-07-06,,watchlist,weekly_watchlist,watchlist,10.17,0.0,5.59,5.0,10.17,0.0,10.59,-17.84,17.57,307417248.9,"Stage 4, Stage 4 - Weak/Declining, downtrend",673,652,Stage 2 Failed,watchlist,weekly_watchlist,13.23,-21,-2.6400000000000006,False,False,False,False,False
PATELENG.NS,Patel Engineering Limited,Construction,Unknown,False,Cash,1,Stage 2 Failed,Stage 4,Failed Stage 2,Failed Stage 2,Stage 2 Failed • Failed Stage 2,0.72,"This stock was recently Stage 2, but the latest structure no longer satisfies Stage 2 rules. It is kept as Stage 2 Failed until a fresh base/repair structure forms.",Recent Stage 2 break; public stage held as Stage 2 Failed.,2026-07-28,2026-07-13,,watchlist,weekly_watchlist,watchlist,18.2,36.9,26.62,0.0,18.2,36.9,26.62,-4.61,0.72,149365432.12,"Stage 4, Stage 4 - Weak/Declining, weekly_vcp_ok, volume_dryup, weekly_volume_dryup, weekly_strong, downtrend | Stage 2 failed state applied from stage memory.",452,430,Stage 2 Failed,watchlist,weekly_watchlist,27.05,-22,-0.4299999999999997,False,False,False,False,False
JINDALSTEL.NS,Jindal Steel & Power Limited,Metals & Mining,Unknown,True,F&O,1,Stage 4,Stage 4,Stage 4 - Weak/Declining,Stage 4 - Weak/Declining,Stage 4 • Stage 4 - Weak/Declining,0.72,Price is below long-term support with weak trend evidence.,,,2026-05-28,,watchlist,weekly_watchlist,watchlist,0.0,0.0,0.0,0.0,0.0,0.0,0.0,-13.75,2.23,1342054875.68,"Stage 4, Stage 4 - Weak/Declining, downtrend",751,729,Not Sure,watchlist,weekly_watchlist,3.04,-22,-3.04,False,False,False,False,False
WONDERLA.NS,Wonderla Holidays Limited,Consumer Services,Unknown,False,Cash,1,Stage 4,Stage 4,Stage 4 - Confirmed Downtrend,Stage 4 - Confirmed Downtrend,Stage 4 • Stage 4 - Confirmed Downtrend,0.86,Price is below a bearish moving-average stack with falling trend signals.,,,,,watchlist,weekly_watchlist,watchlist,3.28,0.0,1.8,0.0,3.28,0.0,1.8,-12.43,-2.73,23243818.24,"Stage 4, Stage 4 - Confirmed Downtrend, volume_dryup, weekly_volume_dryup, downtrend",737,715,Stage 4,watchlist,weekly_watchlist,5.39,-22,-3.59,False,False,False,False,False
DEVYANI.NS,Devyani International Limited,Consumer Services,Unknown,False,Cash,1,Stage 4,Stage 4,Stage 4 - Weak/Declining,Stage 4 - Weak/Declining,Stage 4 • Stage 4 - Weak/Declining,0.72,Price is below long-term support with weak trend evidence.,,,,,watchlist,weekly_watchlist,watchlist,17.83,32.13,24.27,0.0,17.83,32.13,24.27,-8.78,6.46,192371895.18,"Stage 4, Stage 4 - Weak/Declining, weekly_vcp_ok, volume_dryup, weekly_strong, downtrend",504,481,Stage 4,watchlist,weekly_watchlist,25.51,-23,-1.240000000000002,False,False,False,False,False
DHANUKA.NS,Dhanuka Agritech Limited,Chemicals,Unknown,False,Cash,1,Stage 4,Stage 4,Stage 4 - Weak/Declining,Stage 4 - Weak/Declining,Stage 4 • Stage 4 - Weak/Declining,0.72,Price is below long-term support with weak trend evidence.,,,,,watchlist,weekly_watchlist,watchlist,11.1,4.0,7.91,5.0,11.1,4.0,12.91,-7.17,-3.13,28706894.93,"Stage 4, Stage 4 - Weak/Declining, volume_dryup, weekly_volume_dryup, downtrend",655,632,Stage 4,watchlist,weekly_watchlist,15.66,-23,-2.75,False,False,False,False,False
BHEL.NS,Bharat Heavy Electricals Limited,Capital Goods,Unknown,True,F&O,1,Stage 2,Stage 2,Clean Stage 2,Clean Stage 2,Stage 2 • Clean Stage 2,0.9,"Price is above rising key averages, weekly structure is supportive, and the stock is near its 52-week high.",,,2026-07-27,,watchlist,weekly_watchlist,watchlist,60.7,22.4,43.47,5.0,60.7,22.4,48.47,15.55,68.99,6786084672.25,"Stage 2, Clean Stage 2, trend_template_ok, weekly_volume_dryup",154,131,Stage 2,watchlist,weekly_watchlist,52.07,-23,-3.6000000000000014,False,False,False,False,False
TRIVENI.NS,Triveni Engineering & Industries Limited,Fast Moving Consumer Goods,Unknown,False,Cash,1,Stage 2 Failed,Not Sure,Failed Stage 2,Failed Stage 2,Stage 2 Failed • Failed Stage 2,0.72,"This stock was recently Stage 2, but the latest structure no longer satisfies Stage 2 rules. It is kept as Stage 2 Failed until a fresh base/repair structure forms.",Recent Stage 2 break; public stage held as Stage 2 Failed.,2026-07-28,2026-07-21,,watchlist,weekly_watchlist,watchlist,27.55,45.8,35.76,0.0,27.55,45.8,35.76,-44.47,-29.32,355984477.99,"Not Sure, Not Sure, weekly_vcp_ok, weekly_volume_dryup, weekly_strong | Stage 2 failed state applied from stage memory.",296,272,Stage 2 Failed,watchlist,weekly_watchlist,37.73,-24,-1.9699999999999989,False,False,False,False,False
RACE.NS,Race Eco Chain Limited,Utilities,Unknown,False,Cash,1,Stage 4,Stage 4,Stage 4 - Confirmed Downtrend,Stage 4 - Confirmed Downtrend,Stage 4 • Stage 4 - Confirmed Downtrend,0.86,Price is below a bearish moving-average stack with falling trend signals.,,,,,watchlist,weekly_watchlist,watchlist,10.2,36.9,22.21,10.0,10.2,36.9,32.21,-12.74,6.72,421306.96,"Stage 4, Stage 4 - Confirmed Downtrend, weekly_vcp_ok, volume_dryup, weekly_volume_dryup, weekly_strong, downtrend",333,309,Stage 4,watchlist,weekly_watchlist,34.96,-24,-2.75,False,False,False,False,False
HEG.NS,HEG Limited,Capital Goods,Unknown,False,Cash,1,Stage 1,Stage 1,Stage 1 - Unclear/Repair,Stage 1 - Unclear/Repair,Stage 1 • Stage 1 - Unclear/Repair,0.58,Not enough evidence for Stage 2 or Stage 4; classified as repair/unclear structure.,,,2026-05-26,,watchlist,weekly_watchlist,watchlist,26.56,6.66,17.61,5.0,26.56,6.66,22.61,9.89,24.76,1829946342.29,"Stage 1, Stage 1 - Unclear/Repair, stage1_not_actionable, stage1_needs_more_base",530,505,Not Sure,watchlist,weekly_watchlist,24.45,-25,-1.8399999999999999,False,False,False,False,False
RADICO.NS,Radico Khaitan Limited,Fast Moving Consumer Goods,Unknown,False,Cash,1,Stage 2,Stage 2,Clean Stage 2,Clean Stage 2,Stage 2 • Clean Stage 2,0.9,"Price is above rising key averages, weekly structure is supportive, and the stock is near its 52-week high.",,,2026-07-27,,watchlist,weekly_watchlist,watchlist,46.88,33.73,40.96,0.0,46.88,33.73,40.96,25.64,51.69,1689022827.68,"Stage 2, Clean Stage 2, trend_template_ok",221,196,Stage 2,watchlist,weekly_watchlist,44.21,-25,-3.25,False,False,False,False,False
ADANIPORTS.NS,Adani Ports and Special Economic Zone Limited,Services,Unknown,True,F&O,1,Stage 2,Stage 2,Early Stage 2,Early Stage 2,Stage 2 • Early Stage 2,0.72,"Price has moved above long-term structure, but the full moving-average stack is not clean yet.",,,2026-07-27,,watchlist,weekly_watchlist,watchlist,24.58,29.09,26.61,2.0,24.58,29.09,28.61,7.58,35.33,3121754013.85,"Stage 2, Early Stage 2, volume_dryup",411,385,Stage 2,watchlist,weekly_watchlist,29.79,-26,-1.1799999999999997,False,False,False,False,False
STAR.NS,Strides Pharma Science Limited,Healthcare,Unknown,False,Cash,1,Stage 2 Failed,Stage 1,Failed Stage 2,Failed Stage 2,Stage 2 Failed • Failed Stage 2,0.72,"This stock was recently Stage 2, but the latest structure no longer satisfies Stage 2 rules. It is kept as Stage 2 Failed until a fresh base/repair structure forms.",Recent Stage 2 break; public stage held as Stage 2 Failed.,2026-07-28,2026-07-22,,watchlist,weekly_watchlist,watchlist,3.57,4.44,3.96,10.0,3.57,4.44,13.96,0.52,35.93,159023370.37,"Stage 1, Stage 1 - Base/Repair, weekly_volume_dryup, stage1_not_actionable, stage1_needs_more_base | Stage 2 failed state applied from stage memory.",644,618,Stage 2 Failed,watchlist,weekly_watchlist,16.17,-26,-2.210000000000001,False,False,False,False,False
BALMLAWRIE.NS,Balmer Lawrie & Company Limited,Diversified,Unknown,False,Cash,1,Stage 4,Stage 4,Stage 4 - Weak/Declining,Stage 4 - Weak/Declining,Stage 4 • Stage 4 - Weak/Declining,0.72,Price is below long-term support with weak trend evidence.,,,,,watchlist,weekly_watchlist,watchlist,6.16,4.76,5.53,2.0,6.16,4.76,7.53,-6.35,13.91,15563583.89,"Stage 4, Stage 4 - Weak/Declining, volume_dryup, weekly_volume_dryup, downtrend",699,673,Stage 4,watchlist,weekly_watchlist,10.49,-26,-2.96,False,False,False,False,False
WSTCSTPAPR.NS,West Coast Paper Mills Limited,Forest Materials,Unknown,False,Cash,1,Stage 2,Stage 2,Clean Stage 2,Clean Stage 2,Stage 2 • Clean Stage 2,0.9,"Price is above rising key averages, weekly structure is supportive, and the stock is near its 52-week high.",,,2026-07-27,,watchlist,weekly_watchlist,watchlist,61.58,29.35,47.08,10.0,61.58,29.35,57.08,17.97,51.53,137279603.97,"Stage 2, Clean Stage 2, trend_template_ok",94,68,Stage 2,watchlist,weekly_watchlist,60.07,-26,-2.990000000000002,False,False,False,False,False
VIPIND.NS,VIP Industries Limited,Consumer Durables,Unknown,False,Cash,1,Stage 4,Stage 4,Stage 4 - Weak/Declining,Stage 4 - Weak/Declining,Stage 4 • Stage 4 - Weak/Declining,0.72,Price is below long-term support with weak trend evidence.,,,,,watchlist,weekly_watchlist,watchlist,11.1,36.9,22.71,5.0,11.1,36.9,27.71,-1.73,-10.22,48909901.26,"Stage 4, Stage 4 - Weak/Declining, weekly_vcp_ok, volume_dryup, weekly_volume_dryup, weekly_strong, downtrend",426,399,Stage 4,watchlist,weekly_watchlist,29.11,-27,-1.3999999999999986,False,False,False,False,False
VRLLOG.NS,VRL Logistics Limited,Services,Unknown,False,Cash,1,Not Sure,Not Sure,Not Sure,Not Sure,Not Sure,0.0,Stage rules did not identify a reliable structure.,No confident stage classification.,,,,watchlist,weekly_watchlist,watchlist,25.41,55.14,38.79,2.0,25.41,55.14,40.79,2.8,10.58,86582508.73,"Not Sure, Not Sure, weekly_vcp_ok, weekly_strong",227,200,Not Sure,watchlist,weekly_watchlist,43.95,-27,-3.1600000000000037,False,False,False,False,False
NH.NS,Narayana Hrudayalaya Ltd.,Healthcare,Unknown,False,Cash,1,Stage 2,Stage 2,Early Stage 2,Early Stage 2,Stage 2 • Early Stage 2,0.72,"Price has moved above long-term structure, but the full moving-average stack is not clean yet.",,,2026-07-27,,watchlist,weekly_breakout,watchlist,37.21,62.07,48.4,10.0,37.21,62.07,58.4,17.64,25.03,468846063.86,"Stage 2, Early Stage 2, weekly_vcp_ok, volume_dryup, weekly_volume_dryup, weekly_strong",81,54,Stage 2,watchlist,weekly_breakout,62.36,-27,-3.960000000000001,False,False,False,False,False
CARBORUNIV.NS,Carborundum Universal Limited,Capital Goods,Unknown,False,Cash,1,Stage 2,Stage 2,Early Stage 2,Early Stage 2,Stage 2 • Early Stage 2,0.72,"Price has moved above long-term structure, but the full moving-average stack is not clean yet.",,,2026-07-27,,watchlist,weekly_watchlist,watchlist,23.31,20.18,21.9,5.0,23.31,20.18,26.9,11.57,34.18,155846578.67,"Stage 2, Early Stage 2, volume_dryup, weekly_volume_dryup",441,413,Stage 2,watchlist,weekly_watchlist,27.84,-28,-0.9400000000000013,False,False,False,False,False
POWERGRID.NS,Power Grid Corporation of India Limited,Power,Unknown,True,F&O,1,Stage 2 Failed,Stage 3,Failed Stage 2,Failed Stage 2,Stage 2 Failed • Failed Stage 2,0.72,"This stock was recently Stage 2, but the latest structure no longer satisfies Stage 2 rules. It is kept as Stage 2 Failed until a fresh base/repair structure forms.",Recent Stage 2 break; public stage held as Stage 2 Failed.,2026-07-28,2026-07-23,,watchlist,weekly_watchlist,watchlist,23.77,8.77,17.02,2.0,23.77,8.77,19.02,-10.34,18.09,2330772780.04,"Stage 3, Stage 3 - Distribution/Damage, volume_dryup, weekly_volume_dryup, distribution_risk | Stage 2 failed state applied from stage memory.",589,561,Stage 2 Failed,watchlist,weekly_watchlist,21.19,-28,-2.1700000000000017,False,False,False,False,False
UBL.NS,United Breweries Limited,Fast Moving Consumer Goods,Unknown,False,Cash,1,Stage 4,Stage 4,Stage 4 - Weak/Declining,Stage 4 - Weak/Declining,Stage 4 • Stage 4 - Weak/Declining,0.72,Price is below long-term support with weak trend evidence.,,,,,watchlist,weekly_watchlist,watchlist,15.48,12.38,14.09,0.0,15.48,12.38,14.09,-1.6,5.44,207683935.09,"Stage 4, Stage 4 - Weak/Declining, downtrend",641,613,Stage 4,watchlist,weekly_watchlist,16.75,-28,-2.66,False,False,False,False,False
VARROC.NS,Varroc Engineering Limited,Automobile and Auto Components,Unknown,False,Cash,1,Stage 2,Stage 2,Early Stage 2,Early Stage 2,Stage 2 • Early Stage 2,0.72,"Price has moved above long-term structure, but the full moving-average stack is not clean yet.",,,2026-07-27,,watchlist,weekly_near_pivot,watchlist,47.73,70.52,57.99,5.0,47.73,70.52,62.99,23.44,23.81,92091769.42,"Stage 2, Early Stage 2, weekly_vcp_ok, volume_dryup, weekly_volume_dryup, weekly_strong",47,18,Stage 2,watchlist,weekly_near_pivot,68.91,-29,-5.919999999999995,False,False,False,False,False
POWERMECH.NS,Power Mech Projects Limited,Construction,Unknown,False,Cash,1,Stage 2,Stage 2,Early Stage 2,Early Stage 2,Stage 2 • Early Stage 2,0.72,"Price has moved above long-term structure, but the full moving-average stack is not clean yet.",Stage 2 reclaimed after 3 confirmation runs.,,2026-07-27,,watchlist,weekly_watchlist,watchlist,38.42,18.49,29.45,0.0,38.42,18.49,29.45,6.26,34.67,160569735.17,"Stage 2, Early Stage 2, volume_dryup, weekly_volume_dryup",394,364,Stage 2 Failed,watchlist,weekly_watchlist,31.19,-30,-1.740000000000002,False,False,True,False,False
CHOLAFIN.NS,Cholamandalam Investment and Finance Company Limited,Financial Services,Unknown,True,F&O,1,Stage 2,Stage 2,Early Stage 2,Early Stage 2,Stage 2 • Early Stage 2,0.72,"Price has moved above long-term structure, but the full moving-average stack is not clean yet.",,,2026-07-27,,watchlist,weekly_near_pivot,watchlist,27.41,68.19,45.76,2.0,27.41,68.19,47.76,12.25,11.69,2559273522.09,"Stage 2, Early Stage 2, weekly_vcp_ok, weekly_strong",160,130,Stage 2,watchlist,weekly_near_pivot,52.13,-30,-4.3700000000000045,False,False,False,False,False
PURVA.NS,Puravankara Limited,Realty,Unknown,False,Cash,1,Stage 4,Stage 4,Stage 4 - Weak/Declining,Stage 4 - Weak/Declining,Stage 4 • Stage 4 - Weak/Declining,0.72,Price is below long-term support with weak trend evidence.,,,,,watchlist,weekly_watchlist,watchlist,0.0,35.8,16.11,2.0,0.0,35.8,18.11,0.32,-0.8,231191615.29,"Stage 4, Stage 4 - Weak/Declining, weekly_vcp_ok, volume_dryup, weekly_volume_dryup, weekly_strong, downtrend",605,573,Not Sure,watchlist,weekly_watchlist,20.85,-32,-2.740000000000002,False,False,False,False,False
PERSISTENT.NS,Persistent Systems Limited,Information Technology,Unknown,True,F&O,1,Stage 1,Stage 1,Stage 1 - Early Turn,Stage 1 - Early Turn,Stage 1 • Stage 1 - Early Turn,0.66,The stock is improving from a repair/base area but has not confirmed a clean Stage 2 yet.,,,2026-02-06,,watchlist,weekly_watchlist,watchlist,0.0,9.38,4.22,0.0,0.0,9.38,4.22,13.53,-7.71,3867583248.81,"Stage 1, Stage 1 - Early Turn, volume_dryup, weekly_volume_dryup, stage1_not_actionable, stage1_needs_more_base",724,692,Not Sure,watchlist,weekly_watchlist,9.13,-32,-4.910000000000001,False,False,False,False,False
CANBK.NS,Canara Bank,Financial Services,Unknown,True,F&O,1,Stage 4,Stage 4,Stage 4 - Confirmed Downtrend,Stage 4 - Confirmed Downtrend,Stage 4 • Stage 4 - Confirmed Downtrend,0.86,Price is below a bearish moving-average stack with falling trend signals.,,,2026-02-23,,watchlist,weekly_watchlist,watchlist,16.41,36.9,25.63,2.0,16.41,36.9,27.63,-4.64,-12.39,3465908853.0,"Stage 4, Stage 4 - Confirmed Downtrend, weekly_vcp_ok, weekly_strong, downtrend",427,394,Not Sure,watchlist,weekly_watchlist,29.31,-33,-1.6799999999999997,False,False,False,False,False
JSWENERGY.NS,JSW Energy Limited,Power,Unknown,True,F&O,1,Stage 2 Failed,Stage 1,Failed Stage 2,Failed Stage 2,Stage 2 Failed • Failed Stage 2,0.72,"This stock was recently Stage 2, but the latest structure no longer satisfies Stage 2 rules. It is kept as Stage 2 Failed until a fresh base/repair structure forms.",Recent Stage 2 break; public stage held as Stage 2 Failed.,2026-07-28,2026-07-24,,watchlist,weekly_watchlist,watchlist,25.97,42.41,33.37,2.0,25.97,42.41,35.37,-2.64,28.76,1428265460.24,"Stage 1, Stage 1 - Base/Repair, weekly_vcp_ok, volume_dryup, weekly_volume_dryup, weekly_strong, stage1_not_actionable, stage1_needs_more_base | Stage 2 failed state applied from stage memory.",300,267,Stage 2 Failed,watchlist,weekly_watchlist,38.16,-33,-2.789999999999999,False,False,False,False,False
AMBUJACEM.NS,Ambuja Cements Limited,Construction Materials,Unknown,True,F&O,1,Stage 4,Stage 4,Stage 4 - Confirmed Downtrend,Stage 4 - Confirmed Downtrend,Stage 4 • Stage 4 - Confirmed Downtrend,0.86,Price is below a bearish moving-average stack with falling trend signals.,,,,,watchlist,weekly_watchlist,watchlist,0.0,35.8,16.11,0.0,0.0,35.8,16.11,-3.58,-14.91,1076263709.59,"Stage 4, Stage 4 - Confirmed Downtrend, weekly_vcp_ok, volume_dryup, weekly_volume_dryup, weekly_strong, downtrend",622,589,Stage 4,watchlist,weekly_watchlist,19.71,-33,-3.6000000000000014,False,False,False,False,False
ARVINDFASN.NS,Arvind Fashions Limited,Consumer Services,Unknown,False,Cash,1,Stage 4,Stage 4,Stage 4 - Weak/Declining,Stage 4 - Weak/Declining,Stage 4 • Stage 4 - Weak/Declining,0.72,Price is below long-term support with weak trend evidence.,,,,,watchlist,weekly_watchlist,watchlist,17.42,1.02,10.04,0.0,17.42,1.02,10.04,2.94,11.26,194961287.16,"Stage 4, Stage 4 - Weak/Declining, downtrend",678,644,Stage 4,watchlist,weekly_watchlist,13.88,-34,-3.8400000000000016,False,False,False,False,False
GODFRYPHLP.NS,Godfrey Phillips India Limited,Fast Moving Consumer Goods,Unknown,True,F&O,1,Stage 4,Stage 4,Stage 4 - Weak/Declining,Stage 4 - Weak/Declining,Stage 4 • Stage 4 - Weak/Declining,0.72,Price is below long-term support with weak trend evidence.,,,2025-10-20,,watchlist,weekly_watchlist,watchlist,19.2,35.8,26.67,0.0,19.2,35.8,26.67,-9.72,5.35,804042549.44,"Stage 4, Stage 4 - Weak/Declining, weekly_vcp_ok, weekly_strong, downtrend",447,412,Stage 4,watchlist,weekly_watchlist,28.21,-35,-1.5399999999999991,False,False,False,False,False
INOXINDIA.NS,INOX India Ltd.,Capital Goods,Unknown,False,Cash,1,Stage 2,Stage 2,Clean Stage 2,Clean Stage 2,Stage 2 • Clean Stage 2,0.9,"Price is above rising key averages, weekly structure is supportive, and the stock is near its 52-week high.",,,2026-07-27,,watchlist,weekly_watchlist,watchlist,45.85,23.6,35.84,5.0,45.85,23.6,40.84,30.34,81.52,686659319.18,"Stage 2, Clean Stage 2, trend_template_ok, volume_dryup, weekly_volume_dryup",224,189,Stage 2,watchlist,weekly_watchlist,44.34,-35,-3.5,False,False,False,False,False
DATAPATTNS.NS,Data Patterns (India) Limited,Capital Goods,Unknown,False,Cash,1,Stage 2,Stage 2,Messy Stage 2,Messy Stage 2,Stage 2 • Messy Stage 2,0.64,"Long-term structure is still constructive, but the short-term/weekly structure is not clean.",,,2026-07-27,,watchlist,weekly_watchlist,watchlist,41.88,24.8,34.19,5.0,41.88,24.8,39.19,7.63,95.8,4666363335.33,"Stage 2, Messy Stage 2, trend_template_ok",249,214,Stage 2,watchlist,weekly_watchlist,42.79,-35,-3.6000000000000014,False,False,False,False,False
BAJFINANCE.NS,Bajaj Finance Limited,Financial Services,Unknown,True,F&O,1,Stage 2,Stage 2,Early Stage 2,Early Stage 2,Stage 2 • Early Stage 2,0.72,"Price has moved above long-term structure, but the full moving-average stack is not clean yet.",,,2026-07-27,,watchlist,weekly_breakout,watchlist,45.82,61.06,52.68,2.0,45.82,61.06,54.68,12.62,19.98,8569767212.24,"Stage 2, Early Stage 2, weekly_vcp_ok, weekly_strong",104,69,Stage 2,watchlist,weekly_breakout,60.06,-35,-5.380000000000003,False,False,False,False,False
GODIGIT.NS,Go Digit General Insurance Ltd.,Financial Services,Unknown,False,Cash,1,Stage 4,Stage 4,Stage 4 - Confirmed Downtrend,Stage 4 - Confirmed Downtrend,Stage 4 • Stage 4 - Confirmed Downtrend,0.86,Price is below a bearish moving-average stack with falling trend signals.,,,,,watchlist,weekly_watchlist,watchlist,6.51,35.8,19.69,2.0,6.51,35.8,21.69,-20.47,-21.29,232411024.68,"Stage 4, Stage 4 - Confirmed Downtrend, weekly_vcp_ok, weekly_strong, downtrend",548,512,Stage 4,watchlist,weekly_watchlist,24.17,-36,-2.4800000000000004,False,False,False,False,False
ARVIND.NS,Arvind Limited,Textiles,Unknown,False,Cash,1,Stage 2,Stage 2,Early Stage 2,Early Stage 2,Stage 2 • Early Stage 2,0.72,"Price has moved above long-term structure, but the full moving-average stack is not clean yet.",,,2026-07-27,,watchlist,weekly_forming,watchlist,43.92,65.8,53.77,10.0,43.92,65.8,63.77,28.35,75.88,294660682.09,"Stage 2, Early Stage 2, weekly_vcp_ok, volume_dryup, weekly_volume_dryup, weekly_strong",39,3,Stage 2,watchlist,weekly_forming,74.8,-36,-11.029999999999994,False,False,False,False,False
ASTRAMICRO.NS,Astra Microwave Products Limited,Capital Goods,Unknown,False,Cash,1,Stage 2,Stage 2,Extended Stage 2,Extended Stage 2,Stage 2 • Extended Stage 2,0.78,"Advancing structure remains intact, but price is stretched versus key moving averages or far above the 52-week low.",,,2026-07-27,,watchlist,weekly_watchlist,watchlist,45.62,23.6,35.71,5.0,45.62,23.6,40.71,51.49,89.58,821399656.87,"Stage 2, Extended Stage 2, trend_template_ok, volume_dryup, weekly_volume_dryup",229,191,Stage 2,watchlist,weekly_watchlist,44.31,-38,-3.6000000000000014,False,False,False,False,False
INDIGO.NS,InterGlobe Aviation Limited,Services,Unknown,True,F&O,1,Stage 2,Stage 2,Early Stage 2,Early Stage 2,Stage 2 • Early Stage 2,0.72,"Price has moved above long-term structure, but the full moving-average stack is not clean yet.",,,2026-07-27,,watchlist,weekly_near_pivot,watchlist,41.67,70.84,54.8,2.0,41.67,70.84,56.8,22.75,16.69,5499352966.68,"Stage 2, Early Stage 2, weekly_vcp_ok, weekly_strong",96,58,Stage 2,watchlist,weekly_near_pivot,62.09,-38,-5.290000000000006,False,False,False,False,False
TRITURBINE.NS,Triveni Turbine Limited,Capital Goods,Unknown,False,Cash,1,Stage 2,Stage 2,Early Stage 2,Early Stage 2,Stage 2 • Early Stage 2,0.72,"Price has moved above long-term structure, but the full moving-average stack is not clean yet.",,,2026-07-27,,watchlist,weekly_watchlist,watchlist,25.82,24.54,25.24,5.0,25.82,24.54,30.24,6.34,35.1,469545613.24,"Stage 2, Early Stage 2, volume_dryup, weekly_volume_dryup",376,337,Stage 2,watchlist,weekly_watchlist,32.37,-39,-2.129999999999999,False,False,False,False,False
ERIS.NS,Eris Lifesciences Limited,Healthcare,Unknown,False,Cash,1,Stage 4,Stage 4,Stage 4 - Weak/Declining,Stage 4 - Weak/Declining,Stage 4 • Stage 4 - Weak/Declining,0.72,Price is below long-term support with weak trend evidence.,,,,,watchlist,weekly_watchlist,watchlist,18.72,38.03,27.41,10.0,18.72,38.03,37.41,5.74,5.57,105412865.95,"Stage 4, Stage 4 - Weak/Declining, weekly_vcp_ok, volume_dryup, weekly_volume_dryup, weekly_strong, downtrend",271,231,Stage 4,watchlist,weekly_watchlist,41.05,-40,-3.6400000000000006,False,False,False,False,False
HNDFDS.NS,Hindustan Foods Limited,Fast Moving Consumer Goods,Unknown,False,Cash,1,Stage 2,Stage 2,Early Stage 2,Early Stage 2,Stage 2 • Early Stage 2,0.72,"Price has moved above long-term structure, but the full moving-average stack is not clean yet.",,,2026-07-27,,watchlist,weekly_breakout,watchlist,40.55,63.68,50.96,0.0,40.55,63.68,50.96,16.54,31.3,44656136.31,"Stage 2, Early Stage 2, daily_vcp_ok, weekly_vcp_ok, volume_dryup, weekly_volume_dryup, weekly_strong",133,93,Stage 2,watchlist,weekly_breakout,56.79,-40,-5.829999999999998,False,False,False,False,False
MASFIN.NS,MAS Financial Services Limited,Financial Services,Unknown,False,Cash,1,Stage 2 Failed,Stage 1,Failed Stage 2,Failed Stage 2,Stage 2 Failed • Failed Stage 2,0.72,"This stock was recently Stage 2, but the latest structure no longer satisfies Stage 2 rules. It is kept as Stage 2 Failed until a fresh base/repair structure forms.",Recent Stage 2 break; public stage held as Stage 2 Failed.,2026-07-28,2026-07-13,,watchlist,weekly_watchlist,watchlist,17.95,10.0,14.37,2.0,17.95,10.0,16.37,-7.36,5.17,35964693.08,"Stage 1, Stage 1 - Base/Repair, volume_dryup, weekly_volume_dryup, stage1_not_actionable, stage1_needs_more_base | Stage 2 failed state applied from stage memory.",619,578,Stage 2 Failed,watchlist,weekly_watchlist,20.4,-41,-4.029999999999998,False,False,False,False,False
JUBLPHARMA.NS,Jubilant Pharmova Limited,Healthcare,Unknown,False,Cash,1,Stage 4,Stage 4,Stage 4 - Weak/Declining,Stage 4 - Weak/Declining,Stage 4 • Stage 4 - Weak/Declining,0.72,Price is below long-term support with weak trend evidence.,,,2025-12-01,,watchlist,weekly_watchlist,watchlist,15.46,44.85,28.69,10.0,15.46,44.85,38.69,4.56,5.95,130935561.71,"Stage 4, Stage 4 - Weak/Declining, weekly_vcp_ok, weekly_volume_dryup, weekly_strong, downtrend",252,211,Not Sure,watchlist,weekly_watchlist,43.25,-41,-4.560000000000002,False,False,False,False,False
PNBHOUSING.NS,PNB Housing Finance Limited,Financial Services,Unknown,True,F&O,1,Stage 2,Stage 2,Clean Stage 2,Clean Stage 2,Stage 2 • Clean Stage 2,0.9,"Price is above rising key averages, weekly structure is supportive, and the stock is near its 52-week high.",,,2026-07-27,,watchlist,weekly_near_pivot,watchlist,43.6,69.45,55.23,2.0,43.6,69.45,57.23,2.31,34.22,922860048.56,"Stage 2, Clean Stage 2, trend_template_ok, weekly_vcp_ok, volume_dryup, weekly_volume_dryup, weekly_strong",92,49,Stage 2,watchlist,weekly_near_pivot,63.26,-43,-6.030000000000001,False,False,False,False,False
ZENTEC.NS,Zen Technologies Ltd.,Capital Goods,Unknown,False,Cash,1,Stage 2,Stage 2,Early Stage 2,Early Stage 2,Stage 2 • Early Stage 2,0.72,"Price has moved above long-term structure, but the full moving-average stack is not clean yet.",,,2026-07-27,,watchlist,weekly_watchlist,watchlist,41.56,17.51,30.74,5.0,41.56,17.51,35.74,-1.78,32.84,1099074284.01,"Stage 2, Early Stage 2, volume_dryup, weekly_volume_dryup",297,253,Stage 2,watchlist,weekly_watchlist,39.17,-44,-3.4299999999999997,False,False,False,False,False
KTKBANK.NS,The Karnataka Bank Limited,Financial Services,Unknown,False,Cash,1,Stage 2,Stage 2,Clean Stage 2,Clean Stage 2,Stage 2 • Clean Stage 2,0.9,"Price is above rising key averages, weekly structure is supportive, and the stock is near its 52-week high.",,,2026-07-27,,watchlist,weekly_watchlist,watchlist,77.3,29.85,55.95,2.0,77.3,29.85,57.95,3.07,59.45,572497082.31,"Stage 2, Clean Stage 2, trend_template_ok",86,41,Stage 2,near_pivot,weekly_watchlist,64.01,-45,-6.060000000000002,False,False,False,False,False
GRWRHITECH.NS,Garware Hi-Tech Films Limited,Capital Goods,Unknown,False,Cash,1,Stage 2,Stage 2,Extended Stage 2,Extended Stage 2,Stage 2 • Extended Stage 2,0.78,"Advancing structure remains intact, but price is stretched versus key moving averages or far above the 52-week low.",,,2026-07-27,,watchlist,weekly_watchlist,watchlist,48.38,37.6,43.53,5.0,48.38,37.6,48.53,78.1,143.74,339832243.6,"Stage 2, Extended Stage 2, trend_template_ok, volume_dryup, weekly_volume_dryup",152,107,Stage 2,watchlist,weekly_watchlist,54.78,-45,-6.25,False,False,False,False,False
CREDITACC.NS,CREDITACCESS GRAMEEN LIMITED,Financial Services,Unknown,False,Cash,1,Stage 2,Stage 2,Early Stage 2,Early Stage 2,Stage 2 • Early Stage 2,0.72,"Price has moved above long-term structure, but the full moving-average stack is not clean yet.",,,2026-07-27,,watchlist,weekly_breakout,watchlist,46.64,70.34,57.31,2.0,46.64,70.34,59.31,21.31,24.04,757764911.03,"Stage 2, Early Stage 2, weekly_vcp_ok, weekly_strong",71,26,Stage 2,watchlist,weekly_breakout,67.26,-45,-7.950000000000003,False,False,False,False,False
AGI.NS,AGI Greenpac Limited,Capital Goods,Unknown,False,Cash,1,Stage 1,Stage 1,Stage 1 - Early Turn,Stage 1 - Early Turn,Stage 1 • Stage 1 - Early Turn,0.66,The stock is improving from a repair/base area but has not confirmed a clean Stage 2 yet.,,,,,watchlist,weekly_watchlist,watchlist,23.98,19.32,21.88,5.0,23.98,19.32,26.88,10.16,11.06,64101128.44,"Stage 1, Stage 1 - Early Turn, volume_dryup, weekly_volume_dryup, stage1_not_actionable, stage1_needs_more_base",442,395,Stage 1,watchlist,weekly_watchlist,29.27,-47,-2.3900000000000006,False,False,False,False,False
SUDARSCHEM.NS,Sudarshan Chemical Industries Limited,Chemicals,Unknown,False,Cash,1,Stage 1,Stage 1,Stage 1 - Early Turn,Stage 1 - Early Turn,Stage 1 • Stage 1 - Early Turn,0.66,The stock is improving from a repair/base area but has not confirmed a clean Stage 2 yet.,,,,,watchlist,weekly_watchlist,watchlist,19.47,7.84,14.24,5.0,19.47,7.84,19.24,12.95,21.46,298301722.66,"Stage 1, Stage 1 - Early Turn, volume_dryup, weekly_volume_dryup, stage1_not_actionable, stage1_needs_more_base",584,537,Stage 1,watchlist,weekly_watchlist,22.75,-47,-3.5100000000000016,False,False,False,False,False
ARE&M.NS,Amara Raja Energy & Mobility Ltd.,Automobile and Auto Components,Unknown,False,Cash,1,Stage 4,Stage 4,Stage 4 - Weak/Declining,Stage 4 - Weak/Declining,Stage 4 • Stage 4 - Weak/Declining,0.72,Price is below long-term support with weak trend evidence.,,,,,watchlist,weekly_watchlist,watchlist,19.58,36.65,27.26,5.0,19.58,36.65,32.26,-0.82,9.36,733305051.12,"Stage 4, Stage 4 - Weak/Declining, weekly_vcp_ok, volume_dryup, weekly_volume_dryup, weekly_strong, downtrend",332,285,Not Sure,watchlist,weekly_watchlist,36.56,-47,-4.300000000000004,False,False,False,False,False
PTCIL.NS,PTC Industries Limited,Capital Goods,Unknown,False,Cash,1,Stage 2,Stage 2,Early Stage 2,Early Stage 2,Stage 2 • Early Stage 2,0.72,"Price has moved above long-term structure, but the full moving-average stack is not clean yet.",,,2026-07-27,,watchlist,weekly_forming,watchlist,24.85,59.69,40.53,5.0,24.85,59.69,45.53,11.28,7.61,236760454.0,"Stage 2, Early Stage 2, weekly_vcp_ok, volume_dryup, weekly_volume_dryup, weekly_strong",184,135,Stage 2,watchlist,weekly_forming,51.01,-49,-5.479999999999997,False,False,False,False,False
SUMICHEM.NS,Sumitomo Chemical India Limited,Chemicals,Unknown,False,Cash,1,Stage 2,Stage 2,Early Stage 2,Early Stage 2,Stage 2 • Early Stage 2,0.72,"Price has moved above long-term structure, but the full moving-average stack is not clean yet.",,,2026-07-27,,watchlist,weekly_watchlist,watchlist,46.2,35.8,41.52,5.0,46.2,35.8,46.52,26.41,35.57,1182410038.46,"Stage 2, Early Stage 2, volume_dryup, weekly_volume_dryup",176,126,Stage 2,watchlist,weekly_watchlist,52.36,-50,-5.839999999999996,False,False,False,False,False
PSB.NS,Punjab & Sind Bank,Financial Services,Unknown,False,Cash,1,Stage 4,Stage 4,Stage 4 - Weak/Declining,Stage 4 - Weak/Declining,Stage 4 • Stage 4 - Weak/Declining,0.72,Price is below long-term support with weak trend evidence.,,,,,watchlist,weekly_watchlist,watchlist,0.0,35.8,16.11,2.0,0.0,35.8,18.11,-3.33,-6.88,37860057.84,"Stage 4, Stage 4 - Weak/Declining, weekly_vcp_ok, weekly_volume_dryup, weekly_strong, downtrend",604,551,Stage 4,watchlist,weekly_watchlist,21.71,-53,-3.6000000000000014,False,False,False,False,False
NESCO.NS,Nesco Limited,Services,Unknown,False,Cash,1,Stage 4,Stage 4,Stage 4 - Confirmed Downtrend,Stage 4 - Confirmed Downtrend,Stage 4 • Stage 4 - Confirmed Downtrend,0.86,Price is below a bearish moving-average stack with falling trend signals.,,,2025-10-29,,watchlist,weekly_watchlist,watchlist,13.17,36.9,23.85,2.0,13.17,36.9,25.85,-14.0,-3.11,86129900.33,"Stage 4, Stage 4 - Confirmed Downtrend, weekly_vcp_ok, weekly_strong, downtrend",470,416,Stage 4,watchlist,weekly_watchlist,27.78,-54,-1.9299999999999997,False,False,False,False,False
NAVINFLUOR.NS,Navin Fluorine International Limited,Chemicals,Unknown,False,Cash,1,Stage 2,Stage 2,Clean Stage 2,Clean Stage 2,Stage 2 • Clean Stage 2,0.9,"Price is above rising key averages, weekly structure is supportive, and the stock is near its 52-week high.",,,2026-07-27,,watchlist,weekly_watchlist,watchlist,40.56,32.71,37.03,5.0,40.56,32.71,42.03,10.31,32.78,911591655.08,"Stage 2, Clean Stage 2, trend_template_ok",213,159,Stage 2,watchlist,weekly_watchlist,48.66,-54,-6.6299999999999955,False,False,False,False,False
DBL.NS,Dilip Buildcon Limited,Construction,Unknown,False,Cash,1,Stage 4,Stage 4,Stage 4 - Weak/Declining,Stage 4 - Weak/Declining,Stage 4 • Stage 4 - Weak/Declining,0.72,Price is below long-term support with weak trend evidence.,,,2025-11-04,,watchlist,weekly_watchlist,watchlist,13.93,35.8,23.77,0.0,13.93,35.8,23.77,-5.82,-1.48,479362631.29,"Stage 4, Stage 4 - Weak/Declining, weekly_vcp_ok, weekly_strong, downtrend",521,464,Stage 4,watchlist,weekly_watchlist,25.98,-57,-2.210000000000001,False,False,False,False,False
GATEWAY.NS,Gateway Distriparks Limited,Services,Unknown,False,Cash,1,Stage 2 Failed,Stage 1,Failed Stage 2,Failed Stage 2,Stage 2 Failed • Failed Stage 2,0.72,"This stock was recently Stage 2, but the latest structure no longer satisfies Stage 2 rules. It is kept as Stage 2 Failed until a fresh base/repair structure forms.",Recent Stage 2 break; public stage held as Stage 2 Failed.,2026-07-28,2026-07-15,,watchlist,weekly_watchlist,watchlist,17.68,54.03,34.04,2.0,17.68,54.03,36.04,1.94,10.38,48041491.91,"Stage 1, Stage 1 - Early Turn, stage1_base_ready, weekly_vcp_ok, weekly_strong, stage1_not_actionable | Stage 2 failed state applied from stage memory.",286,228,Stage 2 Failed,watchlist,weekly_watchlist,41.22,-58,-5.18,False,False,False,False,False
INGERRAND.NS,Ingersoll Rand (India) Limited,Capital Goods,Unknown,False,Cash,1,Stage 2,Stage 2,Early Stage 2,Early Stage 2,Stage 2 • Early Stage 2,0.72,"Price has moved above long-term structure, but the full moving-average stack is not clean yet.",,,2026-07-27,,watchlist,weekly_watchlist,watchlist,47.52,20.5,35.36,5.0,47.52,20.5,40.36,-3.21,40.21,64532538.91,"Stage 2, Early Stage 2, daily_vcp_ok, volume_dryup, weekly_volume_dryup",233,175,Stage 2,watchlist,weekly_watchlist,46.82,-58,-6.460000000000001,False,False,False,False,False
LUPIN.NS,Lupin Limited,Healthcare,Unknown,True,F&O,1,Stage 2,Stage 2,Clean Stage 2,Clean Stage 2,Stage 2 • Clean Stage 2,0.9,"Price is above rising key averages, weekly structure is supportive, and the stock is near its 52-week high.",,,2026-07-27,,watchlist,weekly_watchlist,watchlist,41.32,17.76,30.72,10.0,41.32,17.76,40.72,4.73,16.87,1824120116.73,"Stage 2, Clean Stage 2, trend_template_ok",228,169,Stage 2,watchlist,weekly_watchlist,47.64,-59,-6.920000000000002,False,False,False,False,False
GREENLAM.NS,Greenlam Industries Limited,Consumer Durables,Unknown,False,Cash,1,Stage 2,Stage 2,Early Stage 2,Early Stage 2,Stage 2 • Early Stage 2,0.72,"Price has moved above long-term structure, but the full moving-average stack is not clean yet.",,,2026-07-27,,watchlist,weekly_watchlist,watchlist,18.83,22.23,20.36,5.0,18.83,22.23,25.36,12.27,6.06,26282995.13,"Stage 2, Early Stage 2, volume_dryup, weekly_volume_dryup",480,420,Stage 2,watchlist,weekly_watchlist,27.6,-60,-2.240000000000002,False,False,False,False,False
SBIN.NS,State Bank of India,Financial Services,Unknown,True,F&O,1,Stage 1,Stage 1,Stage 1 - Base/Repair,Stage 1 - Base/Repair,Stage 1 • Stage 1 - Base/Repair,0.7,Price is near long-term moving averages with no strong long-term downtrend signal.,,,2026-05-06,,watchlist,weekly_watchlist,watchlist,16.92,41.8,28.12,2.0,16.92,41.8,30.12,-3.42,2.6,10798201930.63,"Stage 1, Stage 1 - Base/Repair, weekly_vcp_ok, weekly_volume_dryup, weekly_strong, stage1_not_actionable, stage1_needs_more_base",379,319,Stage 1,watchlist,weekly_watchlist,34.1,-60,-3.9800000000000004,False,False,False,False,False
BBTC.NS,Bombay Burmah Trading Corporation Limited,Fast Moving Consumer Goods,Unknown,False,Cash,1,Stage 4,Stage 4,Stage 4 - Weak/Declining,Stage 4 - Weak/Declining,Stage 4 • Stage 4 - Weak/Declining,0.72,Price is below long-term support with weak trend evidence.,,,2025-11-20,,watchlist,weekly_watchlist,watchlist,9.34,35.8,21.25,0.0,9.34,35.8,21.25,-0.58,-6.9,36311538.02,"Stage 4, Stage 4 - Weak/Declining, weekly_vcp_ok, volume_dryup, weekly_volume_dryup, weekly_strong, downtrend",555,492,Stage 4,watchlist,weekly_watchlist,24.93,-63,-3.6799999999999997,False,False,False,False,False
COFORGE.NS,Coforge Limited,Information Technology,Unknown,True,F&O,1,Stage 1,Stage 1,Stage 1 - Early Turn,Stage 1 - Early Turn,Stage 1 • Stage 1 - Early Turn,0.66,The stock is improving from a repair/base area but has not confirmed a clean Stage 2 yet.,,,2025-12-23,,watchlist,weekly_watchlist,watchlist,1.04,7.92,4.14,0.0,1.04,7.92,4.14,41.02,6.21,5351801060.25,"Stage 1, Stage 1 - Early Turn, stage1_not_actionable, stage1_needs_more_base",726,663,Stage 1,watchlist,weekly_watchlist,11.92,-63,-7.78,False,False,False,False,False
AUBANK.NS,AU Small Finance Bank Limited,Financial Services,Unknown,True,F&O,1,Stage 2,Stage 2,Stage 2,Stage 2,Stage 2,0.76,Advancing structure detected.,Stage 2 reclaimed after 3 confirmation runs.,,2026-07-27,,watchlist,weekly_near_pivot,watchlist,44.06,67.46,54.59,2.0,44.06,67.46,56.59,3.17,13.39,1812312342.89,"Stage 2, Stage 2, weekly_vcp_ok, weekly_strong",97,33,Stage 2 Failed,watchlist,weekly_near_pivot,65.15,-64,-8.560000000000002,False,False,True,False,False
BHARTIHEXA.NS,Bharti Hexacom Ltd.,Telecommunication,Unknown,False,Cash,1,Stage 1,Stage 1,Stage 1 - Early Turn,Stage 1 - Early Turn,Stage 1 • Stage 1 - Early Turn,0.66,The stock is improving from a repair/base area but has not confirmed a clean Stage 2 yet.,,,2026-01-05,,watchlist,weekly_watchlist,watchlist,23.05,44.09,32.52,10.0,23.05,44.09,42.52,5.79,6.08,352349390.53,"Stage 1, Stage 1 - Early Turn, daily_vcp_ok, weekly_vcp_ok, volume_dryup, weekly_volume_dryup, weekly_strong, stage1_needs_more_base",209,142,Stage 1,watchlist,weekly_watchlist,50.5,-67,-7.979999999999997,False,False,False,False,False
SUNFLAG.NS,Sunflag Iron And Steel Company Limited,Metals & Mining,Unknown,False,Cash,1,Stage 2 Failed,Stage 3,Failed Stage 2,Failed Stage 2,Stage 2 Failed • Failed Stage 2,0.72,"This stock was recently Stage 2, but the latest structure no longer satisfies Stage 2 rules. It is kept as Stage 2 Failed until a fresh base/repair structure forms.",Recent Stage 2 break; public stage held as Stage 2 Failed.,2026-07-28,2026-07-24,,watchlist,weekly_watchlist,watchlist,6.89,7.41,7.12,0.0,6.89,7.41,7.12,21.4,52.68,68214950.82,"Stage 3, Stage 3 - Transition, volume_dryup, weekly_volume_dryup, distribution_risk | Stage 2 failed state applied from stage memory.",705,637,Stage 2 Failed,watchlist,weekly_watchlist,15.11,-68,-7.989999999999999,False,False,False,False,False
MAHLIFE.NS,Mahindra Lifespace Developers Limited,Realty,Unknown,False,Cash,1,Stage 2,Stage 2,Early Stage 2,Early Stage 2,Stage 2 • Early Stage 2,0.72,"Price has moved above long-term structure, but the full moving-average stack is not clean yet.",,,2026-07-27,,watchlist,weekly_watchlist,watchlist,45.2,24.8,36.02,2.0,45.2,24.8,38.02,12.78,19.26,163942601.27,"Stage 2, Early Stage 2",263,194,Stage 2,watchlist,weekly_watchlist,44.25,-69,-6.229999999999997,False,False,False,False,False
SAPPHIRE.NS,Sapphire Foods India Limited,Consumer Services,Unknown,False,Cash,1,Stage 4,Stage 4,Stage 4 - Weak/Declining,Stage 4 - Weak/Declining,Stage 4 • Stage 4 - Weak/Declining,0.72,Price is below long-term support with weak trend evidence.,,,,,watchlist,weekly_watchlist,watchlist,16.0,35.8,24.91,0.0,16.0,35.8,24.91,-10.36,6.0,176798911.12,"Stage 4, Stage 4 - Weak/Declining, weekly_vcp_ok, weekly_strong, downtrend",488,418,Stage 4,watchlist,weekly_watchlist,27.66,-70,-2.75,False,False,False,False,False
CGCL.NS,Capri Global Capital Limited,Financial Services,Unknown,False,Cash,1,Stage 2,Stage 2,Early Stage 2,Early Stage 2,Stage 2 • Early Stage 2,0.72,"Price has moved above long-term structure, but the full moving-average stack is not clean yet.",,,2026-07-27,,watchlist,weekly_watchlist,watchlist,28.94,20.57,25.17,2.0,28.94,20.57,27.17,22.62,39.12,1277564703.57,"Stage 2, Early Stage 2, volume_dryup",434,363,Stage 2,watchlist,weekly_watchlist,31.22,-71,-4.049999999999997,False,False,False,False,False
UTKARSHBNK.NS,Utkarsh Small Finance Bank Limited,Financial Services,Unknown,False,Cash,1,Not Sure,Stage 4,Pending Stage 4,Pending Stage 4,Not Sure • Pending Stage 4,0.55,Blocked public stage jump Stage 1 -> Stage 4; waiting for intermediate/confirmed structure.,Blocked public stage jump Stage 1 -> Stage 4; waiting for intermediate/confirmed structure.,,,Stage 4,watchlist,weekly_watchlist,watchlist,19.89,36.59,27.41,2.0,19.89,36.59,29.41,-1.07,8.97,114618030.0,"Stage 4, Stage 4 - Weak/Declining, weekly_vcp_ok, volume_dryup, weekly_volume_dryup, weekly_strong, downtrend | Blocked public stage jump Stage 1 -> Stage 4; waiting for intermediate/confirmed structure.",395,324,Stage 1,watchlist,weekly_watchlist,33.81,-71,-4.400000000000002,False,False,False,False,False
TEXRAIL.NS,Texmaco Rail & Engineering Limited,Capital Goods,Unknown,False,Cash,1,Stage 4,Stage 4,Stage 4 - Weak/Declining,Stage 4 - Weak/Declining,Stage 4 • Stage 4 - Weak/Declining,0.72,Price is below long-term support with weak trend evidence.,,,,,watchlist,weekly_watchlist,watchlist,18.31,35.91,26.23,5.0,18.31,35.91,31.23,4.06,-2.98,329954718.49,"Stage 4, Stage 4 - Weak/Declining, weekly_vcp_ok, volume_dryup, weekly_volume_dryup, weekly_strong, downtrend",362,290,Not Sure,watchlist,weekly_watchlist,36.2,-72,-4.970000000000002,False,False,False,False,False
TARC.NS,TARC Limited,Realty,Unknown,False,Cash,1,Stage 4,Stage 4,Stage 4 - Weak/Declining,Stage 4 - Weak/Declining,Stage 4 • Stage 4 - Weak/Declining,0.72,Price is below long-term support with weak trend evidence.,,,,,watchlist,weekly_watchlist,watchlist,8.07,35.8,20.55,2.0,8.07,35.8,22.55,-1.34,-11.46,540972426.69,"Stage 4, Stage 4 - Weak/Declining, weekly_vcp_ok, weekly_strong, downtrend",533,457,Stage 4,watchlist,weekly_watchlist,26.13,-76,-3.5799999999999983,False,False,False,False,False
DRREDDY.NS,Dr. Reddy's Laboratories Limited,Healthcare,Unknown,True,F&O,1,Stage 2 Failed,Stage 4,Failed Stage 2,Failed Stage 2,Stage 2 Failed • Failed Stage 2,0.72,"This stock was recently Stage 2, but the latest structure no longer satisfies Stage 2 rules. It is kept as Stage 2 Failed until a fresh base/repair structure forms.",Recent Stage 2 break; public stage held as Stage 2 Failed.,2026-07-28,2026-07-08,,watchlist,weekly_watchlist,watchlist,14.1,6.2,10.55,10.0,14.1,6.2,20.55,-13.57,-3.16,3387541940.72,"Stage 4, Stage 4 - Weak/Declining, downtrend | Stage 2 failed state applied from stage memory.",570,494,Stage 2 Failed,watchlist,weekly_watchlist,24.9,-76,-4.349999999999998,False,False,False,False,False
JISLJALEQS.NS,Jain Irrigation Systems Limited,Capital Goods,Unknown,False,Cash,1,Stage 4,Stage 4,Stage 4 - Confirmed Downtrend,Stage 4 - Confirmed Downtrend,Stage 4 • Stage 4 - Confirmed Downtrend,0.86,Price is below a bearish moving-average stack with falling trend signals.,,,,,watchlist,weekly_watchlist,watchlist,9.2,36.9,21.66,5.0,9.2,36.9,26.66,-7.49,-7.93,49406933.18,"Stage 4, Stage 4 - Confirmed Downtrend, weekly_vcp_ok, volume_dryup, weekly_volume_dryup, weekly_strong, downtrend",448,366,Stage 4,watchlist,weekly_watchlist,31.07,-82,-4.41,False,False,False,False,False
HEXT.NS,Hexaware Technologies Ltd.,Information Technology,Unknown,False,Cash,1,Stage 1,Stage 1,Stage 1 - Early Turn,Stage 1 - Early Turn,Stage 1 • Stage 1 - Early Turn,0.66,The stock is improving from a repair/base area but has not confirmed a clean Stage 2 yet.,,,,,watchlist,weekly_watchlist,watchlist,0.0,44.46,20.01,0.0,0.0,44.46,20.01,35.05,-8.5,892969429.89,"Stage 1, Stage 1 - Early Turn, weekly_vcp_ok, weekly_strong, stage1_not_actionable, stage1_needs_more_base",575,491,Stage 1,watchlist,weekly_watchlist,24.95,-84,-4.939999999999998,False,False,False,False,False
SUBROS.NS,Subros Limited,Automobile and Auto Components,Unknown,False,Cash,1,Not Sure,Stage 4,Pending Stage 4,Pending Stage 4,Not Sure • Pending Stage 4,0.55,Blocked public stage jump Stage 1 -> Stage 4; waiting for intermediate/confirmed structure.,Blocked public stage jump Stage 1 -> Stage 4; waiting for intermediate/confirmed structure.,,2025-11-10,Stage 4,watchlist,weekly_watchlist,watchlist,12.03,36.73,23.14,5.0,12.03,36.73,28.14,-0.14,9.39,38766280.6,"Stage 4, Stage 4 - Weak/Declining, weekly_vcp_ok, volume_dryup, weekly_volume_dryup, weekly_strong, downtrend | Blocked public stage jump Stage 1 -> Stage 4; waiting for intermediate/confirmed structure.",418,332,Stage 1,watchlist,weekly_watchlist,32.84,-86,-4.700000000000003,False,False,False,False,False
MAHSCOOTER.NS,Maharashtra Scooters Limited,Financial Services,Unknown,False,Cash,1,Stage 4,Stage 4,Stage 4 - Weak/Declining,Stage 4 - Weak/Declining,Stage 4 • Stage 4 - Weak/Declining,0.72,Price is below long-term support with weak trend evidence.,,,2025-11-10,,watchlist,weekly_watchlist,watchlist,11.79,44.49,26.51,2.0,11.79,44.49,28.51,4.54,2.32,34618977.6,"Stage 4, Stage 4 - Weak/Declining, weekly_vcp_ok, volume_dryup, weekly_volume_dryup, weekly_strong, downtrend",412,321,Not Sure,watchlist,weekly_watchlist,33.97,-91,-5.459999999999997,False,False,False,False,False
ICICIGI.NS,ICICI Lombard General Insurance Company Limited,Financial Services,Unknown,True,F&O,1,Stage 4,Stage 4,Stage 4 - Confirmed Downtrend,Stage 4 - Confirmed Downtrend,Stage 4 • Stage 4 - Confirmed Downtrend,0.86,Price is below a bearish moving-average stack with falling trend signals.,,,2026-01-07,,watchlist,weekly_watchlist,watchlist,0.0,35.8,16.11,2.0,0.0,35.8,18.11,-4.1,-1.75,2575841775.76,"Stage 4, Stage 4 - Confirmed Downtrend, weekly_vcp_ok, weekly_strong, downtrend",602,511,Stage 4,watchlist,weekly_watchlist,24.27,-91,-6.16,False,False,False,False,False
GODREJIND.NS,Godrej Industries Limited,Diversified,Unknown,False,Cash,1,Stage 2,Stage 2,Early Stage 2,Early Stage 2,Stage 2 • Early Stage 2,0.72,"Price has moved above long-term structure, but the full moving-average stack is not clean yet.",,,2026-07-27,,watchlist,weekly_watchlist,watchlist,27.81,25.6,26.82,2.0,27.81,25.6,28.82,36.55,39.43,429848178.84,"Stage 2, Early Stage 2, volume_dryup, weekly_volume_dryup",407,304,Stage 2,watchlist,weekly_watchlist,35.48,-103,-6.659999999999997,False,False,False,False,False
NOCIL.NS,NOCIL Limited,Chemicals,Unknown,False,Cash,1,Stage 2 Failed,Stage 4,Failed Stage 2,Failed Stage 2,Stage 2 Failed • Failed Stage 2,0.72,"This stock was recently Stage 2, but the latest structure no longer satisfies Stage 2 rules. It is kept as Stage 2 Failed until a fresh base/repair structure forms.",Recent Stage 2 break; public stage held as Stage 2 Failed.,2026-07-28,2026-07-13,,watchlist,weekly_watchlist,watchlist,2.68,0.0,1.47,5.0,2.68,0.0,6.47,-9.38,31.04,65789285.65,"Stage 4, Stage 4 - Weak/Declining, volume_dryup, weekly_volume_dryup, downtrend | Stage 2 failed state applied from stage memory.",710,607,Stage 2 Failed,watchlist,weekly_watchlist,17.76,-103,-11.290000000000003,False,False,False,False,False
EQUITASBNK.NS,Equitas Small Finance Bank Limited,Financial Services,Unknown,False,Cash,1,Stage 2,Stage 2,Early Stage 2,Early Stage 2,Stage 2 • Early Stage 2,0.72,"Price has moved above long-term structure, but the full moving-average stack is not clean yet.",,,2026-07-27,,watchlist,weekly_watchlist,watchlist,49.28,26.34,38.96,2.0,49.28,26.34,40.96,11.68,11.73,336336902.63,"Stage 2, Early Stage 2",222,116,Stage 2,forming_vcp,weekly_watchlist,54.06,-106,-13.100000000000001,False,False,False,False,False
ADANIENT.NS,Adani Enterprises Limited,Metals & Mining,Unknown,True,F&O,1,Stage 2,Stage 2,Early Stage 2,Early Stage 2,Stage 2 • Early Stage 2,0.72,"Price has moved above long-term structure, but the full moving-average stack is not clean yet.",,,2026-07-27,,watchlist,weekly_watchlist,watchlist,31.12,36.4,33.5,0.0,31.12,36.4,33.5,24.76,57.95,5496285532.33,"Stage 2, Early Stage 2, volume_dryup, weekly_volume_dryup",321,207,Stage 2,watchlist,weekly_watchlist,43.4,-114,-9.899999999999999,False,False,False,False,False
CUMMINSIND.NS,Cummins India Limited,Capital Goods,Unknown,True,F&O,1,Stage 2,Stage 2,Early Stage 2,Early Stage 2,Stage 2 • Early Stage 2,0.72,"Price has moved above long-term structure, but the full moving-average stack is not clean yet.",,,2026-07-27,,watchlist,weekly_watchlist,watchlist,44.17,24.18,35.17,5.0,44.17,24.18,40.17,4.49,45.32,2301440620.26,"Stage 2, Early Stage 2, weekly_volume_dryup",237,113,Stage 2,watchlist,weekly_watchlist,54.14,-124,-13.969999999999999,False,False,False,False,False
BERGEPAINT.NS,Berger Paints (I) Limited,Consumer Durables,Unknown,False,Cash,1,Stage 4,Stage 4,Stage 4 - Weak/Declining,Stage 4 - Weak/Declining,Stage 4 • Stage 4 - Weak/Declining,0.72,Price is below long-term support with weak trend evidence.,,,2025-11-28,,watchlist,weekly_watchlist,watchlist,0.0,44.91,20.21,5.0,0.0,44.91,25.21,5.59,5.48,134657174.85,"Stage 4, Stage 4 - Weak/Declining, weekly_vcp_ok, volume_dryup, weekly_volume_dryup, weekly_strong, downtrend",484,358,Not Sure,watchlist,weekly_watchlist,31.37,-126,-6.16,False,False,False,False,False
AADHARHFC.NS,Aadhar Housing Finance Ltd.,Financial Services,Unknown,False,Cash,1,Stage 2 Failed,Stage 1,Failed Stage 2,Failed Stage 2,Stage 2 Failed • Failed Stage 2,0.72,"This stock was recently Stage 2, but the latest structure no longer satisfies Stage 2 rules. It is kept as Stage 2 Failed until a fresh base/repair structure forms.",Recent Stage 2 break; public stage held as Stage 2 Failed.,2026-07-28,2026-07-27,,watchlist,weekly_watchlist,watchlist,30.81,47.05,38.12,2.0,30.81,47.05,40.12,1.94,9.57,251958473.87,"Stage 1, Stage 1 - Base/Repair, stage1_base_ready, weekly_vcp_ok, volume_dryup, weekly_volume_dryup, weekly_strong, stage1_not_actionable | Stage 2 failed state applied from stage memory.",241,106,Stage 2 Failed,watchlist,weekly_forming,54.94,-135,-14.82,False,False,False,False,False
NAVNETEDUL.NS,Navneet Education Limited,"Media, Entertainment & Publication",Unknown,False,Cash,1,Stage 2 Failed,Stage 4,Failed Stage 2,Failed Stage 2,Stage 2 Failed • Failed Stage 2,0.72,"This stock was recently Stage 2, but the latest structure no longer satisfies Stage 2 rules. It is kept as Stage 2 Failed until a fresh base/repair structure forms.",Recent Stage 2 break; public stage held as Stage 2 Failed.,2026-07-28,2026-07-21,,watchlist,weekly_watchlist,watchlist,14.66,36.8,24.62,0.0,14.66,36.8,24.62,-0.59,10.64,37073579.16,"Stage 4, Stage 4 - Weak/Declining, weekly_vcp_ok, weekly_volume_dryup, weekly_strong, downtrend | Stage 2 failed state applied from stage memory.",496,357,Stage 2 Failed,watchlist,weekly_watchlist,31.43,-139,-6.809999999999999,False,False,False,False,False
ACI.NS,Archean Chemical Industries Limited,Chemicals,Unknown,False,Cash,1,Stage 4,Stage 4,Stage 4 - Weak/Declining,Stage 4 - Weak/Declining,Stage 4 • Stage 4 - Weak/Declining,0.72,Price is below long-term support with weak trend evidence.,,,,,watchlist,weekly_watchlist,watchlist,11.32,35.8,22.34,5.0,11.32,35.8,27.34,-7.9,2.98,190279162.48,"Stage 4, Stage 4 - Weak/Declining, weekly_vcp_ok, weekly_volume_dryup, weekly_strong, downtrend",431,255,Not Sure,watchlist,weekly_watchlist,39.04,-176,-11.7,False,False,False,False,False
HCC.NS,Hindustan Construction Company Limited,Construction,Unknown,False,Cash,1,Stage 2 Failed,Stage 4,Failed Stage 2,Failed Stage 2,Stage 2 Failed • Failed Stage 2,0.72,"This stock was recently Stage 2, but the latest structure no longer satisfies Stage 2 rules. It is kept as Stage 2 Failed until a fresh base/repair structure forms.",Recent Stage 2 break; public stage held as Stage 2 Failed.,2026-07-28,2026-07-10,,watchlist,weekly_watchlist,watchlist,0.0,37.05,16.67,0.0,0.0,37.05,16.67,-4.31,16.85,527270971.68,"Stage 4, Stage 4 - Weak/Declining, weekly_vcp_ok, volume_dryup, weekly_volume_dryup, weekly_strong, downtrend | Stage 2 failed state applied from stage memory.",615,432,Stage 2 Failed,watchlist,weekly_watchlist,27.0,-183,-10.329999999999998,False,False,False,False,False
LICHSGFIN.NS,LIC Housing Finance Limited,Financial Services,Unknown,True,F&O,1,Stage 2 Failed,Not Sure,Failed Stage 2,Failed Stage 2,Stage 2 Failed • Failed Stage 2,0.72,"This stock was recently Stage 2, but the latest structure no longer satisfies Stage 2 rules. It is kept as Stage 2 Failed until a fresh base/repair structure forms.",Recent Stage 2 break; public stage held as Stage 2 Failed.,2026-07-28,2026-07-27,,watchlist,weekly_watchlist,watchlist,11.37,47.91,27.81,2.0,11.37,47.91,29.81,-1.58,11.65,577312588.43,"Not Sure, Not Sure, weekly_vcp_ok, volume_dryup, weekly_volume_dryup, weekly_strong | Stage 2 failed state applied from stage memory.",385,193,Stage 2 Failed,watchlist,weekly_near_pivot,44.28,-192,-14.470000000000002,False,False,False,False,False
NHPC.NS,NHPC Limited,Power,Unknown,True,F&O,1,Stage 4,Stage 4,Stage 4 - Weak/Declining,Stage 4 - Weak/Declining,Stage 4 • Stage 4 - Weak/Declining,0.72,Price is below long-term support with weak trend evidence.,,,2026-05-06,,watchlist,weekly_watchlist,watchlist,19.5,5.68,13.28,2.0,19.5,5.68,15.28,-5.87,10.72,1133349231.84,"Stage 4, Stage 4 - Weak/Declining, volume_dryup, weekly_volume_dryup, downtrend",632,437,Not Sure,watchlist,weekly_watchlist,26.88,-195,-11.6,False,False,False,False,False
UNIONBANK.NS,Union Bank of India,Financial Services,Unknown,True,F&O,1,Stage 2 Failed,Stage 1,Failed Stage 2,Failed Stage 2,Stage 2 Failed • Failed Stage 2,0.72,"This stock was recently Stage 2, but the latest structure no longer satisfies Stage 2 rules. It is kept as Stage 2 Failed until a fresh base/repair structure forms.",Recent Stage 2 break; public stage held as Stage 2 Failed.,2026-07-28,2026-07-27,,watchlist,weekly_watchlist,watchlist,18.63,43.69,29.91,2.0,18.63,43.69,31.91,4.42,3.52,3383071934.71,"Stage 1, Stage 1 - Early Turn, weekly_vcp_ok, weekly_volume_dryup, weekly_strong, stage1_not_actionable, stage1_needs_more_base | Stage 2 failed state applied from stage memory.",344,141,Stage 2,watchlist,weekly_forming,50.55,-203,-18.639999999999997,False,False,False,False,False
GENUSPOWER.NS,Genus Power Infrastructures Limited,Capital Goods,Unknown,False,Cash,1,Stage 2 Failed,Not Sure,Failed Stage 2,Failed Stage 2,Stage 2 Failed • Failed Stage 2,0.72,"This stock was recently Stage 2, but the latest structure no longer satisfies Stage 2 rules. It is kept as Stage 2 Failed until a fresh base/repair structure forms.",Recent Stage 2 break; public stage held as Stage 2 Failed.,2026-07-28,2026-07-27,,watchlist,weekly_watchlist,watchlist,25.88,11.95,19.61,5.0,25.88,11.95,24.61,0.4,23.12,1093174949.77,"Not Sure, Not Sure, volume_dryup, weekly_volume_dryup | Stage 2 failed state applied from stage memory.",497,277,Stage 2 Failed,watchlist,weekly_watchlist,37.04,-220,-12.43,False,False,False,False,False
GRAVITA.NS,Gravita India Limited,Metals & Mining,Unknown,False,Cash,1,Stage 2 Failed,Stage 1,Failed Stage 2,Failed Stage 2,Stage 2 Failed • Failed Stage 2,0.72,"This stock was recently Stage 2, but the latest structure no longer satisfies Stage 2 rules. It is kept as Stage 2 Failed until a fresh base/repair structure forms.",Recent Stage 2 break; public stage held as Stage 2 Failed.,2026-07-28,2026-07-27,,watchlist,weekly_watchlist,watchlist,26.12,43.5,33.94,0.0,26.12,43.5,33.94,0.56,16.4,617315699.73,"Stage 1, Stage 1 - Base/Repair, weekly_vcp_ok, weekly_strong, stage1_not_actionable, stage1_needs_more_base | Stage 2 failed state applied from stage memory.",316,92,Stage 2,watchlist,weekly_near_pivot,56.88,-224,-22.940000000000005,False,False,False,False,False
COALINDIA.NS,Coal India Limited,"Oil, Gas & Consumable Fuels",Unknown,True,F&O,1,Stage 4,Stage 4,Stage 4 - Weak/Declining,Stage 4 - Weak/Declining,Stage 4 • Stage 4 - Weak/Declining,0.72,Price is below long-term support with weak trend evidence.,,,2026-07-03,,watchlist,weekly_watchlist,watchlist,21.36,0.0,11.75,0.0,21.36,0.0,11.75,-14.77,2.93,2297583094.1,"Stage 4, Stage 4 - Weak/Declining, volume_dryup, weekly_volume_dryup, downtrend",662,377,Stage 3,watchlist,weekly_watchlist,30.19,-285,-18.44,False,False,False,False,False
KSB.NS,Ksb Limited,Capital Goods,Unknown,False,Cash,1,Stage 2 Failed,Stage 1,Failed Stage 2,Failed Stage 2,Stage 2 Failed • Failed Stage 2,0.72,"This stock was recently Stage 2, but the latest structure no longer satisfies Stage 2 rules. It is kept as Stage 2 Failed until a fresh base/repair structure forms.",Recent Stage 2 break; public stage held as Stage 2 Failed.,2026-07-28,2026-07-27,,watchlist,weekly_watchlist,watchlist,6.52,3.68,5.24,5.0,6.52,3.68,10.24,-13.0,29.8,83885013.68,"Stage 1, Stage 1 - Base/Repair, volume_dryup, weekly_volume_dryup, stage1_not_actionable, stage1_needs_more_base | Stage 2 failed state applied from stage memory.",675,373,Stage 2 Failed,watchlist,weekly_watchlist,30.52,-302,-20.28,False,False,False,False,False
DYNAMATECH.NS,Dynamatic Technologies Limited,Capital Goods,Unknown,False,Cash,1,Stage 2 Failed,Stage 3,Failed Stage 2,Failed Stage 2,Stage 2 Failed • Failed Stage 2,0.72,"This stock was recently Stage 2, but the latest structure no longer satisfies Stage 2 rules. It is kept as Stage 2 Failed until a fresh base/repair structure forms.",Recent Stage 2 break; public stage held as Stage 2 Failed.,2026-07-28,2026-07-27,,watchlist,weekly_watchlist,watchlist,19.71,10.51,15.57,5.0,19.71,10.51,20.57,-10.55,35.66,113487992.2,"Stage 3, Stage 3 - Distribution/Damage, volume_dryup, weekly_volume_dryup, distribution_risk | Stage 2 failed state applied from stage memory.",569,261,Stage 2 Failed,watchlist,weekly_watchlist,38.56,-308,-17.990000000000002,False,False,False,False,False
