ticker,Company Name,Industry,sector,industry_group,is_fo_stock,fo_category,Include,stage,stage_raw,stage_variant,stage_classification,stage_display,stage_confidence,stage_reason,stage_state_reason,stage_failed_since,last_stage2_date,stage_pending_raw,rs_3m_pct,rs_6m_pct,avg_turnover_inr,volume_dryup_ratio,breakout_volume_ratio,weekly_volume_ratio,volume_is_drying_up,weekly_volume_is_drying_up,notes,daily_setup_bucket,daily_score,final_daily_score,daily_pivot,daily_breakout_distance_pct,daily_contraction_depths_pct,daily_contraction_durations,daily_contraction_score,daily_base_duration_days,current_rank
WOCKPHARMA.NS,Wockhardt Limited,Healthcare,Unknown,Unknown,False,Cash,1,Stage 2,Stage 2,Messy Stage 2,Messy Stage 2,Stage 2 • Messy Stage 2,0.64,"Long-term structure is still constructive, but the short-term/weekly structure is not clean.",,,2026-08-07,,19.67,41.47,1320006468.61,0.59,2.66,0.59,True,True,"Stage 2, Messy Stage 2, trend_template_ok, volume_dryup, weekly_volume_dryup",watchlist,88.65,93.65,1953.41,-1.14,"[24.86, 15.45]","[7, 17]",0.9,30.0,1
VIJAYA.NS,Vijaya Diagnostic Centre Limited,Healthcare,Unknown,Unknown,False,Cash,1,Stage 2,Stage 2,Clean Stage 2,Clean Stage 2,Stage 2 • Clean Stage 2,0.9,"Price is above rising key averages, weekly structure is supportive, and the stock is near its 52-week high.",,,2026-08-07,,2.64,48.91,282519010.53,0.68,1.93,1.12,True,False,"Stage 2, Clean Stage 2, trend_template_ok, volume_dryup",watchlist,88.54,93.54,1440.0,-3.29,"[12.13, 8.76]","[6, 18]",0.9,50.0,2
APOLLOHOSP.NS,Apollo Hospitals Enterprise Limited,Healthcare,Unknown,Unknown,True,F&O,1,Stage 2,Stage 2,Clean Stage 2,Clean Stage 2,Stage 2 • Clean Stage 2,0.9,"Price is above rising key averages, weekly structure is supportive, and the stock is near its 52-week high.",,,2026-08-07,,6.19,29.39,2375124754.25,0.84,1.55,1.08,True,False,"Stage 2, Clean Stage 2, trend_template_ok, daily_vcp_ok, weekly_vcp_ok, volume_dryup, weekly_strong",near_pivot,85.29,90.29,9009.0,-1.08,"[10.04, 7.43]","[15, 6]",0.9,62.0,3
SSWL.NS,Steel Strips Wheels Limited,Automobile and Auto Components,Unknown,Unknown,False,Cash,1,Stage 2,Stage 2,Extended Stage 2,Extended Stage 2,Stage 2 • Extended Stage 2,0.78,"Advancing structure remains intact, but price is stretched versus key moving averages or far above the 52-week low.",,,2026-08-07,,49.35,48.25,636999090.3,0.67,0.6,0.55,True,True,"Stage 2, Extended Stage 2, trend_template_ok, weekly_vcp_ok, volume_dryup, weekly_volume_dryup, weekly_strong",watchlist,77.5,82.5,328.97,-2.24,"[28.99, 12.94]","[37, 30]",0.9,78.0,4
NYKAA.NS,FSN E-Commerce Ventures Limited,Consumer Services,Unknown,Unknown,True,F&O,1,Stage 2,Stage 2,Clean Stage 2,Clean Stage 2,Stage 2 • Clean Stage 2,0.9,"Price is above rising key averages, weekly structure is supportive, and the stock is near its 52-week high.",,,2026-08-07,,16.61,21.49,2232467699.28,1.09,0.96,1.48,False,False,"Stage 2, Clean Stage 2, trend_template_ok, weekly_vcp_ok, weekly_strong",watchlist,82.01,82.01,335.0,-3.37,"[18.75, 5.39]","[31, 35]",0.9,78.0,5
LLOYDSME.NS,Lloyds Metals And Energy Limited,Metals & Mining,Unknown,Unknown,False,Cash,1,Stage 2,Stage 2,Clean Stage 2,Clean Stage 2,Stage 2 • Clean Stage 2,0.9,"Price is above rising key averages, weekly structure is supportive, and the stock is near its 52-week high.",,,2026-08-07,,11.62,67.88,1230816153.44,1.14,1.39,0.97,False,False,"Stage 2, Clean Stage 2, trend_template_ok",watchlist,81.01,81.01,2103.68,-2.42,"[11.37, 11.57]","[10, 11]",0.9,26.0,6
DIVISLAB.NS,Divi's Laboratories Limited,Healthcare,Unknown,Unknown,True,F&O,1,Stage 2,Stage 2,Clean Stage 2,Clean Stage 2,Stage 2 • Clean Stage 2,0.9,"Price is above rising key averages, weekly structure is supportive, and the stock is near its 52-week high.",,,2026-08-07,,15.26,42.96,4723270100.17,1.57,0.72,1.01,False,False,"Stage 2, Clean Stage 2, trend_template_ok, weekly_vcp_ok, weekly_strong",watchlist,74.92,79.92,8600.02,-3.49,"[13.97, 7.43, 5.18]","[22, 12, 6]",0.95,83.0,7
AUROPHARMA.NS,Aurobindo Pharma Limited,Healthcare,Unknown,Unknown,True,F&O,1,Stage 2,Stage 2,Clean Stage 2,Clean Stage 2,Stage 2 • Clean Stage 2,0.9,"Price is above rising key averages, weekly structure is supportive, and the stock is near its 52-week high.",,,2026-08-07,,4.9,43.0,1638673995.85,1.02,0.99,1.33,False,False,"Stage 2, Clean Stage 2, trend_template_ok, weekly_vcp_ok, weekly_strong",watchlist,74.44,79.44,1639.66,0.51,"[8.97, 7.05, 7.62]","[6, 6, 15]",0.55,46.0,8
GLAND.NS,Gland Pharma Limited,Healthcare,Unknown,Unknown,False,Cash,1,Stage 2,Stage 2,Clean Stage 2,Clean Stage 2,Stage 2 • Clean Stage 2,0.9,"Price is above rising key averages, weekly structure is supportive, and the stock is near its 52-week high.",,,2026-08-07,,39.48,48.73,1168848220.03,0.83,1.31,0.86,True,True,"Stage 2, Clean Stage 2, trend_template_ok, volume_dryup, weekly_volume_dryup",watchlist,74.41,79.41,2573.65,3.64,"[9.52, 8.64]","[17, 10]",0.9,42.0,9
FEDERALBNK.NS,The Federal Bank Limited,Financial Services,Unknown,Unknown,True,F&O,1,Stage 2,Stage 2,Clean Stage 2,Clean Stage 2,Stage 2 • Clean Stage 2,0.9,"Price is above rising key averages, weekly structure is supportive, and the stock is near its 52-week high.",,,2026-08-07,,22.81,29.57,2542442895.06,0.67,0.4,0.59,True,True,"Stage 2, Clean Stage 2, trend_template_ok, weekly_vcp_ok, volume_dryup, weekly_volume_dryup, weekly_strong",watchlist,76.69,79.19,372.35,-3.76,"[15.07, 8.15]","[33, 10]",0.9,66.0,10
JINDALSAW.NS,Jindal Saw Limited,Capital Goods,Unknown,Unknown,False,Cash,1,Stage 2,Stage 2,Clean Stage 2,Clean Stage 2,Stage 2 • Clean Stage 2,0.9,"Price is above rising key averages, weekly structure is supportive, and the stock is near its 52-week high.",,,2026-08-07,,15.28,54.6,468872256.8,0.62,1.48,0.86,True,True,"Stage 2, Clean Stage 2, trend_template_ok, volume_dryup, weekly_volume_dryup",watchlist,76.66,79.16,279.44,-0.14,"[17.12, 8.67]","[5, 27]",0.9,38.0,11
STARHEALTH.NS,Star Health and Allied Insurance Company Limited,Financial Services,Unknown,Unknown,False,Cash,1,Stage 2,Stage 2,Messy Stage 2,Messy Stage 2,Stage 2 • Messy Stage 2,0.64,"Long-term structure is still constructive, but the short-term/weekly structure is not clean.",,,2026-08-07,,8.25,28.74,344201709.97,1.03,2.19,0.68,False,True,"Stage 2, Messy Stage 2, trend_template_ok, weekly_volume_dryup",watchlist,76.42,78.92,625.49,-8.08,"[16.09, 8.62]","[13, 8]",0.9,62.0,12
SAILIFE.NS,Sai Life Sciences Ltd.,Healthcare,Unknown,Unknown,False,Cash,1,Stage 2,Stage 2,Clean Stage 2,Clean Stage 2,Stage 2 • Clean Stage 2,0.9,"Price is above rising key averages, weekly structure is supportive, and the stock is near its 52-week high.",,,2026-08-07,,26.25,72.45,744463126.31,1.53,5.88,2.54,False,False,"Stage 2, Clean Stage 2, trend_template_ok",watchlist,73.7,78.7,1302.28,9.52,"[13.47, 9.98]","[6, 6]",0.9,20.0,13
JBCHEPHARM.NS,JB Chemicals & Pharmaceuticals Limited,Healthcare,Unknown,Unknown,False,Cash,1,Stage 2,Stage 2,Clean Stage 2,Clean Stage 2,Stage 2 • Clean Stage 2,0.9,"Price is above rising key averages, weekly structure is supportive, and the stock is near its 52-week high.",,,2026-08-07,,13.22,33.84,1379320211.14,1.87,0.0,0.0,False,True,"Stage 2, Clean Stage 2, trend_template_ok, weekly_volume_dryup",watchlist,73.56,78.56,2529.92,-4.78,"[13.78, 6.08, 5.95]","[7, 16, 6]",0.95,62.0,14
FLUOROCHEM.NS,Gujarat Fluorochemicals Limited,Chemicals,Unknown,Unknown,False,Cash,1,Stage 2,Stage 2,Clean Stage 2,Clean Stage 2,Stage 2 • Clean Stage 2,0.9,"Price is above rising key averages, weekly structure is supportive, and the stock is near its 52-week high.",,,2026-08-07,,16.57,35.43,831628992.46,0.75,0.36,0.72,True,True,"Stage 2, Clean Stage 2, trend_template_ok, weekly_vcp_ok, volume_dryup, weekly_volume_dryup, weekly_strong",watchlist,75.95,78.45,4661.34,-3.8,"[17.6, 10.93]","[22, 11]",0.9,70.0,15
KIMS.NS,Krishna Institute of Medical Sciences Limited,Healthcare,Unknown,Unknown,False,Cash,1,Stage 2,Stage 2,Clean Stage 2,Clean Stage 2,Stage 2 • Clean Stage 2,0.9,"Price is above rising key averages, weekly structure is supportive, and the stock is near its 52-week high.",,,2026-08-07,,0.44,42.32,513244019.8,1.21,0.73,1.41,False,False,"Stage 2, Clean Stage 2, trend_template_ok",watchlist,73.38,78.38,859.5,-4.65,"[19.37, 8.31, 4.06]","[20, 18, 32]",0.95,99.0,16
HSCL.NS,Himadri Speciality Chemical Limited,Chemicals,Unknown,Unknown,False,Cash,1,Stage 2,Stage 2,Clean Stage 2,Clean Stage 2,Stage 2 • Clean Stage 2,0.9,"Price is above rising key averages, weekly structure is supportive, and the stock is near its 52-week high.",,,2026-08-07,,20.14,74.09,6947023406.19,0.37,0.32,0.25,True,True,"Stage 2, Clean Stage 2, trend_template_ok, volume_dryup, weekly_volume_dryup",watchlist,75.83,78.33,820.93,-5.95,"[17.55, 11.44]","[9, 14]",0.9,45.0,17
TORNTPHARM.NS,Torrent Pharmaceuticals Limited,Healthcare,Unknown,Unknown,True,F&O,1,Stage 2,Stage 2,Clean Stage 2,Clean Stage 2,Stage 2 • Clean Stage 2,0.9,"Price is above rising key averages, weekly structure is supportive, and the stock is near its 52-week high.",,,2026-08-07,,6.88,28.9,4374463531.79,1.07,0.51,0.8,False,True,"Stage 2, Clean Stage 2, trend_template_ok, weekly_volume_dryup",watchlist,72.68,77.68,5259.19,-6.37,"[13.65, 6.73, 6.19]","[12, 16, 6]",0.95,67.0,18
TMB.NS,Tamilnad Mercantile Bank Limited,Financial Services,Unknown,Unknown,False,Cash,1,Stage 2,Stage 2,Clean Stage 2,Clean Stage 2,Stage 2 • Clean Stage 2,0.9,"Price is above rising key averages, weekly structure is supportive, and the stock is near its 52-week high.",,,2026-08-07,,27.62,47.62,610968440.39,2.49,0.33,0.37,False,True,"Stage 2, Clean Stage 2, trend_template_ok, weekly_volume_dryup",watchlist,75.1,77.6,918.6,-3.09,"[20.94, 15.17, 9.05]","[19, 10, 7]",0.95,85.0,19
ARVIND.NS,Arvind Limited,Textiles,Unknown,Unknown,False,Cash,1,Stage 2,Stage 2,Clean Stage 2,Clean Stage 2,Stage 2 • Clean Stage 2,0.9,"Price is above rising key averages, weekly structure is supportive, and the stock is near its 52-week high.",,,2026-08-07,,19.32,54.2,260804603.92,0.73,0.92,1.05,True,False,"Stage 2, Clean Stage 2, trend_template_ok, weekly_vcp_ok, volume_dryup, weekly_strong",watchlist,72.56,77.56,601.05,-8.39,"[17.79, 10.19]","[18, 7]",0.9,29.0,20
ASTERDM.NS,Aster DM Healthcare Limited,Healthcare,Unknown,Unknown,False,Cash,1,Stage 2,Stage 2,Clean Stage 2,Clean Stage 2,Stage 2 • Clean Stage 2,0.9,"Price is above rising key averages, weekly structure is supportive, and the stock is near its 52-week high.",,,2026-08-07,,11.0,56.88,562807866.88,1.31,1.61,1.87,False,False,"Stage 2, Clean Stage 2, trend_template_ok, weekly_vcp_ok, weekly_strong",watchlist,72.38,77.38,835.46,3.79,"[9.84, 7.67]","[11, 6]",0.9,30.0,21
KARURVYSYA.NS,Karur Vysya Bank Limited,Financial Services,Unknown,Unknown,False,Cash,1,Stage 2,Stage 2,Clean Stage 2,Clean Stage 2,Stage 2 • Clean Stage 2,0.9,"Price is above rising key averages, weekly structure is supportive, and the stock is near its 52-week high.",,,2026-08-07,,9.94,6.84,2409751509.86,0.43,0.26,0.32,True,True,"Stage 2, Clean Stage 2, trend_template_ok, daily_vcp_ok, weekly_vcp_ok, volume_dryup, weekly_volume_dryup, weekly_strong",forming_vcp,74.78,77.28,352.42,-6.02,"[25.59, 10.47, 4.49]","[17, 51, 7]",0.95,83.0,22
PRUDENT.NS,Prudent Corporate Advisory Services Limited,Financial Services,Unknown,Unknown,False,Cash,1,Stage 2,Stage 2,Clean Stage 2,Clean Stage 2,Stage 2 • Clean Stage 2,0.9,"Price is above rising key averages, weekly structure is supportive, and the stock is near its 52-week high.",,,2026-08-07,,18.28,38.35,115826586.26,1.81,0.63,0.81,False,True,"Stage 2, Clean Stage 2, trend_template_ok, weekly_vcp_ok, weekly_volume_dryup, weekly_strong",watchlist,74.76,77.26,3161.76,6.89,"[25.52, 12.75, 10.36]","[23, 22, 8]",0.95,117.0,23
RKFORGE.NS,Ramkrishna Forgings Limited,Capital Goods,Unknown,Unknown,False,Cash,1,Stage 2,Stage 2,Extended Stage 2,Extended Stage 2,Stage 2 • Extended Stage 2,0.78,"Advancing structure remains intact, but price is stretched versus key moving averages or far above the 52-week low.",,,2026-08-07,,21.52,33.39,1921734820.84,1.59,1.64,1.66,False,False,"Stage 2, Extended Stage 2, trend_template_ok, weekly_vcp_ok, weekly_strong",watchlist,74.52,77.02,608.06,21.07,"[15.99, 9.38]","[24, 21]",0.9,50.0,24
GRASIM.NS,Grasim Industries Limited,Construction Materials,Unknown,Unknown,True,F&O,1,Stage 2,Stage 2,Clean Stage 2,Clean Stage 2,Stage 2 • Clean Stage 2,0.9,"Price is above rising key averages, weekly structure is supportive, and the stock is near its 52-week high.",,,2026-08-07,,9.97,24.16,2044510474.24,1.13,4.63,1.89,False,False,"Stage 2, Clean Stage 2, trend_template_ok",watchlist,76.61,76.61,3235.92,4.47,"[16.0, 5.09]","[27, 8]",0.9,78.0,25
ABB.NS,ABB India Limited,Capital Goods,Unknown,Unknown,True,F&O,1,Stage 2,Stage 2,Clean Stage 2,Clean Stage 2,Stage 2 • Clean Stage 2,0.9,"Price is above rising key averages, weekly structure is supportive, and the stock is near its 52-week high.",,,2026-08-07,,17.6,38.24,3632487033.71,1.17,0.48,0.84,False,True,"Stage 2, Clean Stage 2, trend_template_ok, weekly_volume_dryup",watchlist,73.93,76.43,7846.0,-2.5,"[20.78, 9.36, 8.06]","[14, 9, 16]",0.95,58.0,26
SOLARINDS.NS,Solar Industries India Limited,Chemicals,Unknown,Unknown,True,F&O,1,Stage 2,Stage 2,Clean Stage 2,Clean Stage 2,Stage 2 • Clean Stage 2,0.9,"Price is above rising key averages, weekly structure is supportive, and the stock is near its 52-week high.",,,2026-08-07,,14.13,49.49,1593460263.62,0.52,0.35,0.45,True,True,"Stage 2, Clean Stage 2, trend_template_ok, volume_dryup, weekly_volume_dryup",watchlist,73.83,76.33,19175.67,-1.85,"[10.82, 10.25]","[13, 6]",0.9,29.0,27
HEG.NS,HEG Limited,Capital Goods,Unknown,Unknown,False,Cash,1,Stage 2,Stage 2,Extended Stage 2,Extended Stage 2,Stage 2 • Extended Stage 2,0.78,"Advancing structure remains intact, but price is stretched versus key moving averages or far above the 52-week low.",,,2026-08-07,,8.61,33.32,1878557094.52,0.99,0.36,0.86,False,True,"Stage 2, Extended Stage 2, trend_template_ok, weekly_volume_dryup",watchlist,73.36,75.86,686.12,-0.37,"[20.97, 14.41, 7.92]","[15, 51, 15]",0.95,89.0,28
MANAPPURAM.NS,Manappuram Finance Limited,Financial Services,Unknown,Unknown,True,F&O,1,Stage 2,Stage 2,Clean Stage 2,Clean Stage 2,Stage 2 • Clean Stage 2,0.9,"Price is above rising key averages, weekly structure is supportive, and the stock is near its 52-week high.",,,2026-08-07,,14.17,27.55,1926612013.54,1.64,0.59,1.44,False,False,"Stage 2, Clean Stage 2, trend_template_ok, weekly_vcp_ok, weekly_strong",watchlist,73.27,75.77,382.22,-3.38,"[21.74, 11.06, 8.38]","[28, 25, 9]",0.95,108.0,29
PIDILITIND.NS,Pidilite Industries Limited,Chemicals,Unknown,Unknown,True,F&O,1,Stage 2,Stage 2,Clean Stage 2,Clean Stage 2,Stage 2 • Clean Stage 2,0.9,"Price is above rising key averages, weekly structure is supportive, and the stock is near its 52-week high.",,,2026-08-07,,12.25,18.6,2085929769.64,1.38,0.82,1.75,False,False,"Stage 2, Clean Stage 2, trend_template_ok",watchlist,73.08,75.58,1617.9,4.15,"[17.44, 5.41, 5.2, 4.87]","[23, 9, 6, 5]",1.0,93.0,30
KTKBANK.NS,The Karnataka Bank Limited,Financial Services,Unknown,Unknown,False,Cash,1,Stage 2,Stage 2,Clean Stage 2,Clean Stage 2,Stage 2 • Clean Stage 2,0.9,"Price is above rising key averages, weekly structure is supportive, and the stock is near its 52-week high.",,,2026-08-07,,18.46,52.17,929496435.96,1.79,0.57,1.68,False,False,"Stage 2, Clean Stage 2, trend_template_ok",watchlist,72.97,75.47,283.45,7.69,"[13.29, 8.41, 7.74]","[10, 6, 17]",0.95,47.0,31
LALPATHLAB.NS,Dr. Lal Path Labs Ltd.,Healthcare,Unknown,Unknown,False,Cash,1,Stage 2,Stage 2,Clean Stage 2,Clean Stage 2,Stage 2 • Clean Stage 2,0.9,"Price is above rising key averages, weekly structure is supportive, and the stock is near its 52-week high.",,,2026-08-07,,19.49,40.69,911989222.25,1.2,0.64,0.63,False,True,"Stage 2, Clean Stage 2, trend_template_ok, weekly_volume_dryup",watchlist,70.08,75.08,1782.38,9.63,"[12.78, 10.48]","[14, 11]",0.9,31.0,32
SONACOMS.NS,Sona BLW Precision Forgings Limited,Automobile and Auto Components,Unknown,Unknown,True,F&O,1,Stage 2,Stage 2,Extended Stage 2,Extended Stage 2,Stage 2 • Extended Stage 2,0.78,"Advancing structure remains intact, but price is stretched versus key moving averages or far above the 52-week low.",,,2026-08-07,,33.54,58.2,2475012540.1,1.28,0.79,1.19,False,False,"Stage 2, Extended Stage 2, trend_template_ok, weekly_vcp_ok, weekly_strong",watchlist,69.7,74.7,824.6,-1.47,"[9.52, 6.38]","[10, 11]",0.9,28.0,33
AJANTPHARM.NS,Ajanta Pharma Limited,Healthcare,Unknown,Unknown,False,Cash,1,Stage 2,Stage 2,Clean Stage 2,Clean Stage 2,Stage 2 • Clean Stage 2,0.9,"Price is above rising key averages, weekly structure is supportive, and the stock is near its 52-week high.",,,2026-08-07,,3.41,28.26,369820153.36,1.0,0.32,0.52,False,True,"Stage 2, Clean Stage 2, trend_template_ok, weekly_volume_dryup",watchlist,69.63,74.63,3572.37,-1.85,"[14.02, 5.87]","[8, 19]",0.9,50.0,34
JTLIND.NS,JTL INDUSTRIES LIMITED,Capital Goods,Unknown,Unknown,False,Cash,1,Stage 2,Stage 2,Clean Stage 2,Clean Stage 2,Stage 2 • Clean Stage 2,0.9,"Price is above rising key averages, weekly structure is supportive, and the stock is near its 52-week high.",,,2026-08-07,,6.67,22.9,177999935.45,0.95,0.62,1.45,False,False,"Stage 2, Clean Stage 2, trend_template_ok, weekly_vcp_ok, weekly_strong",watchlist,71.65,74.15,87.35,-11.22,"[22.47, 16.25]","[17, 24]",0.9,64.0,35
MINDACORP.NS,Minda Corporation Limited,Automobile and Auto Components,Unknown,Unknown,False,Cash,1,Stage 2,Stage 2,Clean Stage 2,Clean Stage 2,Stage 2 • Clean Stage 2,0.9,"Price is above rising key averages, weekly structure is supportive, and the stock is near its 52-week high.",,,2026-08-07,,39.32,28.4,185491398.6,0.79,2.36,0.78,True,True,"Stage 2, Clean Stage 2, trend_template_ok, volume_dryup, weekly_volume_dryup",watchlist,69.12,74.12,737.19,-0.15,[8.92],[16],0.0,16.0,36
DALMIASUG.NS,Dalmia Bharat Sugar and Industries Limited,Fast Moving Consumer Goods,Unknown,Unknown,False,Cash,1,Stage 2,Stage 2,Extended Stage 2,Extended Stage 2,Stage 2 • Extended Stage 2,0.78,"Advancing structure remains intact, but price is stretched versus key moving averages or far above the 52-week low.",,,2026-08-07,,9.81,52.06,368263493.68,2.96,1.39,2.26,False,False,"Stage 2, Extended Stage 2, trend_template_ok",watchlist,73.5,73.5,399.1,4.97,"[21.24, 8.86]","[16, 15]",0.9,46.0,37
WSTCSTPAPR.NS,West Coast Paper Mills Limited,Forest Materials,Unknown,Unknown,False,Cash,1,Stage 2,Stage 2,Clean Stage 2,Clean Stage 2,Stage 2 • Clean Stage 2,0.9,"Price is above rising key averages, weekly structure is supportive, and the stock is near its 52-week high.",,,2026-08-07,,20.48,38.46,114482237.37,0.74,0.48,0.82,True,True,"Stage 2, Clean Stage 2, trend_template_ok, volume_dryup, weekly_volume_dryup",watchlist,70.42,72.92,588.07,-0.31,"[12.75, 9.06, 10.39]","[17, 5, 10]",0.55,64.0,38
NAZARA.NS,Nazara Technologies Limited,"Media, Entertainment & Publication",Unknown,Unknown,False,Cash,1,Stage 2,Stage 2,Clean Stage 2,Clean Stage 2,Stage 2 • Clean Stage 2,0.9,"Price is above rising key averages, weekly structure is supportive, and the stock is near its 52-week high.",,,2026-08-07,,27.72,41.5,904168281.26,1.49,1.41,2.05,False,False,"Stage 2, Clean Stage 2, trend_template_ok, weekly_vcp_ok, weekly_strong",watchlist,72.58,72.58,311.0,13.99,"[15.8, 4.4]","[16, 16]",0.9,38.0,39
EICHERMOT.NS,Eicher Motors Limited,Automobile and Auto Components,Unknown,Unknown,True,F&O,1,Stage 2,Stage 2,Clean Stage 2,Clean Stage 2,Stage 2 • Clean Stage 2,0.9,"Price is above rising key averages, weekly structure is supportive, and the stock is near its 52-week high.",,,2026-08-07,,9.41,16.62,4232827989.89,1.06,0.54,0.71,False,True,"Stage 2, Clean Stage 2, trend_template_ok, weekly_vcp_ok, weekly_volume_dryup, weekly_strong",watchlist,67.55,72.55,7687.07,3.75,"[9.62, 6.7]","[9, 25]",0.9,38.0,40
CUB.NS,City Union Bank Limited,Financial Services,Unknown,Unknown,False,Cash,1,Stage 2,Stage 2,Clean Stage 2,Clean Stage 2,Stage 2 • Clean Stage 2,0.9,"Price is above rising key averages, weekly structure is supportive, and the stock is near its 52-week high.",,,2026-08-07,,12.87,5.11,862181550.46,1.73,0.77,1.01,False,False,"Stage 2, Clean Stage 2, trend_template_ok, weekly_vcp_ok, weekly_strong",watchlist,70.0,72.5,243.53,-11.13,"[23.21, 18.57]","[12, 29]",0.9,68.0,41
BALRAMCHIN.NS,Balrampur Chini Mills Limited,Fast Moving Consumer Goods,Unknown,Unknown,False,Cash,1,Stage 2,Stage 2,Clean Stage 2,Clean Stage 2,Stage 2 • Clean Stage 2,0.9,"Price is above rising key averages, weekly structure is supportive, and the stock is near its 52-week high.",,,2026-08-07,,14.22,51.86,573231819.79,1.14,1.2,1.19,False,False,"Stage 2, Clean Stage 2, trend_template_ok, weekly_vcp_ok, weekly_strong",watchlist,71.98,71.98,666.66,-1.71,"[15.94, 9.92, 7.7, 8.25]","[9, 10, 26, 10]",0.73,74.0,42
DCBBANK.NS,DCB Bank Limited,Financial Services,Unknown,Unknown,False,Cash,1,Stage 2,Stage 2,Clean Stage 2,Clean Stage 2,Stage 2 • Clean Stage 2,0.9,"Price is above rising key averages, weekly structure is supportive, and the stock is near its 52-week high.",,,2026-08-07,,-1.32,2.94,304548259.03,1.83,0.95,1.14,False,False,"Stage 2, Clean Stage 2, trend_template_ok, weekly_vcp_ok, weekly_strong",watchlist,69.26,71.76,205.1,-8.61,"[17.05, 8.85, 5.06]","[11, 7, 15]",0.95,64.0,43
NETWEB.NS,Netweb Technologies India Limited,Information Technology,Unknown,Unknown,False,Cash,1,Stage 2,Stage 2,Extended Stage 2,Extended Stage 2,Stage 2 • Extended Stage 2,0.78,"Advancing structure remains intact, but price is stretched versus key moving averages or far above the 52-week low.",,,2026-08-07,,20.4,59.27,5536219691.08,1.08,1.0,0.88,False,True,"Stage 2, Extended Stage 2, trend_template_ok, weekly_volume_dryup",watchlist,70.7,71.7,5249.9,-6.61,"[18.43, 8.45]","[5, 7]",0.9,36.0,44
TVSMOTOR.NS,TVS Motor Company Limited,Automobile and Auto Components,Unknown,Unknown,True,F&O,1,Stage 2,Stage 2,Extended Stage 2,Extended Stage 2,Stage 2 • Extended Stage 2,0.78,"Advancing structure remains intact, but price is stretched versus key moving averages or far above the 52-week low.",,,2026-08-07,,21.47,23.87,5534975701.28,1.23,0.56,0.94,False,False,"Stage 2, Extended Stage 2, trend_template_ok, weekly_vcp_ok, weekly_strong",watchlist,66.43,71.43,3775.0,18.31,"[12.54, 13.46, 5.96]","[15, 8, 7]",0.55,68.0,45
KDDL.NS,KDDL Limited,Consumer Durables,Unknown,Unknown,False,Cash,1,Stage 2,Stage 2,Extended Stage 2,Extended Stage 2,Stage 2 • Extended Stage 2,0.78,"Advancing structure remains intact, but price is stretched versus key moving averages or far above the 52-week low.",,,2026-08-07,,61.54,57.64,190186279.24,2.1,1.29,3.84,False,False,"Stage 2, Extended Stage 2, trend_template_ok",watchlist,70.13,71.13,3395.93,12.95,"[11.38, 10.18]","[10, 9]",0.9,22.0,46
CAPLIPOINT.NS,Caplin Point Laboratories Limited,Healthcare,Unknown,Unknown,False,Cash,1,Stage 2,Stage 2,Clean Stage 2,Clean Stage 2,Stage 2 • Clean Stage 2,0.9,"Price is above rising key averages, weekly structure is supportive, and the stock is near its 52-week high.",,,2026-08-07,,24.75,48.62,252348302.1,0.45,1.12,0.41,True,True,"Stage 2, Clean Stage 2, trend_template_ok, volume_dryup, weekly_volume_dryup",watchlist,65.23,70.23,2699.0,-2.79,[9.77],[6],0.0,6.0,47
USHAMART.NS,Usha Martin Limited,Capital Goods,Unknown,Unknown,False,Cash,1,Stage 2,Stage 2,Clean Stage 2,Clean Stage 2,Stage 2 • Clean Stage 2,0.9,"Price is above rising key averages, weekly structure is supportive, and the stock is near its 52-week high.",,,2026-08-07,,3.53,28.6,286359396.31,1.47,0.65,0.92,False,False,"Stage 2, Clean Stage 2, trend_template_ok",watchlist,67.29,69.79,527.0,-1.94,"[12.8, 6.7]","[14, 9]",0.9,31.0,48
NESTLEIND.NS,Nestle India Limited,Fast Moving Consumer Goods,Unknown,Unknown,True,F&O,1,Stage 2,Stage 2,Clean Stage 2,Clean Stage 2,Stage 2 • Clean Stage 2,0.9,"Price is above rising key averages, weekly structure is supportive, and the stock is near its 52-week high.",,,2026-08-07,,0.08,23.18,3762691133.96,1.32,0.61,1.11,False,False,"Stage 2, Clean Stage 2, trend_template_ok",watchlist,68.65,68.65,1512.64,1.05,"[8.68, 4.79]","[16, 8]",0.9,49.0,49
HARSHA.NS,Harsha Engineers International Limited,Capital Goods,Unknown,Unknown,False,Cash,1,Stage 2,Stage 2,Clean Stage 2,Clean Stage 2,Stage 2 • Clean Stage 2,0.9,"Price is above rising key averages, weekly structure is supportive, and the stock is near its 52-week high.",,,2026-08-07,,1.72,17.53,54042668.94,0.69,2.9,0.97,True,False,"Stage 2, Clean Stage 2, weekly_vcp_ok, volume_dryup, weekly_strong",watchlist,65.48,67.98,436.43,-0.88,"[9.91, 9.49]","[7, 13]",0.9,26.0,50
GRWRHITECH.NS,Garware Hi-Tech Films Limited,Capital Goods,Unknown,Unknown,False,Cash,1,Stage 2,Stage 2,Extended Stage 2,Extended Stage 2,Stage 2 • Extended Stage 2,0.78,"Advancing structure remains intact, but price is stretched versus key moving averages or far above the 52-week low.",,,2026-08-07,,26.64,69.03,570071208.73,1.64,1.85,2.71,False,False,"Stage 2, Extended Stage 2, trend_template_ok",watchlist,64.42,66.92,7185.0,-2.56,[7.44],[8],0.0,8.0,51
ICICIBANK.NS,ICICI Bank Limited,Financial Services,Unknown,Unknown,True,F&O,1,Stage 2,Stage 2,Early Stage 2,Early Stage 2,Stage 2 • Early Stage 2,0.72,"Price has moved above long-term structure, but the full moving-average stack is not clean yet.",,,2026-08-07,,10.73,8.03,18409384330.75,0.92,0.99,0.96,False,False,"Stage 2, Early Stage 2, weekly_vcp_ok, weekly_strong",watchlist,63.74,66.24,1470.2,-2.61,"[17.21, 12.19, 6.77]","[31, 21, 6]",0.95,73.0,52
KIRLOSBROS.NS,Kirloskar Brothers Limited,Capital Goods,Unknown,Unknown,False,Cash,1,Stage 2,Stage 2,Early Stage 2,Early Stage 2,Stage 2 • Early Stage 2,0.72,"Price has moved above long-term structure, but the full moving-average stack is not clean yet.",,,2026-08-07,,17.92,26.16,183702685.03,0.47,0.94,0.55,True,True,"Stage 2, Early Stage 2, volume_dryup, weekly_volume_dryup",watchlist,63.73,66.23,2003.49,-3.09,"[17.78, 10.5]","[9, 8]",0.9,25.0,53
JSWINFRA.NS,JSW Infrastructure Ltd.,Services,Unknown,Unknown,False,Cash,1,Stage 2,Stage 2,Clean Stage 2,Clean Stage 2,Stage 2 • Clean Stage 2,0.9,"Price is above rising key averages, weekly structure is supportive, and the stock is near its 52-week high.",,,2026-08-07,,22.87,36.69,1262352060.06,0.72,1.23,0.58,True,True,"Stage 2, Clean Stage 2, trend_template_ok, weekly_vcp_ok, volume_dryup, weekly_volume_dryup",watchlist,64.97,65.97,355.8,-3.88,[9.22],[10],0.0,10.0,54
MARKSANS.NS,Marksans Pharma Limited,Healthcare,Unknown,Unknown,False,Cash,1,Stage 2,Stage 2,Clean Stage 2,Clean Stage 2,Stage 2 • Clean Stage 2,0.9,"Price is above rising key averages, weekly structure is supportive, and the stock is near its 52-week high.",,,2026-08-07,,30.49,57.68,354011547.0,0.5,0.41,0.5,True,True,"Stage 2, Clean Stage 2, trend_template_ok, volume_dryup, weekly_volume_dryup",watchlist,60.8,65.8,281.6,-3.6,"[13.69, 14.9]","[8, 9]",0.1,40.0,55
HCG.NS,Healthcare Global Enterprises Limited,Healthcare,Unknown,Unknown,False,Cash,1,Stage 2,Stage 2,Early Stage 2,Early Stage 2,Stage 2 • Early Stage 2,0.72,"Price has moved above long-term structure, but the full moving-average stack is not clean yet.",,,2026-08-07,,12.5,30.48,162739938.59,0.93,2.3,1.36,False,False,"Stage 2, Early Stage 2, weekly_vcp_ok, weekly_strong",watchlist,60.24,65.24,688.2,3.99,"[16.39, 11.05]","[31, 23]",0.9,93.0,56
SBIN.NS,State Bank of India,Financial Services,Unknown,Unknown,True,F&O,1,Stage 2,Stage 2,Early Stage 2,Early Stage 2,Stage 2 • Early Stage 2,0.72,"Price has moved above long-term structure, but the full moving-average stack is not clean yet.",,,2026-08-07,,6.12,-0.23,11986575132.42,0.99,1.51,1.29,False,False,"Stage 2, Early Stage 2, weekly_vcp_ok, weekly_strong",watchlist,62.6,65.1,1101.1,-2.73,"[20.97, 15.19, 5.57]","[22, 20, 16]",0.95,103.0,57
AARTIDRUGS.NS,Aarti Drugs Limited,Healthcare,Unknown,Unknown,False,Cash,1,Stage 2,Stage 2,Early Stage 2,Early Stage 2,Stage 2 • Early Stage 2,0.72,"Price has moved above long-term structure, but the full moving-average stack is not clean yet.",,,2026-08-07,,11.46,16.66,88486431.14,0.91,1.06,0.78,False,True,"Stage 2, Early Stage 2, weekly_vcp_ok, weekly_volume_dryup, weekly_strong",watchlist,60.02,65.02,436.01,-3.09,"[24.05, 11.52, 10.36]","[37, 8, 9]",0.95,84.0,58
TECHM.NS,Tech Mahindra Limited,Information Technology,Unknown,Unknown,True,F&O,1,Stage 2,Stage 2,Early Stage 2,Early Stage 2,Stage 2 • Early Stage 2,0.72,"Price has moved above long-term structure, but the full moving-average stack is not clean yet.",,,2026-08-07,,20.1,8.38,5135779524.26,1.3,0.96,1.19,False,False,"Stage 2, Early Stage 2",watchlist,63.95,64.95,1689.55,-2.93,"[29.66, 13.32, 10.8]","[23, 18, 23]",0.95,93.0,59
ELGIEQUIP.NS,Elgi Equipments Limited,Capital Goods,Unknown,Unknown,False,Cash,1,Stage 2,Stage 2,Early Stage 2,Early Stage 2,Stage 2 • Early Stage 2,0.72,"Price has moved above long-term structure, but the full moving-average stack is not clean yet.",,,2026-08-07,,7.73,25.2,162481294.3,0.71,3.32,1.14,True,False,"Stage 2, Early Stage 2, volume_dryup",watchlist,62.3,64.8,630.91,-7.66,"[17.65, 11.61, 10.03]","[19, 13, 15]",0.95,96.0,60
HNDFDS.NS,Hindustan Foods Limited,Fast Moving Consumer Goods,Unknown,Unknown,False,Cash,1,Stage 2,Stage 2,Early Stage 2,Early Stage 2,Stage 2 • Early Stage 2,0.72,"Price has moved above long-term structure, but the full moving-average stack is not clean yet.",,,2026-08-07,,7.31,24.85,50052555.65,1.24,0.89,1.53,False,False,"Stage 2, Early Stage 2, weekly_vcp_ok, weekly_strong",watchlist,64.32,64.32,595.54,-1.67,"[14.07, 7.25, 4.57]","[20, 18, 32]",0.95,98.0,61
TITAN.NS,Titan Company Limited,Consumer Durables,Unknown,Unknown,True,F&O,1,Stage 2,Stage 2,Clean Stage 2,Clean Stage 2,Stage 2 • Clean Stage 2,0.9,"Price is above rising key averages, weekly structure is supportive, and the stock is near its 52-week high.",,,2026-08-07,,18.34,24.56,4514208364.81,1.32,4.0,1.81,False,False,"Stage 2, Clean Stage 2, trend_template_ok",watchlist,63.09,64.09,4687.99,8.58,"[12.11, 12.98]","[16, 40]",0.1,70.0,62
TATVA.NS,Tatva Chintan Pharma Chem Limited,Chemicals,Unknown,Unknown,False,Cash,1,Stage 2,Stage 2,Extended Stage 2,Extended Stage 2,Stage 2 • Extended Stage 2,0.78,"Advancing structure remains intact, but price is stretched versus key moving averages or far above the 52-week low.",,,2026-08-07,,35.47,48.9,619626344.99,0.57,0.29,0.39,True,True,"Stage 2, Extended Stage 2, volume_dryup, weekly_volume_dryup",watchlist,61.1,63.6,1839.77,-3.49,"[17.58, 16.53, 11.17]","[6, 7, 5]",0.95,69.0,63
GABRIEL.NS,Gabriel India Limited,Automobile and Auto Components,Unknown,Unknown,False,Cash,1,Stage 2,Stage 2,Early Stage 2,Early Stage 2,Stage 2 • Early Stage 2,0.72,"Price has moved above long-term structure, but the full moving-average stack is not clean yet.",,,2026-08-07,,28.75,58.68,1344642157.93,0.76,0.35,0.8,True,True,"Stage 2, Early Stage 2, daily_vcp_ok, weekly_vcp_ok, volume_dryup, weekly_volume_dryup, weekly_strong",watchlist,58.58,63.58,1522.56,-3.47,"[23.55, 6.97]","[20, 35]",0.9,67.0,64
PDSL.NS,PDS Limited,Textiles,Unknown,Unknown,False,Cash,1,Stage 2,Stage 2,Early Stage 2,Early Stage 2,Stage 2 • Early Stage 2,0.72,"Price has moved above long-term structure, but the full moving-average stack is not clean yet.",,,2026-08-07,,31.56,14.58,265731684.79,0.35,1.09,0.47,True,True,"Stage 2, Early Stage 2, weekly_vcp_ok, volume_dryup, weekly_volume_dryup, weekly_strong",watchlist,58.3,63.3,417.29,-8.4,"[36.07, 17.93]","[33, 16]",0.9,57.0,65
ASIANPAINT.NS,Asian Paints Limited,Consumer Durables,Unknown,Unknown,True,F&O,1,Stage 2,Stage 2,Early Stage 2,Early Stage 2,Stage 2 • Early Stage 2,0.72,"Price has moved above long-term structure, but the full moving-average stack is not clean yet.",,,2026-08-07,,0.82,20.15,2821025499.91,1.14,0.87,0.74,False,True,"Stage 2, Early Stage 2, weekly_vcp_ok, weekly_volume_dryup, weekly_strong",watchlist,61.8,62.8,2869.01,-4.15,"[7.61, 6.35]","[7, 31]",0.9,60.0,66
MEDANTA.NS,Global Health Limited,Healthcare,Unknown,Unknown,False,Cash,1,Stage 2,Stage 2,Early Stage 2,Early Stage 2,Stage 2 • Early Stage 2,0.72,"Price has moved above long-term structure, but the full moving-average stack is not clean yet.",,,2026-08-07,,18.28,37.89,352512708.17,1.22,1.47,1.37,False,False,"Stage 2, Early Stage 2, weekly_vcp_ok, weekly_strong",watchlist,57.7,62.7,1372.1,7.59,"[19.64, 9.78]","[26, 12]",0.9,68.0,67
BHARATFORG.NS,Bharat Forge Limited,Capital Goods,Unknown,Unknown,True,F&O,1,Stage 2,Stage 2,Early Stage 2,Early Stage 2,Stage 2 • Early Stage 2,0.72,"Price has moved above long-term structure, but the full moving-average stack is not clean yet.",,,2026-08-07,,2.57,36.78,2202291656.54,1.03,4.83,1.61,False,False,"Stage 2, Early Stage 2",watchlist,60.04,62.54,2231.23,-6.19,"[16.81, 10.59, 6.69]","[19, 8, 13]",0.95,90.0,68
AKUMS.NS,Akums Drugs and Pharmaceuticals Ltd.,Healthcare,Unknown,Unknown,False,Cash,1,Stage 2,Stage 2,Clean Stage 2,Clean Stage 2,Stage 2 • Clean Stage 2,0.9,"Price is above rising key averages, weekly structure is supportive, and the stock is near its 52-week high.",,,2026-08-07,,30.6,68.49,233837038.62,1.02,7.43,1.86,False,False,"Stage 2, Clean Stage 2, trend_template_ok, weekly_vcp_ok, weekly_strong",watchlist,57.38,62.38,714.7,2.15,[10.22],[19],0.0,19.0,69
SUNDRMFAST.NS,Sundram Fasteners Limited,Automobile and Auto Components,Unknown,Unknown,False,Cash,1,Stage 2,Stage 2,Extended Stage 2,Extended Stage 2,Stage 2 • Extended Stage 2,0.78,"Advancing structure remains intact, but price is stretched versus key moving averages or far above the 52-week low.",,,2026-08-07,,26.94,25.71,193008467.44,1.55,1.21,2.67,False,False,"Stage 2, Extended Stage 2, weekly_vcp_ok, weekly_strong",watchlist,57.2,62.2,974.7,15.04,"[28.33, 10.67, 7.25]","[41, 6, 6]",0.95,86.0,70
EXIDEIND.NS,Exide Industries Limited,Automobile and Auto Components,Unknown,Unknown,True,F&O,1,Stage 2,Stage 2,Early Stage 2,Early Stage 2,Stage 2 • Early Stage 2,0.72,"Price has moved above long-term structure, but the full moving-average stack is not clean yet.",,,2026-08-07,,34.48,51.24,3012781150.94,1.78,0.52,1.26,False,False,"Stage 2, Early Stage 2",watchlist,57.1,62.1,453.59,7.01,"[17.03, 12.21, 7.83]","[36, 10, 14]",0.95,95.0,71
TASTYBITE.NS,Tasty Bite Eatables Limited,Fast Moving Consumer Goods,Unknown,Unknown,False,Cash,1,Stage 2,Stage 2,Early Stage 2,Early Stage 2,Stage 2 • Early Stage 2,0.72,"Price has moved above long-term structure, but the full moving-average stack is not clean yet.",,,2026-08-07,,20.31,37.53,31664990.48,0.64,1.63,0.8,True,True,"Stage 2, Early Stage 2, daily_vcp_ok, volume_dryup, weekly_volume_dryup",watchlist,61.72,61.72,9482.29,0.45,"[26.93, 6.73]","[24, 29]",0.9,71.0,72
SHILPAMED.NS,Shilpa Medicare Limited,Healthcare,Unknown,Unknown,False,Cash,1,Stage 2,Stage 2,Extended Stage 2,Extended Stage 2,Stage 2 • Extended Stage 2,0.78,"Advancing structure remains intact, but price is stretched versus key moving averages or far above the 52-week low.",,,2026-08-07,,78.86,160.26,2131113881.62,2.72,2.91,5.61,False,False,"Stage 2, Extended Stage 2, trend_template_ok, weekly_vcp_ok, weekly_strong",watchlist,56.0,61.0,651.14,24.02,[8.08],[8],0.0,8.0,73
SUMICHEM.NS,Sumitomo Chemical India Limited,Chemicals,Unknown,Unknown,False,Cash,1,Stage 2,Stage 2,Early Stage 2,Early Stage 2,Stage 2 • Early Stage 2,0.72,"Price has moved above long-term structure, but the full moving-average stack is not clean yet.",,,2026-08-07,,18.35,41.73,415796486.02,0.73,1.17,0.63,True,True,"Stage 2, Early Stage 2, volume_dryup, weekly_volume_dryup",watchlist,58.48,60.98,551.9,1.69,"[18.17, 14.92]","[31, 10]",0.9,94.0,74
ICIL.NS,Indo Count Industries Limited,Textiles,Unknown,Unknown,False,Cash,1,Stage 2,Stage 2,Clean Stage 2,Clean Stage 2,Stage 2 • Clean Stage 2,0.9,"Price is above rising key averages, weekly structure is supportive, and the stock is near its 52-week high.",,,2026-08-07,,44.79,45.02,150212222.54,0.37,0.84,0.35,True,True,"Stage 2, Clean Stage 2, trend_template_ok, volume_dryup, weekly_volume_dryup",watchlist,55.25,60.25,464.61,-8.53,[17.16],[10],0.0,10.0,75
RAJRATAN.NS,Rajratan Global Wire Limited,Automobile and Auto Components,Unknown,Unknown,False,Cash,1,Stage 2,Stage 2,Early Stage 2,Early Stage 2,Stage 2 • Early Stage 2,0.72,"Price has moved above long-term structure, but the full moving-average stack is not clean yet.",,,2026-08-07,,23.61,17.33,195134963.59,1.11,0.35,1.51,False,False,"Stage 2, Early Stage 2, weekly_vcp_ok, weekly_strong",watchlist,55.19,60.19,544.95,-3.26,"[35.48, 15.01, 9.94]","[31, 7, 14]",0.95,93.0,76
JLHL.NS,Jupiter Life Line Hospitals Limited,Healthcare,Unknown,Unknown,False,Cash,1,Stage 2,Stage 2,Early Stage 2,Early Stage 2,Stage 2 • Early Stage 2,0.72,"Price has moved above long-term structure, but the full moving-average stack is not clean yet.",,,2026-08-07,,15.79,32.88,72200783.28,1.45,0.38,1.08,False,False,"Stage 2, Early Stage 2, weekly_vcp_ok, weekly_strong",watchlist,54.94,59.94,340.6,-6.05,"[13.93, 6.76]","[21, 9]",0.9,63.0,77
BHEL.NS,Bharat Heavy Electricals Limited,Capital Goods,Unknown,Unknown,True,F&O,1,Stage 2,Stage 2,Clean Stage 2,Clean Stage 2,Stage 2 • Clean Stage 2,0.9,"Price is above rising key averages, weekly structure is supportive, and the stock is near its 52-week high.",,,2026-08-07,,-5.84,54.02,5424986741.72,0.5,0.3,0.45,True,True,"Stage 2, Clean Stage 2, volume_dryup, weekly_volume_dryup",watchlist,57.29,59.79,447.28,-8.56,"[13.49, 12.25, 11.42]","[9, 13, 8]",0.95,43.0,78
MOTHERSON.NS,Samvardhana Motherson International Limited,Automobile and Auto Components,Unknown,Unknown,True,F&O,1,Stage 2,Stage 2,Clean Stage 2,Clean Stage 2,Stage 2 • Clean Stage 2,0.9,"Price is above rising key averages, weekly structure is supportive, and the stock is near its 52-week high.",,,2026-08-07,,28.29,40.31,3545347490.52,1.45,1.31,2.15,False,False,"Stage 2, Clean Stage 2, trend_template_ok",watchlist,54.63,59.63,149.76,12.17,[9.92],[27],0.0,27.0,79
DYNAMATECH.NS,Dynamatic Technologies Limited,Capital Goods,Unknown,Unknown,False,Cash,1,Stage 2,Stage 2,Stage 2,Stage 2,Stage 2,0.76,Advancing structure detected.,,,2026-08-07,,-1.1,34.15,143866476.45,1.24,4.26,1.87,False,False,"Stage 2, Stage 2",watchlist,57.0,59.5,11169.01,-0.19,"[22.72, 16.0, 9.79]","[8, 13, 9]",0.95,53.0,80
CRAFTSMAN.NS,Craftsman Automation Limited,Automobile and Auto Components,Unknown,Unknown,False,Cash,1,Stage 2,Stage 2,Clean Stage 2,Clean Stage 2,Stage 2 • Clean Stage 2,0.9,"Price is above rising key averages, weekly structure is supportive, and the stock is near its 52-week high.",,,2026-08-07,,14.78,36.01,656618613.21,1.16,0.5,0.45,False,True,"Stage 2, Clean Stage 2, trend_template_ok, weekly_volume_dryup",watchlist,54.45,59.45,9943.26,3.41,[8.04],[43],0.0,43.0,81
ACE.NS,Action Construction Equipment Limited,Capital Goods,Unknown,Unknown,False,Cash,1,Stage 2,Stage 2,Early Stage 2,Early Stage 2,Stage 2 • Early Stage 2,0.72,"Price has moved above long-term structure, but the full moving-average stack is not clean yet.",,,2026-08-07,,20.3,25.74,841554969.41,0.89,0.49,0.72,False,True,"Stage 2, Early Stage 2, weekly_vcp_ok, weekly_volume_dryup, weekly_strong",watchlist,56.84,59.34,1083.69,2.76,"[17.39, 11.44, 8.52]","[11, 12, 22]",0.95,91.0,82
DEEPAKNTR.NS,Deepak Nitrite Limited,Chemicals,Unknown,Unknown,False,Cash,1,Stage 2,Stage 2,Stage 2,Stage 2,Stage 2,0.76,Advancing structure detected.,,,2026-08-07,,-8.87,15.86,832985967.55,2.76,2.62,5.51,False,False,"Stage 2, Stage 2, weekly_vcp_ok, weekly_strong",watchlist,56.8,59.3,1892.58,-5.99,"[26.39, 19.17, 7.34]","[32, 36, 6]",0.95,112.0,83
GRANULES.NS,Granules India Limited,Healthcare,Unknown,Unknown,False,Cash,1,Stage 2,Stage 2,Clean Stage 2,Clean Stage 2,Stage 2 • Clean Stage 2,0.9,"Price is above rising key averages, weekly structure is supportive, and the stock is near its 52-week high.",,,2026-08-07,,12.5,56.64,863551423.86,0.74,0.64,0.7,True,True,"Stage 2, Clean Stage 2, trend_template_ok, volume_dryup, weekly_volume_dryup",watchlist,54.23,59.23,909.7,-6.0,[8.43],[13],0.0,13.0,84
WABAG.NS,VA Tech Wabag Limited,Utilities,Unknown,Unknown,False,Cash,1,Stage 2,Stage 2,Messy Stage 2,Messy Stage 2,Stage 2 • Messy Stage 2,0.64,"Long-term structure is still constructive, but the short-term/weekly structure is not clean.",,,2026-08-07,,37.11,57.47,1206595900.62,0.63,0.35,0.33,True,True,"Stage 2, Messy Stage 2, trend_template_ok, volume_dryup, weekly_volume_dryup",watchlist,54.1,59.1,2251.95,-12.36,[17.44],[11],0.0,11.0,85
JAMNAAUTO.NS,Jamna Auto Industries Limited,Automobile and Auto Components,Unknown,Unknown,False,Cash,1,Stage 2,Stage 2,Early Stage 2,Early Stage 2,Stage 2 • Early Stage 2,0.72,"Price has moved above long-term structure, but the full moving-average stack is not clean yet.",,,2026-08-07,,3.87,-0.33,364724724.78,1.58,6.36,2.59,False,False,"Stage 2, Early Stage 2, weekly_vcp_ok, weekly_strong",watchlist,53.99,58.99,141.25,-9.07,"[27.12, 16.43, 14.97, 9.06]","[28, 21, 9, 15]",1.0,109.0,86
FCL.NS,Fineotex Chemical Limited,Chemicals,Unknown,Unknown,False,Cash,1,Stage 2,Stage 2,Extended Stage 2,Extended Stage 2,Stage 2 • Extended Stage 2,0.78,"Advancing structure remains intact, but price is stretched versus key moving averages or far above the 52-week low.",,,2026-08-07,,53.41,91.07,551740751.68,0.78,1.15,0.82,True,True,"Stage 2, Extended Stage 2, trend_template_ok, volume_dryup, weekly_volume_dryup",watchlist,56.46,58.96,43.48,-2.22,[20.95],[29],0.0,29.0,87
SYRMA.NS,Syrma SGS Technology Limited,Capital Goods,Unknown,Unknown,False,Cash,1,Stage 2,Stage 2,Extended Stage 2,Extended Stage 2,Stage 2 • Extended Stage 2,0.78,"Advancing structure remains intact, but price is stretched versus key moving averages or far above the 52-week low.",,,2026-08-07,,42.26,78.49,2146794113.8,1.63,2.79,1.26,False,False,"Stage 2, Extended Stage 2, trend_template_ok, weekly_vcp_ok, weekly_strong",watchlist,56.38,58.88,1468.0,3.3,[13.73],[11],0.0,11.0,88
POWERINDIA.NS,Hitachi Energy India Limited,Capital Goods,Unknown,Unknown,True,F&O,1,Stage 2 Failed,Stage 2,Failed Stage 2,Failed Stage 2,Stage 2 Failed • Failed Stage 2,0.7,Failed Stage 2 cooling period is still active; waiting for a fresh base or confirmed reclaim.,Failed Stage 2 hold period active.,,2026-07-20,,8.41,69.46,4545499243.0,1.0,4.69,1.31,False,False,"Stage 2, Stage 2 | Failed Stage 2 hold period active.",watchlist,56.34,58.84,34274.88,5.18,"[18.58, 10.95]","[8, 8]",0.9,25.0,89
NEOGEN.NS,Neogen Chemicals Limited,Chemicals,Unknown,Unknown,False,Cash,1,Stage 2,Stage 2,Extended Stage 2,Extended Stage 2,Stage 2 • Extended Stage 2,0.78,"Advancing structure remains intact, but price is stretched versus key moving averages or far above the 52-week low.",,,2026-08-07,,23.27,65.9,365986271.98,1.47,3.46,1.43,False,False,"Stage 2, Extended Stage 2, trend_template_ok, weekly_vcp_ok, weekly_strong",watchlist,56.12,58.62,2378.15,-8.21,[11.72],[9],0.0,9.0,90
EMCURE.NS,Emcure Pharmaceuticals Ltd.,Healthcare,Unknown,Unknown,False,Cash,1,Stage 2,Stage 2,Clean Stage 2,Clean Stage 2,Stage 2 • Clean Stage 2,0.9,"Price is above rising key averages, weekly structure is supportive, and the stock is near its 52-week high.",,,2026-08-07,,15.26,36.26,293874524.86,0.93,1.43,0.99,False,False,"Stage 2, Clean Stage 2, trend_template_ok",watchlist,53.58,58.58,1943.39,2.67,[9.93],[16],0.0,16.0,91
KOLTEPATIL.NS,Kolte - Patil Developers Limited,Realty,Unknown,Unknown,False,Cash,1,Stage 2,Stage 2,Extended Stage 2,Extended Stage 2,Stage 2 • Extended Stage 2,0.78,"Advancing structure remains intact, but price is stretched versus key moving averages or far above the 52-week low.",,,2026-08-07,,21.72,31.87,82131587.39,2.66,3.85,4.97,False,False,"Stage 2, Extended Stage 2, weekly_vcp_ok",watchlist,57.56,58.56,408.0,13.28,"[21.53, 13.97, 14.75, 8.01]","[21, 18, 14, 12]",0.73,89.0,92
SANSERA.NS,Sansera Engineering Limited,Automobile and Auto Components,Unknown,Unknown,False,Cash,1,Stage 2,Stage 2,Extended Stage 2,Extended Stage 2,Stage 2 • Extended Stage 2,0.78,"Advancing structure remains intact, but price is stretched versus key moving averages or far above the 52-week low.",,,2026-08-07,,53.79,104.05,820043957.54,0.83,0.81,1.07,True,False,"Stage 2, Extended Stage 2, trend_template_ok, volume_dryup",watchlist,53.5,58.5,3463.55,10.07,[5.86],[14],0.0,14.0,93
PRICOLLTD.NS,Pricol Limited,Automobile and Auto Components,Unknown,Unknown,False,Cash,1,Stage 2,Stage 2,Extended Stage 2,Extended Stage 2,Stage 2 • Extended Stage 2,0.78,"Advancing structure remains intact, but price is stretched versus key moving averages or far above the 52-week low.",,,2026-08-07,,20.25,31.33,439569719.08,1.5,0.9,1.13,False,False,"Stage 2, Extended Stage 2, weekly_vcp_ok, weekly_strong",watchlist,53.48,58.48,633.08,15.75,"[17.34, 5.65]","[19, 13]",0.9,49.0,94
ENGINERSIN.NS,Engineers India Limited,Construction,Unknown,Unknown,False,Cash,1,Stage 2,Stage 2,Stage 2,Stage 2,Stage 2,0.76,Advancing structure detected.,,,2026-08-07,,-2.09,50.38,431797203.17,0.84,1.71,1.36,True,False,"Stage 2, Stage 2, weekly_vcp_ok, volume_dryup, weekly_strong",watchlist,58.46,58.46,265.46,-6.59,"[20.22, 17.19]","[11, 23]",0.9,56.0,95
JUBLINGREA.NS,Jubilant Ingrevia Limited,Chemicals,Unknown,Unknown,False,Cash,1,Stage 2,Stage 2,Early Stage 2,Early Stage 2,Stage 2 • Early Stage 2,0.72,"Price has moved above long-term structure, but the full moving-average stack is not clean yet.",,,2026-08-07,,-2.48,26.4,455827468.95,0.67,0.69,0.73,True,True,"Stage 2, Early Stage 2, weekly_vcp_ok, volume_dryup, weekly_volume_dryup, weekly_strong",watchlist,55.93,58.43,793.72,-6.53,"[22.79, 19.87]","[23, 48]",0.9,100.0,96
BAJAJ-AUTO.NS,Bajaj Auto Limited,Automobile and Auto Components,Unknown,Unknown,True,F&O,1,Stage 2,Stage 2,Clean Stage 2,Clean Stage 2,Stage 2 • Clean Stage 2,0.9,"Price is above rising key averages, weekly structure is supportive, and the stock is near its 52-week high.",,,2026-08-07,,10.24,29.03,5566449557.05,0.74,0.46,0.67,True,True,"Stage 2, Clean Stage 2, trend_template_ok, volume_dryup, weekly_volume_dryup",watchlist,53.32,58.32,11876.75,-1.68,[11.62],[22],0.0,22.0,97
MAHLIFE.NS,Mahindra Lifespace Developers Limited,Realty,Unknown,Unknown,False,Cash,1,Stage 2,Stage 2,Early Stage 2,Early Stage 2,Stage 2 • Early Stage 2,0.72,"Price has moved above long-term structure, but the full moving-average stack is not clean yet.",,,2026-08-07,,15.42,8.31,141567883.84,0.61,0.41,0.68,True,True,"Stage 2, Early Stage 2, volume_dryup, weekly_volume_dryup",watchlist,57.28,58.28,408.71,-5.35,"[20.98, 11.26, 8.56, 8.49]","[6, 11, 13, 9]",1.0,56.0,98
M&MFIN.NS,Mahindra & Mahindra Financial Services Limited,Financial Services,Unknown,Unknown,False,Cash,1,Stage 2,Stage 2,Extended Stage 2,Extended Stage 2,Stage 2 • Extended Stage 2,0.78,"Advancing structure remains intact, but price is stretched versus key moving averages or far above the 52-week low.",,,2026-08-07,,26.55,15.44,2637029840.09,0.87,0.56,0.62,False,True,"Stage 2, Extended Stage 2, weekly_vcp_ok, weekly_volume_dryup, weekly_strong",watchlist,55.68,58.18,410.47,0.45,"[31.31, 19.55]","[36, 24]",0.9,82.0,99
ITDC.NS,India Tourism Development Corporation Limited,Consumer Services,Unknown,Unknown,False,Cash,1,Stage 2,Stage 2,Early Stage 2,Early Stage 2,Stage 2 • Early Stage 2,0.72,"Price has moved above long-term structure, but the full moving-average stack is not clean yet.",,,2026-08-07,,18.97,34.89,1445929184.54,0.08,0.03,0.04,True,True,"Stage 2, Early Stage 2, weekly_vcp_ok, volume_dryup, weekly_volume_dryup, weekly_strong",watchlist,58.12,58.12,823.44,-15.51,"[38.33, 14.45, 9.29]","[32, 5, 10]",0.95,98.0,100
ASTRAMICRO.NS,Astra Microwave Products Limited,Capital Goods,Unknown,Unknown,False,Cash,1,Stage 2,Stage 2,Extended Stage 2,Extended Stage 2,Stage 2 • Extended Stage 2,0.78,"Advancing structure remains intact, but price is stretched versus key moving averages or far above the 52-week low.",,,2026-08-07,,50.85,94.02,1084303614.94,1.04,2.39,0.59,False,True,"Stage 2, Extended Stage 2, trend_template_ok, weekly_volume_dryup",watchlist,55.62,58.12,1963.43,-11.65,[10.84],[5],0.0,5.0,101
TI.NS,Tilaknagar Industries Limited,Fast Moving Consumer Goods,Unknown,Unknown,False,Cash,1,Stage 2,Stage 2,Early Stage 2,Early Stage 2,Stage 2 • Early Stage 2,0.72,"Price has moved above long-term structure, but the full moving-average stack is not clean yet.",,,2026-08-07,,9.97,15.72,393507007.57,2.27,2.06,2.5,False,False,"Stage 2, Early Stage 2",watchlist,57.92,57.92,476.68,5.56,"[15.79, 11.68, 7.54]","[20, 6, 19]",0.95,71.0,102
ALKEM.NS,Alkem Laboratories Limited,Healthcare,Unknown,Unknown,True,F&O,1,Stage 2,Stage 2,Early Stage 2,Early Stage 2,Stage 2 • Early Stage 2,0.72,"Price has moved above long-term structure, but the full moving-average stack is not clean yet.",,,2026-08-07,,-2.48,4.09,702223923.82,0.75,0.57,0.57,True,True,"Stage 2, Early Stage 2, daily_vcp_ok, weekly_vcp_ok, volume_dryup, weekly_volume_dryup, weekly_strong",watchlist,52.88,57.88,5882.27,-4.82,"[12.22, 4.94]","[21, 38]",0.9,98.0,103
STLTECH.NS,Sterlite Technologies Limited,Telecommunication,Unknown,Unknown,False,Cash,1,Stage 2,Stage 2,Extended Stage 2,Extended Stage 2,Stage 2 • Extended Stage 2,0.78,"Advancing structure remains intact, but price is stretched versus key moving averages or far above the 52-week low.",,,2026-08-07,,45.65,350.95,1368368859.43,0.92,0.53,0.99,False,False,"Stage 2, Extended Stage 2, trend_template_ok",watchlist,52.88,57.88,593.39,7.48,[27.4],[17],0.0,17.0,104
VENUSPIPES.NS,Venus Pipes & Tubes Limited,Capital Goods,Unknown,Unknown,False,Cash,1,Stage 2,Stage 2,Early Stage 2,Early Stage 2,Stage 2 • Early Stage 2,0.72,"Price has moved above long-term structure, but the full moving-average stack is not clean yet.",,,2026-08-07,,18.13,42.9,177938910.56,0.96,5.02,1.26,False,False,"Stage 2, Early Stage 2",watchlist,55.27,57.77,1878.28,-13.77,"[17.41, 11.99]","[13, 11]",0.9,31.0,105
ANANDRATHI.NS,Anand Rathi Wealth Limited,Financial Services,Unknown,Unknown,False,Cash,1,Stage 2,Stage 2,Clean Stage 2,Clean Stage 2,Stage 2 • Clean Stage 2,0.9,"Price is above rising key averages, weekly structure is supportive, and the stock is near its 52-week high.",,,2026-08-07,,15.17,49.35,443873797.72,0.41,0.67,0.56,True,True,"Stage 2, Clean Stage 2, trend_template_ok, volume_dryup, weekly_volume_dryup",watchlist,55.25,57.75,2180.01,-2.23,[8.0],[10],0.0,10.0,106
INOXINDIA.NS,INOX India Ltd.,Capital Goods,Unknown,Unknown,False,Cash,1,Stage 2,Stage 2,Clean Stage 2,Clean Stage 2,Stage 2 • Clean Stage 2,0.9,"Price is above rising key averages, weekly structure is supportive, and the stock is near its 52-week high.",,,2026-08-07,,33.81,75.14,467059969.88,0.41,0.46,0.45,True,True,"Stage 2, Clean Stage 2, trend_template_ok, volume_dryup, weekly_volume_dryup",watchlist,55.25,57.75,2123.51,-6.57,[14.8],[10],0.0,10.0,107
GLENMARK.NS,Glenmark Pharmaceuticals Limited,Healthcare,Unknown,Unknown,True,F&O,1,Stage 2,Stage 2,Stage 2,Stage 2,Stage 2,0.76,Advancing structure detected.,,,2026-08-07,,-6.31,20.98,1241696927.01,0.91,0.44,0.69,False,True,"Stage 2, Stage 2, weekly_vcp_ok, weekly_volume_dryup, weekly_strong",watchlist,52.6,57.6,2427.0,-7.24,"[14.42, 13.43]","[14, 20]",0.9,66.0,108
DATAPATTNS.NS,Data Patterns (India) Limited,Capital Goods,Unknown,Unknown,False,Cash,1,Stage 2,Stage 2,Messy Stage 2,Messy Stage 2,Stage 2 • Messy Stage 2,0.64,"Long-term structure is still constructive, but the short-term/weekly structure is not clean.",,,2026-08-07,,5.54,62.89,5033627242.69,0.77,0.46,0.63,True,True,"Stage 2, Messy Stage 2, trend_template_ok, volume_dryup, weekly_volume_dryup",watchlist,55.07,57.57,4829.63,-8.28,[21.33],[22],0.0,22.0,109
CASTROLIND.NS,Castrol India Limited,"Oil, Gas & Consumable Fuels",Unknown,Unknown,False,Cash,1,Stage 2,Stage 2,Early Stage 2,Early Stage 2,Stage 2 • Early Stage 2,0.72,"Price has moved above long-term structure, but the full moving-average stack is not clean yet.",,,2026-08-07,,1.39,12.06,524010268.44,2.37,3.26,4.48,False,False,"Stage 2, Early Stage 2, weekly_vcp_ok, weekly_strong",watchlist,56.55,57.55,188.96,2.37,"[7.72, 4.09]","[33, 10]",0.9,68.0,110
AADHARHFC.NS,Aadhar Housing Finance Ltd.,Financial Services,Unknown,Unknown,False,Cash,1,Stage 2,Stage 2,Early Stage 2,Early Stage 2,Stage 2 • Early Stage 2,0.72,"Price has moved above long-term structure, but the full moving-average stack is not clean yet.",,,2026-08-07,,-2.1,10.3,152097140.05,0.59,0.35,0.49,True,True,"Stage 2, Early Stage 2, weekly_vcp_ok, volume_dryup, weekly_volume_dryup, weekly_strong",watchlist,55.02,57.52,563.99,-11.05,"[13.45, 11.23]","[16, 37]",0.9,64.0,111
WELSPUNLIV.NS,Welspun Living Ltd.,Textiles,Unknown,Unknown,False,Cash,1,Stage 2,Stage 2,Clean Stage 2,Clean Stage 2,Stage 2 • Clean Stage 2,0.9,"Price is above rising key averages, weekly structure is supportive, and the stock is near its 52-week high.",,,2026-08-07,,17.32,17.91,261668342.94,0.59,0.7,0.75,True,True,"Stage 2, Clean Stage 2, trend_template_ok, volume_dryup, weekly_volume_dryup",watchlist,52.4,57.4,174.97,-6.1,[8.67],[7],0.0,7.0,112
360ONE.NS,360 ONE WAM LIMITED,Financial Services,Unknown,Unknown,True,F&O,1,Stage 2,Stage 2,Early Stage 2,Early Stage 2,Stage 2 • Early Stage 2,0.72,"Price has moved above long-term structure, but the full moving-average stack is not clean yet.",,,2026-08-07,,3.95,10.78,1511103731.64,0.86,0.38,1.03,False,False,"Stage 2, Early Stage 2, daily_vcp_ok",watchlist,54.86,57.36,1165.1,0.9,"[10.35, 9.13, 8.97, 7.71]","[7, 24, 12, 13]",1.0,68.0,113
PPLPHARMA.NS,Piramal Pharma Ltd.,Healthcare,Unknown,Unknown,False,Cash,1,Stage 2,Stage 2,Extended Stage 2,Extended Stage 2,Stage 2 • Extended Stage 2,0.78,"Advancing structure remains intact, but price is stretched versus key moving averages or far above the 52-week low.",,,2026-08-07,,17.22,35.8,1537462943.12,1.1,1.13,0.9,False,False,"Stage 2, Extended Stage 2",watchlist,52.02,57.02,181.04,17.99,"[13.36, 12.52]","[9, 19]",0.9,32.0,114
BAJFINANCE.NS,Bajaj Finance Limited,Financial Services,Unknown,Unknown,True,F&O,1,Stage 2,Stage 2,Early Stage 2,Early Stage 2,Stage 2 • Early Stage 2,0.72,"Price has moved above long-term structure, but the full moving-average stack is not clean yet.",,,2026-08-07,,16.43,17.42,11420389565.41,1.22,0.72,0.9,False,False,"Stage 2, Early Stage 2, weekly_vcp_ok, weekly_strong",watchlist,54.49,56.99,1178.46,-6.47,"[24.67, 10.41, 9.27]","[19, 5, 5]",0.95,66.0,115
PREMIERENE.NS,Premier Energies Ltd.,Capital Goods,Unknown,Unknown,True,F&O,1,Stage 2,Stage 2,Early Stage 2,Early Stage 2,Stage 2 • Early Stage 2,0.72,"Price has moved above long-term structure, but the full moving-average stack is not clean yet.",,,2026-08-07,,2.78,35.96,1192057949.97,0.87,1.01,1.01,False,False,"Stage 2, Early Stage 2",watchlist,54.49,56.99,1135.98,-8.09,"[10.18, 8.24]","[18, 20]",0.9,57.0,116
JINDWORLD.NS,Jindal Worldwide Limited,Textiles,Unknown,Unknown,False,Cash,1,Stage 2,Stage 2,Early Stage 2,Early Stage 2,Stage 2 • Early Stage 2,0.72,"Price has moved above long-term structure, but the full moving-average stack is not clean yet.",,,2026-08-07,,29.95,33.73,1173538069.85,1.49,0.21,0.69,False,True,"Stage 2, Early Stage 2, weekly_vcp_ok, weekly_volume_dryup, weekly_strong",watchlist,51.95,56.95,42.47,-12.28,"[21.42, 17.03]","[11, 13]",0.9,30.0,117
GOKEX.NS,Gokaldas Exports Limited,Textiles,Unknown,Unknown,False,Cash,1,Stage 2,Stage 2,Early Stage 2,Early Stage 2,Stage 2 • Early Stage 2,0.72,"Price has moved above long-term structure, but the full moving-average stack is not clean yet.",,,2026-08-07,,10.69,6.5,224275107.03,0.4,0.51,0.51,True,True,"Stage 2, Early Stage 2, weekly_vcp_ok, volume_dryup, weekly_volume_dryup, weekly_strong",watchlist,51.82,56.82,896.27,-11.17,"[37.06, 12.65, 11.51]","[24, 6, 8]",0.95,78.0,118
ZYDUSLIFE.NS,Zydus Lifesciences Limited,Healthcare,Unknown,Unknown,True,F&O,1,Stage 2,Stage 2,Clean Stage 2,Clean Stage 2,Stage 2 • Clean Stage 2,0.9,"Price is above rising key averages, weekly structure is supportive, and the stock is near its 52-week high.",,,2026-08-07,,14.09,30.73,1173740250.68,0.74,0.8,0.73,True,True,"Stage 2, Clean Stage 2, trend_template_ok, volume_dryup, weekly_volume_dryup",watchlist,51.67,56.67,1180.44,-5.2,[5.89],[5],0.0,5.0,119
JSWENERGY.NS,JSW Energy Limited,Power,Unknown,Unknown,True,F&O,1,Stage 2,Stage 2,Clean Stage 2,Clean Stage 2,Stage 2 • Clean Stage 2,0.9,"Price is above rising key averages, weekly structure is supportive, and the stock is near its 52-week high.",,,2026-08-07,,8.75,27.2,1168406470.01,0.65,0.81,0.61,True,True,"Stage 2, Clean Stage 2, weekly_vcp_ok, volume_dryup, weekly_volume_dryup, weekly_strong",watchlist,56.62,56.62,616.33,-6.22,"[13.74, 10.88, 10.22]","[12, 9, 7]",0.95,51.0,120
EQUITASBNK.NS,Equitas Small Finance Bank Limited,Financial Services,Unknown,Unknown,False,Cash,1,Stage 2,Stage 2,Early Stage 2,Early Stage 2,Stage 2 • Early Stage 2,0.72,"Price has moved above long-term structure, but the full moving-average stack is not clean yet.",,,2026-08-07,,4.96,20.76,289921641.24,0.96,0.63,0.38,False,True,"Stage 2, Early Stage 2, weekly_volume_dryup",watchlist,54.09,56.59,84.05,-10.18,"[26.5, 11.86, 7.89]","[27, 10, 7]",0.95,87.0,121
UNIONBANK.NS,Union Bank of India,Financial Services,Unknown,Unknown,True,F&O,1,Stage 2,Stage 2,Early Stage 2,Early Stage 2,Stage 2 • Early Stage 2,0.72,"Price has moved above long-term structure, but the full moving-average stack is not clean yet.",,,2026-08-07,,9.64,9.32,3118009279.54,0.81,0.51,0.93,True,False,"Stage 2, Early Stage 2, weekly_vcp_ok, volume_dryup, weekly_strong",watchlist,53.96,56.46,191.81,-5.56,"[14.8, 8.01]","[74, 28]",0.9,109.0,122
PAISALO.NS,Paisalo Digital Limited,Financial Services,Unknown,Unknown,False,Cash,1,Stage 2,Stage 2,Extended Stage 2,Extended Stage 2,Stage 2 • Extended Stage 2,0.78,"Advancing structure remains intact, but price is stretched versus key moving averages or far above the 52-week low.",,,2026-08-07,,51.35,99.34,1285410820.76,0.74,0.53,0.93,True,False,"Stage 2, Extended Stage 2, trend_template_ok, weekly_vcp_ok, volume_dryup, weekly_strong",watchlist,53.96,56.46,77.53,-9.78,[10.35],[11],0.0,11.0,123
UNITDSPR.NS,United Spirits Ltd.,Fast Moving Consumer Goods,Unknown,Unknown,True,F&O,1,Stage 2,Stage 2,Early Stage 2,Early Stage 2,Stage 2 • Early Stage 2,0.72,"Price has moved above long-term structure, but the full moving-average stack is not clean yet.",,,2026-08-07,,16.92,16.01,1365730886.74,0.89,0.63,0.52,False,True,"Stage 2, Early Stage 2, daily_vcp_ok, weekly_vcp_ok, weekly_volume_dryup",watchlist,56.4,56.4,1432.49,6.25,"[15.41, 12.61, 8.41, 5.52]","[30, 12, 16, 8]",1.0,102.0,124
PNB.NS,Punjab National Bank,Financial Services,Unknown,Unknown,True,F&O,1,Stage 2,Stage 2,Early Stage 2,Early Stage 2,Stage 2 • Early Stage 2,0.72,"Price has moved above long-term structure, but the full moving-average stack is not clean yet.",,,2026-08-07,,6.49,-0.75,2007648730.34,0.61,0.61,0.57,True,True,"Stage 2, Early Stage 2, weekly_vcp_ok, volume_dryup, weekly_volume_dryup, weekly_strong",watchlist,53.83,56.33,113.38,0.11,"[24.82, 14.79, 8.85]","[25, 18, 14]",0.95,92.0,125
HOMEFIRST.NS,Home First Finance Company India Limited,Financial Services,Unknown,Unknown,False,Cash,1,Stage 2,Stage 2,Early Stage 2,Early Stage 2,Stage 2 • Early Stage 2,0.72,"Price has moved above long-term structure, but the full moving-average stack is not clean yet.",,,2026-08-07,,3.29,6.84,223940929.49,0.75,0.37,0.52,True,True,"Stage 2, Early Stage 2, weekly_vcp_ok, volume_dryup, weekly_volume_dryup, weekly_strong",watchlist,53.8,56.3,1287.15,-8.2,"[29.07, 15.56, 10.19]","[21, 7, 9]",0.95,70.0,126
3MINDIA.NS,3M India Limited,Diversified,Unknown,Unknown,False,Cash,1,Stage 2,Stage 2,Early Stage 2,Early Stage 2,Stage 2 • Early Stage 2,0.72,"Price has moved above long-term structure, but the full moving-average stack is not clean yet.",,,2026-08-07,,12.07,7.36,138605685.02,0.78,0.46,0.85,True,True,"Stage 2, Early Stage 2, daily_vcp_ok, volume_dryup, weekly_volume_dryup",watchlist,56.09,56.09,36660.0,-2.07,"[23.99, 10.67, 10.23, 4.55]","[21, 14, 14, 9]",1.0,101.0,127
HFCL.NS,HFCL Limited,Telecommunication,Unknown,Unknown,False,Cash,1,Stage 2,Stage 2,Extended Stage 2,Extended Stage 2,Stage 2 • Extended Stage 2,0.78,"Advancing structure remains intact, but price is stretched versus key moving averages or far above the 52-week low.",,,2026-08-07,,33.63,204.96,5395687133.02,0.96,0.76,0.79,False,True,"Stage 2, Extended Stage 2, trend_template_ok, weekly_volume_dryup",watchlist,51.05,56.05,229.5,-7.2,[23.12],[5],0.0,5.0,128
GODREJPROP.NS,Godrej Properties Limited,Realty,Unknown,Unknown,True,F&O,1,Stage 2,Stage 2,Early Stage 2,Early Stage 2,Stage 2 • Early Stage 2,0.72,"Price has moved above long-term structure, but the full moving-average stack is not clean yet.",,,2026-08-07,,17.06,22.23,1522263119.15,1.03,0.44,1.17,False,False,"Stage 2, Early Stage 2, weekly_vcp_ok, weekly_strong",watchlist,55.03,56.03,2180.0,-3.28,"[24.3, 15.76, 12.25]","[28, 10, 9]",0.95,76.0,129
ATHERENERG.NS,Ather Energy Ltd.,Automobile and Auto Components,Unknown,Unknown,False,Cash,1,Stage 2,Stage 2,Extended Stage 2,Extended Stage 2,Stage 2 • Extended Stage 2,0.78,"Advancing structure remains intact, but price is stretched versus key moving averages or far above the 52-week low.",,,2026-08-07,,50.78,106.57,7662791576.23,1.22,0.71,1.84,False,False,"Stage 2, Extended Stage 2, trend_template_ok, weekly_vcp_ok, weekly_strong",watchlist,51.0,56.0,1347.35,8.82,[11.1],[8],0.0,8.0,130
ADANIENSOL.NS,Adani Energy Solutions Limited,Power,Unknown,Unknown,True,F&O,1,Stage 2,Stage 2,Clean Stage 2,Clean Stage 2,Stage 2 • Clean Stage 2,0.9,"Price is above rising key averages, weekly structure is supportive, and the stock is near its 52-week high.",,,2026-08-07,,18.57,62.69,3330975725.95,0.59,0.37,0.41,True,True,"Stage 2, Clean Stage 2, trend_template_ok, volume_dryup, weekly_volume_dryup",watchlist,55.88,55.88,1792.13,-8.94,[9.28],[15],0.0,15.0,131
DIXON.NS,Dixon Technologies (India) Limited,Consumer Durables,Unknown,Unknown,True,F&O,1,Stage 2,Stage 2,Early Stage 2,Early Stage 2,Stage 2 • Early Stage 2,0.72,"Price has moved above long-term structure, but the full moving-average stack is not clean yet.",,,2026-08-07,,21.98,24.68,6817189592.45,0.68,0.48,0.51,True,True,"Stage 2, Early Stage 2, daily_vcp_ok, weekly_vcp_ok, volume_dryup, weekly_volume_dryup, weekly_strong",watchlist,54.84,55.84,14685.0,-3.88,"[18.71, 13.34, 13.48, 6.47]","[18, 13, 5, 5]",1.0,76.0,132
RAINBOW.NS,Rainbow Childrens Medicare Limited,Healthcare,Unknown,Unknown,False,Cash,1,Stage 2,Stage 2,Early Stage 2,Early Stage 2,Stage 2 • Early Stage 2,0.72,"Price has moved above long-term structure, but the full moving-average stack is not clean yet.",,,2026-08-07,,13.08,41.52,135608553.67,1.12,0.86,1.4,False,False,"Stage 2, Early Stage 2, weekly_vcp_ok, weekly_strong",watchlist,50.78,55.78,1508.95,1.97,"[7.02, 5.31]","[6, 11]",0.9,25.0,133
AIAENG.NS,AIA Engineering Limited,Capital Goods,Unknown,Unknown,False,Cash,1,Stage 2,Stage 2,Clean Stage 2,Clean Stage 2,Stage 2 • Clean Stage 2,0.9,"Price is above rising key averages, weekly structure is supportive, and the stock is near its 52-week high.",,,2026-08-07,,21.08,25.38,262780713.88,0.59,0.46,0.6,True,True,"Stage 2, Clean Stage 2, trend_template_ok, weekly_vcp_ok, volume_dryup, weekly_volume_dryup, weekly_strong",watchlist,53.27,55.77,4921.1,-2.66,[10.15],[5],0.0,5.0,134
LAURUSLABS.NS,Laurus Labs Limited,Healthcare,Unknown,Unknown,True,F&O,1,Stage 2,Stage 2,Extended Stage 2,Extended Stage 2,Stage 2 • Extended Stage 2,0.78,"Advancing structure remains intact, but price is stretched versus key moving averages or far above the 52-week low.",,,2026-08-07,,35.78,92.94,3738346749.2,1.0,0.53,0.74,False,True,"Stage 2, Extended Stage 2, trend_template_ok, weekly_vcp_ok, weekly_volume_dryup, weekly_strong",watchlist,50.76,55.76,1581.86,17.2,[7.83],[6],0.0,6.0,135
AEGISLOG.NS,Aegis Logistics Ltd.,"Oil, Gas & Consumable Fuels",Unknown,Unknown,False,Cash,1,Stage 2,Stage 2,Extended Stage 2,Extended Stage 2,Stage 2 • Extended Stage 2,0.78,"Advancing structure remains intact, but price is stretched versus key moving averages or far above the 52-week low.",,,2026-08-07,,100.01,89.95,2185987615.2,0.36,0.43,0.45,True,True,"Stage 2, Extended Stage 2, trend_template_ok, weekly_vcp_ok, volume_dryup, weekly_volume_dryup, weekly_strong",watchlist,54.75,55.75,1434.5,-7.03,[17.77],[6],0.0,6.0,136
GMRAIRPORT.NS,GMR Airports Ltd.,Services,Unknown,Unknown,True,F&O,1,Stage 2,Stage 2,Early Stage 2,Early Stage 2,Stage 2 • Early Stage 2,0.72,"Price has moved above long-term structure, but the full moving-average stack is not clean yet.",,,2026-08-07,,4.58,13.64,1384541531.33,0.4,0.25,0.33,True,True,"Stage 2, Early Stage 2, daily_vcp_ok, volume_dryup, weekly_volume_dryup",watchlist,54.65,55.65,115.84,-8.24,"[18.36, 7.7]","[21, 23]",0.9,53.0,137
HONASA.NS,Honasa Consumer Ltd.,Fast Moving Consumer Goods,Unknown,Unknown,False,Cash,1,Stage 2,Stage 2,Clean Stage 2,Clean Stage 2,Stage 2 • Clean Stage 2,0.9,"Price is above rising key averages, weekly structure is supportive, and the stock is near its 52-week high.",,,2026-08-07,,32.3,71.74,367629081.34,0.53,0.62,0.52,True,True,"Stage 2, Clean Stage 2, trend_template_ok, volume_dryup, weekly_volume_dryup",watchlist,55.62,55.62,492.21,-3.07,[6.28],[13],0.0,13.0,138
WELCORP.NS,Welspun Corp Limited,Capital Goods,Unknown,Unknown,False,Cash,1,Stage 2,Stage 2,Extended Stage 2,Extended Stage 2,Stage 2 • Extended Stage 2,0.78,"Advancing structure remains intact, but price is stretched versus key moving averages or far above the 52-week low.",,,2026-08-07,,30.47,127.66,1685711562.07,0.78,0.35,0.9,True,True,"Stage 2, Extended Stage 2, trend_template_ok, weekly_vcp_ok, volume_dryup, weekly_volume_dryup, weekly_strong",watchlist,53.08,55.58,1701.77,8.62,[7.81],[7],0.0,7.0,139
EDELWEISS.NS,Edelweiss Financial Services Limited,Financial Services,Unknown,Unknown,False,Cash,1,Stage 2,Stage 2,Messy Stage 2,Messy Stage 2,Stage 2 • Messy Stage 2,0.64,"Long-term structure is still constructive, but the short-term/weekly structure is not clean.",,,2026-08-07,,-2.96,11.02,329745815.58,0.9,0.83,1.19,False,False,"Stage 2, Messy Stage 2, weekly_vcp_ok, weekly_strong",watchlist,52.93,55.43,134.13,-11.75,"[24.24, 19.79, 15.35]","[26, 31, 25]",0.95,109.0,140
APARINDS.NS,Apar Industries Limited,Capital Goods,Unknown,Unknown,False,Cash,1,Stage 2,Stage 2,Extended Stage 2,Extended Stage 2,Stage 2 • Extended Stage 2,0.78,"Advancing structure remains intact, but price is stretched versus key moving averages or far above the 52-week low.",,,2026-08-07,,24.01,76.5,2341316512.0,1.13,1.04,1.12,False,False,"Stage 2, Extended Stage 2, trend_template_ok",watchlist,52.92,55.42,14710.7,11.81,[22.59],[22],0.0,22.0,141
SUPRAJIT.NS,Suprajit Engineering Limited,Automobile and Auto Components,Unknown,Unknown,False,Cash,1,Stage 2,Stage 2,Early Stage 2,Early Stage 2,Stage 2 • Early Stage 2,0.72,"Price has moved above long-term structure, but the full moving-average stack is not clean yet.",,,2026-08-07,,21.86,18.41,87126161.21,1.37,3.72,2.24,False,False,"Stage 2, Early Stage 2, weekly_vcp_ok, weekly_strong",watchlist,50.3,55.3,515.4,2.69,"[12.03, 8.15, 9.23]","[12, 6, 12]",0.55,43.0,142
CAMS.NS,Computer Age Management Services Limited,Financial Services,Unknown,Unknown,True,F&O,1,Stage 2,Stage 2,Stage 2,Stage 2,Stage 2,0.76,Advancing structure detected.,,,2026-08-07,,-4.17,12.38,988456549.9,1.21,1.21,1.58,False,False,"Stage 2, Stage 2, weekly_vcp_ok, weekly_strong",watchlist,52.76,55.26,840.54,-6.08,"[18.32, 10.83, 11.14]","[27, 9, 21]",0.95,107.0,143
PHOENIXLTD.NS,The Phoenix Mills Limited,Realty,Unknown,Unknown,True,F&O,1,Stage 2,Stage 2,Early Stage 2,Early Stage 2,Stage 2 • Early Stage 2,0.72,"Price has moved above long-term structure, but the full moving-average stack is not clean yet.",,,2026-08-07,,6.16,17.85,1322333856.07,0.91,0.55,0.61,False,True,"Stage 2, Early Stage 2, weekly_vcp_ok, weekly_volume_dryup, weekly_strong",watchlist,54.22,55.22,2173.6,-10.98,"[18.97, 9.05, 7.93]","[28, 7, 6]",0.95,74.0,144
BOSCHLTD.NS,Bosch Limited,Automobile and Auto Components,Unknown,Unknown,True,F&O,1,Stage 2,Stage 2,Clean Stage 2,Clean Stage 2,Stage 2 • Clean Stage 2,0.9,"Price is above rising key averages, weekly structure is supportive, and the stock is near its 52-week high.",,,2026-08-07,,15.44,25.35,1171527872.74,0.99,1.17,1.26,False,False,"Stage 2, Clean Stage 2, trend_template_ok, weekly_vcp_ok, weekly_strong",watchlist,50.14,55.14,42703.99,1.88,[10.37],[10],0.0,10.0,145
OFSS.NS,Oracle Financial Services Software Limited,Information Technology,Unknown,Unknown,True,F&O,1,Stage 2,Stage 2,Clean Stage 2,Clean Stage 2,Stage 2 • Clean Stage 2,0.9,"Price is above rising key averages, weekly structure is supportive, and the stock is near its 52-week high.",,,2026-08-07,,28.38,72.87,4955472579.6,0.71,0.3,0.57,True,True,"Stage 2, Clean Stage 2, trend_template_ok, volume_dryup, weekly_volume_dryup",watchlist,54.04,55.04,11989.46,-0.83,[14.5],[9],0.0,9.0,146
HEROMOTOCO.NS,Hero MotoCorp Limited,Automobile and Auto Components,Unknown,Unknown,True,F&O,1,Not Sure,Stage 2,Pending Stage 2,Pending Stage 2,Not Sure • Pending Stage 2,0.55,Stage 2 pending confirmation: needs 3 raw Stage 2 runs; current count 1.,Stage 2 pending confirmation: needs 3 raw Stage 2 runs; current count 1.,,2026-02-12,Stage 2,11.97,9.93,4245345947.47,1.29,1.16,1.47,False,False,"Stage 2, Early Stage 2, weekly_vcp_ok, weekly_strong | Stage 2 pending confirmation: needs 3 raw Stage 2 runs; current count 1.",watchlist,50.04,55.04,5388.79,8.74,"[16.03, 9.9, 10.6, 7.92]","[23, 9, 5, 11]",0.73,84.0,147
CERA.NS,Cera Sanitaryware Limited,Consumer Durables,Unknown,Unknown,False,Cash,1,Stage 2,Stage 2,Early Stage 2,Early Stage 2,Stage 2 • Early Stage 2,0.72,"Price has moved above long-term structure, but the full moving-average stack is not clean yet.",,,2026-08-07,,-0.09,22.74,71553408.75,0.71,0.66,0.79,True,True,"Stage 2, Early Stage 2, weekly_vcp_ok, volume_dryup, weekly_volume_dryup, weekly_strong",watchlist,54.01,55.01,6663.07,-9.45,"[13.56, 9.54]","[19, 14]",0.9,53.0,148
PRESTIGE.NS,Prestige Estates Projects Ltd.,Realty,Unknown,Unknown,True,F&O,1,Stage 2,Stage 2,Early Stage 2,Early Stage 2,Stage 2 • Early Stage 2,0.72,"Price has moved above long-term structure, but the full moving-average stack is not clean yet.",,,2026-08-07,,11.48,6.75,1059248986.59,0.8,0.39,0.67,True,True,"Stage 2, Early Stage 2, weekly_vcp_ok, volume_dryup, weekly_volume_dryup, weekly_strong",watchlist,53.99,54.99,1744.55,-8.92,"[32.07, 14.31, 8.58]","[35, 6, 11]",0.95,83.0,149
INDUSINDBK.NS,IndusInd Bank Ltd.,Financial Services,Unknown,Unknown,True,F&O,1,Stage 2,Stage 2,Clean Stage 2,Clean Stage 2,Stage 2 • Clean Stage 2,0.9,"Price is above rising key averages, weekly structure is supportive, and the stock is near its 52-week high.",,,2026-08-07,,10.14,18.5,2054966657.17,0.57,0.45,0.51,True,True,"Stage 2, Clean Stage 2, trend_template_ok, volume_dryup, weekly_volume_dryup",watchlist,52.49,54.99,1079.74,-4.86,[5.2],[13],0.0,13.0,150
GRINDWELL.NS,Grindwell Norton Limited,Capital Goods,Unknown,Unknown,False,Cash,1,Stage 2,Stage 2,Stage 2,Stage 2,Stage 2,0.76,Advancing structure detected.,,,2026-08-07,,14.93,32.66,206202153.87,0.56,0.11,0.31,True,True,"Stage 2, Stage 2, trend_template_ok, volume_dryup, weekly_volume_dryup",watchlist,52.48,54.98,2459.3,-13.94,[20.53],[7],0.0,7.0,151
SIEMENS.NS,Siemens Ltd.,Capital Goods,Unknown,Unknown,True,F&O,1,Not Sure,Stage 2,Pending Stage 2,Pending Stage 2,Not Sure • Pending Stage 2,0.55,Stage 2 pending confirmation: needs 3 raw Stage 2 runs; current count 1.,Stage 2 pending confirmation: needs 3 raw Stage 2 runs; current count 1.,,2026-07-10,Stage 2,6.21,28.47,1403935868.63,1.05,0.74,1.2,False,False,"Stage 2, Clean Stage 2 | Stage 2 pending confirmation: needs 3 raw Stage 2 runs; current count 1.",watchlist,52.44,54.94,3836.15,2.04,"[12.1, 11.08, 10.76]","[10, 9, 11]",0.95,47.0,152
AETHER.NS,Aether Industries Limited,Chemicals,Unknown,Unknown,False,Cash,1,Stage 2,Stage 2,Extended Stage 2,Extended Stage 2,Stage 2 • Extended Stage 2,0.78,"Advancing structure remains intact, but price is stretched versus key moving averages or far above the 52-week low.",,,2026-08-07,,34.14,62.59,407306467.62,0.88,0.35,0.94,False,False,"Stage 2, Extended Stage 2, trend_template_ok",watchlist,52.43,54.93,1541.19,3.65,[8.99],[10],0.0,10.0,153
VTL.NS,Vardhman Textiles Limited,Textiles,Unknown,Unknown,False,Cash,1,Stage 2,Stage 2,Early Stage 2,Early Stage 2,Stage 2 • Early Stage 2,0.72,"Price has moved above long-term structure, but the full moving-average stack is not clean yet.",,,2026-08-07,,-4.77,24.59,207430041.55,1.51,0.57,0.65,False,True,"Stage 2, Early Stage 2, weekly_volume_dryup",watchlist,49.81,54.81,689.2,-11.74,"[11.86, 7.47]","[17, 13]",0.9,45.0,154
ABBOTINDIA.NS,Abbott India Limited,Healthcare,Unknown,Unknown,False,Cash,1,Stage 2,Stage 2,Early Stage 2,Early Stage 2,Stage 2 • Early Stage 2,0.72,"Price has moved above long-term structure, but the full moving-average stack is not clean yet.",,,2026-08-07,,-1.85,7.6,271858722.11,0.57,0.32,0.45,True,True,"Stage 2, Early Stage 2, weekly_vcp_ok, volume_dryup, weekly_volume_dryup",watchlist,49.77,54.77,28327.77,-2.8,"[11.72, 10.89]","[32, 31]",0.9,79.0,155
CHOLAFIN.NS,Cholamandalam Investment and Finance Company Limited,Financial Services,Unknown,Unknown,True,F&O,1,Stage 2,Stage 2,Early Stage 2,Early Stage 2,Stage 2 • Early Stage 2,0.72,"Price has moved above long-term structure, but the full moving-average stack is not clean yet.",,,2026-08-07,,17.42,13.13,3037458829.48,1.22,0.95,0.93,False,False,"Stage 2, Early Stage 2, weekly_vcp_ok, weekly_strong",watchlist,52.25,54.75,1877.54,2.26,"[16.73, 11.41]","[19, 13]",0.9,56.0,156
TIIL.NS,Technocraft Industries (India) Limited,Capital Goods,Unknown,Unknown,False,Cash,1,Stage 2,Stage 2,Stage 2,Stage 2,Stage 2,0.76,Advancing structure detected.,,,2026-08-07,,3.42,21.0,24562552.05,0.86,1.3,1.17,False,False,"Stage 2, Stage 2, weekly_vcp_ok, weekly_strong",watchlist,52.23,54.73,2710.13,-1.29,"[27.32, 8.33]","[21, 16]",0.9,102.0,157
ZENTEC.NS,Zen Technologies Ltd.,Capital Goods,Unknown,Unknown,False,Cash,1,Stage 2,Stage 2,Early Stage 2,Early Stage 2,Stage 2 • Early Stage 2,0.72,"Price has moved above long-term structure, but the full moving-average stack is not clean yet.",,,2026-08-07,,3.42,34.33,672622960.85,0.62,0.33,0.45,True,True,"Stage 2, Early Stage 2, volume_dryup, weekly_volume_dryup",watchlist,52.17,54.67,2027.54,-15.17,"[19.67, 8.71]","[9, 18]",0.9,50.0,158
SUNPHARMA.NS,Sun Pharmaceutical Industries Limited,Healthcare,Unknown,Unknown,True,F&O,1,Stage 2,Stage 2,Clean Stage 2,Clean Stage 2,Stage 2 • Clean Stage 2,0.9,"Price is above rising key averages, weekly structure is supportive, and the stock is near its 52-week high.",,,2026-08-07,,-0.52,18.99,4992586460.21,1.23,0.72,0.84,False,True,"Stage 2, Clean Stage 2, weekly_vcp_ok, weekly_volume_dryup, weekly_strong",watchlist,49.67,54.67,2050.48,-5.17,"[11.29, 8.34]","[17, 11]",0.9,45.0,159
IPCALAB.NS,IPCA Laboratories Limited,Healthcare,Unknown,Unknown,False,Cash,1,Stage 2,Stage 2,Early Stage 2,Early Stage 2,Stage 2 • Early Stage 2,0.72,"Price has moved above long-term structure, but the full moving-average stack is not clean yet.",,,2026-08-07,,7.15,24.03,431844366.02,0.74,0.93,0.82,True,True,"Stage 2, Early Stage 2, weekly_vcp_ok, volume_dryup, weekly_volume_dryup, weekly_strong",watchlist,49.58,54.58,1941.56,-13.17,"[12.41, 8.38]","[9, 7]",0.9,21.0,160
CARBORUNIV.NS,Carborundum Universal Limited,Capital Goods,Unknown,Unknown,False,Cash,1,Stage 2,Stage 2,Clean Stage 2,Clean Stage 2,Stage 2 • Clean Stage 2,0.9,"Price is above rising key averages, weekly structure is supportive, and the stock is near its 52-week high.",,,2026-08-07,,3.17,40.01,175488316.46,0.65,2.4,0.8,True,True,"Stage 2, Clean Stage 2, volume_dryup, weekly_volume_dryup",watchlist,51.99,54.49,1118.33,0.24,[20.77],[25],0.0,25.0,161
MAHABANK.NS,Bank of Maharashtra,Financial Services,Unknown,Unknown,False,Cash,1,Stage 2,Stage 2,Early Stage 2,Early Stage 2,Stage 2 • Early Stage 2,0.72,"Price has moved above long-term structure, but the full moving-average stack is not clean yet.",,,2026-08-07,,-5.01,26.85,988528779.88,0.58,0.56,0.56,True,True,"Stage 2, Early Stage 2, daily_vcp_ok, volume_dryup, weekly_volume_dryup",watchlist,51.91,54.41,94.67,-16.67,"[20.74, 7.24, 6.45]","[19, 18, 5]",0.95,61.0,162
OBEROIRLTY.NS,Oberoi Realty Limited,Realty,Unknown,Unknown,True,F&O,1,Stage 2,Stage 2,Early Stage 2,Early Stage 2,Stage 2 • Early Stage 2,0.72,"Price has moved above long-term structure, but the full moving-average stack is not clean yet.",,,2026-08-07,,5.87,20.65,612805244.91,0.55,0.38,0.66,True,True,"Stage 2, Early Stage 2, weekly_vcp_ok, volume_dryup, weekly_volume_dryup, weekly_strong",watchlist,53.35,54.35,1987.43,-9.78,"[10.32, 9.68]","[18, 9]",0.9,36.0,163
AARTIIND.NS,Aarti Industries Limited,Chemicals,Unknown,Unknown,False,Cash,1,Stage 2,Stage 2,Clean Stage 2,Clean Stage 2,Stage 2 • Clean Stage 2,0.9,"Price is above rising key averages, weekly structure is supportive, and the stock is near its 52-week high.",,,2026-08-07,,1.8,11.03,708845432.92,1.34,0.51,0.8,False,True,"Stage 2, Clean Stage 2, weekly_volume_dryup",watchlist,51.76,54.26,516.95,-3.17,"[18.94, 9.98, 8.2]","[28, 11, 7]",0.95,59.0,164
GODREJIND.NS,Godrej Industries Limited,Diversified,Unknown,Unknown,False,Cash,1,Stage 2,Stage 2,Clean Stage 2,Clean Stage 2,Stage 2 • Clean Stage 2,0.9,"Price is above rising key averages, weekly structure is supportive, and the stock is near its 52-week high.",,,2026-08-07,,15.26,34.58,182434902.61,0.39,0.15,0.36,True,True,"Stage 2, Clean Stage 2, trend_template_ok, volume_dryup, weekly_volume_dryup",watchlist,54.11,54.11,1445.53,-10.61,[16.25],[9],0.0,9.0,165
RBLBANK.NS,RBL Bank Limited,Financial Services,Unknown,Unknown,True,F&O,1,Stage 2,Stage 2,Clean Stage 2,Clean Stage 2,Stage 2 • Clean Stage 2,0.9,"Price is above rising key averages, weekly structure is supportive, and the stock is near its 52-week high.",,,2026-08-07,,14.88,34.05,2300970317.15,0.83,0.31,0.55,True,True,"Stage 2, Clean Stage 2, trend_template_ok, volume_dryup, weekly_volume_dryup",watchlist,51.51,54.01,383.02,2.08,[9.02],[7],0.0,7.0,166
RATEGAIN.NS,Rategain Travel Technologies Limited,Information Technology,Unknown,Unknown,False,Cash,1,Stage 2,Stage 2,Clean Stage 2,Clean Stage 2,Stage 2 • Clean Stage 2,0.9,"Price is above rising key averages, weekly structure is supportive, and the stock is near its 52-week high.",,,2026-08-07,,43.79,64.65,595320600.37,1.54,1.49,2.57,False,False,"Stage 2, Clean Stage 2, trend_template_ok",watchlist,52.84,53.84,999.0,-6.65,[14.7],[7],0.0,7.0,167
LINDEINDIA.NS,Linde India Limited,Chemicals,Unknown,Unknown,False,Cash,1,Stage 2,Stage 2,Stage 2,Stage 2,Stage 2,0.76,Advancing structure detected.,,,2026-08-07,,-9.42,21.07,164472919.08,0.94,0.72,0.99,False,False,"Stage 2, Stage 2",watchlist,51.3,53.8,7625.07,-7.57,"[10.57, 8.85]","[40, 12]",0.9,59.0,168
TVSHLTD.NS,TVS Holdings Limited,Automobile and Auto Components,Unknown,Unknown,False,Cash,1,Stage 2,Stage 2,Early Stage 2,Early Stage 2,Stage 2 • Early Stage 2,0.72,"Price has moved above long-term structure, but the full moving-average stack is not clean yet.",,,2026-08-07,,0.46,1.41,184985166.0,0.94,1.18,0.79,False,True,"Stage 2, Early Stage 2, weekly_vcp_ok, weekly_volume_dryup, weekly_strong",watchlist,48.67,53.67,15727.48,-6.91,"[13.77, 14.75, 12.37, 4.73]","[6, 16, 9, 10]",0.73,85.0,169
CHENNPETRO.NS,Chennai Petroleum Corporation Limited,"Oil, Gas & Consumable Fuels",Unknown,Unknown,False,Cash,1,Stage 2,Stage 2,Clean Stage 2,Clean Stage 2,Stage 2 • Clean Stage 2,0.9,"Price is above rising key averages, weekly structure is supportive, and the stock is near its 52-week high.",,,2026-08-07,,20.56,46.17,2697883907.52,1.11,0.43,0.95,False,False,"Stage 2, Clean Stage 2, trend_template_ok",watchlist,52.38,53.38,1298.26,-4.48,[13.53],[19],0.0,19.0,170
RRKABEL.NS,R R Kabel Limited,Capital Goods,Unknown,Unknown,False,Cash,1,Stage 2,Stage 2,Extended Stage 2,Extended Stage 2,Stage 2 • Extended Stage 2,0.78,"Advancing structure remains intact, but price is stretched versus key moving averages or far above the 52-week low.",,,2026-08-07,,36.06,93.44,2009466674.83,1.38,0.3,0.74,False,True,"Stage 2, Extended Stage 2, trend_template_ok, weekly_volume_dryup",watchlist,50.88,53.38,2779.86,-0.83,[15.1],[7],0.0,7.0,171
ALKYLAMINE.NS,Alkyl Amines Chemicals Limited,Chemicals,Unknown,Unknown,False,Cash,1,Stage 2,Stage 2,Early Stage 2,Early Stage 2,Stage 2 • Early Stage 2,0.72,"Price has moved above long-term structure, but the full moving-average stack is not clean yet.",,,2026-08-07,,12.6,30.2,281410639.16,1.2,0.4,2.15,False,False,"Stage 2, Early Stage 2",watchlist,50.81,53.31,2010.51,-4.68,"[16.29, 11.98, 12.06]","[13, 6, 10]",0.95,51.0,172
INDIANB.NS,Indian Bank,Financial Services,Unknown,Unknown,True,F&O,1,Stage 2,Stage 2,Early Stage 2,Early Stage 2,Stage 2 • Early Stage 2,0.72,"Price has moved above long-term structure, but the full moving-average stack is not clean yet.",,,2026-08-07,,5.79,8.27,1749053896.8,0.61,0.82,0.85,True,True,"Stage 2, Early Stage 2, weekly_vcp_ok, volume_dryup, weekly_volume_dryup, weekly_strong",watchlist,50.73,53.23,874.9,1.06,"[13.07, 6.9]","[14, 10]",0.9,26.0,173
POONAWALLA.NS,Poonawalla Fincorp Limited,Financial Services,Unknown,Unknown,False,Cash,1,Stage 2,Stage 2,Early Stage 2,Early Stage 2,Stage 2 • Early Stage 2,0.72,"Price has moved above long-term structure, but the full moving-average stack is not clean yet.",,,2026-08-07,,8.16,6.95,672264548.64,0.89,0.8,1.06,False,False,"Stage 2, Early Stage 2, weekly_vcp_ok",watchlist,50.72,53.22,489.0,-2.52,"[28.19, 13.93]","[31, 45]",0.9,81.0,174
GAIL.NS,GAIL (India) Limited,"Oil, Gas & Consumable Fuels",Unknown,Unknown,True,F&O,1,Stage 2,Stage 2,Early Stage 2,Early Stage 2,Stage 2 • Early Stage 2,0.72,"Price has moved above long-term structure, but the full moving-average stack is not clean yet.",,,2026-08-07,,0.93,10.04,2096432335.46,1.83,0.92,1.35,False,False,"Stage 2, Early Stage 2, weekly_vcp_ok, weekly_strong",watchlist,52.2,53.2,182.7,-5.58,"[21.64, 9.92, 6.28]","[15, 10, 24]",0.95,100.0,175
CGCL.NS,Capri Global Capital Limited,Financial Services,Unknown,Unknown,False,Cash,1,Stage 2,Stage 2,Stage 2,Stage 2,Stage 2,0.76,Advancing structure detected.,,,2026-08-07,,19.56,36.07,869585785.49,1.17,0.39,0.71,False,True,"Stage 2, Stage 2, trend_template_ok, weekly_volume_dryup",watchlist,50.58,53.08,264.99,-12.3,[11.8],[10],0.0,10.0,176
MARICO.NS,Marico Limited,Fast Moving Consumer Goods,Unknown,Unknown,True,F&O,1,Stage 2,Stage 2,Clean Stage 2,Clean Stage 2,Stage 2 • Clean Stage 2,0.9,"Price is above rising key averages, weekly structure is supportive, and the stock is near its 52-week high.",,,2026-08-07,,-1.07,19.86,1574796067.5,1.07,0.61,1.09,False,False,"Stage 2, Clean Stage 2, weekly_vcp_ok, weekly_strong",watchlist,52.98,52.98,890.66,-3.05,"[11.06, 6.36, 4.94]","[18, 16, 10]",0.95,98.0,177
WELENT.NS,Welspun Enterprises Limited,Construction,Unknown,Unknown,False,Cash,1,Stage 2,Stage 2,Early Stage 2,Early Stage 2,Stage 2 • Early Stage 2,0.72,"Price has moved above long-term structure, but the full moving-average stack is not clean yet.",,,2026-08-07,,10.55,20.44,202097746.95,1.24,1.01,1.85,False,False,"Stage 2, Early Stage 2, weekly_vcp_ok, weekly_strong",watchlist,52.98,52.98,634.9,-8.75,"[21.16, 19.91]","[32, 9]",0.9,61.0,178
PRIVISCL.NS,Privi Speciality Chemicals Limited,Chemicals,Unknown,Unknown,False,Cash,1,Stage 2,Stage 2,Clean Stage 2,Clean Stage 2,Stage 2 • Clean Stage 2,0.9,"Price is above rising key averages, weekly structure is supportive, and the stock is near its 52-week high.",,,2026-08-07,,9.03,35.99,272550407.09,1.26,0.8,0.83,False,True,"Stage 2, Clean Stage 2, trend_template_ok, weekly_vcp_ok, weekly_volume_dryup, weekly_strong",watchlist,50.38,52.88,3774.71,-4.29,[7.15],[15],0.0,15.0,179
ENDURANCE.NS,Endurance Technologies Limited,Automobile and Auto Components,Unknown,Unknown,False,Cash,1,Stage 2,Stage 2,Early Stage 2,Early Stage 2,Stage 2 • Early Stage 2,0.72,"Price has moved above long-term structure, but the full moving-average stack is not clean yet.",,,2026-08-07,,8.65,23.61,421804264.14,1.14,1.49,1.27,False,False,"Stage 2, Early Stage 2, weekly_vcp_ok, weekly_strong",watchlist,47.85,52.85,2811.42,5.6,"[8.24, 8.17, 8.95]","[20, 5, 6]",0.55,54.0,180
BAJAJHLDNG.NS,Bajaj Holdings & Investment Limited,Financial Services,Unknown,Unknown,True,F&O,1,Not Sure,Stage 2,Pending Stage 2,Pending Stage 2,Not Sure • Pending Stage 2,0.55,Stage 2 pending confirmation: needs 3 raw Stage 2 runs; current count 1.,Stage 2 pending confirmation: needs 3 raw Stage 2 runs; current count 1.,,,Stage 2,10.69,10.21,586441634.3,0.79,0.68,0.69,True,True,"Stage 2, Early Stage 2, weekly_vcp_ok, volume_dryup, weekly_volume_dryup, weekly_strong | Stage 2 pending confirmation: needs 3 raw Stage 2 runs; current count 1.",watchlist,50.28,52.78,11649.35,-1.53,"[24.07, 9.45, 9.68]","[37, 21, 6]",0.95,107.0,181
SAREGAMA.NS,Saregama India Limited,"Media, Entertainment & Publication",Unknown,Unknown,False,Cash,1,Stage 2,Stage 2,Clean Stage 2,Clean Stage 2,Stage 2 • Clean Stage 2,0.9,"Price is above rising key averages, weekly structure is supportive, and the stock is near its 52-week high.",,,2026-08-07,,53.05,65.73,549324086.31,1.02,0.45,1.58,False,False,"Stage 2, Clean Stage 2, trend_template_ok, weekly_vcp_ok, weekly_strong",watchlist,52.75,52.75,520.71,1.79,[8.59],[22],0.0,22.0,182
VOLTAMP.NS,Voltamp Transformers Limited,Capital Goods,Unknown,Unknown,False,Cash,1,Stage 2,Stage 2,Stage 2,Stage 2,Stage 2,0.76,Advancing structure detected.,,,2026-08-07,,5.51,34.95,359480918.08,1.19,1.34,1.1,False,False,"Stage 2, Stage 2",watchlist,50.1,52.6,11043.52,-6.92,"[30.42, 17.65]","[11, 24]",0.9,60.0,183
NAM-INDIA.NS,Nippon Life India Asset Management Limited,Financial Services,Unknown,Unknown,True,F&O,1,Stage 2,Stage 2,Clean Stage 2,Clean Stage 2,Stage 2 • Clean Stage 2,0.9,"Price is above rising key averages, weekly structure is supportive, and the stock is near its 52-week high.",,,2026-08-07,,6.86,33.66,1157194909.61,1.06,0.51,1.25,False,False,"Stage 2, Clean Stage 2, trend_template_ok",watchlist,50.05,52.55,1235.31,-4.96,[12.49],[16],0.0,16.0,184
ULTRACEMCO.NS,UltraTech Cement Limited,Construction Materials,Unknown,Unknown,True,F&O,1,Stage 2,Stage 2,Early Stage 2,Early Stage 2,Stage 2 • Early Stage 2,0.72,"Price has moved above long-term structure, but the full moving-average stack is not clean yet.",,,2026-08-07,,0.99,1.18,3446695002.34,0.8,0.55,0.61,True,True,"Stage 2, Early Stage 2, weekly_vcp_ok, volume_dryup, weekly_volume_dryup, weekly_strong",watchlist,52.46,52.46,12036.32,0.01,"[21.24, 9.24]","[28, 13]",0.9,82.0,185
TIMETECHNO.NS,Time Technoplast Limited,Capital Goods,Unknown,Unknown,False,Cash,1,Stage 2,Stage 2,Early Stage 2,Early Stage 2,Stage 2 • Early Stage 2,0.72,"Price has moved above long-term structure, but the full moving-average stack is not clean yet.",,,2026-08-07,,14.2,13.51,964072566.64,1.1,0.81,0.98,False,False,"Stage 2, Early Stage 2, weekly_vcp_ok, weekly_strong",watchlist,49.93,52.43,217.19,-4.74,"[25.75, 13.74, 13.43, 6.81]","[25, 10, 9, 9]",1.0,98.0,186
UJJIVANSFB.NS,Ujjivan Small Finance Bank Limited,Financial Services,Unknown,Unknown,False,Cash,1,Stage 2,Stage 2,Clean Stage 2,Clean Stage 2,Stage 2 • Clean Stage 2,0.9,"Price is above rising key averages, weekly structure is supportive, and the stock is near its 52-week high.",,,2026-08-07,,18.36,12.16,1818551497.16,0.86,0.26,0.69,False,True,"Stage 2, Clean Stage 2, trend_template_ok, weekly_volume_dryup",watchlist,49.84,52.34,73.32,-4.86,[20.56],[11],0.0,11.0,187
GRAVITA.NS,Gravita India Limited,Metals & Mining,Unknown,Unknown,False,Cash,1,Stage 2,Stage 2,Early Stage 2,Early Stage 2,Stage 2 • Early Stage 2,0.72,"Price has moved above long-term structure, but the full moving-average stack is not clean yet.",,,2026-08-07,,0.26,11.15,446975866.84,1.34,0.89,0.89,False,True,"Stage 2, Early Stage 2, weekly_vcp_ok, weekly_volume_dryup, weekly_strong",watchlist,52.24,52.24,1870.0,-4.63,"[28.17, 9.94, 9.64]","[34, 35, 7]",0.95,96.0,188
APLAPOLLO.NS,APL Apollo Tubes Limited,Capital Goods,Unknown,Unknown,True,F&O,1,Stage 2,Stage 2,Early Stage 2,Early Stage 2,Stage 2 • Early Stage 2,0.72,"Price has moved above long-term structure, but the full moving-average stack is not clean yet.",Stage 2 confirmed with 3 raw confirmation runs.,,2026-08-07,,1.72,-4.98,1177089204.96,1.42,0.89,0.9,False,False,"Stage 2, Early Stage 2, weekly_vcp_ok, weekly_strong",watchlist,49.67,52.17,2176.8,-7.2,"[20.31, 15.78, 6.84]","[32, 9, 8]",0.95,94.0,189
BIOCON.NS,Biocon Ltd.,Healthcare,Unknown,Unknown,True,F&O,1,Stage 2,Stage 2,Clean Stage 2,Clean Stage 2,Stage 2 • Clean Stage 2,0.9,"Price is above rising key averages, weekly structure is supportive, and the stock is near its 52-week high.",,,2026-08-07,,-2.99,21.38,3023908525.07,0.86,0.38,1.01,False,False,"Stage 2, Clean Stage 2, weekly_vcp_ok, weekly_strong",watchlist,47.09,52.09,447.93,-4.87,"[16.16, 7.86, 8.52]","[16, 9, 12]",0.55,82.0,190
METROPOLIS.NS,Metropolis Healthcare Limited,Healthcare,Unknown,Unknown,False,Cash,1,Stage 2,Stage 2,Clean Stage 2,Clean Stage 2,Stage 2 • Clean Stage 2,0.9,"Price is above rising key averages, weekly structure is supportive, and the stock is near its 52-week high.",,,2026-08-07,,-0.45,20.14,151050201.4,1.05,0.48,0.7,False,True,"Stage 2, Clean Stage 2, trend_template_ok, weekly_volume_dryup",watchlist,47.09,52.09,610.12,-6.14,[8.85],[9],0.0,9.0,191
HONAUT.NS,Honeywell Automation India Limited,Capital Goods,Unknown,Unknown,False,Cash,1,Stage 2,Stage 2,Early Stage 2,Early Stage 2,Stage 2 • Early Stage 2,0.72,"Price has moved above long-term structure, but the full moving-average stack is not clean yet.",,,2026-08-07,,30.03,21.99,272837758.85,1.41,0.3,0.45,False,True,"Stage 2, Early Stage 2, weekly_volume_dryup",watchlist,49.53,52.03,41567.62,-8.5,"[7.82, 6.26]","[5, 6]",0.9,17.0,192
ORIENTELEC.NS,Orient Electric Limited,Consumer Durables,Unknown,Unknown,False,Cash,1,Not Sure,Stage 2,Pending Stage 2,Pending Stage 2,Not Sure • Pending Stage 2,0.55,Stage 2 pending confirmation: needs 3 raw Stage 2 runs; current count 1.,Stage 2 pending confirmation: needs 3 raw Stage 2 runs; current count 1.,,,Stage 2,-6.11,15.77,327606609.44,1.37,0.57,2.29,False,False,"Stage 2, Stage 2, weekly_vcp_ok, weekly_strong | Stage 2 pending confirmation: needs 3 raw Stage 2 runs; current count 1.",watchlist,50.87,51.87,199.38,-4.83,"[25.96, 14.33, 10.21]","[19, 25, 16]",0.95,88.0,193
ABCAPITAL.NS,Aditya Birla Capital Limited,Financial Services,Unknown,Unknown,True,F&O,1,Stage 2,Stage 2,Clean Stage 2,Clean Stage 2,Stage 2 • Clean Stage 2,0.9,"Price is above rising key averages, weekly structure is supportive, and the stock is near its 52-week high.",,,2026-08-07,,13.28,21.88,1459083294.96,1.0,0.54,0.84,False,True,"Stage 2, Clean Stage 2, trend_template_ok, weekly_vcp_ok, weekly_volume_dryup, weekly_strong",watchlist,49.27,51.77,431.45,-5.49,[6.42],[14],0.0,14.0,194
QUESS.NS,Quess Corp Limited,Services,Unknown,Unknown,False,Cash,1,Stage 2,Stage 2,Extended Stage 2,Extended Stage 2,Stage 2 • Extended Stage 2,0.78,"Advancing structure remains intact, but price is stretched versus key moving averages or far above the 52-week low.",,,2026-08-07,,52.66,61.55,451075039.89,1.83,0.72,0.47,False,True,"Stage 2, Extended Stage 2, trend_template_ok, weekly_volume_dryup",watchlist,50.75,51.75,346.78,-6.64,[7.71],[6],0.0,6.0,195
NAVINFLUOR.NS,Navin Fluorine International Limited,Chemicals,Unknown,Unknown,False,Cash,1,Stage 2,Stage 2,Clean Stage 2,Clean Stage 2,Stage 2 • Clean Stage 2,0.9,"Price is above rising key averages, weekly structure is supportive, and the stock is near its 52-week high.",,,2026-08-07,,13.6,32.5,2790624784.53,2.65,0.74,4.8,False,False,"Stage 2, Clean Stage 2, trend_template_ok",watchlist,49.24,51.74,7949.89,3.1,[6.67],[5],0.0,5.0,196
SHYAMMETL.NS,Shyam Metalics and Energy Limited,Metals & Mining,Unknown,Unknown,False,Cash,1,Stage 2,Stage 2,Clean Stage 2,Clean Stage 2,Stage 2 • Clean Stage 2,0.9,"Price is above rising key averages, weekly structure is supportive, and the stock is near its 52-week high.",,,2026-08-07,,8.99,17.74,561895079.22,0.8,0.85,0.97,True,False,"Stage 2, Clean Stage 2, trend_template_ok, volume_dryup",watchlist,51.72,51.72,1087.12,-7.73,[9.65],[24],0.0,24.0,197
TANLA.NS,Tanla Platforms Limited,Information Technology,Unknown,Unknown,False,Cash,1,Stage 2,Stage 2,Early Stage 2,Early Stage 2,Stage 2 • Early Stage 2,0.72,"Price has moved above long-term structure, but the full moving-average stack is not clean yet.",,,2026-08-07,,15.77,38.18,1503432990.02,0.9,0.65,0.61,False,True,"Stage 2, Early Stage 2, weekly_vcp_ok, weekly_volume_dryup, weekly_strong",watchlist,50.72,51.72,657.15,-3.81,"[18.51, 8.76, 4.19]","[7, 7, 16]",0.95,45.0,198
CREDITACC.NS,CREDITACCESS GRAMEEN LIMITED,Financial Services,Unknown,Unknown,False,Cash,1,Stage 2,Stage 2,Clean Stage 2,Clean Stage 2,Stage 2 • Clean Stage 2,0.9,"Price is above rising key averages, weekly structure is supportive, and the stock is near its 52-week high.",,,2026-08-07,,9.54,23.28,697571768.77,1.72,0.66,0.69,False,True,"Stage 2, Clean Stage 2, trend_template_ok, weekly_vcp_ok, weekly_volume_dryup, weekly_strong",watchlist,49.03,51.53,1620.0,-5.52,[9.43],[14],0.0,14.0,199
SENCO.NS,Senco Gold Limited,Consumer Durables,Unknown,Unknown,False,Cash,1,Stage 2,Stage 2,Clean Stage 2,Clean Stage 2,Stage 2 • Clean Stage 2,0.9,"Price is above rising key averages, weekly structure is supportive, and the stock is near its 52-week high.",,,2026-08-07,,13.71,17.14,1010806399.35,0.92,0.65,0.9,False,True,"Stage 2, Clean Stage 2, trend_template_ok, weekly_vcp_ok, weekly_volume_dryup, weekly_strong",watchlist,50.47,51.47,430.75,-7.41,[11.63],[21],0.0,21.0,200
ACMESOLAR.NS,ACME Solar Holdings Ltd.,Power,Unknown,Unknown,False,Cash,1,Stage 2,Stage 2,Clean Stage 2,Clean Stage 2,Stage 2 • Clean Stage 2,0.9,"Price is above rising key averages, weekly structure is supportive, and the stock is near its 52-week high.",,,2026-08-07,,24.31,69.7,817760676.5,0.99,0.27,0.73,False,True,"Stage 2, Clean Stage 2, trend_template_ok, weekly_volume_dryup",watchlist,51.36,51.36,399.1,-8.34,[13.53],[10],0.0,10.0,201
SHRIRAMFIN.NS,Shriram Finance Ltd.,Financial Services,Unknown,Unknown,True,F&O,1,Stage 2,Stage 2,Clean Stage 2,Clean Stage 2,Stage 2 • Clean Stage 2,0.9,"Price is above rising key averages, weekly structure is supportive, and the stock is near its 52-week high.",,,2026-08-07,,17.21,12.3,6422006500.18,1.05,0.6,1.02,False,False,"Stage 2, Clean Stage 2, trend_template_ok, weekly_vcp_ok, weekly_strong",watchlist,48.58,51.08,1087.3,4.64,[8.68],[13],0.0,13.0,202
PCBL.NS,PCBL LIMITED,Chemicals,Unknown,Unknown,False,Cash,1,Stage 2,Stage 2,Early Stage 2,Early Stage 2,Stage 2 • Early Stage 2,0.72,"Price has moved above long-term structure, but the full moving-average stack is not clean yet.",,,2026-08-07,,10.35,13.62,1182476466.29,2.69,0.25,0.47,False,True,"Stage 2, Early Stage 2, weekly_vcp_ok, weekly_volume_dryup, weekly_strong",watchlist,48.5,51.0,369.5,-12.48,"[31.5, 16.02, 6.34]","[20, 6, 14]",0.95,104.0,203
RADICO.NS,Radico Khaitan Limited,Fast Moving Consumer Goods,Unknown,Unknown,False,Cash,1,Stage 2,Stage 2,Clean Stage 2,Clean Stage 2,Stage 2 • Clean Stage 2,0.9,"Price is above rising key averages, weekly structure is supportive, and the stock is near its 52-week high.",,,2026-08-07,,27.01,71.83,2048062140.09,1.68,0.84,1.08,False,False,"Stage 2, Clean Stage 2, trend_template_ok",watchlist,50.88,50.88,4183.72,8.75,[7.31],[7],0.0,7.0,204
VRLLOG.NS,VRL Logistics Limited,Services,Unknown,Unknown,False,Cash,1,Not Sure,Stage 2,Pending Stage 2,Pending Stage 2,Not Sure • Pending Stage 2,0.55,Stage 2 pending confirmation: needs 3 raw Stage 2 runs; current count 1.,Stage 2 pending confirmation: needs 3 raw Stage 2 runs; current count 1.,,,Stage 2,9.71,8.32,204608239.8,2.95,0.61,4.07,False,False,"Stage 2, Early Stage 2, weekly_vcp_ok, weekly_strong | Stage 2 pending confirmation: needs 3 raw Stage 2 runs; current count 1.",watchlist,49.88,50.88,244.98,16.3,"[15.74, 6.14]","[25, 5]",0.9,47.0,205
AUBANK.NS,AU Small Finance Bank Limited,Financial Services,Unknown,Unknown,True,F&O,1,Stage 2,Stage 2,Clean Stage 2,Clean Stage 2,Stage 2 • Clean Stage 2,0.9,"Price is above rising key averages, weekly structure is supportive, and the stock is near its 52-week high.",,,2026-08-07,,1.25,10.97,1754943531.5,0.85,0.4,0.85,True,True,"Stage 2, Clean Stage 2, trend_template_ok, weekly_vcp_ok, volume_dryup, weekly_volume_dryup, weekly_strong",watchlist,48.37,50.87,1089.34,-1.96,[11.96],[13],0.0,13.0,206
CUMMINSIND.NS,Cummins India Limited,Capital Goods,Unknown,Unknown,True,F&O,1,Stage 2,Stage 2,Early Stage 2,Early Stage 2,Stage 2 • Early Stage 2,0.72,"Price has moved above long-term structure, but the full moving-average stack is not clean yet.",,,2026-08-07,,-2.8,29.26,2530678712.96,1.16,0.44,1.5,False,False,"Stage 2, Early Stage 2, weekly_vcp_ok, weekly_strong",watchlist,48.35,50.85,5692.78,-4.3,"[9.16, 8.92]","[9, 13]",0.9,28.0,207
KAJARIACER.NS,Kajaria Ceramics Limited,Consumer Durables,Unknown,Unknown,False,Cash,1,Stage 2,Stage 2,Early Stage 2,Early Stage 2,Stage 2 • Early Stage 2,0.72,"Price has moved above long-term structure, but the full moving-average stack is not clean yet.",,,2026-08-07,,5.29,30.6,367362590.63,1.03,0.76,0.85,False,True,"Stage 2, Early Stage 2, weekly_volume_dryup",watchlist,49.79,50.79,1273.73,-6.99,"[16.49, 5.77]","[14, 6]",0.9,32.0,208
HINDALCO.NS,Hindalco Industries Limited,Metals & Mining,Unknown,Unknown,True,F&O,1,Stage 2,Stage 2,Stage 2,Stage 2,Stage 2,0.76,Advancing structure detected.,,,2026-08-07,,-6.41,17.04,5006702313.05,0.93,1.39,1.25,False,False,"Stage 2, Stage 2",watchlist,50.78,50.78,1012.82,4.07,"[20.28, 6.3]","[23, 10]",0.9,42.0,209
SHAREINDIA.NS,Share India Securities Limited,Financial Services,Unknown,Unknown,False,Cash,1,Stage 2,Stage 2,Early Stage 2,Early Stage 2,Stage 2 • Early Stage 2,0.72,"Price has moved above long-term structure, but the full moving-average stack is not clean yet.",,,2026-08-07,,15.9,18.17,263890323.83,0.18,0.05,0.13,True,True,"Stage 2, Early Stage 2, weekly_vcp_ok, volume_dryup, weekly_volume_dryup, weekly_strong",watchlist,48.11,50.61,196.8,-14.7,"[19.39, 6.14]","[16, 7]",0.9,28.0,210
ATGL.NS,Adani Total Gas Limited,"Oil, Gas & Consumable Fuels",Unknown,Unknown,False,Cash,1,Stage 2,Stage 2,Early Stage 2,Early Stage 2,Stage 2 • Early Stage 2,0.72,"Price has moved above long-term structure, but the full moving-average stack is not clean yet.",,,2026-08-07,,2.64,25.66,711555700.06,0.22,0.32,0.15,True,True,"Stage 2, Early Stage 2, weekly_vcp_ok, volume_dryup, weekly_volume_dryup, weekly_strong",watchlist,49.28,50.28,750.0,-11.99,"[19.68, 14.25]","[14, 12]",0.9,42.0,211
FUSION.NS,Fusion Micro Finance Limited,Financial Services,Unknown,Unknown,False,Cash,1,Stage 2,Stage 2,Messy Stage 2,Messy Stage 2,Stage 2 • Messy Stage 2,0.64,"Long-term structure is still constructive, but the short-term/weekly structure is not clean.",,,2026-08-07,,-6.08,13.12,131718049.08,0.73,0.62,0.89,True,True,"Stage 2, Messy Stage 2, trend_template_ok, weekly_vcp_ok, volume_dryup, weekly_volume_dryup, weekly_strong",watchlist,47.42,49.92,243.43,-15.31,[27.59],[25],0.0,25.0,212
IMFA.NS,Indian Metals & Ferro Alloys Limited,Metals & Mining,Unknown,Unknown,False,Cash,1,Stage 2,Stage 2,Stage 2,Stage 2,Stage 2,0.76,Advancing structure detected.,,,2026-08-07,,-7.33,5.71,297910779.93,2.11,0.75,3.04,False,False,"Stage 2, Stage 2, weekly_vcp_ok, weekly_strong",watchlist,49.82,49.82,1673.71,-12.81,"[22.37, 20.61, 10.49]","[27, 18, 8]",0.95,111.0,213
REDTAPE.NS,Redtape Limited,Consumer Durables,Unknown,Unknown,False,Cash,1,Stage 2,Stage 2,Stage 2,Stage 2,Stage 2,0.76,Advancing structure detected.,,,2026-08-07,,-4.76,14.34,79044943.77,1.43,10.96,2.83,False,False,"Stage 2, Stage 2, weekly_vcp_ok, weekly_strong",watchlist,48.41,49.41,141.9,-5.22,"[18.85, 13.07]","[10, 14]",0.9,42.0,214
CRISIL.NS,CRISIL Limited,Financial Services,Unknown,Unknown,False,Cash,1,Stage 2,Stage 2,Early Stage 2,Early Stage 2,Stage 2 • Early Stage 2,0.72,"Price has moved above long-term structure, but the full moving-average stack is not clean yet.",,,2026-08-07,,10.22,3.26,365697004.45,0.86,0.8,1.08,False,False,"Stage 2, Early Stage 2, weekly_vcp_ok, weekly_strong",watchlist,46.61,49.11,4542.72,2.04,"[23.79, 10.43, 11.18, 9.29]","[39, 16, 12, 11]",0.73,106.0,215
SFL.NS,Sheela Foam Limited,Consumer Durables,Unknown,Unknown,False,Cash,1,Stage 2,Stage 2,Early Stage 2,Early Stage 2,Stage 2 • Early Stage 2,0.72,"Price has moved above long-term structure, but the full moving-average stack is not clean yet.",,,2026-08-07,,19.61,19.24,276259140.47,1.44,1.02,2.48,False,False,"Stage 2, Early Stage 2, weekly_vcp_ok, weekly_strong",watchlist,48.05,49.05,830.4,-18.92,"[28.17, 11.3]","[35, 6]",0.9,55.0,216
ZYDUSWELL.NS,Zydus Wellness Limited,Fast Moving Consumer Goods,Unknown,Unknown,False,Cash,1,Stage 2,Stage 2,Early Stage 2,Early Stage 2,Stage 2 • Early Stage 2,0.72,"Price has moved above long-term structure, but the full moving-average stack is not clean yet.",,,2026-08-07,,-4.81,37.7,243113607.41,0.6,0.54,0.83,True,True,"Stage 2, Early Stage 2, volume_dryup, weekly_volume_dryup",watchlist,48.9,48.9,611.85,-15.65,"[13.63, 11.44]","[9, 10]",0.9,30.0,217
INDIGOPNTS.NS,Indigo Paints Limited,Consumer Durables,Unknown,Unknown,False,Cash,1,Stage 2,Stage 2,Early Stage 2,Early Stage 2,Stage 2 • Early Stage 2,0.72,"Price has moved above long-term structure, but the full moving-average stack is not clean yet.",,,2026-08-07,,10.65,17.74,58030362.37,0.76,0.99,0.73,True,True,"Stage 2, Early Stage 2, volume_dryup, weekly_volume_dryup",watchlist,47.38,48.38,1114.05,2.44,"[11.14, 8.26]","[5, 6]",0.9,31.0,218
TTKPRESTIG.NS,TTK Prestige Limited,Consumer Durables,Unknown,Unknown,False,Cash,1,Stage 2,Stage 2,Early Stage 2,Early Stage 2,Stage 2 • Early Stage 2,0.72,"Price has moved above long-term structure, but the full moving-average stack is not clean yet.",,,2026-08-07,,12.99,10.54,522824960.11,3.89,0.17,0.32,False,True,"Stage 2, Early Stage 2, weekly_volume_dryup",watchlist,47.28,48.28,736.25,-17.75,"[31.05, 13.81]","[11, 19]",0.9,58.0,219
BASF.NS,BASF India Limited,Chemicals,Unknown,Unknown,False,Cash,1,Not Sure,Stage 2,Pending Stage 2,Pending Stage 2,Not Sure • Pending Stage 2,0.55,Stage 2 pending confirmation: needs 3 raw Stage 2 runs; current count 1.,Stage 2 pending confirmation: needs 3 raw Stage 2 runs; current count 1.,,,Stage 2,-0.02,15.87,316375470.38,2.97,0.77,5.85,False,False,"Stage 2, Early Stage 2, weekly_vcp_ok, weekly_strong | Stage 2 pending confirmation: needs 3 raw Stage 2 runs; current count 1.",watchlist,45.75,48.25,3843.6,4.89,"[20.72, 11.25]","[24, 11]",0.9,43.0,220
LXCHEM.NS,Laxmi Organic Industries Limited,Chemicals,Unknown,Unknown,False,Cash,1,Stage 2,Stage 2,Early Stage 2,Early Stage 2,Stage 2 • Early Stage 2,0.72,"Price has moved above long-term structure, but the full moving-average stack is not clean yet.",,,2026-08-07,,9.25,21.18,525630462.48,1.12,0.42,0.46,False,True,"Stage 2, Early Stage 2, weekly_volume_dryup",watchlist,45.62,48.12,204.16,-12.83,"[16.04, 11.81]","[17, 12]",0.9,43.0,221
FINEORG.NS,Fine Organic Industries Limited,Chemicals,Unknown,Unknown,False,Cash,1,Stage 2,Stage 2,Messy Stage 2,Messy Stage 2,Stage 2 • Messy Stage 2,0.64,"Long-term structure is still constructive, but the short-term/weekly structure is not clean.",,,2026-08-07,,4.42,18.82,77152946.53,1.48,6.81,2.5,False,False,"Stage 2, Messy Stage 2, weekly_vcp_ok, weekly_strong",watchlist,45.57,48.07,5149.87,-2.37,[13.22],[18],0.0,18.0,222
GENUSPOWER.NS,Genus Power Infrastructures Limited,Capital Goods,Unknown,Unknown,False,Cash,1,Stage 2,Stage 2,Messy Stage 2,Messy Stage 2,Stage 2 • Messy Stage 2,0.64,"Long-term structure is still constructive, but the short-term/weekly structure is not clean.",Stage 2 reclaimed after 3 confirmation runs.,,2026-08-07,,-7.86,20.88,548421044.96,0.47,0.21,0.3,True,True,"Stage 2, Messy Stage 2, volume_dryup, weekly_volume_dryup",watchlist,45.25,47.75,333.5,-8.55,"[12.09, 10.45]","[7, 9]",0.9,22.0,223
KKCL.NS,Kewal Kiran Clothing Limited,Textiles,Unknown,Unknown,False,Cash,1,Stage 2,Stage 2,Early Stage 2,Early Stage 2,Stage 2 • Early Stage 2,0.72,"Price has moved above long-term structure, but the full moving-average stack is not clean yet.",,,2026-08-07,,7.57,12.3,36408439.86,1.87,1.12,3.44,False,False,"Stage 2, Early Stage 2, weekly_vcp_ok, weekly_strong",watchlist,42.62,47.62,516.95,-0.09,"[26.01, 13.58]","[27, 39]",0.9,80.0,224
AARTIPHARM.NS,Aarti Pharmalabs Limited,Healthcare,Unknown,Unknown,False,Cash,1,Not Sure,Not Sure,Not Sure,Not Sure,Not Sure,0.0,Stage rules did not identify a reliable structure.,No confident stage classification.,,2025-11-07,,11.32,10.8,220578727.51,1.61,20.61,3.71,False,False,"Not Sure, Not Sure, weekly_vcp_ok, weekly_strong",watchlist,42.57,47.57,743.6,10.68,"[18.51, 11.02]","[10, 7]",0.9,43.0,225
BALKRISIND.NS,Balkrishna Industries Limited,Automobile and Auto Components,Unknown,Unknown,False,Cash,1,Not Sure,Not Sure,Not Sure,Not Sure,Not Sure,0.0,Stage rules did not identify a reliable structure.,No confident stage classification.,,2026-02-24,,10.47,-1.71,1322891105.31,2.79,1.06,0.67,False,True,"Not Sure, Not Sure, weekly_vcp_ok, weekly_volume_dryup, weekly_strong",watchlist,42.23,47.23,2356.8,7.12,"[27.37, 14.35, 13.17]","[29, 24, 21]",0.95,112.0,226
JPPOWER.NS,Jaiprakash Power Ventures Limited,Power,Unknown,Unknown,False,Cash,1,Not Sure,Stage 2,Pending Stage 2,Pending Stage 2,Not Sure • Pending Stage 2,0.55,Stage 2 pending confirmation: needs 3 raw Stage 2 runs; current count 1.,Stage 2 pending confirmation: needs 3 raw Stage 2 runs; current count 1.,,2025-11-20,Stage 2,-5.49,22.04,1341938421.34,1.18,0.52,0.73,False,True,"Stage 2, Messy Stage 2, weekly_vcp_ok, weekly_volume_dryup, weekly_strong | Stage 2 pending confirmation: needs 3 raw Stage 2 runs; current count 1.",watchlist,46.86,46.86,24.54,-27.47,"[16.93, 4.2]","[5, 79]",0.9,92.0,227
KPRMILL.NS,K.P.R. Mill Ltd.,Textiles,Unknown,Unknown,False,Cash,1,Stage 2,Stage 2,Early Stage 2,Early Stage 2,Stage 2 • Early Stage 2,0.72,"Price has moved above long-term structure, but the full moving-average stack is not clean yet.",,,2026-08-07,,13.79,16.3,334876554.13,0.29,2.28,0.38,True,True,"Stage 2, Early Stage 2, volume_dryup, weekly_volume_dryup",watchlist,41.83,46.83,1333.4,-18.55,[9.42],[36],0.0,36.0,228
OLECTRA.NS,Olectra Greentech Limited,Automobile and Auto Components,Unknown,Unknown,False,Cash,1,Stage 2 Failed,Not Sure,Failed Stage 2,Failed Stage 2,Stage 2 Failed • Failed Stage 2,0.72,"This stock was recently Stage 2, but the latest structure no longer satisfies Stage 2 rules. It is kept as Stage 2 Failed until a fresh base/repair structure forms.",Recent Stage 2 break; public stage held as Stage 2 Failed.,2026-08-10,2026-08-07,,2.95,34.06,365853328.48,0.34,0.36,0.38,True,True,"Not Sure, Not Sure, volume_dryup, weekly_volume_dryup | Stage 2 failed state applied from stage memory.",watchlist,41.78,46.78,1557.17,-12.13,"[16.56, 6.88]","[15, 36]",0.9,55.0,229
CENTURYPLY.NS,Century Plyboards (India) Limited,Consumer Durables,Unknown,Unknown,False,Cash,1,Stage 2,Stage 2,Early Stage 2,Early Stage 2,Stage 2 • Early Stage 2,0.72,"Price has moved above long-term structure, but the full moving-average stack is not clean yet.",,,2026-08-07,,-3.65,1.84,78306868.96,2.32,0.4,0.9,False,False,"Stage 2, Early Stage 2, weekly_vcp_ok, weekly_strong",watchlist,45.45,46.45,829.45,-6.02,"[13.58, 5.5]","[13, 6]",0.9,26.0,230
ASHOKLEY.NS,Ashok Leyland Limited,Capital Goods,Unknown,Unknown,True,F&O,1,Stage 2,Stage 2,Early Stage 2,Early Stage 2,Stage 2 • Early Stage 2,0.72,"Price has moved above long-term structure, but the full moving-average stack is not clean yet.",,,2026-08-07,,9.51,-9.38,2847635667.46,0.95,0.72,0.72,False,True,"Stage 2, Early Stage 2, weekly_vcp_ok, weekly_volume_dryup, weekly_strong",watchlist,42.68,45.18,178.35,-2.44,"[33.15, 13.91, 15.33, 11.91]","[21, 7, 13, 15]",0.73,100.0,231
INGERRAND.NS,Ingersoll Rand (India) Limited,Capital Goods,Unknown,Unknown,False,Cash,1,Stage 2 Failed,Stage 1,Failed Stage 2,Failed Stage 2,Stage 2 Failed • Failed Stage 2,0.72,"This stock was recently Stage 2, but the latest structure no longer satisfies Stage 2 rules. It is kept as Stage 2 Failed until a fresh base/repair structure forms.",Recent Stage 2 break; public stage held as Stage 2 Failed.,2026-08-10,2026-08-06,,-4.43,28.72,58430447.11,0.54,3.36,0.63,True,True,"Stage 1, Stage 1 - Base/Repair, volume_dryup, weekly_volume_dryup, stage1_not_actionable, stage1_needs_more_base | Stage 2 failed state applied from stage memory.",watchlist,42.63,45.13,4735.65,-9.79,"[16.82, 4.78]","[16, 28]",0.9,89.0,232
SHARDAMOTR.NS,Sharda Motor Industries Limited,Automobile and Auto Components,Unknown,Unknown,False,Cash,1,Not Sure,Not Sure,Not Sure,Not Sure,Not Sure,0.0,Stage rules did not identify a reliable structure.,No confident stage classification.,,,,6.65,13.26,69936275.28,2.19,1.49,2.63,False,False,"Not Sure, Not Sure, weekly_vcp_ok, weekly_strong",watchlist,40.05,45.05,928.0,2.98,"[29.9, 17.26, 11.63]","[25, 24, 15]",0.95,106.0,233
FINCABLES.NS,Finolex Cables Limited,Capital Goods,Unknown,Unknown,False,Cash,1,Stage 2,Stage 2,Stage 2,Stage 2,Stage 2,0.76,Advancing structure detected.,,,2026-08-07,,-6.97,41.82,244781262.36,0.64,2.26,0.88,True,True,"Stage 2, Stage 2, volume_dryup, weekly_volume_dryup",watchlist,42.19,44.69,1206.01,-12.27,[19.29],[42],0.0,42.0,234
BEML.NS,BEML Limited,Capital Goods,Unknown,Unknown,False,Cash,1,Stage 2 Failed,Not Sure,Failed Stage 2,Failed Stage 2,Stage 2 Failed • Failed Stage 2,0.72,"This stock was recently Stage 2, but the latest structure no longer satisfies Stage 2 rules. It is kept as Stage 2 Failed until a fresh base/repair structure forms.",Recent Stage 2 break; public stage held as Stage 2 Failed.,2026-08-10,2026-08-07,,-2.23,11.92,628347255.59,1.81,8.89,3.66,False,False,"Not Sure, Not Sure, weekly_vcp_ok, weekly_strong | Stage 2 failed state applied from stage memory.",watchlist,42.07,44.57,2037.96,-7.54,"[26.17, 12.04, 6.92]","[39, 28, 7]",0.95,101.0,235
MAXHEALTH.NS,Max Healthcare Institute Limited,Healthcare,Unknown,Unknown,True,F&O,1,Stage 2 Failed,Not Sure,Failed Stage 2,Failed Stage 2,Stage 2 Failed • Failed Stage 2,0.72,"This stock was recently Stage 2, but the latest structure no longer satisfies Stage 2 rules. It is kept as Stage 2 Failed until a fresh base/repair structure forms.",Recent Stage 2 break; public stage held as Stage 2 Failed.,2026-08-10,2026-08-06,,-3.12,10.65,1724537627.84,0.75,1.25,0.75,True,True,"Not Sure, Not Sure, weekly_vcp_ok, volume_dryup, weekly_volume_dryup, weekly_strong | Stage 2 failed state applied from stage memory.",watchlist,39.32,44.32,1169.94,-8.63,"[18.84, 17.21]","[24, 8]",0.9,63.0,236
SCHNEIDER.NS,Schneider Electric Infrastructure Limited,Capital Goods,Unknown,Unknown,False,Cash,1,Stage 2,Stage 2,Clean Stage 2,Clean Stage 2,Stage 2 • Clean Stage 2,0.9,"Price is above rising key averages, weekly structure is supportive, and the stock is near its 52-week high.",,,2026-08-07,,6.06,89.94,327252616.22,0.55,2.76,0.64,True,True,"Stage 2, Clean Stage 2, weekly_vcp_ok, volume_dryup, weekly_volume_dryup, weekly_strong",watchlist,41.75,44.25,1550.71,-8.11,[24.8],[6],0.0,6.0,237
MIDHANI.NS,Mishra Dhatu Nigam Limited,Capital Goods,Unknown,Unknown,False,Cash,1,Stage 2,Stage 2,Stage 2,Stage 2,Stage 2,0.76,Advancing structure detected.,,,2026-08-07,,-1.54,27.49,227393205.92,0.67,1.29,1.1,True,False,"Stage 2, Stage 2, volume_dryup",watchlist,41.69,44.19,454.8,-4.54,"[13.84, 15.0]","[8, 32]",0.1,55.0,238
PAGEIND.NS,Page Industries Limited,Textiles,Unknown,Unknown,True,F&O,1,Stage 2 Failed,Not Sure,Failed Stage 2,Failed Stage 2,Stage 2 Failed • Failed Stage 2,0.72,"This stock was recently Stage 2, but the latest structure no longer satisfies Stage 2 rules. It is kept as Stage 2 Failed until a fresh base/repair structure forms.",Recent Stage 2 break; public stage held as Stage 2 Failed.,2026-08-10,2026-08-06,,4.7,13.92,896907417.0,0.58,0.89,0.55,True,True,"Not Sure, Not Sure, weekly_vcp_ok, volume_dryup, weekly_volume_dryup, weekly_strong | Stage 2 failed state applied from stage memory.",watchlist,38.06,43.06,43931.75,-12.0,"[17.58, 9.82, 9.29, 10.5]","[26, 15, 7, 7]",0.73,105.0,239
RAYMOND.NS,Raymond Limited,Textiles,Unknown,Unknown,False,Cash,1,Stage 2,Stage 2,Early Stage 2,Early Stage 2,Stage 2 • Early Stage 2,0.72,"Price has moved above long-term structure, but the full moving-average stack is not clean yet.",,,2026-08-07,,31.21,55.09,297434903.95,0.88,1.78,1.15,False,False,"Stage 2, Early Stage 2",watchlist,37.72,42.72,647.13,-3.11,[11.54],[11],0.0,11.0,240
VARROC.NS,Varroc Engineering Limited,Automobile and Auto Components,Unknown,Unknown,False,Cash,1,Stage 2,Stage 2,Extended Stage 2,Extended Stage 2,Stage 2 • Extended Stage 2,0.78,"Advancing structure remains intact, but price is stretched versus key moving averages or far above the 52-week low.",,,2026-08-07,,42.87,48.95,822802757.65,3.91,1.96,7.84,False,False,"Stage 2, Extended Stage 2, weekly_vcp_ok, weekly_strong",watchlist,37.59,42.59,681.91,21.12,[7.87],[14],0.0,14.0,241
GATEWAY.NS,Gateway Distriparks Limited,Services,Unknown,Unknown,False,Cash,1,Not Sure,Not Sure,Not Sure,Not Sure,Not Sure,0.0,Stage rules did not identify a reliable structure.,No confident stage classification.,,2026-07-15,,-2.3,3.26,76151597.85,1.66,1.95,2.69,False,False,"Not Sure, Not Sure, weekly_vcp_ok, weekly_strong",watchlist,41.5,42.5,63.25,-8.24,"[24.55, 8.28, 4.74]","[26, 23, 8]",0.95,77.0,242
YATHARTH.NS,Yatharth Hospital & Trauma Care Services Limited,Healthcare,Unknown,Unknown,False,Cash,1,Stage 2,Stage 2,Stage 2,Stage 2,Stage 2,0.76,Advancing structure detected.,,,2026-08-07,,3.01,38.21,218015433.69,0.99,4.54,1.57,False,False,"Stage 2, Stage 2",watchlist,37.22,42.22,884.95,1.56,[12.56],[16],0.0,16.0,243
LTFOODS.NS,LT Foods Ltd.,Fast Moving Consumer Goods,Unknown,Unknown,False,Cash,1,Not Sure,Not Sure,Not Sure,Not Sure,Not Sure,0.0,Stage rules did not identify a reliable structure.,No confident stage classification.,,,,-2.29,4.67,354564240.48,1.95,0.33,0.63,False,True,"Not Sure, Not Sure, weekly_vcp_ok, weekly_volume_dryup, weekly_strong",watchlist,41.9,41.9,440.67,-4.07,"[23.91, 17.24, 7.51, 6.55]","[15, 28, 11, 12]",1.0,98.0,244
ZFCVINDIA.NS,ZF Commercial Vehicle Control Systems India Limited,Automobile and Auto Components,Unknown,Unknown,False,Cash,1,Stage 1,Stage 1,Stage 1 - Early Turn,Stage 1 - Early Turn,Stage 1 • Stage 1 - Early Turn,0.66,The stock is improving from a repair/base area but has not confirmed a clean Stage 2 yet.,,,2026-07-01,,5.93,8.16,462803814.85,0.67,0.3,0.72,True,True,"Stage 1, Stage 1 - Early Turn, volume_dryup, weekly_volume_dryup, stage1_not_actionable, stage1_needs_more_base",watchlist,35.96,40.96,3044.05,-14.27,"[22.28, 8.2]","[24, 79]",0.9,109.0,245
GARFIBRES.NS,Garware Technical Fibres Limited,Textiles,Unknown,Unknown,False,Cash,1,Stage 2,Stage 2,Early Stage 2,Early Stage 2,Stage 2 • Early Stage 2,0.72,"Price has moved above long-term structure, but the full moving-average stack is not clean yet.",,,2026-08-07,,22.86,21.78,61382221.12,0.62,0.41,1.05,True,False,"Stage 2, Early Stage 2, volume_dryup",watchlist,35.87,40.87,784.3,1.92,[14.94],[13],0.0,13.0,246
PFIZER.NS,Pfizer Limited,Healthcare,Unknown,Unknown,False,Cash,1,Not Sure,Not Sure,Not Sure,Not Sure,Not Sure,0.0,Stage rules did not identify a reliable structure.,No confident stage classification.,,2025-10-31,,2.29,10.15,145578025.2,1.23,1.67,0.8,False,True,"Not Sure, Not Sure, weekly_vcp_ok, weekly_volume_dryup, weekly_strong",watchlist,35.81,40.81,4702.06,3.73,"[12.68, 7.39]","[14, 15]",0.9,30.0,247
LUPIN.NS,Lupin Limited,Healthcare,Unknown,Unknown,True,F&O,1,Stage 2,Stage 2,Early Stage 2,Early Stage 2,Stage 2 • Early Stage 2,0.72,"Price has moved above long-term structure, but the full moving-average stack is not clean yet.",,,2026-08-07,,-0.59,11.2,2766796229.04,1.65,3.98,2.25,False,False,"Stage 2, Early Stage 2",watchlist,35.81,40.81,2523.7,-8.86,[6.7],[30],0.0,30.0,248
CYIENTDLM.NS,Cyient DLM Limited,Capital Goods,Unknown,Unknown,False,Cash,1,Stage 2,Stage 2,Extended Stage 2,Extended Stage 2,Stage 2 • Extended Stage 2,0.78,"Advancing structure remains intact, but price is stretched versus key moving averages or far above the 52-week low.",,,2026-08-07,,62.2,96.34,865324393.79,0.61,0.85,0.77,True,True,"Stage 2, Extended Stage 2, volume_dryup, weekly_volume_dryup",watchlist,38.3,40.8,736.24,-6.08,[4.41],[19],0.0,19.0,249
SCHAEFFLER.NS,Schaeffler India Limited,Automobile and Auto Components,Unknown,Unknown,False,Cash,1,Stage 2 Failed,Stage 1,Failed Stage 2,Failed Stage 2,Stage 2 Failed • Failed Stage 2,0.72,"This stock was recently Stage 2, but the latest structure no longer satisfies Stage 2 rules. It is kept as Stage 2 Failed until a fresh base/repair structure forms.",Recent Stage 2 break; public stage held as Stage 2 Failed.,2026-08-10,2026-07-29,,-6.3,12.03,271688912.38,0.7,1.34,0.64,True,True,"Stage 1, Stage 1 - Base/Repair, weekly_vcp_ok, volume_dryup, weekly_volume_dryup, weekly_strong, stage1_not_actionable, stage1_needs_more_base | Stage 2 failed state applied from stage memory.",watchlist,35.68,40.68,4436.75,-8.42,"[12.56, 10.31, 9.01]","[15, 12, 13]",0.95,53.0,250
PAYTM.NS,One 97 Communications Limited,Financial Services,Unknown,Unknown,True,F&O,1,Stage 2,Stage 2,Extended Stage 2,Extended Stage 2,Stage 2 • Extended Stage 2,0.78,"Advancing structure remains intact, but price is stretched versus key moving averages or far above the 52-week low.",,,2026-08-07,,33.25,38.88,6516509015.85,1.64,5.19,2.34,False,False,"Stage 2, Extended Stage 2, weekly_vcp_ok, weekly_strong",watchlist,37.88,40.38,1409.46,12.39,[12.12],[7],0.0,7.0,251
TATAINVEST.NS,Tata Investment Corporation Ltd.,Financial Services,Unknown,Unknown,False,Cash,1,Not Sure,Not Sure,Not Sure,Not Sure,Not Sure,0.0,Stage rules did not identify a reliable structure.,No confident stage classification.,,2025-10-29,,-2.12,9.96,266322101.56,1.69,0.84,2.46,False,False,"Not Sure, Not Sure, weekly_vcp_ok, weekly_strong",watchlist,37.78,40.28,759.67,-9.45,"[27.35, 11.7, 10.89, 11.18]","[24, 11, 12, 10]",1.0,105.0,252
SANGHVIMOV.NS,Sanghvi Movers Limited,Capital Goods,Unknown,Unknown,False,Cash,1,Stage 2,Stage 2,Extended Stage 2,Extended Stage 2,Stage 2 • Extended Stage 2,0.78,"Advancing structure remains intact, but price is stretched versus key moving averages or far above the 52-week low.",,,2026-08-07,,57.4,65.34,246899560.26,1.52,4.34,2.06,False,False,"Stage 2, Extended Stage 2",watchlist,37.75,40.25,473.83,7.93,[12.49],[6],0.0,6.0,253
AGARWALEYE.NS,Dr. Agarwal's Health Care Ltd.,Healthcare,Unknown,Unknown,False,Cash,1,Stage 2,Stage 2,Early Stage 2,Early Stage 2,Stage 2 • Early Stage 2,0.72,"Price has moved above long-term structure, but the full moving-average stack is not clean yet.",,,2026-08-07,,20.5,29.18,64346997.43,1.81,1.83,3.01,False,False,"Stage 2, Early Stage 2, weekly_vcp_ok, weekly_strong",watchlist,35.02,40.02,505.0,11.03,[6.93],[6],0.0,6.0,254
TATATECH.NS,Tata Technologies Ltd.,Information Technology,Unknown,Unknown,False,Cash,1,Stage 2,Stage 2,Extended Stage 2,Extended Stage 2,Stage 2 • Extended Stage 2,0.78,"Advancing structure remains intact, but price is stretched versus key moving averages or far above the 52-week low.",,,2026-08-07,,38.17,48.8,1817874430.97,2.06,2.43,3.5,False,False,"Stage 2, Extended Stage 2",watchlist,39.0,40.0,778.36,12.95,[14.33],[16],0.0,16.0,255
RECLTD.NS,REC Limited,Financial Services,Unknown,Unknown,True,F&O,1,Stage 2 Failed,Stage 1,Failed Stage 2,Failed Stage 2,Stage 2 Failed • Failed Stage 2,0.72,"This stock was recently Stage 2, but the latest structure no longer satisfies Stage 2 rules. It is kept as Stage 2 Failed until a fresh base/repair structure forms.",Recent Stage 2 break; public stage held as Stage 2 Failed.,2026-08-10,2026-08-07,,-5.33,2.17,1745697697.64,0.9,2.44,1.03,False,False,"Stage 1, Stage 1 - Base/Repair, weekly_vcp_ok, weekly_strong, stage1_not_actionable, stage1_needs_more_base | Stage 2 failed state applied from stage memory.",watchlist,37.21,39.71,377.36,-8.91,"[19.6, 17.15]","[35, 30]",0.9,78.0,256
SPLPETRO.NS,Supreme Petrochem Limited,Chemicals,Unknown,Unknown,False,Cash,1,Stage 2 Failed,Not Sure,Failed Stage 2,Failed Stage 2,Stage 2 Failed • Failed Stage 2,0.72,"This stock was recently Stage 2, but the latest structure no longer satisfies Stage 2 rules. It is kept as Stage 2 Failed until a fresh base/repair structure forms.",Recent Stage 2 break; public stage held as Stage 2 Failed.,2026-08-10,2026-08-04,,-3.17,22.24,190312909.73,1.68,0.26,0.33,False,True,"Not Sure, Not Sure, weekly_vcp_ok, weekly_volume_dryup, weekly_strong | Stage 2 failed state applied from stage memory.",watchlist,37.11,39.61,783.8,-11.49,"[17.94, 12.97]","[40, 19]",0.9,73.0,257
MAZDOCK.NS,Mazagon Dock Shipbuilders Limited,Capital Goods,Unknown,Unknown,True,F&O,1,Not Sure,Not Sure,Not Sure,Not Sure,Not Sure,0.0,Stage rules did not identify a reliable structure.,No confident stage classification.,,,,-3.08,9.1,1990548649.85,1.43,1.7,1.92,False,False,"Not Sure, Not Sure, weekly_vcp_ok, weekly_strong",watchlist,37.07,39.57,2814.92,-8.52,"[17.54, 19.63, 15.3, 8.64]","[21, 15, 15, 9]",0.73,89.0,258
CONCOR.NS,Container Corporation of India Limited,Services,Unknown,Unknown,True,F&O,1,Not Sure,Not Sure,Not Sure,Not Sure,Not Sure,0.0,Stage rules did not identify a reliable structure.,No confident stage classification.,,,,-8.31,4.1,1480666879.42,1.55,0.98,0.71,False,True,"Not Sure, Not Sure, weekly_vcp_ok, weekly_volume_dryup, weekly_strong",watchlist,38.45,39.45,535.36,-6.25,"[21.28, 18.54]","[33, 24]",0.9,87.0,259
SKIPPER.NS,Skipper Limited,Capital Goods,Unknown,Unknown,False,Cash,1,Stage 2,Stage 2,Early Stage 2,Early Stage 2,Stage 2 • Early Stage 2,0.72,"Price has moved above long-term structure, but the full moving-average stack is not clean yet.",,,2026-08-07,,10.39,41.42,308915143.57,0.81,1.39,0.74,True,True,"Stage 2, Early Stage 2, weekly_vcp_ok, volume_dryup, weekly_volume_dryup, weekly_strong",watchlist,36.68,39.18,594.04,-10.95,[15.13],[16],0.0,16.0,260
ITI.NS,ITI Limited,Telecommunication,Unknown,Unknown,False,Cash,1,Stage 4,Stage 4,Stage 4 - Weak/Declining,Stage 4 - Weak/Declining,Stage 4 • Stage 4 - Weak/Declining,0.72,Price is below long-term support with weak trend evidence.,,,2026-07-02,,-6.21,3.28,147352037.6,0.61,3.58,0.99,True,False,"Stage 4, Stage 4 - Weak/Declining, weekly_vcp_ok, volume_dryup, weekly_strong, downtrend",watchlist,33.86,38.86,326.42,-12.38,"[21.47, 20.39, 13.25, 8.42]","[23, 8, 18, 9]",1.0,82.0,261
POLYMED.NS,Poly Medicure Limited,Healthcare,Unknown,Unknown,False,Cash,1,Stage 1,Stage 1,Stage 1 - Early Turn,Stage 1 - Early Turn,Stage 1 • Stage 1 - Early Turn,0.66,The stock is improving from a repair/base area but has not confirmed a clean Stage 2 yet.,,,,,5.78,32.19,212355677.77,1.06,8.46,1.81,False,False,"Stage 1, Stage 1 - Early Turn, weekly_vcp_ok, weekly_strong, stage1_not_actionable, stage1_needs_more_base",watchlist,33.62,38.62,1779.06,-0.37,"[23.98, 9.34]","[15, 15]",0.9,53.0,262
ADANIENT.NS,Adani Enterprises Limited,Metals & Mining,Unknown,Unknown,True,F&O,1,Stage 2,Stage 2,Early Stage 2,Early Stage 2,Stage 2 • Early Stage 2,0.72,"Price has moved above long-term structure, but the full moving-average stack is not clean yet.",,,2026-08-07,,5.85,38.46,3298267010.79,0.59,0.52,0.49,True,True,"Stage 2, Early Stage 2, volume_dryup, weekly_volume_dryup",watchlist,38.56,38.56,3245.0,-7.24,[23.38],[33],0.0,33.0,263
GLAXO.NS,GlaxoSmithKline Pharmaceuticals Limited,Healthcare,Unknown,Unknown,False,Cash,1,Stage 2,Stage 2,Early Stage 2,Early Stage 2,Stage 2 • Early Stage 2,0.72,"Price has moved above long-term structure, but the full moving-average stack is not clean yet.",,,2026-08-07,,5.21,10.63,187054150.28,0.69,0.37,0.51,True,True,"Stage 2, Early Stage 2, weekly_vcp_ok, volume_dryup, weekly_volume_dryup, weekly_strong",watchlist,33.41,38.41,2688.7,-3.26,[15.03],[22],0.0,22.0,264
NEULANDLAB.NS,Neuland Laboratories Limited,Healthcare,Unknown,Unknown,False,Cash,1,Stage 2,Stage 2,Extended Stage 2,Extended Stage 2,Stage 2 • Extended Stage 2,0.78,"Advancing structure remains intact, but price is stretched versus key moving averages or far above the 52-week low.",,,2026-08-07,,29.76,75.44,1948986442.7,2.48,1.16,4.52,False,False,"Stage 2, Extended Stage 2, weekly_vcp_ok, weekly_strong",watchlist,33.38,38.38,20087.03,10.6,[10.12],[6],0.0,6.0,265
JSWSTEEL.NS,JSW Steel Limited,Metals & Mining,Unknown,Unknown,True,F&O,1,Stage 2,Stage 2,Stage 2,Stage 2,Stage 2,0.76,Advancing structure detected.,,,2026-08-07,,-4.18,9.8,2266866679.39,1.04,0.91,1.06,False,False,"Stage 2, Stage 2, weekly_vcp_ok, weekly_strong",watchlist,38.06,38.06,1306.78,-0.37,[8.29],[12],0.0,12.0,266
DEVYANI.NS,Devyani International Limited,Consumer Services,Unknown,Unknown,False,Cash,1,Not Sure,Not Sure,Not Sure,Not Sure,Not Sure,0.0,Stage rules did not identify a reliable structure.,No confident stage classification.,,,,8.01,5.84,740606061.48,2.49,1.35,2.52,False,False,"Not Sure, Not Sure, weekly_vcp_ok, weekly_strong",watchlist,38.0,38.0,130.2,2.58,"[33.38, 18.89]","[33, 31]",0.9,81.0,267
FORTIS.NS,Fortis Healthcare Limited,Healthcare,Unknown,Unknown,True,F&O,1,Stage 2 Failed,Stage 3,Failed Stage 2,Failed Stage 2,Stage 2 Failed • Failed Stage 2,0.72,"This stock was recently Stage 2, but the latest structure no longer satisfies Stage 2 rules. It is kept as Stage 2 Failed until a fresh base/repair structure forms.",Recent Stage 2 break; public stage held as Stage 2 Failed.,2026-08-10,2026-07-29,,-6.34,15.2,1101210517.54,1.06,1.55,1.41,False,False,"Stage 3, Stage 3 - Transition, distribution_risk | Stage 2 failed state applied from stage memory.",watchlist,32.34,37.34,1009.03,-6.33,"[18.69, 9.43, 7.38]","[32, 8, 13]",0.95,92.0,268
CHOICEIN.NS,Choice International Limited,Financial Services,Unknown,Unknown,False,Cash,1,Stage 2,Stage 2,Early Stage 2,Early Stage 2,Stage 2 • Early Stage 2,0.72,"Price has moved above long-term structure, but the full moving-average stack is not clean yet.",,,2026-08-07,,22.24,13.51,469349290.95,0.5,0.44,0.56,True,True,"Stage 2, Early Stage 2, weekly_vcp_ok, volume_dryup, weekly_volume_dryup, weekly_strong",watchlist,34.82,37.32,847.48,-0.32,[6.81],[10],0.0,10.0,269
SOUTHBANK.NS,The South Indian Bank Limited,Financial Services,Unknown,Unknown,False,Cash,1,Stage 2,Stage 2,Early Stage 2,Early Stage 2,Stage 2 • Early Stage 2,0.72,"Price has moved above long-term structure, but the full moving-average stack is not clean yet.",,,2026-08-07,,14.36,15.66,646229085.92,0.4,0.62,0.38,True,True,"Stage 2, Early Stage 2, weekly_vcp_ok, volume_dryup, weekly_volume_dryup, weekly_strong",watchlist,34.75,37.25,49.99,-7.98,[13.62],[14],0.0,14.0,270
UNOMINDA.NS,UNO Minda Limited,Automobile and Auto Components,Unknown,Unknown,True,F&O,1,Stage 1,Stage 1,Stage 1 - Early Turn,Stage 1 - Early Turn,Stage 1 • Stage 1 - Early Turn,0.66,The stock is improving from a repair/base area but has not confirmed a clean Stage 2 yet.,,,2026-01-07,,9.79,11.85,1052108354.71,1.18,0.84,1.5,False,False,"Stage 1, Stage 1 - Early Turn, weekly_vcp_ok, stage1_not_actionable, stage1_needs_more_base",watchlist,32.16,37.16,1187.86,8.43,"[20.8, 15.31, 9.28, 4.58]","[21, 7, 10, 21]",1.0,111.0,271
APOLLO.NS,Apollo Micro Systems Limited,Capital Goods,Unknown,Unknown,False,Cash,1,Stage 2,Stage 2,Early Stage 2,Early Stage 2,Stage 2 • Early Stage 2,0.72,"Price has moved above long-term structure, but the full moving-average stack is not clean yet.",,,2026-08-07,,21.92,59.83,2297296972.22,0.37,0.63,0.33,True,True,"Stage 2, Early Stage 2, weekly_vcp_ok, volume_dryup, weekly_volume_dryup, weekly_strong",watchlist,34.52,37.02,467.32,-16.92,[19.83],[18],0.0,18.0,272
GREENLAM.NS,Greenlam Industries Limited,Consumer Durables,Unknown,Unknown,False,Cash,1,Stage 2 Failed,Stage 1,Failed Stage 2,Failed Stage 2,Stage 2 Failed • Failed Stage 2,0.72,"This stock was recently Stage 2, but the latest structure no longer satisfies Stage 2 rules. It is kept as Stage 2 Failed until a fresh base/repair structure forms.",Recent Stage 2 break; public stage held as Stage 2 Failed.,2026-08-10,2026-08-07,,9.75,-1.24,55574527.9,1.56,11.42,3.21,False,False,"Stage 1, Stage 1 - Base/Repair, stage1_not_actionable, stage1_needs_more_base | Stage 2 failed state applied from stage memory.",watchlist,35.71,36.71,275.57,-11.95,"[25.77, 12.67]","[32, 14]",0.9,112.0,273
VMART.NS,V-Mart Retail Limited,Consumer Services,Unknown,Unknown,False,Cash,1,Stage 2,Stage 2,Early Stage 2,Early Stage 2,Stage 2 • Early Stage 2,0.72,"Price has moved above long-term structure, but the full moving-average stack is not clean yet.",,,2026-08-07,,20.82,41.71,123908058.69,0.75,0.52,0.64,True,True,"Stage 2, Early Stage 2, weekly_vcp_ok, volume_dryup, weekly_volume_dryup, weekly_strong",watchlist,36.67,36.67,824.79,-0.77,[17.09],[17],0.0,17.0,274
PTCIL.NS,PTC Industries Limited,Capital Goods,Unknown,Unknown,False,Cash,1,Stage 2,Stage 2,Early Stage 2,Early Stage 2,Stage 2 • Early Stage 2,0.72,"Price has moved above long-term structure, but the full moving-average stack is not clean yet.",,,2026-08-07,,9.68,15.68,314825698.85,0.75,1.19,1.15,True,False,"Stage 2, Early Stage 2, weekly_vcp_ok, volume_dryup, weekly_strong",watchlist,34.06,36.56,18631.55,3.96,[15.12],[18],0.0,18.0,275
SIS.NS,SIS LIMITED,Services,Unknown,Unknown,False,Cash,1,Stage 2,Stage 2,Early Stage 2,Early Stage 2,Stage 2 • Early Stage 2,0.72,"Price has moved above long-term structure, but the full moving-average stack is not clean yet.",,,2026-08-07,,9.13,28.96,56510720.2,0.32,0.76,0.44,True,True,"Stage 2, Early Stage 2, volume_dryup, weekly_volume_dryup",watchlist,35.43,36.43,445.93,-4.17,[9.4],[13],0.0,13.0,276
PATELENG.NS,Patel Engineering Limited,Construction,Unknown,Unknown,False,Cash,1,Stage 3,Stage 3,Stage 3 - Distribution/Damage,Stage 3 - Distribution/Damage,Stage 3 • Stage 3 - Distribution/Damage,0.76,"Prior strength exists, but short-term and/or weekly structure is deteriorating.",,,2026-07-13,,5.49,1.07,118863219.35,0.54,1.91,0.57,True,True,"Stage 3, Stage 3 - Distribution/Damage, weekly_vcp_ok, volume_dryup, weekly_volume_dryup, weekly_strong, distribution_risk",watchlist,36.41,36.41,36.01,-17.97,"[29.69, 15.84, 4.91]","[32, 13, 45]",0.95,115.0,277
HLEGLAS.NS,HLE Glascoat Limited,Capital Goods,Unknown,Unknown,False,Cash,1,Stage 1,Stage 1,Stage 1 - Early Turn,Stage 1 - Early Turn,Stage 1 • Stage 1 - Early Turn,0.66,The stock is improving from a repair/base area but has not confirmed a clean Stage 2 yet.,,,2025-11-11,,33.98,31.43,152085515.9,0.63,1.24,1.07,True,False,"Stage 1, Stage 1 - Early Turn, volume_dryup, stage1_not_actionable, stage1_needs_more_base",watchlist,33.84,36.34,446.0,6.39,"[39.83, 19.88]","[32, 5]",0.9,64.0,278
KIRLOSENG.NS,Kirloskar Oil Engines Limited,Capital Goods,Unknown,Unknown,False,Cash,1,Stage 2,Stage 2,Extended Stage 2,Extended Stage 2,Stage 2 • Extended Stage 2,0.78,"Advancing structure remains intact, but price is stretched versus key moving averages or far above the 52-week low.",,,2026-08-07,,28.62,80.21,994470032.4,0.62,1.49,0.81,True,True,"Stage 2, Extended Stage 2, volume_dryup, weekly_volume_dryup",watchlist,33.8,36.3,2571.07,-17.11,[18.38],[8],0.0,8.0,279
CONCORDBIO.NS,Concord Biotech Limited,Healthcare,Unknown,Unknown,False,Cash,1,Stage 1,Stage 1,Stage 1 - Early Turn,Stage 1 - Early Turn,Stage 1 • Stage 1 - Early Turn,0.66,The stock is improving from a repair/base area but has not confirmed a clean Stage 2 yet.,,,,,20.07,16.83,207478164.65,0.65,2.66,0.51,True,True,"Stage 1, Stage 1 - Early Turn, volume_dryup, weekly_volume_dryup, stage1_not_actionable, stage1_needs_more_base",watchlist,31.05,36.05,1359.85,4.35,"[11.21, 8.8]","[18, 6]",0.9,29.0,280
IIFL.NS,IIFL Finance Limited,Financial Services,Unknown,Unknown,False,Cash,1,Stage 2,Stage 2,Early Stage 2,Early Stage 2,Stage 2 • Early Stage 2,0.72,"Price has moved above long-term structure, but the full moving-average stack is not clean yet.",,,2026-08-07,,30.99,25.48,1357391268.26,0.9,0.57,0.55,False,True,"Stage 2, Early Stage 2, weekly_vcp_ok, weekly_volume_dryup, weekly_strong",watchlist,33.52,36.02,624.09,0.29,[15.44],[7],0.0,7.0,281
KPIL.NS,Kalpataru Projects International Limited,Construction,Unknown,Unknown,False,Cash,1,Stage 2,Stage 2,Early Stage 2,Early Stage 2,Stage 2 • Early Stage 2,0.72,"Price has moved above long-term structure, but the full moving-average stack is not clean yet.",,,2026-08-07,,2.74,26.13,156785220.34,0.48,0.6,0.44,True,True,"Stage 2, Early Stage 2, volume_dryup, weekly_volume_dryup",watchlist,36.01,36.01,1353.26,-2.8,[14.28],[25],0.0,25.0,282
KALYANKJIL.NS,Kalyan Jewellers India Limited,Consumer Durables,Unknown,Unknown,True,F&O,1,Stage 2,Stage 2,Extended Stage 2,Extended Stage 2,Stage 2 • Extended Stage 2,0.78,"Advancing structure remains intact, but price is stretched versus key moving averages or far above the 52-week low.",,,2026-08-07,,61.12,41.87,19263429739.81,1.07,0.39,0.98,False,False,"Stage 2, Extended Stage 2, weekly_vcp_ok, weekly_strong",watchlist,35.0,36.0,650.09,-7.67,[23.73],[24],0.0,24.0,283
PGEL.NS,PG Electroplast Limited,Consumer Durables,Unknown,Unknown,True,F&O,1,Stage 2,Stage 2,Early Stage 2,Early Stage 2,Stage 2 • Early Stage 2,0.72,"Price has moved above long-term structure, but the full moving-average stack is not clean yet.",,,2026-08-07,,21.3,9.46,1551803883.58,1.06,1.01,1.52,False,False,"Stage 2, Early Stage 2, weekly_vcp_ok, weekly_strong",watchlist,34.85,35.85,632.1,-1.63,[11.03],[6],0.0,6.0,284
PETRONET.NS,Petronet LNG Limited,"Oil, Gas & Consumable Fuels",Unknown,Unknown,True,F&O,1,Stage 2,Stage 2,Early Stage 2,Early Stage 2,Stage 2 • Early Stage 2,0.72,"Price has moved above long-term structure, but the full moving-average stack is not clean yet.",Stage 2 reclaimed after 3 confirmation runs.,,2026-08-07,,-0.93,-0.96,467211356.39,0.55,0.57,0.44,True,True,"Stage 2, Early Stage 2, weekly_vcp_ok, volume_dryup, weekly_volume_dryup, weekly_strong",watchlist,34.75,35.75,294.61,-4.96,"[8.13, 9.1]","[13, 26]",0.1,43.0,285
GUJALKALI.NS,Gujarat Alkalies and Chemicals Limited,Chemicals,Unknown,Unknown,False,Cash,1,Stage 2,Stage 2,Stage 2,Stage 2,Stage 2,0.76,Advancing structure detected.,,,2026-08-07,,-7.87,48.55,101590458.3,1.36,0.37,0.8,False,True,"Stage 2, Stage 2, weekly_volume_dryup",watchlist,33.23,35.73,727.95,-6.22,[13.63],[79],0.0,79.0,286
CCL.NS,CCL Products (India) Limited,Fast Moving Consumer Goods,Unknown,Unknown,False,Cash,1,Stage 2,Stage 2,Early Stage 2,Early Stage 2,Stage 2 • Early Stage 2,0.72,"Price has moved above long-term structure, but the full moving-average stack is not clean yet.",,,2026-08-07,,-4.17,14.89,201136405.05,0.55,0.59,0.44,True,True,"Stage 2, Early Stage 2, volume_dryup, weekly_volume_dryup",watchlist,35.7,35.7,1242.2,-9.62,[11.84],[37],0.0,37.0,287
NUVAMA.NS,Nuvama Wealth Management Ltd.,Financial Services,Unknown,Unknown,True,F&O,1,Stage 2,Stage 2,Early Stage 2,Early Stage 2,Stage 2 • Early Stage 2,0.72,"Price has moved above long-term structure, but the full moving-average stack is not clean yet.",,,2026-08-07,,3.53,26.58,1008148181.5,0.76,1.93,0.89,True,True,"Stage 2, Early Stage 2, volume_dryup, weekly_volume_dryup",watchlist,33.11,35.61,2069.62,-20.97,[8.25],[24],0.0,24.0,288
IGIL.NS,International Gemmological Institute (India) Ltd.,Services,Unknown,Unknown,False,Cash,1,Stage 1,Stage 1,Stage 1 - Base/Repair,Stage 1 - Base/Repair,Stage 1 • Stage 1 - Base/Repair,0.7,Price is near long-term moving averages with no strong long-term downtrend signal.,,,2026-07-09,,3.18,16.42,252130402.87,1.28,0.67,1.14,False,False,"Stage 1, Stage 1 - Base/Repair, stage1_base_ready, stage1_not_actionable",watchlist,34.54,35.54,378.66,-6.42,"[11.51, 11.97]","[21, 16]",0.9,43.0,289
BRIGADE.NS,Brigade Enterprises Limited,Realty,Unknown,Unknown,False,Cash,1,Stage 1,Stage 1,Stage 1 - Early Turn,Stage 1 - Early Turn,Stage 1 • Stage 1 - Early Turn,0.66,The stock is improving from a repair/base area but has not confirmed a clean Stage 2 yet.,,,,,11.85,11.18,234495786.28,0.6,2.53,0.75,True,True,"Stage 1, Stage 1 - Early Turn, weekly_vcp_ok, volume_dryup, weekly_volume_dryup, weekly_strong, stage1_not_actionable, stage1_needs_more_base",watchlist,34.49,35.49,610.21,-0.41,"[25.96, 15.45, 17.27, 10.8]","[28, 48, 9, 10]",0.73,113.0,290
MANYAVAR.NS,Vedant Fashions Limited,Consumer Services,Unknown,Unknown,False,Cash,1,Not Sure,Not Sure,Not Sure,Not Sure,Not Sure,0.0,Stage rules did not identify a reliable structure.,No confident stage classification.,,,,13.51,16.27,1388674815.67,4.43,0.41,8.5,False,False,"Not Sure, Not Sure, weekly_vcp_ok, weekly_strong",watchlist,35.43,35.43,440.27,19.22,"[18.04, 10.08]","[20, 17]",0.9,42.0,291
IDFCFIRSTB.NS,IDFC First Bank Limited,Financial Services,Unknown,Unknown,True,F&O,1,Stage 2,Stage 2,Early Stage 2,Early Stage 2,Stage 2 • Early Stage 2,0.72,"Price has moved above long-term structure, but the full moving-average stack is not clean yet.",,,2026-08-07,,19.37,5.32,2032586994.73,0.71,0.5,0.48,True,True,"Stage 2, Early Stage 2, volume_dryup, weekly_volume_dryup",watchlist,32.87,35.37,88.65,-4.01,[4.9],[12],0.0,12.0,292
MTARTECH.NS,Mtar Technologies Limited,Capital Goods,Unknown,Unknown,False,Cash,1,Stage 2,Stage 2,Extended Stage 2,Extended Stage 2,Stage 2 • Extended Stage 2,0.78,"Advancing structure remains intact, but price is stretched versus key moving averages or far above the 52-week low.",,,2026-08-07,,-2.54,116.81,1377352221.78,0.29,0.71,0.24,True,True,"Stage 2, Extended Stage 2, volume_dryup, weekly_volume_dryup",watchlist,32.75,35.25,6088.14,13.99,[26.86],[14],0.0,14.0,293
DEEPAKFERT.NS,Deepak Fertilizers and Petrochemicals Corporation Limited,Chemicals,Unknown,Unknown,False,Cash,1,Stage 2,Stage 2,Early Stage 2,Early Stage 2,Stage 2 • Early Stage 2,0.72,"Price has moved above long-term structure, but the full moving-average stack is not clean yet.",,,2026-08-07,,15.5,58.14,751922012.8,1.73,0.33,1.7,False,False,"Stage 2, Early Stage 2",watchlist,32.75,35.25,1683.44,-9.09,[12.16],[6],0.0,6.0,294
DMART.NS,Avenue Supermarts Limited,Consumer Services,Unknown,Unknown,True,F&O,1,Not Sure,Not Sure,Not Sure,Not Sure,Not Sure,0.0,Stage rules did not identify a reliable structure.,No confident stage classification.,,2025-10-23,,-11.63,8.84,2553076005.96,1.13,0.82,0.66,False,True,"Not Sure, Not Sure, weekly_volume_dryup",watchlist,35.08,35.08,4437.15,-8.64,"[14.84, 12.25]","[40, 15]",0.9,63.0,295
COROMANDEL.NS,Coromandel International Limited,Chemicals,Unknown,Unknown,False,Cash,1,Stage 1,Stage 1,Stage 1 - Early Turn,Stage 1 - Early Turn,Stage 1 • Stage 1 - Early Turn,0.66,The stock is improving from a repair/base area but has not confirmed a clean Stage 2 yet.,,,2025-12-09,,7.75,-3.31,275178262.01,0.48,1.03,0.44,True,True,"Stage 1, Stage 1 - Early Turn, weekly_vcp_ok, volume_dryup, weekly_volume_dryup, weekly_strong, stage1_not_actionable, stage1_needs_more_base",watchlist,32.56,35.06,2199.6,-4.61,"[24.21, 22.36, 8.68, 6.94]","[22, 40, 9, 7]",1.0,107.0,296
PNBHOUSING.NS,PNB Housing Finance Limited,Financial Services,Unknown,Unknown,True,F&O,1,Stage 2,Stage 2,Clean Stage 2,Clean Stage 2,Stage 2 • Clean Stage 2,0.9,"Price is above rising key averages, weekly structure is supportive, and the stock is near its 52-week high.",,,2026-08-07,,3.82,41.01,1189139460.49,1.65,1.12,2.4,False,False,"Stage 2, Clean Stage 2, weekly_vcp_ok, weekly_strong",watchlist,32.36,34.86,1125.9,2.08,[14.03],[11],0.0,11.0,297
NIVABUPA.NS,Niva Bupa Health Insurance Company Ltd.,Financial Services,Unknown,Unknown,False,Cash,1,Stage 2,Stage 2,Clean Stage 2,Clean Stage 2,Stage 2 • Clean Stage 2,0.9,"Price is above rising key averages, weekly structure is supportive, and the stock is near its 52-week high.",,,2026-08-07,,-0.75,16.38,133472799.72,0.51,0.5,0.48,True,True,"Stage 2, Clean Stage 2, volume_dryup, weekly_volume_dryup",watchlist,32.19,34.69,89.66,-3.65,[7.04],[5],0.0,5.0,298
RBA.NS,Restaurant Brands Asia Limited,Consumer Services,Unknown,Unknown,False,Cash,1,Stage 2,Stage 2,Extended Stage 2,Extended Stage 2,Stage 2 • Extended Stage 2,0.78,"Advancing structure remains intact, but price is stretched versus key moving averages or far above the 52-week low.",,,2026-08-07,,30.19,44.95,1645789000.18,2.65,0.98,5.09,False,False,"Stage 2, Extended Stage 2",watchlist,34.62,34.62,70.62,27.76,[22.38],[21],0.0,21.0,299
NLCINDIA.NS,NLC India Ltd.,Power,Unknown,Unknown,False,Cash,1,Stage 3,Stage 3,Stage 3 - Distribution/Damage,Stage 3 - Distribution/Damage,Stage 3 • Stage 3 - Distribution/Damage,0.76,"Prior strength exists, but short-term and/or weekly structure is deteriorating.",,,2026-07-17,,-17.54,15.98,675880946.13,0.55,3.81,0.67,True,True,"Stage 3, Stage 3 - Distribution/Damage, volume_dryup, weekly_volume_dryup, distribution_risk",watchlist,34.58,34.58,362.63,-21.31,"[21.33, 14.95]","[20, 24]",0.9,51.0,300
ABREL.NS,Aditya Birla Real Estate Ltd.,Forest Materials,Unknown,Unknown,False,Cash,1,Stage 1,Stage 1,Stage 1 - Early Turn,Stage 1 - Early Turn,Stage 1 • Stage 1 - Early Turn,0.66,The stock is improving from a repair/base area but has not confirmed a clean Stage 2 yet.,,,,,1.91,7.86,155666456.61,0.56,0.47,0.68,True,True,"Stage 1, Stage 1 - Early Turn, weekly_vcp_ok, volume_dryup, weekly_volume_dryup, weekly_strong, stage1_not_actionable, stage1_needs_more_base",watchlist,32.08,34.58,1598.01,-12.82,"[26.77, 27.72, 7.23]","[23, 25, 5]",0.95,113.0,301
ABSLAMC.NS,Aditya Birla Sun Life AMC Limited,Financial Services,Unknown,Unknown,False,Cash,1,Stage 2,Stage 2,Early Stage 2,Early Stage 2,Stage 2 • Early Stage 2,0.72,"Price has moved above long-term structure, but the full moving-average stack is not clean yet.",,,2026-08-07,,-4.83,32.2,381514581.52,0.61,1.01,0.63,True,True,"Stage 2, Early Stage 2, volume_dryup, weekly_volume_dryup",watchlist,32.02,34.52,1176.23,-13.98,[18.55],[23],0.0,23.0,302
TATACOMM.NS,Tata Communications Limited,Telecommunication,Unknown,Unknown,False,Cash,1,Stage 2,Stage 2,Early Stage 2,Early Stage 2,Stage 2 • Early Stage 2,0.72,"Price has moved above long-term structure, but the full moving-average stack is not clean yet.",,,2026-08-07,,0.83,16.17,543210465.02,0.46,0.53,0.46,True,True,"Stage 2, Early Stage 2, weekly_vcp_ok, volume_dryup, weekly_volume_dryup, weekly_strong",watchlist,29.45,34.45,1808.16,-3.8,[20.38],[22],0.0,22.0,303
DELHIVERY.NS,Delhivery Limited,Services,Unknown,Unknown,True,F&O,1,Stage 2,Stage 2,Clean Stage 2,Clean Stage 2,Stage 2 • Clean Stage 2,0.9,"Price is above rising key averages, weekly structure is supportive, and the stock is near its 52-week high.",Stage 2 reclaimed after 3 confirmation runs.,,2026-08-07,,-3.44,14.91,2106917522.54,1.01,2.74,1.19,False,False,"Stage 2, Clean Stage 2, weekly_vcp_ok, weekly_strong",watchlist,33.4,34.4,524.42,-8.78,[12.57],[10],0.0,10.0,304
RAIN.NS,Rain Industries Limited,Chemicals,Unknown,Unknown,False,Cash,1,Stage 2,Stage 2,Early Stage 2,Early Stage 2,Stage 2 • Early Stage 2,0.72,"Price has moved above long-term structure, but the full moving-average stack is not clean yet.",,,2026-08-07,,22.45,27.49,1400577649.65,1.31,2.28,2.06,False,False,"Stage 2, Early Stage 2",watchlist,31.87,34.37,228.4,-10.43,[16.12],[7],0.0,7.0,305
ARE&M.NS,Amara Raja Energy & Mobility Ltd.,Automobile and Auto Components,Unknown,Unknown,False,Cash,1,Stage 1,Stage 1,Stage 1 - Early Turn,Stage 1 - Early Turn,Stage 1 • Stage 1 - Early Turn,0.66,The stock is improving from a repair/base area but has not confirmed a clean Stage 2 yet.,,,,,2.41,8.97,806452868.11,1.31,1.91,1.46,False,False,"Stage 1, Stage 1 - Early Turn, weekly_vcp_ok, weekly_strong, stage1_not_actionable, stage1_needs_more_base",watchlist,29.32,34.32,924.26,-2.87,"[17.14, 14.13, 6.48, 7.06]","[17, 9, 5, 6]",0.73,68.0,306
ROLEXRINGS.NS,Rolex Rings Limited,Automobile and Auto Components,Unknown,Unknown,False,Cash,1,Stage 2,Stage 2,Stage 2,Stage 2,Stage 2,0.76,Advancing structure detected.,,,2026-08-07,,-1.28,25.69,579888664.1,2.42,0.69,4.59,False,False,"Stage 2, Stage 2",watchlist,29.32,34.32,162.18,-4.27,[16.89],[7],0.0,7.0,307
AGI.NS,AGI Greenpac Limited,Capital Goods,Unknown,Unknown,False,Cash,1,Stage 1,Stage 1,Stage 1 - Early Turn,Stage 1 - Early Turn,Stage 1 • Stage 1 - Early Turn,0.66,The stock is improving from a repair/base area but has not confirmed a clean Stage 2 yet.,,,,,18.2,17.49,87710310.47,1.04,0.66,0.58,False,True,"Stage 1, Stage 1 - Early Turn, weekly_vcp_ok, weekly_volume_dryup, weekly_strong, stage1_not_actionable, stage1_needs_more_base",watchlist,31.57,34.07,748.0,-3.98,"[28.63, 19.48, 9.89, 8.98]","[18, 13, 6, 10]",1.0,113.0,308
NIACL.NS,The New India Assurance Company Limited,Financial Services,Unknown,Unknown,False,Cash,1,Stage 2,Stage 2,Early Stage 2,Early Stage 2,Stage 2 • Early Stage 2,0.72,"Price has moved above long-term structure, but the full moving-average stack is not clean yet.",,,2026-08-07,,4.68,22.97,452394283.25,0.52,0.39,0.9,True,False,"Stage 2, Early Stage 2, volume_dryup",watchlist,31.49,33.99,193.09,-7.01,[25.19],[27],0.0,27.0,309
JKPAPER.NS,JK Paper Limited,Forest Materials,Unknown,Unknown,False,Cash,1,Stage 2,Stage 2,Early Stage 2,Early Stage 2,Stage 2 • Early Stage 2,0.72,"Price has moved above long-term structure, but the full moving-average stack is not clean yet.",,,2026-08-07,,-3.14,24.99,448191275.97,1.2,0.52,0.47,False,True,"Stage 2, Early Stage 2, weekly_vcp_ok, weekly_volume_dryup, weekly_strong",watchlist,31.44,33.94,427.75,-8.19,[15.47],[26],0.0,26.0,310
REDINGTON.NS,Redington Limited,Services,Unknown,Unknown,False,Cash,1,Stage 2,Stage 2,Extended Stage 2,Extended Stage 2,Stage 2 • Extended Stage 2,0.78,"Advancing structure remains intact, but price is stretched versus key moving averages or far above the 52-week low.",,,2026-08-07,,61.08,37.5,3554812599.99,2.58,0.27,0.96,False,False,"Stage 2, Extended Stage 2, weekly_vcp_ok, weekly_strong",watchlist,32.88,33.88,288.7,22.34,[11.28],[7],0.0,7.0,311
APLLTD.NS,Alembic Pharmaceuticals Limited,Healthcare,Unknown,Unknown,False,Cash,1,Stage 1,Stage 1,Stage 1 - Early Turn,Stage 1 - Early Turn,Stage 1 • Stage 1 - Early Turn,0.66,The stock is improving from a repair/base area but has not confirmed a clean Stage 2 yet.,,,,,4.73,10.4,96917649.42,0.98,0.56,1.57,False,False,"Stage 1, Stage 1 - Early Turn, weekly_vcp_ok, weekly_strong, stage1_not_actionable, stage1_needs_more_base",watchlist,28.83,33.83,842.86,-1.37,"[23.16, 11.3, 6.93]","[31, 32, 17]",0.95,116.0,312
TATASTEEL.NS,Tata Steel Limited,Metals & Mining,Unknown,Unknown,True,F&O,1,Stage 3,Stage 3,Stage 3 - Distribution/Damage,Stage 3 - Distribution/Damage,Stage 3 • Stage 3 - Distribution/Damage,0.76,"Prior strength exists, but short-term and/or weekly structure is deteriorating.",,,2026-06-04,,-17.35,0.75,3818820822.22,0.88,1.44,0.84,False,True,"Stage 3, Stage 3 - Distribution/Damage, weekly_volume_dryup, distribution_risk",watchlist,33.81,33.81,220.25,-13.63,"[16.26, 15.99, 6.26]","[12, 33, 10]",0.95,102.0,313
HAL.NS,Hindustan Aeronautics Limited,Capital Goods,Unknown,Unknown,True,F&O,1,Stage 2,Stage 2,Early Stage 2,Early Stage 2,Stage 2 • Early Stage 2,0.72,"Price has moved above long-term structure, but the full moving-average stack is not clean yet.",,,2026-08-07,,1.79,24.91,3994323410.53,1.34,0.75,1.93,False,False,"Stage 2, Early Stage 2, weekly_vcp_ok, weekly_strong",watchlist,31.3,33.8,4652.93,5.91,[14.22],[21],0.0,21.0,314
BHARTIARTL.NS,Bharti Airtel Limited,Telecommunication,Unknown,Unknown,True,F&O,1,Stage 2,Stage 2,Early Stage 2,Early Stage 2,Stage 2 • Early Stage 2,0.72,"Price has moved above long-term structure, but the full moving-average stack is not clean yet.",,,2026-08-07,,-0.69,1.15,11188052314.57,0.95,0.6,0.98,False,False,"Stage 2, Early Stage 2, weekly_vcp_ok, weekly_strong",watchlist,28.8,33.8,1941.56,0.07,[9.48],[18],0.0,18.0,315
RELAXO.NS,Relaxo Footwears Limited,Consumer Durables,Unknown,Unknown,False,Cash,1,Stage 2,Stage 2,Early Stage 2,Early Stage 2,Stage 2 • Early Stage 2,0.72,"Price has moved above long-term structure, but the full moving-average stack is not clean yet.",,,2026-08-07,,42.92,18.53,1237278774.37,0.18,0.11,0.16,True,True,"Stage 2, Early Stage 2, weekly_vcp_ok, volume_dryup, weekly_volume_dryup, weekly_strong",watchlist,32.75,33.75,455.5,-6.82,[14.62],[14],0.0,14.0,316
SBILIFE.NS,SBI Life Insurance Company Limited,Financial Services,Unknown,Unknown,True,F&O,1,Stage 1,Stage 1,Stage 1 - Base/Repair,Stage 1 - Base/Repair,Stage 1 • Stage 1 - Base/Repair,0.7,Price is near long-term moving averages with no strong long-term downtrend signal.,,,2026-03-02,,-4.2,-2.34,1628484129.11,0.98,0.85,0.8,False,True,"Stage 1, Stage 1 - Base/Repair, weekly_vcp_ok, weekly_volume_dryup, weekly_strong, stage1_not_actionable, stage1_needs_more_base",watchlist,31.25,33.75,1994.38,-6.99,"[18.83, 11.65, 10.27, 4.57]","[25, 7, 24, 5]",1.0,85.0,317
APOLLOTYRE.NS,Apollo Tyres Limited,Automobile and Auto Components,Unknown,Unknown,False,Cash,1,Stage 1,Stage 1,Stage 1 - Early Turn,Stage 1 - Early Turn,Stage 1 • Stage 1 - Early Turn,0.66,The stock is improving from a repair/base area but has not confirmed a clean Stage 2 yet.,,,2026-01-15,,7.98,-5.8,326926838.58,0.86,0.83,1.26,False,False,"Stage 1, Stage 1 - Early Turn, daily_vcp_ok, weekly_vcp_ok, weekly_strong, stage1_needs_more_base",watchlist,28.71,33.71,459.78,-3.01,"[25.79, 6.88, 6.34]","[26, 9, 27]",0.95,116.0,318
MSUMI.NS,Motherson Sumi Wiring India Limited,Automobile and Auto Components,Unknown,Unknown,False,Cash,1,Stage 1,Stage 1,Stage 1 - Early Turn,Stage 1 - Early Turn,Stage 1 • Stage 1 - Early Turn,0.66,The stock is improving from a repair/base area but has not confirmed a clean Stage 2 yet.,,,2026-01-09,,-1.09,1.61,406435555.41,0.84,0.54,1.19,True,False,"Stage 1, Stage 1 - Early Turn, weekly_vcp_ok, volume_dryup, weekly_strong, stage1_not_actionable, stage1_needs_more_base",watchlist,28.71,33.71,42.89,-4.32,"[20.04, 16.39, 6.82]","[19, 25, 8]",0.95,96.0,319
MANKIND.NS,Mankind Pharma Limited,Healthcare,Unknown,Unknown,True,F&O,1,Stage 2,Stage 2,Early Stage 2,Early Stage 2,Stage 2 • Early Stage 2,0.72,"Price has moved above long-term structure, but the full moving-average stack is not clean yet.",,,2026-08-07,,-6.13,22.96,1161938683.0,1.22,0.54,0.52,False,True,"Stage 2, Early Stage 2, weekly_volume_dryup",watchlist,28.68,33.68,2645.12,-7.83,[13.76],[8],0.0,8.0,320
LTF.NS,L&T Finance Ltd.,Financial Services,Unknown,Unknown,True,F&O,1,Stage 2,Stage 2,Early Stage 2,Early Stage 2,Stage 2 • Early Stage 2,0.72,"Price has moved above long-term structure, but the full moving-average stack is not clean yet.",,,2026-08-07,,6.97,15.41,1909946345.04,0.88,0.35,0.65,False,True,"Stage 2, Early Stage 2, weekly_volume_dryup",watchlist,31.06,33.56,339.19,-7.77,[12.24],[13],0.0,13.0,321
MSTCLTD.NS,Mstc Limited,Services,Unknown,Unknown,False,Cash,1,Stage 2,Stage 2,Early Stage 2,Early Stage 2,Stage 2 • Early Stage 2,0.72,"Price has moved above long-term structure, but the full moving-average stack is not clean yet.",,,2026-08-07,,31.35,28.83,162262078.52,0.09,0.26,0.08,True,True,"Stage 2, Early Stage 2, volume_dryup, weekly_volume_dryup",watchlist,32.5,33.5,745.2,-21.87,[22.1],[12],0.0,12.0,322
BALAMINES.NS,Balaji Amines Limited,Chemicals,Unknown,Unknown,False,Cash,1,Stage 2,Stage 2,Early Stage 2,Early Stage 2,Stage 2 • Early Stage 2,0.72,"Price has moved above long-term structure, but the full moving-average stack is not clean yet.",,,2026-08-07,,21.51,82.69,538005390.03,0.69,0.36,0.46,True,True,"Stage 2, Early Stage 2, weekly_vcp_ok, volume_dryup, weekly_volume_dryup, weekly_strong",watchlist,31.0,33.5,2445.43,-16.33,[17.61],[7],0.0,7.0,323
KEI.NS,KEI Industries Limited,Capital Goods,Unknown,Unknown,True,F&O,1,Stage 2,Stage 2,Stage 2,Stage 2,Stage 2,0.76,Advancing structure detected.,,,2026-08-07,,4.86,27.69,2633495098.42,1.88,0.77,2.99,False,False,"Stage 2, Stage 2",watchlist,31.0,33.5,5242.16,7.97,[25.76],[14],0.0,14.0,324
CGPOWER.NS,CG Power and Industrial Solutions Limited,Capital Goods,Unknown,Unknown,True,F&O,1,Stage 2,Stage 2,Early Stage 2,Early Stage 2,Stage 2 • Early Stage 2,0.72,"Price has moved above long-term structure, but the full moving-average stack is not clean yet.",,,2026-08-07,,-1.53,31.95,3644560694.65,0.95,0.23,0.67,False,True,"Stage 2, Early Stage 2, weekly_vcp_ok, weekly_volume_dryup, weekly_strong",watchlist,30.87,33.37,956.57,-8.11,[8.54],[11],0.0,11.0,325
CANBK.NS,Canara Bank,Financial Services,Unknown,Unknown,True,F&O,1,Stage 1,Stage 1,Stage 1 - Base/Repair,Stage 1 - Base/Repair,Stage 1 • Stage 1 - Base/Repair,0.7,Price is near long-term moving averages with no strong long-term downtrend signal.,,,2026-02-23,,-3.3,-5.29,2910318352.2,0.71,0.79,0.76,True,True,"Stage 1, Stage 1 - Base/Repair, weekly_vcp_ok, volume_dryup, weekly_volume_dryup, weekly_strong, stage1_not_actionable, stage1_needs_more_base",watchlist,30.87,33.37,142.45,-9.44,"[25.23, 15.81, 11.61, 6.45]","[22, 20, 14, 10]",1.0,101.0,326
LODHA.NS,Macrotech Developers Limited,Realty,Unknown,Unknown,True,F&O,1,Stage 2,Stage 2,Early Stage 2,Early Stage 2,Stage 2 • Early Stage 2,0.72,"Price has moved above long-term structure, but the full moving-average stack is not clean yet.",,,2026-08-07,,34.31,16.26,3239129083.04,1.11,0.19,0.36,False,True,"Stage 2, Early Stage 2, weekly_vcp_ok, weekly_volume_dryup, weekly_strong",watchlist,32.31,33.31,1342.59,-9.65,[8.26],[10],0.0,10.0,327
NSLNISP.NS,NMDC Steel Limited,Metals & Mining,Unknown,Unknown,False,Cash,1,Stage 3,Stage 3,Stage 3 - Distribution/Damage,Stage 3 - Distribution/Damage,Stage 3 • Stage 3 - Distribution/Damage,0.76,"Prior strength exists, but short-term and/or weekly structure is deteriorating.",,,2026-07-15,,-6.28,10.75,122909234.52,0.6,1.41,0.49,True,True,"Stage 3, Stage 3 - Distribution/Damage, volume_dryup, weekly_volume_dryup, distribution_risk",watchlist,33.27,33.27,53.84,-17.04,"[19.76, 5.24]","[18, 70]",0.9,99.0,328
GNFC.NS,Gujarat Narmada Valley Fertilizers and Chemicals Limited,Chemicals,Unknown,Unknown,False,Cash,1,Stage 2,Stage 2,Early Stage 2,Early Stage 2,Stage 2 • Early Stage 2,0.72,"Price has moved above long-term structure, but the full moving-average stack is not clean yet.",,,2026-08-07,,-0.51,17.86,228124743.22,1.32,0.67,1.85,False,False,"Stage 2, Early Stage 2",watchlist,30.74,33.24,531.93,2.29,[20.11],[24],0.0,24.0,329
JUBLPHARMA.NS,Jubilant Pharmova Limited,Healthcare,Unknown,Unknown,False,Cash,1,Stage 4,Stage 4,Stage 4 - Weak/Declining,Stage 4 - Weak/Declining,Stage 4 • Stage 4 - Weak/Declining,0.72,Price is below long-term support with weak trend evidence.,,,2025-12-01,,-7.94,3.99,154037889.68,1.27,2.87,1.5,False,False,"Stage 4, Stage 4 - Weak/Declining, weekly_vcp_ok, weekly_strong, downtrend",watchlist,28.2,33.2,1036.63,-7.13,"[21.27, 8.98]","[23, 24]",0.9,87.0,330
LICI.NS,Life Insurance Corporation Of India,Financial Services,Unknown,Unknown,True,F&O,1,Stage 2 Failed,Stage 4,Failed Stage 2,Failed Stage 2,Stage 2 Failed • Failed Stage 2,0.72,"This stock was recently Stage 2, but the latest structure no longer satisfies Stage 2 rules. It is kept as Stage 2 Failed until a fresh base/repair structure forms.",Recent Stage 2 break; public stage held as Stage 2 Failed.,2026-08-10,2026-08-03,,-5.22,-5.54,4766446907.53,3.06,2.11,6.13,False,False,"Stage 4, Stage 4 - Weak/Declining, weekly_vcp_ok, weekly_strong, downtrend | Stage 2 failed state applied from stage memory.",watchlist,30.58,33.08,448.38,-12.35,"[19.52, 9.38, 8.63]","[23, 19, 12]",0.95,71.0,331
MRF.NS,MRF Limited,Automobile and Auto Components,Unknown,Unknown,False,Cash,1,Stage 4,Stage 4,Stage 4 - Weak/Declining,Stage 4 - Weak/Declining,Stage 4 • Stage 4 - Weak/Declining,0.72,Price is below long-term support with weak trend evidence.,,,2025-12-01,,0.86,-3.82,578636624.59,0.61,0.38,0.53,True,True,"Stage 4, Stage 4 - Weak/Declining, weekly_vcp_ok, volume_dryup, weekly_volume_dryup, weekly_strong, downtrend",watchlist,28.03,33.03,140549.69,-4.77,"[19.02, 13.35, 6.63]","[27, 31, 8]",0.95,107.0,332
AAVAS.NS,Aavas Financiers Ltd.,Financial Services,Unknown,Unknown,False,Cash,1,Stage 4,Stage 4,Stage 4 - Weak/Declining,Stage 4 - Weak/Declining,Stage 4 • Stage 4 - Weak/Declining,0.72,Price is below long-term support with weak trend evidence.,,,,,-5.23,12.51,115223671.2,0.41,1.64,0.47,True,True,"Stage 4, Stage 4 - Weak/Declining, weekly_vcp_ok, volume_dryup, weekly_volume_dryup, weekly_strong, downtrend",watchlist,30.49,32.99,1544.9,-9.12,"[15.01, 12.38]","[33, 17]",0.9,66.0,333
INDUSTOWER.NS,Indus Towers Limited,Telecommunication,Unknown,Unknown,True,F&O,1,Stage 4,Stage 4,Stage 4 - Weak/Declining,Stage 4 - Weak/Declining,Stage 4 • Stage 4 - Weak/Declining,0.72,Price is below long-term support with weak trend evidence.,,,2026-03-27,,-12.74,-9.25,1586274273.76,0.77,1.6,0.89,True,True,"Stage 4, Stage 4 - Weak/Declining, weekly_vcp_ok, volume_dryup, weekly_volume_dryup, weekly_strong, downtrend",watchlist,27.93,32.93,433.1,-15.03,"[14.94, 11.09]","[27, 49]",0.9,93.0,334
BANKINDIA.NS,Bank of India,Financial Services,Unknown,Unknown,True,F&O,1,Stage 2 Failed,Stage 1,Failed Stage 2,Failed Stage 2,Stage 2 Failed • Failed Stage 2,0.72,"This stock was recently Stage 2, but the latest structure no longer satisfies Stage 2 rules. It is kept as Stage 2 Failed until a fresh base/repair structure forms.",Recent Stage 2 break; public stage held as Stage 2 Failed.,2026-08-10,2026-07-21,,-4.0,-8.92,1243045676.52,0.76,0.69,0.73,True,True,"Stage 1, Stage 1 - Base/Repair, weekly_vcp_ok, volume_dryup, weekly_volume_dryup, weekly_strong, stage1_not_actionable, stage1_needs_more_base | Stage 2 failed state applied from stage memory.",watchlist,30.42,32.92,151.0,-6.62,"[24.58, 11.56, 11.25, 9.18]","[21, 20, 17, 5]",1.0,102.0,335
BOMDYEING.NS,Bombay Dyeing & Mfg Company Limited,Textiles,Unknown,Unknown,False,Cash,1,Stage 4,Stage 4,Stage 4 - Weak/Declining,Stage 4 - Weak/Declining,Stage 4 • Stage 4 - Weak/Declining,0.72,Price is below long-term support with weak trend evidence.,,,,,-7.78,5.19,54581236.57,0.63,0.87,0.95,True,False,"Stage 4, Stage 4 - Weak/Declining, weekly_vcp_ok, volume_dryup, weekly_strong, downtrend",watchlist,27.85,32.85,140.53,-14.64,"[27.96, 16.08, 11.63]","[36, 6, 42]",0.95,117.0,336
AIIL.NS,Authum Investment & Infrastructure Ltd.,Financial Services,Unknown,Unknown,False,Cash,1,Stage 1,Stage 1,Stage 1 - Early Turn,Stage 1 - Early Turn,Stage 1 • Stage 1 - Early Turn,0.66,The stock is improving from a repair/base area but has not confirmed a clean Stage 2 yet.,,,2026-01-13,,17.36,20.66,387388633.0,0.64,0.36,1.06,True,False,"Stage 1, Stage 1 - Early Turn, volume_dryup, stage1_not_actionable, stage1_needs_more_base",watchlist,30.34,32.84,584.85,0.23,"[17.45, 14.28]","[9, 23]",0.9,40.0,337
INDIGO.NS,InterGlobe Aviation Limited,Services,Unknown,Unknown,True,F&O,1,Stage 2,Stage 2,Early Stage 2,Early Stage 2,Stage 2 • Early Stage 2,0.72,"Price has moved above long-term structure, but the full moving-average stack is not clean yet.",,,2026-08-07,,19.45,13.26,5066357062.02,0.56,0.35,0.53,True,True,"Stage 2, Early Stage 2, volume_dryup, weekly_volume_dryup",watchlist,31.79,32.79,5486.08,-2.78,[10.78],[15],0.0,15.0,338
TRIDENT.NS,Trident Limited,Textiles,Unknown,Unknown,False,Cash,1,Stage 4,Stage 4,Stage 4 - Weak/Declining,Stage 4 - Weak/Declining,Stage 4 • Stage 4 - Weak/Declining,0.72,Price is below long-term support with weak trend evidence.,,,,,-4.46,-5.98,171405267.45,0.64,0.74,0.84,True,True,"Stage 4, Stage 4 - Weak/Declining, weekly_vcp_ok, volume_dryup, weekly_volume_dryup, weekly_strong, downtrend",watchlist,27.75,32.75,27.37,-9.36,"[28.96, 7.91, 7.44]","[29, 38, 8]",0.95,87.0,339
GVT&D.NS,GE Vernova T&D India Ltd.,Capital Goods,Unknown,Unknown,False,Cash,1,Stage 2 Failed,Stage 3,Failed Stage 2,Failed Stage 2,Stage 2 Failed • Failed Stage 2,0.72,"This stock was recently Stage 2, but the latest structure no longer satisfies Stage 2 rules. It is kept as Stage 2 Failed until a fresh base/repair structure forms.",Recent Stage 2 break; public stage held as Stage 2 Failed.,2026-08-10,2026-07-24,,-5.33,21.92,4509229542.15,1.17,1.34,1.16,False,False,"Stage 3, Stage 3 - Distribution/Damage, distribution_risk | Stage 2 failed state applied from stage memory.",watchlist,30.21,32.71,5659.89,-23.5,"[15.23, 8.79]","[6, 82]",0.9,98.0,340
FIVESTAR.NS,Five-Star Business Finance Limited,Financial Services,Unknown,Unknown,False,Cash,1,Stage 2,Stage 2,Early Stage 2,Early Stage 2,Stage 2 • Early Stage 2,0.72,"Price has moved above long-term structure, but the full moving-average stack is not clean yet.",,,2026-08-07,,12.67,26.39,387943638.94,0.65,0.24,0.22,True,True,"Stage 2, Early Stage 2, weekly_vcp_ok, volume_dryup, weekly_volume_dryup, weekly_strong",watchlist,30.16,32.66,573.53,-4.7,[7.88],[14],0.0,14.0,341
JISLJALEQS.NS,Jain Irrigation Systems Limited,Capital Goods,Unknown,Unknown,False,Cash,1,Stage 4,Stage 4,Stage 4 - Confirmed Downtrend,Stage 4 - Confirmed Downtrend,Stage 4 • Stage 4 - Confirmed Downtrend,0.86,Price is below a bearish moving-average stack with falling trend signals.,,,,,-18.61,-16.24,63761833.61,0.71,5.63,0.93,True,False,"Stage 4, Stage 4 - Confirmed Downtrend, weekly_vcp_ok, volume_dryup, weekly_strong, downtrend",watchlist,30.14,32.64,37.96,-25.44,"[26.66, 18.12]","[8, 33]",0.9,56.0,342
YESBANK.NS,Yes Bank Limited,Financial Services,Unknown,Unknown,True,F&O,1,Stage 2 Failed,Stage 1,Failed Stage 2,Failed Stage 2,Stage 2 Failed • Failed Stage 2,0.72,"This stock was recently Stage 2, but the latest structure no longer satisfies Stage 2 rules. It is kept as Stage 2 Failed until a fresh base/repair structure forms.",Recent Stage 2 break; public stage held as Stage 2 Failed.,2026-08-10,2026-08-03,,-2.63,10.14,1422476210.7,0.48,0.53,0.44,True,True,"Stage 1, Stage 1 - Base/Repair, volume_dryup, weekly_volume_dryup, stage1_not_actionable, stage1_needs_more_base | Stage 2 failed state applied from stage memory.",watchlist,30.11,32.61,24.83,-8.39,"[9.71, 6.69]","[8, 8]",0.9,23.0,343
TBOTEK.NS,TBO Tek Ltd.,Consumer Services,Unknown,Unknown,False,Cash,1,Not Sure,Stage 2,Pending Stage 2,Pending Stage 2,Not Sure • Pending Stage 2,0.55,Stage 2 pending confirmation: needs 3 raw Stage 2 runs; current count 1.,Stage 2 pending confirmation: needs 3 raw Stage 2 runs; current count 1.,,2026-01-15,Stage 2,31.25,14.05,483825343.95,1.77,0.24,1.27,False,False,"Stage 2, Early Stage 2 | Stage 2 pending confirmation: needs 3 raw Stage 2 runs; current count 1.",watchlist,32.53,32.53,1571.75,1.92,[10.76],[16],0.0,16.0,344
ELECTCAST.NS,Electrosteel Castings Limited,Capital Goods,Unknown,Unknown,False,Cash,1,Stage 4,Stage 4,Stage 4 - Confirmed Downtrend,Stage 4 - Confirmed Downtrend,Stage 4 • Stage 4 - Confirmed Downtrend,0.86,Price is below a bearish moving-average stack with falling trend signals.,,,,,-16.54,5.29,81311577.02,0.74,3.25,1.07,True,False,"Stage 4, Stage 4 - Confirmed Downtrend, weekly_vcp_ok, volume_dryup, downtrend",watchlist,29.97,32.47,85.73,-13.37,"[28.05, 18.91]","[26, 24]",0.9,57.0,345
IFCI.NS,IFCI Limited,Financial Services,Unknown,Unknown,False,Cash,1,Stage 2,Stage 2,Early Stage 2,Early Stage 2,Stage 2 • Early Stage 2,0.72,"Price has moved above long-term structure, but the full moving-average stack is not clean yet.",,,2026-08-07,,11.62,22.29,1083584349.12,0.28,0.87,0.16,True,True,"Stage 2, Early Stage 2, volume_dryup, weekly_volume_dryup",watchlist,29.89,32.39,79.64,-4.55,[14.43],[12],0.0,12.0,346
M&M.NS,Mahindra & Mahindra Limited,Automobile and Auto Components,Unknown,Unknown,True,F&O,1,Stage 1,Stage 1,Stage 1 - Early Turn,Stage 1 - Early Turn,Stage 1 • Stage 1 - Early Turn,0.66,The stock is improving from a repair/base area but has not confirmed a clean Stage 2 yet.,,,2026-01-13,,6.82,3.08,8505830261.71,1.12,0.92,0.84,False,True,"Stage 1, Stage 1 - Early Turn, weekly_vcp_ok, weekly_volume_dryup, weekly_strong, stage1_not_actionable, stage1_needs_more_base",watchlist,27.32,32.32,3217.1,9.32,"[14.67, 4.28]","[25, 6]",0.9,49.0,347
BPCL.NS,Bharat Petroleum Corporation Limited,"Oil, Gas & Consumable Fuels",Unknown,Unknown,True,F&O,1,Stage 1,Stage 1,Stage 1 - Unclear/Repair,Stage 1 - Unclear/Repair,Stage 1 • Stage 1 - Unclear/Repair,0.58,Not enough evidence for Stage 2 or Stage 4; classified as repair/unclear structure.,,,2026-03-02,,2.82,-13.35,2087606388.93,0.67,0.46,0.56,True,True,"Stage 1, Stage 1 - Unclear/Repair, weekly_vcp_ok, volume_dryup, weekly_volume_dryup, weekly_strong, stage1_not_actionable, stage1_needs_more_base",watchlist,31.27,32.27,330.53,-3.64,"[31.62, 12.73, 10.18, 6.9]","[21, 7, 9, 14]",1.0,88.0,348
SAMMAANCAP.NS,Sammaan Capital Ltd.,Financial Services,Unknown,Unknown,True,F&O,1,Stage 2,Stage 2,Early Stage 2,Early Stage 2,Stage 2 • Early Stage 2,0.72,"Price has moved above long-term structure, but the full moving-average stack is not clean yet.",,,2026-08-07,,8.24,13.45,1041483543.32,0.45,0.38,0.52,True,True,"Stage 2, Early Stage 2, volume_dryup, weekly_volume_dryup",watchlist,29.75,32.25,168.79,-3.85,[15.53],[17],0.0,17.0,349
PFC.NS,Power Finance Corporation Limited,Financial Services,Unknown,Unknown,True,F&O,1,Stage 1,Stage 1,Stage 1 - Base/Repair,Stage 1 - Base/Repair,Stage 1 • Stage 1 - Base/Repair,0.7,Price is near long-term moving averages with no strong long-term downtrend signal.,,,2026-07-01,,-19.04,-0.07,2816978477.76,1.35,4.92,1.72,False,False,"Stage 1, Stage 1 - Base/Repair, weekly_vcp_ok, weekly_strong, stage1_not_actionable, stage1_needs_more_base",watchlist,29.7,32.2,440.68,-12.6,"[16.04, 10.3]","[26, 13]",0.9,52.0,350
TTML.NS,Tata Teleservices (Maharashtra) Limited,Telecommunication,Unknown,Unknown,False,Cash,1,Stage 4,Stage 4,Stage 4 - Confirmed Downtrend,Stage 4 - Confirmed Downtrend,Stage 4 • Stage 4 - Confirmed Downtrend,0.86,Price is below a bearish moving-average stack with falling trend signals.,,,,,-13.47,-8.59,87428344.77,0.39,0.4,0.2,True,True,"Stage 4, Stage 4 - Confirmed Downtrend, weekly_vcp_ok, volume_dryup, weekly_volume_dryup, weekly_strong, downtrend",watchlist,27.2,32.2,49.83,-21.69,"[34.75, 10.46]","[32, 5]",0.9,116.0,351
COFORGE.NS,Coforge Limited,Information Technology,Unknown,Unknown,True,F&O,1,Stage 1,Stage 1,Stage 1 - Early Turn,Stage 1 - Early Turn,Stage 1 • Stage 1 - Early Turn,0.66,The stock is improving from a repair/base area but has not confirmed a clean Stage 2 yet.,,,2025-12-23,,37.51,21.99,5617700691.52,1.29,0.73,0.58,False,True,"Stage 1, Stage 1 - Early Turn, weekly_volume_dryup, stage1_not_actionable, stage1_needs_more_base",watchlist,30.9,31.9,1564.5,15.69,"[12.73, 6.14]","[7, 19]",0.9,38.0,352
INDIACEM.NS,The India Cements Limited,Construction Materials,Unknown,Unknown,False,Cash,1,Stage 1,Stage 1,Stage 1 - Base/Repair,Stage 1 - Base/Repair,Stage 1 • Stage 1 - Base/Repair,0.7,Price is near long-term moving averages with no strong long-term downtrend signal.,,,2026-02-26,,-6.19,-8.7,160672762.04,0.61,0.36,0.51,True,True,"Stage 1, Stage 1 - Base/Repair, volume_dryup, weekly_volume_dryup, stage1_not_actionable, stage1_needs_more_base",watchlist,31.86,31.86,470.72,-16.65,"[27.93, 18.07, 10.78, 8.39]","[36, 5, 11, 17]",1.0,105.0,353
KOTAKBANK.NS,Kotak Mahindra Bank Limited,Financial Services,Unknown,Unknown,True,F&O,1,Stage 4,Stage 4,Stage 4 - Weak/Declining,Stage 4 - Weak/Declining,Stage 4 • Stage 4 - Weak/Declining,0.72,Price is below long-term support with weak trend evidence.,,,2026-06-26,,-0.77,-2.04,5191412116.0,0.75,0.71,0.67,True,True,"Stage 4, Stage 4 - Weak/Declining, weekly_vcp_ok, volume_dryup, weekly_volume_dryup, weekly_strong, downtrend",watchlist,29.29,31.79,413.09,-4.74,"[20.11, 4.77]","[24, 50]",0.9,92.0,354
BHARTIHEXA.NS,Bharti Hexacom Ltd.,Telecommunication,Unknown,Unknown,False,Cash,1,Stage 4,Stage 4,Stage 4 - Weak/Declining,Stage 4 - Weak/Declining,Stage 4 • Stage 4 - Weak/Declining,0.72,Price is below long-term support with weak trend evidence.,,,2026-01-05,,-4.23,-7.56,251727843.77,0.74,0.65,1.06,True,False,"Stage 4, Stage 4 - Weak/Declining, weekly_vcp_ok, volume_dryup, weekly_strong, downtrend",watchlist,26.66,31.66,1659.84,-9.21,"[16.82, 11.08, 6.15]","[24, 8, 5]",0.95,95.0,355
KSCL.NS,Kaveri Seed Company Limited,Fast Moving Consumer Goods,Unknown,Unknown,False,Cash,1,Stage 4,Stage 4,Stage 4 - Confirmed Downtrend,Stage 4 - Confirmed Downtrend,Stage 4 • Stage 4 - Confirmed Downtrend,0.86,Price is below a bearish moving-average stack with falling trend signals.,,,,,-24.22,-9.94,57924726.63,0.43,2.08,0.47,True,True,"Stage 4, Stage 4 - Confirmed Downtrend, weekly_vcp_ok, volume_dryup, weekly_volume_dryup, weekly_strong, downtrend",watchlist,31.5,31.5,1026.79,-25.66,"[26.51, 17.83]","[20, 22]",0.9,82.0,356
CENTRALBK.NS,Central Bank of India,Financial Services,Unknown,Unknown,False,Cash,1,Stage 4,Stage 4,Stage 4 - Confirmed Downtrend,Stage 4 - Confirmed Downtrend,Stage 4 • Stage 4 - Confirmed Downtrend,0.86,Price is below a bearish moving-average stack with falling trend signals.,,,,,-15.52,-11.83,278315304.72,0.38,0.6,0.39,True,True,"Stage 4, Stage 4 - Confirmed Downtrend, weekly_vcp_ok, volume_dryup, weekly_volume_dryup, weekly_strong, downtrend",watchlist,29.0,31.5,36.93,-16.0,"[23.51, 19.65, 9.77, 8.35]","[20, 29, 15, 5]",1.0,101.0,357
INDGN.NS,Indegene Ltd.,Healthcare,Unknown,Unknown,False,Cash,1,Not Sure,Not Sure,Not Sure,Not Sure,Not Sure,0.0,Stage rules did not identify a reliable structure.,No confident stage classification.,,2026-06-30,,5.6,20.91,335391675.98,3.01,2.97,4.22,False,False,"Not Sure, Not Sure, weekly_vcp_ok, weekly_strong",watchlist,26.4,31.4,568.79,-0.01,[12.43],[22],0.0,22.0,358
BECTORFOOD.NS,Mrs. Bectors Food Specialities Limited,Fast Moving Consumer Goods,Unknown,Unknown,False,Cash,1,Stage 1,Stage 1,Stage 1 - Early Turn,Stage 1 - Early Turn,Stage 1 • Stage 1 - Early Turn,0.66,The stock is improving from a repair/base area but has not confirmed a clean Stage 2 yet.,,,,,23.91,7.6,3073127538.04,0.55,1.03,0.72,True,True,"Stage 1, Stage 1 - Early Turn, weekly_vcp_ok, volume_dryup, weekly_volume_dryup, weekly_strong, stage1_not_actionable, stage1_needs_more_base",watchlist,31.36,31.36,219.94,6.07,"[32.13, 18.4, 13.92]","[28, 21, 17]",0.95,111.0,359
IKS.NS,Inventurus Knowledge Solutions Ltd.,Information Technology,Unknown,Unknown,False,Cash,1,Stage 2,Stage 2,Early Stage 2,Early Stage 2,Stage 2 • Early Stage 2,0.72,"Price has moved above long-term structure, but the full moving-average stack is not clean yet.",,,2026-08-07,,-1.94,7.62,266842393.06,0.88,1.41,1.46,False,False,"Stage 2, Early Stage 2",watchlist,30.33,31.33,1933.0,-10.56,[10.09],[10],0.0,10.0,360
JKTYRE.NS,JK Tyre & Industries Limited,Automobile and Auto Components,Unknown,Unknown,False,Cash,1,Not Sure,Stage 4,Pending Stage 4,Pending Stage 4,Not Sure • Pending Stage 4,0.55,Blocked public stage jump Stage 1 -> Stage 4; waiting for intermediate/confirmed structure.,Blocked public stage jump Stage 1 -> Stage 4; waiting for intermediate/confirmed structure.,,2026-03-02,Stage 4,-3.48,-25.41,417036814.57,0.98,1.27,1.22,False,False,"Stage 4, Stage 4 - Weak/Declining, weekly_vcp_ok, weekly_strong, downtrend | Blocked public stage jump Stage 1 -> Stage 4; waiting for intermediate/confirmed structure.",watchlist,26.27,31.27,437.1,-11.92,"[38.45, 18.98, 16.95, 10.73]","[33, 23, 11, 13]",1.0,112.0,361
HCLTECH.NS,HCL Technologies Limited,Information Technology,Unknown,Unknown,True,F&O,1,Stage 1,Stage 1,Stage 1 - Early Turn,Stage 1 - Early Turn,Stage 1 • Stage 1 - Early Turn,0.66,The stock is improving from a repair/base area but has not confirmed a clean Stage 2 yet.,,,2026-02-05,,16.83,-8.15,4684986083.86,0.78,0.31,0.65,True,True,"Stage 1, Stage 1 - Early Turn, weekly_vcp_ok, volume_dryup, weekly_volume_dryup, weekly_strong, stage1_not_actionable, stage1_needs_more_base",watchlist,30.2,31.2,1435.08,-5.43,"[27.1, 23.76, 18.06]","[29, 21, 21]",0.95,101.0,362
JAYNECOIND.NS,Jayaswal Neco Industries Limited,Capital Goods,Unknown,Unknown,False,Cash,1,Stage 3,Stage 3,Stage 3 - Transition,Stage 3 - Transition,Stage 3 • Stage 3 - Transition,0.62,"The structure is transitioning after prior strength, but it is not yet a confirmed Stage 4 decline.",,,2026-07-03,,-17.79,25.07,528751891.28,0.81,0.66,0.93,True,False,"Stage 3, Stage 3 - Transition, volume_dryup, distribution_risk",watchlist,28.69,31.19,109.38,-16.36,"[28.42, 14.03]","[33, 9]",0.9,55.0,363
SBICARD.NS,SBI Cards and Payment Services Limited,Financial Services,Unknown,Unknown,True,F&O,1,Stage 4,Stage 4,Stage 4 - Weak/Declining,Stage 4 - Weak/Declining,Stage 4 • Stage 4 - Weak/Declining,0.72,Price is below long-term support with weak trend evidence.,,,2025-10-29,,-1.44,-9.52,1118550822.15,0.85,1.5,0.86,False,True,"Stage 4, Stage 4 - Weak/Declining, weekly_vcp_ok, weekly_volume_dryup, downtrend",watchlist,28.49,30.99,675.38,-3.02,"[16.03, 12.61, 11.47, 9.22]","[9, 20, 12, 10]",1.0,77.0,364
INDHOTEL.NS,The Indian Hotels Company Limited,Consumer Services,Unknown,Unknown,True,F&O,1,Stage 2,Stage 2,Early Stage 2,Early Stage 2,Stage 2 • Early Stage 2,0.72,"Price has moved above long-term structure, but the full moving-average stack is not clean yet.",,,2026-08-07,,7.42,9.94,1576972282.29,0.81,0.75,0.78,True,True,"Stage 2, Early Stage 2, volume_dryup, weekly_volume_dryup",watchlist,30.91,30.91,757.4,-3.79,[5.4],[10],0.0,10.0,365
MARUTI.NS,Maruti Suzuki India Limited,Automobile and Auto Components,Unknown,Unknown,True,F&O,1,Stage 1,Stage 1,Stage 1 - Early Turn,Stage 1 - Early Turn,Stage 1 • Stage 1 - Early Turn,0.66,The stock is improving from a repair/base area but has not confirmed a clean Stage 2 yet.,,,2026-01-13,,3.52,-0.43,5761958309.05,1.0,0.59,0.8,False,True,"Stage 1, Stage 1 - Early Turn, weekly_volume_dryup, stage1_not_actionable, stage1_needs_more_base",watchlist,25.88,30.88,14452.85,-2.46,"[8.75, 5.47]","[12, 29]",0.9,59.0,366
UTKARSHBNK.NS,Utkarsh Small Finance Bank Limited,Financial Services,Unknown,Unknown,False,Cash,1,Not Sure,Stage 4,Pending Stage 4,Pending Stage 4,Not Sure • Pending Stage 4,0.55,Blocked public stage jump Stage 1 -> Stage 4; waiting for intermediate/confirmed structure.,Blocked public stage jump Stage 1 -> Stage 4; waiting for intermediate/confirmed structure.,,,Stage 4,-1.91,4.34,76057931.58,0.49,0.49,0.37,True,True,"Stage 4, Stage 4 - Weak/Declining, weekly_vcp_ok, volume_dryup, weekly_volume_dryup, weekly_strong, downtrend | Blocked public stage jump Stage 1 -> Stage 4; waiting for intermediate/confirmed structure.",watchlist,28.34,30.84,16.2,-13.46,"[36.15, 22.25, 12.65]","[21, 22, 16]",0.95,102.0,367
CIPLA.NS,Cipla Limited,Healthcare,Unknown,Unknown,True,F&O,1,Stage 1,Stage 1,Stage 1 - Early Turn,Stage 1 - Early Turn,Stage 1 • Stage 1 - Early Turn,0.66,The stock is improving from a repair/base area but has not confirmed a clean Stage 2 yet.,,,2025-10-29,,-2.03,14.98,1989830906.67,0.79,0.47,0.66,True,True,"Stage 1, Stage 1 - Early Turn, stage1_base_ready, volume_dryup, weekly_volume_dryup, stage1_not_actionable",watchlist,25.66,30.66,1491.2,-1.58,[8.32],[18],0.0,18.0,368
J&KBANK.NS,The Jammu & Kashmir Bank Limited,Financial Services,Unknown,Unknown,False,Cash,1,Stage 2,Stage 2,Early Stage 2,Early Stage 2,Stage 2 • Early Stage 2,0.72,"Price has moved above long-term structure, but the full moving-average stack is not clean yet.",,,2026-08-07,,10.53,54.96,1205487917.36,1.43,0.44,0.68,False,True,"Stage 2, Early Stage 2, weekly_volume_dryup",watchlist,28.12,30.62,202.1,-23.23,[9.85],[9],0.0,9.0,369
CIEINDIA.NS,CIE Automotive India Limited,Automobile and Auto Components,Unknown,Unknown,False,Cash,1,Stage 2 Failed,Stage 4,Failed Stage 2,Failed Stage 2,Stage 2 Failed • Failed Stage 2,0.72,"This stock was recently Stage 2, but the latest structure no longer satisfies Stage 2 rules. It is kept as Stage 2 Failed until a fresh base/repair structure forms.",Recent Stage 2 break; public stage held as Stage 2 Failed.,2026-08-10,2026-07-22,,-15.3,2.02,264548542.04,0.85,0.49,0.86,False,True,"Stage 4, Stage 4 - Weak/Declining, weekly_volume_dryup, downtrend | Stage 2 failed state applied from stage memory.",watchlist,25.56,30.56,504.88,-18.89,"[18.8, 15.43, 7.22]","[14, 33, 12]",0.95,91.0,370
TIINDIA.NS,Tube Investments of India Limited,Automobile and Auto Components,Unknown,Unknown,True,F&O,1,Stage 3,Stage 3,Stage 3 - Distribution/Damage,Stage 3 - Distribution/Damage,Stage 3 • Stage 3 - Distribution/Damage,0.76,"Prior strength exists, but short-term and/or weekly structure is deteriorating.",,,2026-07-10,,-4.59,23.9,786305675.94,1.27,0.65,1.03,False,False,"Stage 3, Stage 3 - Distribution/Damage, distribution_risk",watchlist,25.51,30.51,3339.22,-15.7,"[13.44, 8.86]","[16, 9]",0.9,35.0,371
TEJASNET.NS,Tejas Networks Limited,Telecommunication,Unknown,Unknown,False,Cash,1,Not Sure,Not Sure,Not Sure,Not Sure,Not Sure,0.0,Stage rules did not identify a reliable structure.,No confident stage classification.,,2026-07-16,,8.7,51.49,934922057.74,0.3,0.44,0.19,True,True,"Not Sure, Not Sure, weekly_vcp_ok, volume_dryup, weekly_volume_dryup, weekly_strong",watchlist,25.5,30.5,644.75,-19.12,[22.46],[36],0.0,36.0,372
COHANCE.NS,Cohance Lifesciences Ltd.,Healthcare,Unknown,Unknown,False,Cash,1,Stage 4,Stage 4,Stage 4 - Weak/Declining,Stage 4 - Weak/Declining,Stage 4 • Stage 4 - Weak/Declining,0.72,Price is below long-term support with weak trend evidence.,,,,,-7.19,36.31,420233378.16,0.85,1.75,1.5,True,False,"Stage 4, Stage 4 - Weak/Declining, weekly_vcp_ok, volume_dryup, weekly_strong, downtrend",watchlist,25.5,30.5,474.53,-5.8,"[14.2, 13.24]","[11, 5]",0.9,23.0,373
RATNAMANI.NS,Ratnamani Metals & Tubes Limited,Capital Goods,Unknown,Unknown,False,Cash,1,Stage 1,Stage 1,Stage 1 - Unclear/Repair,Stage 1 - Unclear/Repair,Stage 1 • Stage 1 - Unclear/Repair,0.58,Not enough evidence for Stage 2 or Stage 4; classified as repair/unclear structure.,,,2026-07-17,,-24.98,16.28,124668117.24,1.93,5.58,3.5,False,False,"Stage 1, Stage 1 - Unclear/Repair, weekly_vcp_ok, weekly_strong, stage1_not_actionable, stage1_needs_more_base",watchlist,27.95,30.45,2852.98,-20.47,"[25.71, 8.7]","[16, 20]",0.9,38.0,374
ADANIGREEN.NS,Adani Green Energy Limited,Power,Unknown,Unknown,True,F&O,1,Stage 2,Stage 2,Early Stage 2,Early Stage 2,Stage 2 • Early Stage 2,0.72,"Price has moved above long-term structure, but the full moving-average stack is not clean yet.",,,2026-08-07,,-8.39,43.94,3769353128.07,0.55,0.25,0.41,True,True,"Stage 2, Early Stage 2, weekly_vcp_ok, volume_dryup, weekly_volume_dryup, weekly_strong",watchlist,30.38,30.38,1634.36,-16.24,[19.11],[12],0.0,12.0,375
ASTRAZEN.NS,AstraZeneca Pharma India Limited,Healthcare,Unknown,Unknown,False,Cash,1,Stage 4,Stage 4,Stage 4 - Confirmed Downtrend,Stage 4 - Confirmed Downtrend,Stage 4 • Stage 4 - Confirmed Downtrend,0.86,Price is below a bearish moving-average stack with falling trend signals.,,,2025-11-28,,-8.13,-0.88,68404643.42,1.33,6.85,2.11,False,False,"Stage 4, Stage 4 - Confirmed Downtrend, weekly_vcp_ok, weekly_strong, downtrend",watchlist,25.2,30.2,9125.25,-11.34,"[10.0, 10.7, 10.06, 6.87]","[14, 12, 13, 9]",0.73,72.0,376
SUBROS.NS,Subros Limited,Automobile and Auto Components,Unknown,Unknown,False,Cash,1,Not Sure,Stage 4,Pending Stage 4,Pending Stage 4,Not Sure • Pending Stage 4,0.55,Blocked public stage jump Stage 1 -> Stage 4; waiting for intermediate/confirmed structure.,Blocked public stage jump Stage 1 -> Stage 4; waiting for intermediate/confirmed structure.,,2025-11-10,Stage 4,-2.23,3.14,32740343.67,0.16,3.02,0.23,True,True,"Stage 4, Stage 4 - Weak/Declining, weekly_vcp_ok, volume_dryup, weekly_volume_dryup, weekly_strong, downtrend | Blocked public stage jump Stage 1 -> Stage 4; waiting for intermediate/confirmed structure.",watchlist,25.19,30.19,899.47,-13.49,"[27.18, 15.13, 15.4]","[40, 24, 23]",0.95,121.0,377
NATIONALUM.NS,National Aluminium Company Limited,Metals & Mining,Unknown,Unknown,True,F&O,1,Stage 3,Stage 3,Stage 3 - Transition,Stage 3 - Transition,Stage 3 • Stage 3 - Transition,0.62,"The structure is transitioning after prior strength, but it is not yet a confirmed Stage 4 decline.",,,2026-06-05,,-13.26,9.94,2490905917.69,0.79,0.62,0.85,True,True,"Stage 3, Stage 3 - Transition, weekly_vcp_ok, volume_dryup, weekly_volume_dryup, weekly_strong, distribution_risk",watchlist,30.13,30.13,445.28,-14.05,"[21.23, 9.91]","[30, 10]",0.9,54.0,378
SWANCORP.NS,Swan Corp Ltd.,Chemicals,Unknown,Unknown,False,Cash,1,Stage 4,Stage 4,Stage 4 - Confirmed Downtrend,Stage 4 - Confirmed Downtrend,Stage 4 • Stage 4 - Confirmed Downtrend,0.86,Price is below a bearish moving-average stack with falling trend signals.,,,2026-01-07,,-10.36,-21.84,200293633.18,0.75,0.76,0.73,True,True,"Stage 4, Stage 4 - Confirmed Downtrend, weekly_vcp_ok, volume_dryup, weekly_volume_dryup, weekly_strong, downtrend",watchlist,27.55,30.05,382.82,-19.67,"[32.64, 16.61, 10.59, 9.71]","[35, 13, 8, 14]",1.0,116.0,379
RAMCOCEM.NS,The Ramco Cements Limited,Construction Materials,Unknown,Unknown,False,Cash,1,Stage 4,Stage 4,Stage 4 - Weak/Declining,Stage 4 - Weak/Declining,Stage 4 • Stage 4 - Weak/Declining,0.72,Price is below long-term support with weak trend evidence.,,,2026-03-04,,-2.58,-13.22,187116588.52,1.49,9.61,2.42,False,False,"Stage 4, Stage 4 - Weak/Declining, weekly_vcp_ok, weekly_strong, downtrend",watchlist,30.0,30.0,1162.73,-17.97,"[29.18, 11.5, 11.66, 6.31]","[29, 11, 12, 17]",1.0,116.0,380
VOLTAS.NS,Voltas Limited,Consumer Durables,Unknown,Unknown,True,F&O,1,Stage 4,Stage 4,Stage 4 - Weak/Declining,Stage 4 - Weak/Declining,Stage 4 • Stage 4 - Weak/Declining,0.72,Price is below long-term support with weak trend evidence.,,,2026-03-12,,-6.82,-10.75,681899977.46,0.57,0.78,0.65,True,True,"Stage 4, Stage 4 - Weak/Declining, weekly_vcp_ok, volume_dryup, weekly_volume_dryup, weekly_strong, downtrend",watchlist,29.0,30.0,1535.77,-17.44,"[25.0, 22.06, 11.68, 7.98]","[21, 13, 12, 6]",1.0,100.0,381
SOBHA.NS,Sobha Limited,Realty,Unknown,Unknown,False,Cash,1,Stage 4,Stage 4,Stage 4 - Weak/Declining,Stage 4 - Weak/Declining,Stage 4 • Stage 4 - Weak/Declining,0.72,Price is below long-term support with weak trend evidence.,,,2026-01-12,,-8.11,-7.5,359788860.55,0.44,0.29,0.44,True,True,"Stage 4, Stage 4 - Weak/Declining, weekly_vcp_ok, volume_dryup, weekly_volume_dryup, weekly_strong, downtrend",watchlist,29.0,30.0,1570.56,-13.68,"[27.7, 14.32, 12.75, 6.11]","[35, 9, 11, 6]",1.0,96.0,382
PVRINOX.NS,PVR INOX Limited,"Media, Entertainment & Publication",Unknown,Unknown,False,Cash,1,Stage 2,Stage 2,Early Stage 2,Early Stage 2,Stage 2 • Early Stage 2,0.72,"Price has moved above long-term structure, but the full moving-average stack is not clean yet.",,,2026-08-07,,6.62,18.3,578566514.54,1.67,0.8,0.89,False,True,"Stage 2, Early Stage 2, weekly_vcp_ok, weekly_volume_dryup",watchlist,29.99,29.99,1196.29,-4.37,[14.42],[12],0.0,12.0,383
HINDCOPPER.NS,Hindustan Copper Ltd.,Metals & Mining,Unknown,Unknown,False,Cash,1,Not Sure,Stage 1,Pending Stage 1,Pending Stage 1,Not Sure • Pending Stage 1,0.55,Blocked public stage jump Stage 3 -> Stage 1; waiting for intermediate/confirmed structure.,Blocked public stage jump Stage 3 -> Stage 1; waiting for intermediate/confirmed structure.,,2026-06-03,Stage 1,-18.38,-7.23,2947187320.32,2.0,2.74,3.34,False,False,"Stage 1, Stage 1 - Base/Repair, stage1_not_actionable, stage1_needs_more_base | Blocked public stage jump Stage 3 -> Stage 1; waiting for intermediate/confirmed structure.",watchlist,29.95,29.95,533.13,-1.29,"[21.51, 8.4]","[29, 18]",0.9,54.0,384
LEMONTREE.NS,Lemon Tree Hotels Limited,Consumer Services,Unknown,Unknown,False,Cash,1,Stage 4,Stage 4,Stage 4 - Confirmed Downtrend,Stage 4 - Confirmed Downtrend,Stage 4 • Stage 4 - Confirmed Downtrend,0.86,Price is below a bearish moving-average stack with falling trend signals.,,,2025-11-17,,-9.1,-9.85,323567426.6,0.9,1.98,0.93,False,False,"Stage 4, Stage 4 - Confirmed Downtrend, weekly_vcp_ok, weekly_strong, downtrend",watchlist,29.93,29.93,128.6,-16.07,"[26.43, 16.73, 15.15, 11.4]","[22, 19, 9, 23]",1.0,112.0,385
TVSSCS.NS,TVS Supply Chain Solutions Limited,Services,Unknown,Unknown,False,Cash,1,Stage 2,Stage 2,Early Stage 2,Early Stage 2,Stage 2 • Early Stage 2,0.72,"Price has moved above long-term structure, but the full moving-average stack is not clean yet.",,,2026-08-07,,6.53,32.23,41499206.73,0.44,1.45,0.59,True,True,"Stage 2, Early Stage 2, weekly_vcp_ok, volume_dryup, weekly_volume_dryup, weekly_strong",watchlist,28.92,29.92,146.76,-12.49,[11.8],[10],0.0,10.0,386
FORCEMOT.NS,FORCE MOTORS LTD,Automobile and Auto Components,Unknown,Unknown,True,F&O,1,Stage 4,Stage 4,Stage 4,Stage 4,Stage 4,0.66,Declining structure detected.,,,2026-05-06,,-14.3,-13.54,1685847714.65,0.92,0.48,0.62,False,True,"Stage 4, Stage 4, weekly_vcp_ok, weekly_volume_dryup, weekly_strong, downtrend",watchlist,24.92,29.92,23490.0,-22.09,"[27.11, 27.22, 11.45]","[26, 41, 32]",0.95,110.0,387
LT.NS,Larsen & Toubro Limited,Construction,Unknown,Unknown,True,F&O,1,Stage 2,Stage 2,Stage 2,Stage 2,Stage 2,0.76,Advancing structure detected.,,,2026-08-07,,-0.6,4.78,7260482395.79,0.91,0.54,0.73,False,True,"Stage 2, Stage 2, weekly_volume_dryup",watchlist,29.9,29.9,3866.25,5.53,[12.93],[21],0.0,21.0,388
RAILTEL.NS,Railtel Corporation Of India Limited,Telecommunication,Unknown,Unknown,False,Cash,1,Stage 4,Stage 4,Stage 4 - Confirmed Downtrend,Stage 4 - Confirmed Downtrend,Stage 4 • Stage 4 - Confirmed Downtrend,0.86,Price is below a bearish moving-average stack with falling trend signals.,,,,,-16.65,-7.52,152320159.19,0.92,0.65,0.61,False,True,"Stage 4, Stage 4 - Confirmed Downtrend, weekly_vcp_ok, weekly_volume_dryup, weekly_strong, downtrend",watchlist,24.89,29.89,353.9,-17.82,"[31.44, 16.72, 15.2]","[32, 25, 26]",0.95,113.0,389
VEDL.NS,Vedanta Limited,Metals & Mining,Unknown,Unknown,True,F&O,1,Stage 4,Stage 4,Stage 4 - Weak/Declining,Stage 4 - Weak/Declining,Stage 4 • Stage 4 - Weak/Declining,0.72,Price is below long-term support with weak trend evidence.,,,2026-04-29,,-21.45,-52.95,3427872775.31,0.68,1.89,0.91,True,False,"Stage 4, Stage 4 - Weak/Declining, volume_dryup, downtrend",watchlist,29.88,29.88,360.63,-21.35,"[66.2, 30.64]","[7, 35]",0.9,63.0,390
GHCL.NS,GHCL Limited,Chemicals,Unknown,Unknown,False,Cash,1,Stage 4,Stage 4,Stage 4 - Weak/Declining,Stage 4 - Weak/Declining,Stage 4 • Stage 4 - Weak/Declining,0.72,Price is below long-term support with weak trend evidence.,,,,,-10.18,-8.42,63285295.58,0.76,0.86,0.54,True,True,"Stage 4, Stage 4 - Weak/Declining, weekly_vcp_ok, volume_dryup, weekly_volume_dryup, weekly_strong, downtrend",watchlist,27.37,29.87,535.52,-18.87,"[26.23, 19.58, 11.71, 6.66]","[33, 12, 8, 15]",1.0,106.0,391
MRPL.NS,Mangalore Refinery and Petrochemicals Limited,"Oil, Gas & Consumable Fuels",Unknown,Unknown,False,Cash,1,Stage 2 Failed,Stage 1,Failed Stage 2,Failed Stage 2,Stage 2 Failed • Failed Stage 2,0.72,"This stock was recently Stage 2, but the latest structure no longer satisfies Stage 2 rules. It is kept as Stage 2 Failed until a fresh base/repair structure forms.",Recent Stage 2 break; public stage held as Stage 2 Failed.,2026-08-10,2026-08-06,,0.92,-9.71,3787534405.93,0.52,0.15,0.23,True,True,"Stage 1, Stage 1 - Base/Repair, weekly_vcp_ok, volume_dryup, weekly_volume_dryup, weekly_strong, stage1_not_actionable, stage1_needs_more_base | Stage 2 failed state applied from stage memory.",watchlist,28.83,29.83,183.32,-11.11,"[26.55, 15.74]","[18, 17]",0.9,53.0,392
SRF.NS,SRF Limited,Chemicals,Unknown,Unknown,True,F&O,1,Stage 4,Stage 4,Stage 4 - Weak/Declining,Stage 4 - Weak/Declining,Stage 4 • Stage 4 - Weak/Declining,0.72,Price is below long-term support with weak trend evidence.,,,2026-01-05,,-8.13,-5.25,1724376335.32,0.77,1.0,0.74,True,True,"Stage 4, Stage 4 - Weak/Declining, volume_dryup, weekly_volume_dryup, downtrend",watchlist,27.32,29.82,2969.56,-12.11,"[23.58, 8.53, 5.98, 4.86]","[40, 7, 8, 9]",1.0,99.0,393
LUXIND.NS,Lux Industries Limited,Textiles,Unknown,Unknown,False,Cash,1,Stage 3,Stage 3,Stage 3 - Distribution/Damage,Stage 3 - Distribution/Damage,Stage 3 • Stage 3 - Distribution/Damage,0.76,"Prior strength exists, but short-term and/or weekly structure is deteriorating.",,,2026-06-04,,-16.65,31.82,31976354.34,0.5,0.65,0.66,True,True,"Stage 3, Stage 3 - Distribution/Damage, weekly_vcp_ok, volume_dryup, weekly_volume_dryup, weekly_strong, distribution_risk",watchlist,24.72,29.72,1587.07,-21.56,"[29.69, 10.07]","[20, 10]",0.9,65.0,394
ANANTRAJ.NS,Anant Raj Limited,Realty,Unknown,Unknown,False,Cash,1,Stage 2,Stage 2,Early Stage 2,Early Stage 2,Stage 2 • Early Stage 2,0.72,"Price has moved above long-term structure, but the full moving-average stack is not clean yet.",,,2026-08-07,,17.27,11.88,1674992159.19,0.73,0.95,0.51,True,True,"Stage 2, Early Stage 2, weekly_vcp_ok, volume_dryup, weekly_volume_dryup, weekly_strong",watchlist,28.71,29.71,642.82,-6.0,[14.62],[17],0.0,17.0,395
EMUDHRA.NS,eMudhra Limited,Information Technology,Unknown,Unknown,False,Cash,1,Stage 1,Stage 1,Stage 1 - Early Turn,Stage 1 - Early Turn,Stage 1 • Stage 1 - Early Turn,0.66,The stock is improving from a repair/base area but has not confirmed a clean Stage 2 yet.,,,,,7.44,8.47,102089325.75,1.19,0.36,1.25,False,False,"Stage 1, Stage 1 - Early Turn, weekly_vcp_ok, weekly_strong, stage1_not_actionable, stage1_needs_more_base",watchlist,28.69,29.69,545.96,-2.92,"[38.29, 17.33, 11.82]","[37, 7, 31]",0.95,105.0,396
ERIS.NS,Eris Lifesciences Limited,Healthcare,Unknown,Unknown,False,Cash,1,Stage 4,Stage 4,Stage 4 - Weak/Declining,Stage 4 - Weak/Declining,Stage 4 • Stage 4 - Weak/Declining,0.72,Price is below long-term support with weak trend evidence.,,,,,0.13,3.75,138686945.24,1.4,0.37,0.71,False,True,"Stage 4, Stage 4 - Weak/Declining, weekly_vcp_ok, weekly_volume_dryup, weekly_strong, downtrend",watchlist,24.49,29.49,1524.5,-8.6,"[19.16, 18.81, 12.11]","[26, 8, 15]",0.95,79.0,397
BLUESTARCO.NS,Blue Star Limited,Consumer Durables,Unknown,Unknown,True,F&O,1,Stage 4,Stage 4,Stage 4 - Weak/Declining,Stage 4 - Weak/Declining,Stage 4 • Stage 4 - Weak/Declining,0.72,Price is below long-term support with weak trend evidence.,,,2026-03-12,,-14.26,-17.14,870124740.88,1.73,1.88,2.99,False,False,"Stage 4, Stage 4 - Weak/Declining, weekly_vcp_ok, weekly_strong, downtrend",watchlist,28.38,29.38,1757.67,-14.2,"[17.98, 11.84, 9.06, 8.74]","[14, 8, 12, 7]",1.0,63.0,398
CARTRADE.NS,Cartrade Tech Limited,Consumer Services,Unknown,Unknown,False,Cash,1,Stage 2,Stage 2,Early Stage 2,Early Stage 2,Stage 2 • Early Stage 2,0.72,"Price has moved above long-term structure, but the full moving-average stack is not clean yet.",,,2026-08-07,,41.11,26.64,2447421731.78,0.87,0.2,0.2,False,True,"Stage 2, Early Stage 2, weekly_volume_dryup",watchlist,29.29,29.29,3085.64,-10.49,[14.47],[8],0.0,8.0,399
AFCONS.NS,Afcons Infrastructure Ltd.,Construction,Unknown,Unknown,False,Cash,1,Stage 4,Stage 4,Stage 4 - Confirmed Downtrend,Stage 4 - Confirmed Downtrend,Stage 4 • Stage 4 - Confirmed Downtrend,0.86,Price is below a bearish moving-average stack with falling trend signals.,,,,,-25.89,-15.65,600616653.46,0.61,1.52,0.85,True,True,"Stage 4, Stage 4 - Confirmed Downtrend, weekly_vcp_ok, volume_dryup, weekly_volume_dryup, weekly_strong, downtrend",watchlist,29.24,29.24,357.2,-26.41,"[24.1, 19.29]","[28, 5]",0.9,65.0,400
POLICYBZR.NS,PB Fintech Limited,Financial Services,Unknown,Unknown,True,F&O,1,Stage 4,Stage 4,Stage 4 - Weak/Declining,Stage 4 - Weak/Declining,Stage 4 • Stage 4 - Weak/Declining,0.72,Price is below long-term support with weak trend evidence.,,,2025-12-31,,-5.54,12.94,2057062259.05,0.51,0.48,0.71,True,True,"Stage 4, Stage 4 - Weak/Declining, weekly_vcp_ok, volume_dryup, weekly_volume_dryup, weekly_strong, downtrend",watchlist,26.72,29.22,1711.3,-4.75,"[19.9, 9.69, 7.39]","[14, 9, 6]",0.95,47.0,401
JUSTDIAL.NS,Just Dial Limited,Consumer Services,Unknown,Unknown,False,Cash,1,Stage 2,Stage 2,Early Stage 2,Early Stage 2,Stage 2 • Early Stage 2,0.72,"Price has moved above long-term structure, but the full moving-average stack is not clean yet.",,,2026-08-07,,24.83,7.29,4042240725.47,0.19,0.05,0.11,True,True,"Stage 2, Early Stage 2, weekly_vcp_ok, volume_dryup, weekly_volume_dryup, weekly_strong",watchlist,29.21,29.21,839.77,-18.13,[6.37],[8],0.0,8.0,402
OLAELEC.NS,Ola Electric Mobility Ltd.,Automobile and Auto Components,Unknown,Unknown,False,Cash,1,Not Sure,Not Sure,Not Sure,Not Sure,Not Sure,0.0,Stage rules did not identify a reliable structure.,No confident stage classification.,,,,4.02,29.23,2118405700.6,0.51,0.76,0.74,True,True,"Not Sure, Not Sure, volume_dryup, weekly_volume_dryup",watchlist,24.12,29.12,46.08,-14.71,"[18.76, 21.39]","[14, 15]",0.1,32.0,403
GODREJAGRO.NS,Godrej Agrovet Limited,Fast Moving Consumer Goods,Unknown,Unknown,False,Cash,1,Stage 4,Stage 4,Stage 4 - Weak/Declining,Stage 4 - Weak/Declining,Stage 4 • Stage 4 - Weak/Declining,0.72,Price is below long-term support with weak trend evidence.,,,,,-4.69,1.98,69396411.53,1.51,2.03,1.82,False,False,"Stage 4, Stage 4 - Weak/Declining, weekly_vcp_ok, weekly_strong, downtrend",watchlist,29.11,29.11,588.07,-5.45,"[11.11, 7.57, 6.29, 5.34]","[19, 15, 10, 6]",1.0,70.0,404
BLS.NS,BLS International Services Ltd.,Consumer Services,Unknown,Unknown,False,Cash,1,Stage 4,Stage 4,Stage 4 - Weak/Declining,Stage 4 - Weak/Declining,Stage 4 • Stage 4 - Weak/Declining,0.72,Price is below long-term support with weak trend evidence.,,,,,-7.38,-5.57,369359162.17,1.28,5.19,2.09,False,False,"Stage 4, Stage 4 - Weak/Declining, weekly_vcp_ok, weekly_strong, downtrend",watchlist,29.1,29.1,309.0,-15.63,"[26.37, 17.43, 18.15]","[19, 6, 24]",0.95,104.0,405
SUNTECK.NS,Sunteck Realty Limited,Realty,Unknown,Unknown,False,Cash,1,Stage 4,Stage 4,Stage 4 - Weak/Declining,Stage 4 - Weak/Declining,Stage 4 • Stage 4 - Weak/Declining,0.72,Price is below long-term support with weak trend evidence.,,,2025-11-14,,-9.71,-24.14,130768655.01,0.44,0.23,0.35,True,True,"Stage 4, Stage 4 - Weak/Declining, weekly_vcp_ok, volume_dryup, weekly_volume_dryup, weekly_strong, downtrend",watchlist,28.1,29.1,383.07,-22.06,"[35.54, 28.74, 15.67]","[20, 36, 12]",0.95,99.0,406
SIGNATURE.NS,Signatureglobal (India) Ltd.,Realty,Unknown,Unknown,False,Cash,1,Stage 4,Stage 4,Stage 4 - Weak/Declining,Stage 4 - Weak/Declining,Stage 4 • Stage 4 - Weak/Declining,0.72,Price is below long-term support with weak trend evidence.,,,,,-13.18,-2.49,524906366.73,0.58,0.6,0.53,True,True,"Stage 4, Stage 4 - Weak/Declining, weekly_vcp_ok, volume_dryup, weekly_volume_dryup, downtrend",watchlist,28.1,29.1,929.62,-11.29,"[36.53, 16.48, 15.92]","[30, 20, 7]",0.95,108.0,407
ZENSARTECH.NS,Zensar Technologies Limited,Information Technology,Unknown,Unknown,False,Cash,1,Stage 4,Stage 4,Stage 4 - Weak/Declining,Stage 4 - Weak/Declining,Stage 4 • Stage 4 - Weak/Declining,0.72,Price is below long-term support with weak trend evidence.,,,,,-1.5,-14.22,2544780235.62,0.38,0.06,0.16,True,True,"Stage 4, Stage 4 - Weak/Declining, volume_dryup, weekly_volume_dryup, downtrend",watchlist,28.1,29.1,554.07,-9.97,"[23.06, 20.1, 11.16]","[19, 21, 8]",0.95,68.0,408
IGL.NS,Indraprastha Gas Limited,"Oil, Gas & Consumable Fuels",Unknown,Unknown,False,Cash,1,Stage 4,Stage 4,Stage 4 - Confirmed Downtrend,Stage 4 - Confirmed Downtrend,Stage 4 • Stage 4 - Confirmed Downtrend,0.86,Price is below a bearish moving-average stack with falling trend signals.,,,2025-11-14,,-7.44,-7.96,217189630.46,0.44,0.53,0.37,True,True,"Stage 4, Stage 4 - Confirmed Downtrend, volume_dryup, weekly_volume_dryup, downtrend",watchlist,28.1,29.1,175.6,-13.35,"[17.92, 12.94, 7.25]","[22, 7, 6]",0.95,101.0,409
VINATIORGA.NS,Vinati Organics Limited,Chemicals,Unknown,Unknown,False,Cash,1,Stage 4,Stage 4,Stage 4 - Confirmed Downtrend,Stage 4 - Confirmed Downtrend,Stage 4 • Stage 4 - Confirmed Downtrend,0.86,Price is below a bearish moving-average stack with falling trend signals.,,,,,-2.57,-8.68,55717199.04,0.85,0.48,0.61,True,True,"Stage 4, Stage 4 - Confirmed Downtrend, weekly_vcp_ok, volume_dryup, weekly_volume_dryup, weekly_strong, downtrend",watchlist,26.53,29.03,1436.0,-7.97,"[18.02, 16.23, 10.46, 7.76]","[23, 15, 16, 9]",1.0,106.0,410
SUNDARMFIN.NS,Sundaram Finance Limited,Financial Services,Unknown,Unknown,False,Cash,1,Stage 1,Stage 1,Stage 1 - Base/Repair,Stage 1 - Base/Repair,Stage 1 • Stage 1 - Base/Repair,0.7,Price is near long-term moving averages with no strong long-term downtrend signal.,,,2026-03-17,,-3.87,-10.94,259245911.5,0.86,0.26,0.56,False,True,"Stage 1, Stage 1 - Base/Repair, weekly_vcp_ok, weekly_volume_dryup, weekly_strong, stage1_not_actionable, stage1_needs_more_base",watchlist,26.44,28.94,4973.99,-8.15,"[16.49, 9.71]","[21, 13]",0.9,55.0,411
ZAGGLE.NS,Zaggle Prepaid Ocean Services Limited,Information Technology,Unknown,Unknown,False,Cash,1,Stage 4,Stage 4,Stage 4 - Confirmed Downtrend,Stage 4 - Confirmed Downtrend,Stage 4 • Stage 4 - Confirmed Downtrend,0.86,Price is below a bearish moving-average stack with falling trend signals.,,,,,-33.29,-22.5,136926821.72,0.72,0.76,0.72,True,True,"Stage 4, Stage 4 - Confirmed Downtrend, weekly_vcp_ok, volume_dryup, weekly_volume_dryup, weekly_strong, downtrend",watchlist,27.76,28.76,296.52,-31.21,"[39.59, 28.72, 10.06, 10.48]","[30, 35, 5, 9]",1.0,111.0,412
BAJAJFINSV.NS,Bajaj Finserv Limited,Financial Services,Unknown,Unknown,True,F&O,1,Stage 1,Stage 1,Stage 1 - Early Turn,Stage 1 - Early Turn,Stage 1 • Stage 1 - Early Turn,0.66,The stock is improving from a repair/base area but has not confirmed a clean Stage 2 yet.,,,2025-12-02,,11.1,4.55,3117868805.78,1.46,0.61,1.45,False,False,"Stage 1, Stage 1 - Early Turn, weekly_vcp_ok, weekly_strong, stage1_not_actionable, stage1_needs_more_base",watchlist,26.14,28.64,1921.61,5.19,"[9.74, 5.13]","[9, 5]",0.9,35.0,413
ARVINDFASN.NS,Arvind Fashions Limited,Consumer Services,Unknown,Unknown,False,Cash,1,Stage 4,Stage 4,Stage 4 - Weak/Declining,Stage 4 - Weak/Declining,Stage 4 • Stage 4 - Weak/Declining,0.72,Price is below long-term support with weak trend evidence.,,,,,2.37,0.1,171659800.65,0.66,0.79,0.68,True,True,"Stage 4, Stage 4 - Weak/Declining, volume_dryup, weekly_volume_dryup, downtrend",watchlist,28.6,28.6,494.14,-6.86,"[28.78, 14.58, 8.2, 7.88]","[37, 20, 6, 6]",1.0,99.0,414
ETERNAL.NS,Eternal Ltd.,Consumer Services,Unknown,Unknown,True,F&O,1,Stage 2,Stage 2,Early Stage 2,Early Stage 2,Stage 2 • Early Stage 2,0.72,"Price has moved above long-term structure, but the full moving-average stack is not clean yet.",,,2026-08-07,,21.06,12.03,10351095033.39,0.94,0.45,0.54,False,True,"Stage 2, Early Stage 2, weekly_vcp_ok, weekly_volume_dryup, weekly_strong",watchlist,28.58,28.58,316.9,-2.1,[8.26],[9],0.0,9.0,415
SBFC.NS,SBFC Finance Limited,Financial Services,Unknown,Unknown,False,Cash,1,Stage 4,Stage 4,Stage 4 - Weak/Declining,Stage 4 - Weak/Declining,Stage 4 • Stage 4 - Weak/Declining,0.72,Price is below long-term support with weak trend evidence.,,,2025-11-17,,-2.56,5.01,104409587.21,1.3,1.21,0.88,False,True,"Stage 4, Stage 4 - Weak/Declining, weekly_vcp_ok, weekly_volume_dryup, weekly_strong, downtrend",watchlist,26.08,28.58,101.37,-7.27,"[12.68, 11.99, 8.24, 6.34]","[7, 6, 5, 16]",1.0,70.0,416
IOC.NS,Indian Oil Corporation Ltd.,"Oil, Gas & Consumable Fuels",Unknown,Unknown,True,F&O,1,Stage 4,Stage 4,Stage 4 - Weak/Declining,Stage 4 - Weak/Declining,Stage 4 • Stage 4 - Weak/Declining,0.72,Price is below long-term support with weak trend evidence.,,,2026-03-06,,-3.91,-13.75,1525647165.53,0.67,0.33,0.55,True,True,"Stage 4, Stage 4 - Weak/Declining, weekly_vcp_ok, volume_dryup, weekly_volume_dryup, weekly_strong, downtrend",watchlist,27.44,28.44,149.3,-4.89,"[27.65, 12.01, 9.15]","[32, 19, 9]",0.95,80.0,417
SURYAROSNI.NS,Surya Roshni Limited,Capital Goods,Unknown,Unknown,False,Cash,1,Stage 4,Stage 4,Stage 4 - Weak/Declining,Stage 4 - Weak/Declining,Stage 4 • Stage 4 - Weak/Declining,0.72,Price is below long-term support with weak trend evidence.,,,2026-07-10,,-4.86,1.82,114507259.97,0.78,1.09,1.21,True,False,"Stage 4, Stage 4 - Weak/Declining, weekly_vcp_ok, volume_dryup, weekly_strong, downtrend",watchlist,25.78,28.28,283.04,-12.48,"[30.35, 24.62]","[32, 13]",0.9,69.0,418
FDC.NS,FDC Limited,Healthcare,Unknown,Unknown,False,Cash,1,Stage 2 Failed,Stage 4,Failed Stage 2,Failed Stage 2,Stage 2 Failed • Failed Stage 2,0.72,"This stock was recently Stage 2, but the latest structure no longer satisfies Stage 2 rules. It is kept as Stage 2 Failed until a fresh base/repair structure forms.",Recent Stage 2 break; public stage held as Stage 2 Failed.,2026-08-10,2026-07-31,,-7.68,1.04,108305758.01,1.51,1.07,2.55,False,False,"Stage 4, Stage 4 - Weak/Declining, downtrend | Stage 2 failed state applied from stage memory.",watchlist,23.22,28.22,442.0,-18.47,"[18.71, 4.05]","[16, 20]",0.9,62.0,419
MANINFRA.NS,Man Infraconstruction Limited,Construction,Unknown,Unknown,False,Cash,1,Stage 4,Stage 4,Stage 4 - Weak/Declining,Stage 4 - Weak/Declining,Stage 4 • Stage 4 - Weak/Declining,0.72,Price is below long-term support with weak trend evidence.,,,,,-15.64,3.73,167903812.62,1.26,2.45,2.32,False,False,"Stage 4, Stage 4 - Weak/Declining, downtrend",watchlist,28.2,28.2,138.09,-17.71,"[38.71, 11.56]","[31, 15]",0.9,112.0,420
RESPONIND.NS,Responsive Industries Limited,Consumer Durables,Unknown,Unknown,False,Cash,1,Stage 2 Failed,Stage 4,Failed Stage 2,Failed Stage 2,Stage 2 Failed • Failed Stage 2,0.72,"This stock was recently Stage 2, but the latest structure no longer satisfies Stage 2 rules. It is kept as Stage 2 Failed until a fresh base/repair structure forms.",Recent Stage 2 break; public stage held as Stage 2 Failed.,2026-08-10,2026-07-20,,-1.55,-5.8,508916605.88,0.08,0.08,0.08,True,True,"Stage 4, Stage 4 - Weak/Declining, volume_dryup, weekly_volume_dryup, downtrend | Stage 2 failed state applied from stage memory.",watchlist,27.2,28.2,241.32,-29.81,"[41.6, 26.19]","[28, 7]",0.9,75.0,421
BAYERCROP.NS,Bayer Cropscience Limited,Chemicals,Unknown,Unknown,False,Cash,1,Stage 4,Stage 4,Stage 4 - Confirmed Downtrend,Stage 4 - Confirmed Downtrend,Stage 4 • Stage 4 - Confirmed Downtrend,0.86,Price is below a bearish moving-average stack with falling trend signals.,,,,,-9.73,-1.48,156687076.91,0.59,0.36,0.66,True,True,"Stage 4, Stage 4 - Confirmed Downtrend, volume_dryup, weekly_volume_dryup, downtrend",watchlist,25.7,28.2,4629.96,-10.21,"[15.48, 14.01]","[22, 23]",0.9,52.0,422
MAHSCOOTER.NS,Maharashtra Scooters Limited,Financial Services,Unknown,Unknown,False,Cash,1,Stage 1,Stage 1,Stage 1 - Early Turn,Stage 1 - Early Turn,Stage 1 • Stage 1 - Early Turn,0.66,The stock is improving from a repair/base area but has not confirmed a clean Stage 2 yet.,,,2025-11-10,,8.72,7.16,65289615.25,1.92,0.66,1.1,False,False,"Stage 1, Stage 1 - Early Turn, weekly_vcp_ok, weekly_strong, stage1_not_actionable, stage1_needs_more_base",watchlist,25.69,28.19,13529.13,1.2,"[22.9, 15.77, 11.73]","[34, 9, 12]",0.95,81.0,423
GMMPFAUDLR.NS,GMM Pfaudler Limited,Capital Goods,Unknown,Unknown,False,Cash,1,Stage 1,Stage 1,Stage 1 - Early Turn,Stage 1 - Early Turn,Stage 1 • Stage 1 - Early Turn,0.66,The stock is improving from a repair/base area but has not confirmed a clean Stage 2 yet.,,,,,7.92,7.73,423451241.38,3.44,0.88,6.55,False,False,"Stage 1, Stage 1 - Early Turn, weekly_vcp_ok, weekly_strong, stage1_not_actionable, stage1_needs_more_base",watchlist,25.67,28.17,942.66,5.4,"[24.54, 21.73, 9.63]","[37, 40, 15]",0.95,109.0,424
NETWORK18.NS,Network18 Media & Investments Limited,"Media, Entertainment & Publication",Unknown,Unknown,False,Cash,1,Stage 4,Stage 4,Stage 4 - Confirmed Downtrend,Stage 4 - Confirmed Downtrend,Stage 4 • Stage 4 - Confirmed Downtrend,0.86,Price is below a bearish moving-average stack with falling trend signals.,,,,,-15.16,-17.75,94277077.34,0.31,0.51,0.3,True,True,"Stage 4, Stage 4 - Confirmed Downtrend, weekly_vcp_ok, volume_dryup, weekly_volume_dryup, weekly_strong, downtrend",watchlist,28.1,28.1,37.42,-21.64,"[33.14, 22.73, 20.92]","[32, 33, 25]",0.95,113.0,425
TRIVENI.NS,Triveni Engineering & Industries Limited,Fast Moving Consumer Goods,Unknown,Unknown,False,Cash,1,Stage 2 Failed,Stage 4,Failed Stage 2,Failed Stage 2,Stage 2 Failed • Failed Stage 2,0.72,"This stock was recently Stage 2, but the latest structure no longer satisfies Stage 2 rules. It is kept as Stage 2 Failed until a fresh base/repair structure forms.",Recent Stage 2 break; public stage held as Stage 2 Failed.,2026-08-10,2026-07-21,,-41.62,-31.66,197673913.77,1.18,2.21,1.7,False,False,"Stage 4, Stage 4 - Weak/Declining, weekly_vcp_ok, weekly_strong, downtrend | Stage 2 failed state applied from stage memory.",watchlist,28.05,28.05,490.96,-50.5,"[17.56, 14.91]","[22, 45]",0.9,71.0,426
TATAPOWER.NS,Tata Power Company Limited,Power,Unknown,Unknown,True,F&O,1,Stage 4,Stage 4,Stage 4 - Weak/Declining,Stage 4 - Weak/Declining,Stage 4 • Stage 4 - Weak/Declining,0.72,Price is below long-term support with weak trend evidence.,,,2026-06-05,,-10.91,8.87,1256722543.24,0.82,1.3,0.65,True,True,"Stage 4, Stage 4 - Weak/Declining, weekly_vcp_ok, volume_dryup, weekly_volume_dryup, weekly_strong, downtrend",watchlist,28.04,28.04,432.08,-11.59,"[15.94, 10.6, 8.95, 5.22]","[11, 10, 11, 5]",1.0,65.0,427
SANOFI.NS,Sanofi India Limited,Healthcare,Unknown,Unknown,False,Cash,1,Stage 4,Stage 4,Stage 4 - Weak/Declining,Stage 4 - Weak/Declining,Stage 4 • Stage 4 - Weak/Declining,0.72,Price is below long-term support with weak trend evidence.,,,,,-2.83,-11.09,93097452.18,1.44,0.42,0.89,False,True,"Stage 4, Stage 4 - Weak/Declining, weekly_vcp_ok, weekly_volume_dryup, weekly_strong, downtrend",watchlist,22.95,27.95,3488.9,-4.64,"[23.67, 14.23]","[20, 30]",0.9,62.0,428
RALLIS.NS,Rallis India Limited,Chemicals,Unknown,Unknown,False,Cash,1,Stage 4,Stage 4,Stage 4 - Confirmed Downtrend,Stage 4 - Confirmed Downtrend,Stage 4 • Stage 4 - Confirmed Downtrend,0.86,Price is below a bearish moving-average stack with falling trend signals.,,,,,-24.04,-15.61,372337892.91,0.87,0.78,0.76,False,True,"Stage 4, Stage 4 - Confirmed Downtrend, weekly_volume_dryup, downtrend",watchlist,25.41,27.91,279.91,-23.85,"[27.78, 18.03, 6.11]","[26, 23, 5]",0.95,88.0,429
WESTLIFE.NS,WESTLIFE FOODWORLD LIMITED,Consumer Services,Unknown,Unknown,False,Cash,1,Stage 1,Stage 1,Stage 1 - Early Turn,Stage 1 - Early Turn,Stage 1 • Stage 1 - Early Turn,0.66,The stock is improving from a repair/base area but has not confirmed a clean Stage 2 yet.,,,,,20.26,16.85,165855854.77,1.58,0.34,1.65,False,False,"Stage 1, Stage 1 - Early Turn, weekly_vcp_ok, weekly_strong, stage1_not_actionable, stage1_needs_more_base",watchlist,27.81,27.81,540.67,8.41,"[28.76, 17.34, 13.4]","[31, 44, 8]",0.95,112.0,430
MPHASIS.NS,MphasiS Limited,Information Technology,Unknown,Unknown,True,F&O,1,Stage 1,Stage 1,Stage 1 - Early Turn,Stage 1 - Early Turn,Stage 1 • Stage 1 - Early Turn,0.66,The stock is improving from a repair/base area but has not confirmed a clean Stage 2 yet.,,,2026-01-19,,14.9,3.27,1553978504.74,1.12,0.92,0.83,False,True,"Stage 1, Stage 1 - Early Turn, weekly_vcp_ok, weekly_volume_dryup, weekly_strong, stage1_not_actionable, stage1_needs_more_base",watchlist,26.74,27.74,2462.9,1.83,"[32.34, 16.76, 12.73]","[37, 22, 21]",0.95,101.0,431
SAFARI.NS,Safari Industries (India) Limited,Consumer Durables,Unknown,Unknown,False,Cash,1,Stage 4,Stage 4,Stage 4 - Weak/Declining,Stage 4 - Weak/Declining,Stage 4 • Stage 4 - Weak/Declining,0.72,Price is below long-term support with weak trend evidence.,,,2025-12-24,,-3.98,-23.89,62110553.68,0.74,0.42,0.92,True,False,"Stage 4, Stage 4 - Weak/Declining, weekly_vcp_ok, volume_dryup, weekly_strong, downtrend",watchlist,26.69,27.69,1700.81,-11.59,"[31.6, 17.58, 7.6]","[19, 12, 20]",0.95,80.0,432
IREDA.NS,Indian Renewable Energy Development Agency Ltd.,Financial Services,Unknown,Unknown,True,F&O,1,Stage 4,Stage 4,Stage 4 - Confirmed Downtrend,Stage 4 - Confirmed Downtrend,Stage 4 • Stage 4 - Confirmed Downtrend,0.86,Price is below a bearish moving-average stack with falling trend signals.,,,,,-11.85,-1.72,619264684.84,1.25,1.27,1.55,False,False,"Stage 4, Stage 4 - Confirmed Downtrend, weekly_vcp_ok, weekly_strong, downtrend",watchlist,25.17,27.67,137.45,-12.7,"[14.25, 13.1, 11.84]","[18, 9, 24]",0.95,67.0,433
IEX.NS,Indian Energy Exchange Limited,Financial Services,Unknown,Unknown,True,F&O,1,Stage 4,Stage 4,Stage 4 - Weak/Declining,Stage 4 - Weak/Declining,Stage 4 • Stage 4 - Weak/Declining,0.72,Price is below long-term support with weak trend evidence.,,,,,-5.26,6.99,920923442.82,1.14,0.28,0.5,False,True,"Stage 4, Stage 4 - Weak/Declining, weekly_volume_dryup, downtrend",watchlist,25.17,27.67,135.22,-6.59,"[12.32, 10.57, 10.16, 10.02]","[20, 5, 5, 9]",1.0,70.0,434
HYUNDAI.NS,Hyundai Motor India Ltd.,Automobile and Auto Components,Unknown,Unknown,True,F&O,1,Stage 1,Stage 1,Stage 1 - Early Turn,Stage 1 - Early Turn,Stage 1 • Stage 1 - Early Turn,0.66,The stock is improving from a repair/base area but has not confirmed a clean Stage 2 yet.,,,,,16.61,7.75,1995587349.66,1.4,0.63,0.63,False,True,"Stage 1, Stage 1 - Early Turn, weekly_volume_dryup, stage1_not_actionable, stage1_needs_more_base",watchlist,22.64,27.64,2045.97,8.65,"[29.94, 8.41, 6.1, 6.65]","[27, 23, 22, 6]",0.73,105.0,435
RENUKA.NS,Shree Renuka Sugars Limited,Fast Moving Consumer Goods,Unknown,Unknown,False,Cash,1,Stage 4,Stage 4,Stage 4 - Confirmed Downtrend,Stage 4 - Confirmed Downtrend,Stage 4 • Stage 4 - Confirmed Downtrend,0.86,Price is below a bearish moving-average stack with falling trend signals.,,,,,-12.88,-6.71,82455875.62,0.79,1.34,1.04,True,False,"Stage 4, Stage 4 - Confirmed Downtrend, weekly_vcp_ok, volume_dryup, weekly_strong, downtrend",watchlist,27.53,27.53,30.3,-25.95,"[19.01, 11.41, 9.05]","[61, 11, 14]",0.95,98.0,436
FSL.NS,Firstsource Solutions Limited,Services,Unknown,Unknown,False,Cash,1,Stage 1,Stage 1,Stage 1 - Early Turn,Stage 1 - Early Turn,Stage 1 • Stage 1 - Early Turn,0.66,The stock is improving from a repair/base area but has not confirmed a clean Stage 2 yet.,,,,,11.47,2.19,1909098559.31,3.45,0.54,2.51,False,False,"Stage 1, Stage 1 - Early Turn, weekly_vcp_ok, weekly_strong, stage1_not_actionable, stage1_needs_more_base",watchlist,26.44,27.44,282.54,-1.01,"[19.1, 8.36]","[37, 8]",0.9,55.0,437
SONATSOFTW.NS,Sonata Software Limited,Information Technology,Unknown,Unknown,False,Cash,1,Stage 1,Stage 1,Stage 1 - Early Turn,Stage 1 - Early Turn,Stage 1 • Stage 1 - Early Turn,0.66,The stock is improving from a repair/base area but has not confirmed a clean Stage 2 yet.,,,,,16.24,11.16,1202780150.15,0.78,0.3,0.44,True,True,"Stage 1, Stage 1 - Early Turn, weekly_vcp_ok, volume_dryup, weekly_volume_dryup, weekly_strong, stage1_not_actionable, stage1_needs_more_base",watchlist,26.43,27.43,325.63,-1.7,"[19.39, 13.71]","[9, 9]",0.9,26.0,438
GALAXYSURF.NS,Galaxy Surfactants Limited,Chemicals,Unknown,Unknown,False,Cash,1,Stage 1,Stage 1,Stage 1 - Early Turn,Stage 1 - Early Turn,Stage 1 • Stage 1 - Early Turn,0.66,The stock is improving from a repair/base area but has not confirmed a clean Stage 2 yet.,,,,,8.94,19.92,22780504.98,0.97,1.65,1.23,False,False,"Stage 1, Stage 1 - Early Turn, weekly_vcp_ok, weekly_strong, stage1_not_actionable, stage1_needs_more_base",watchlist,24.93,27.43,2085.49,-0.03,"[24.2, 16.19, 9.76]","[16, 30, 9]",0.95,91.0,439
TEXRAIL.NS,Texmaco Rail & Engineering Limited,Capital Goods,Unknown,Unknown,False,Cash,1,Stage 4,Stage 4,Stage 4 - Weak/Declining,Stage 4 - Weak/Declining,Stage 4 • Stage 4 - Weak/Declining,0.72,Price is below long-term support with weak trend evidence.,,,,,-19.45,-7.14,168130142.22,0.67,0.4,0.81,True,True,"Stage 4, Stage 4 - Weak/Declining, weekly_vcp_ok, volume_dryup, weekly_volume_dryup, weekly_strong, downtrend",watchlist,24.9,27.4,123.59,-13.14,"[23.25, 13.47]","[13, 13]",0.9,51.0,440
KIRLOSIND.NS,Kirloskar Industries Limited,Capital Goods,Unknown,Unknown,False,Cash,1,Stage 2,Stage 2,Early Stage 2,Early Stage 2,Stage 2 • Early Stage 2,0.72,"Price has moved above long-term structure, but the full moving-average stack is not clean yet.",,,2026-08-07,,15.3,25.11,28192382.42,0.17,0.3,0.2,True,True,"Stage 2, Early Stage 2, volume_dryup, weekly_volume_dryup",watchlist,24.85,27.35,4240.41,-11.06,[12.59],[11],0.0,11.0,441
SYNGENE.NS,Syngene International Limited,Healthcare,Unknown,Unknown,False,Cash,1,Stage 4,Stage 4,Stage 4 - Confirmed Downtrend,Stage 4 - Confirmed Downtrend,Stage 4 • Stage 4 - Confirmed Downtrend,0.86,Price is below a bearish moving-average stack with falling trend signals.,,,,,-18.87,-6.74,747544482.9,2.16,1.25,1.01,False,False,"Stage 4, Stage 4 - Confirmed Downtrend, weekly_vcp_ok, weekly_strong, downtrend",watchlist,22.31,27.31,463.3,-13.1,"[16.66, 12.13]","[24, 17]",0.9,49.0,442
DATAMATICS.NS,Datamatics Global Services Limited,Information Technology,Unknown,Unknown,False,Cash,1,Stage 2,Stage 2,Early Stage 2,Early Stage 2,Stage 2 • Early Stage 2,0.72,"Price has moved above long-term structure, but the full moving-average stack is not clean yet.",,,2026-08-07,,10.8,15.65,96917143.21,0.85,0.65,1.27,False,False,"Stage 2, Early Stage 2",watchlist,26.25,27.25,919.61,-6.21,[11.29],[9],0.0,9.0,443
KEC.NS,KEC International Limited,Capital Goods,Unknown,Unknown,False,Cash,1,Stage 4,Stage 4,Stage 4 - Confirmed Downtrend,Stage 4 - Confirmed Downtrend,Stage 4 • Stage 4 - Confirmed Downtrend,0.86,Price is below a bearish moving-average stack with falling trend signals.,,,,,-17.95,-17.16,456945194.06,0.77,0.46,0.71,True,True,"Stage 4, Stage 4 - Confirmed Downtrend, weekly_vcp_ok, volume_dryup, weekly_volume_dryup, weekly_strong, downtrend",watchlist,24.74,27.24,545.61,-12.79,"[24.47, 16.46]","[8, 26]",0.9,58.0,444
DOMS.NS,DOMS Industries Ltd.,Fast Moving Consumer Goods,Unknown,Unknown,False,Cash,1,Stage 4,Stage 4,Stage 4 - Weak/Declining,Stage 4 - Weak/Declining,Stage 4 • Stage 4 - Weak/Declining,0.72,Price is below long-term support with weak trend evidence.,,,,,-3.89,-4.44,130544579.45,0.33,0.75,0.48,True,True,"Stage 4, Stage 4 - Weak/Declining, weekly_vcp_ok, volume_dryup, weekly_volume_dryup, weekly_strong, downtrend",watchlist,27.2,27.2,2435.0,-7.59,"[26.54, 13.71]","[21, 57]",0.9,81.0,445
NIITMTS.NS,NIIT Learning Systems Limited,Consumer Services,Unknown,Unknown,False,Cash,1,Stage 4,Stage 4,Stage 4 - Weak/Declining,Stage 4 - Weak/Declining,Stage 4 • Stage 4 - Weak/Declining,0.72,Price is below long-term support with weak trend evidence.,,,2026-02-17,,-3.15,-29.55,50266849.34,0.38,0.25,0.41,True,True,"Stage 4, Stage 4 - Weak/Declining, weekly_vcp_ok, volume_dryup, weekly_volume_dryup, weekly_strong, downtrend",watchlist,27.2,27.2,328.92,-24.05,"[41.41, 7.31]","[28, 24]",0.9,68.0,446
ASHOKA.NS,Ashoka Buildcon Limited,Construction,Unknown,Unknown,False,Cash,1,Stage 4,Stage 4,Stage 4 - Confirmed Downtrend,Stage 4 - Confirmed Downtrend,Stage 4 • Stage 4 - Confirmed Downtrend,0.86,Price is below a bearish moving-average stack with falling trend signals.,,,,,-13.98,-23.42,72995645.74,0.42,0.79,0.48,True,True,"Stage 4, Stage 4 - Confirmed Downtrend, weekly_vcp_ok, volume_dryup, weekly_volume_dryup, downtrend",watchlist,27.2,27.2,140.56,-16.06,"[39.51, 14.9]","[32, 29]",0.9,113.0,447
RELIGARE.NS,Religare Enterprises Limited,Financial Services,Unknown,Unknown,False,Cash,1,Stage 2 Failed,Stage 1,Failed Stage 2,Failed Stage 2,Stage 2 Failed • Failed Stage 2,0.72,"This stock was recently Stage 2, but the latest structure no longer satisfies Stage 2 rules. It is kept as Stage 2 Failed until a fresh base/repair structure forms.",Recent Stage 2 break; public stage held as Stage 2 Failed.,2026-08-10,2026-08-06,,-4.2,-1.94,229472805.83,1.12,1.74,1.62,False,False,"Stage 1, Stage 1 - Base/Repair, stage1_not_actionable, stage1_needs_more_base | Stage 2 failed state applied from stage memory.",watchlist,24.65,27.15,279.29,-17.79,"[10.08, 9.26]","[13, 10]",0.9,28.0,448
TVSSRICHAK.NS,TVS Srichakra Limited,Automobile and Auto Components,Unknown,Unknown,False,Cash,1,Stage 2 Failed,Stage 1,Failed Stage 2,Failed Stage 2,Stage 2 Failed • Failed Stage 2,0.72,"This stock was recently Stage 2, but the latest structure no longer satisfies Stage 2 rules. It is kept as Stage 2 Failed until a fresh base/repair structure forms.",Recent Stage 2 break; public stage held as Stage 2 Failed.,2026-08-10,2026-07-20,,-0.74,-0.61,11402936.08,0.7,0.4,0.62,True,True,"Stage 1, Stage 1 - Base/Repair, weekly_vcp_ok, volume_dryup, weekly_volume_dryup, weekly_strong, stage1_not_actionable, stage1_needs_more_base | Stage 2 failed state applied from stage memory.",watchlist,22.14,27.14,4399.0,-10.1,"[33.23, 14.97, 8.65]","[30, 13, 12]",0.95,81.0,449
FINPIPE.NS,Finolex Industries Limited,Capital Goods,Unknown,Unknown,False,Cash,1,Stage 4,Stage 4,Stage 4 - Confirmed Downtrend,Stage 4 - Confirmed Downtrend,Stage 4 • Stage 4 - Confirmed Downtrend,0.86,Price is below a bearish moving-average stack with falling trend signals.,,,,,-9.9,-3.02,83490335.07,0.69,1.26,0.98,True,False,"Stage 4, Stage 4 - Confirmed Downtrend, weekly_vcp_ok, volume_dryup, weekly_strong, downtrend",watchlist,24.62,27.12,186.93,-13.69,"[16.17, 15.33]","[11, 23]",0.9,42.0,450
BATAINDIA.NS,Bata India Limited,Consumer Durables,Unknown,Unknown,False,Cash,1,Stage 4,Stage 4,Stage 4 - Weak/Declining,Stage 4 - Weak/Declining,Stage 4 • Stage 4 - Weak/Declining,0.72,Price is below long-term support with weak trend evidence.,,,,,-2.8,-13.7,265984757.81,0.8,0.52,1.16,True,False,"Stage 4, Stage 4 - Weak/Declining, weekly_vcp_ok, volume_dryup, weekly_strong, downtrend",watchlist,26.08,27.08,794.36,-10.26,"[36.88, 16.43, 17.23]","[32, 33, 14]",0.95,101.0,451
BAJAJHIND.NS,Bajaj Hindusthan Sugar Limited,Fast Moving Consumer Goods,Unknown,Unknown,False,Cash,1,Stage 4,Stage 4,Stage 4 - Weak/Declining,Stage 4 - Weak/Declining,Stage 4 • Stage 4 - Weak/Declining,0.72,Price is below long-term support with weak trend evidence.,,,,,-3.35,10.23,88087785.75,1.02,1.97,1.4,False,False,"Stage 4, Stage 4 - Weak/Declining, weekly_vcp_ok, weekly_strong, downtrend",watchlist,27.02,27.02,20.43,-11.39,"[18.84, 18.73]","[9, 34]",0.9,58.0,452
DCXINDIA.NS,DCX Systems Limited,Capital Goods,Unknown,Unknown,False,Cash,1,Stage 4,Stage 4,Stage 4 - Weak/Declining,Stage 4 - Weak/Declining,Stage 4 • Stage 4 - Weak/Declining,0.72,Price is below long-term support with weak trend evidence.,,,,,-16.66,8.04,85356234.67,0.43,0.35,0.41,True,True,"Stage 4, Stage 4 - Weak/Declining, weekly_vcp_ok, volume_dryup, weekly_volume_dryup, weekly_strong, downtrend",watchlist,24.45,26.95,213.26,-16.04,"[20.54, 17.45]","[11, 24]",0.9,42.0,453
PERSISTENT.NS,Persistent Systems Limited,Information Technology,Unknown,Unknown,True,F&O,1,Stage 2,Stage 2,Early Stage 2,Early Stage 2,Stage 2 • Early Stage 2,0.72,"Price has moved above long-term structure, but the full moving-average stack is not clean yet.",,,2026-08-07,,8.22,-1.51,3240516753.68,0.84,0.45,0.5,True,True,"Stage 2, Early Stage 2, volume_dryup, weekly_volume_dryup",watchlist,25.81,26.81,5707.97,-4.1,[24.37],[20],0.0,20.0,454
NHPC.NS,NHPC Limited,Power,Unknown,Unknown,True,F&O,1,Stage 4,Stage 4,Stage 4 - Weak/Declining,Stage 4 - Weak/Declining,Stage 4 • Stage 4 - Weak/Declining,0.72,Price is below long-term support with weak trend evidence.,,,2026-05-06,,-6.74,4.24,1133786693.64,0.42,0.37,0.46,True,True,"Stage 4, Stage 4 - Weak/Declining, volume_dryup, weekly_volume_dryup, downtrend",watchlist,26.77,26.77,83.0,-6.99,"[12.58, 12.33]","[13, 9]",0.9,31.0,455
GMDCLTD.NS,Gujarat Mineral Development Corporation Limited,Metals & Mining,Unknown,Unknown,False,Cash,1,Stage 4,Stage 4,Stage 4,Stage 4,Stage 4,0.66,Declining structure detected.,,,2026-06-24,,-14.25,1.39,728734174.57,1.35,2.3,1.82,False,False,"Stage 4, Stage 4, weekly_vcp_ok, weekly_strong, downtrend",watchlist,26.7,26.7,633.01,-4.72,"[19.03, 19.27]","[21, 24]",0.9,52.0,456
PIIND.NS,PI Industries Limited,Chemicals,Unknown,Unknown,True,F&O,1,Stage 4,Stage 4,Stage 4 - Weak/Declining,Stage 4 - Weak/Declining,Stage 4 • Stage 4 - Weak/Declining,0.72,Price is below long-term support with weak trend evidence.,,,,,-16.17,-9.37,498791415.28,0.6,0.56,0.51,True,True,"Stage 4, Stage 4 - Weak/Declining, weekly_vcp_ok, volume_dryup, weekly_volume_dryup, weekly_strong, downtrend",watchlist,24.2,26.7,2916.54,-5.66,"[16.81, 13.52]","[10, 21]",0.9,40.0,457
KFINTECH.NS,Kfin Technologies Limited,Financial Services,Unknown,Unknown,True,F&O,1,Stage 1,Stage 1,Stage 1 - Early Turn,Stage 1 - Early Turn,Stage 1 • Stage 1 - Early Turn,0.66,The stock is improving from a repair/base area but has not confirmed a clean Stage 2 yet.,,,,,7.65,1.87,1329135046.39,1.6,0.27,0.4,False,True,"Stage 1, Stage 1 - Early Turn, weekly_volume_dryup, stage1_not_actionable, stage1_needs_more_base",watchlist,24.15,26.65,984.22,-5.66,"[21.97, 8.76, 9.7, 6.75]","[18, 9, 12, 9]",0.73,67.0,458
BBL.NS,Bharat Bijlee Limited,Capital Goods,Unknown,Unknown,False,Cash,1,Stage 4,Stage 4,Stage 4 - Weak/Declining,Stage 4 - Weak/Declining,Stage 4 • Stage 4 - Weak/Declining,0.72,Price is below long-term support with weak trend evidence.,,,,,-12.24,-13.27,95864056.8,1.44,0.96,2.25,False,False,"Stage 4, Stage 4 - Weak/Declining, weekly_vcp_ok, weekly_strong, downtrend",watchlist,24.1,26.6,3233.5,-28.89,"[31.24, 24.71, 12.48]","[33, 14, 11]",0.95,102.0,459
ESCORTS.NS,Escorts Kubota Limited,Capital Goods,Unknown,Unknown,False,Cash,1,Stage 4,Stage 4,Stage 4 - Weak/Declining,Stage 4 - Weak/Declining,Stage 4 • Stage 4 - Weak/Declining,0.72,Price is below long-term support with weak trend evidence.,,,2026-02-10,,-1.22,-12.45,423155717.05,1.42,0.67,0.7,False,True,"Stage 4, Stage 4 - Weak/Declining, weekly_vcp_ok, weekly_volume_dryup, weekly_strong, downtrend",watchlist,24.1,26.6,3615.48,-14.75,"[29.66, 11.26, 4.47]","[34, 5, 13]",0.95,113.0,460
MUTHOOTFIN.NS,Muthoot Finance Limited,Financial Services,Unknown,Unknown,True,F&O,1,Stage 4,Stage 4,Stage 4 - Confirmed Downtrend,Stage 4 - Confirmed Downtrend,Stage 4 • Stage 4 - Confirmed Downtrend,0.86,Price is below a bearish moving-average stack with falling trend signals.,,,2026-02-12,,-22.85,-17.84,3544698298.24,1.63,0.71,1.04,False,False,"Stage 4, Stage 4 - Confirmed Downtrend, weekly_vcp_ok, weekly_strong, downtrend",watchlist,24.1,26.6,3647.66,-20.33,"[24.55, 16.71, 10.06]","[16, 9, 7]",0.95,94.0,461
SHARDACROP.NS,Sharda Cropchem Limited,Chemicals,Unknown,Unknown,False,Cash,1,Stage 4,Stage 4,Stage 4 - Weak/Declining,Stage 4 - Weak/Declining,Stage 4 • Stage 4 - Weak/Declining,0.72,Price is below long-term support with weak trend evidence.,,,2026-05-06,,-36.09,-24.35,163986037.6,1.37,0.67,1.02,False,False,"Stage 4, Stage 4 - Weak/Declining, weekly_vcp_ok, weekly_strong, downtrend",watchlist,24.1,26.6,1227.39,-33.79,"[35.47, 30.58, 8.69]","[31, 17, 10]",0.95,90.0,462
GPPL.NS,Gujarat Pipavav Port Limited,Services,Unknown,Unknown,False,Cash,1,Stage 4,Stage 4,Stage 4 - Confirmed Downtrend,Stage 4 - Confirmed Downtrend,Stage 4 • Stage 4 - Confirmed Downtrend,0.86,Price is below a bearish moving-average stack with falling trend signals.,,,2026-02-10,,-6.89,-9.28,147107914.93,0.77,0.66,0.69,True,True,"Stage 4, Stage 4 - Confirmed Downtrend, weekly_vcp_ok, volume_dryup, weekly_volume_dryup, weekly_strong, downtrend",watchlist,25.52,26.52,167.09,-10.0,"[21.74, 7.93]","[20, 29]",0.9,101.0,463
SPANDANA.NS,Spandana Sphoorty Financial Limited,Financial Services,Unknown,Unknown,False,Cash,1,Stage 2 Failed,Stage 1,Failed Stage 2,Failed Stage 2,Stage 2 Failed • Failed Stage 2,0.72,"This stock was recently Stage 2, but the latest structure no longer satisfies Stage 2 rules. It is kept as Stage 2 Failed until a fresh base/repair structure forms.",Recent Stage 2 break; public stage held as Stage 2 Failed.,2026-08-10,2026-07-29,,-9.24,2.08,98058735.68,0.59,0.61,0.63,True,True,"Stage 1, Stage 1 - Base/Repair, weekly_vcp_ok, volume_dryup, weekly_volume_dryup, weekly_strong, stage1_not_actionable, stage1_needs_more_base | Stage 2 failed state applied from stage memory.",watchlist,23.9,26.4,319.4,-20.88,"[33.1, 16.47, 17.61]","[26, 8, 12]",0.55,77.0,464
LTM.NS,LTIMindtree Ltd.,Information Technology,Unknown,Unknown,True,F&O,1,Stage 1,Stage 1,Stage 1 - Early Turn,Stage 1 - Early Turn,Stage 1 • Stage 1 - Early Turn,0.66,The stock is improving from a repair/base area but has not confirmed a clean Stage 2 yet.,,,,,18.8,-9.01,2103757922.26,1.2,1.06,0.79,False,True,"Stage 1, Stage 1 - Early Turn, weekly_vcp_ok, weekly_volume_dryup, weekly_strong, stage1_not_actionable, stage1_needs_more_base",watchlist,25.33,26.33,4728.66,1.4,"[18.33, 19.08, 7.69]","[17, 20, 8]",0.95,67.0,465
ONESOURCE.NS,Onesource Specialty Pharma Ltd.,Healthcare,Unknown,Unknown,False,Cash,1,Stage 2 Failed,Stage 4,Failed Stage 2,Failed Stage 2,Stage 2 Failed • Failed Stage 2,0.72,"This stock was recently Stage 2, but the latest structure no longer satisfies Stage 2 rules. It is kept as Stage 2 Failed until a fresh base/repair structure forms.",Recent Stage 2 break; public stage held as Stage 2 Failed.,2026-08-10,2026-07-30,,-17.13,45.3,438334653.24,1.06,0.79,0.78,False,True,"Stage 4, Stage 4 - Weak/Declining, weekly_vcp_ok, weekly_volume_dryup, weekly_strong, downtrend | Stage 2 failed state applied from stage memory.",watchlist,21.27,26.27,1755.2,-10.24,"[19.25, 13.44]","[17, 5]",0.9,26.0,466
CHEMPLASTS.NS,Chemplast Sanmar Limited,Chemicals,Unknown,Unknown,False,Cash,1,Stage 4,Stage 4,Stage 4 - Confirmed Downtrend,Stage 4 - Confirmed Downtrend,Stage 4 • Stage 4 - Confirmed Downtrend,0.86,Price is below a bearish moving-average stack with falling trend signals.,,,,,-28.07,-25.66,119955307.16,0.57,0.71,0.83,True,True,"Stage 4, Stage 4 - Confirmed Downtrend, volume_dryup, weekly_volume_dryup, downtrend",watchlist,23.7,26.2,218.7,-18.35,"[24.24, 10.66]","[12, 8]",0.9,36.0,467
SHOPERSTOP.NS,Shoppers Stop Limited,Consumer Services,Unknown,Unknown,False,Cash,1,Not Sure,Stage 2,Pending Stage 2,Pending Stage 2,Not Sure • Pending Stage 2,0.55,Stage 2 pending confirmation: needs 3 raw Stage 2 runs; current count 1.,Stage 2 pending confirmation: needs 3 raw Stage 2 runs; current count 1.,,,Stage 2,22.65,12.54,48977074.15,0.37,0.19,0.47,True,True,"Stage 2, Early Stage 2, weekly_vcp_ok, volume_dryup, weekly_volume_dryup, weekly_strong | Stage 2 pending confirmation: needs 3 raw Stage 2 runs; current count 1.",watchlist,26.14,26.14,409.32,4.05,[10.31],[45],0.0,45.0,468
OIL.NS,Oil India Limited,"Oil, Gas & Consumable Fuels",Unknown,Unknown,True,F&O,1,Stage 1,Stage 1,Stage 1 - Base/Repair,Stage 1 - Base/Repair,Stage 1 • Stage 1 - Base/Repair,0.7,Price is near long-term moving averages with no strong long-term downtrend signal.,,,2026-06-05,,-17.62,-1.52,1567890754.48,0.8,2.49,1.0,True,False,"Stage 1, Stage 1 - Base/Repair, volume_dryup, stage1_not_actionable, stage1_needs_more_base",watchlist,25.1,26.1,465.0,-2.58,[23.9],[30],0.0,30.0,469
HAPPSTMNDS.NS,Happiest Minds Technologies Limited,Information Technology,Unknown,Unknown,False,Cash,1,Stage 1,Stage 1,Stage 1 - Early Turn,Stage 1 - Early Turn,Stage 1 • Stage 1 - Early Turn,0.66,The stock is improving from a repair/base area but has not confirmed a clean Stage 2 yet.,,,,,9.48,9.43,720520758.9,1.35,0.39,1.5,False,False,"Stage 1, Stage 1 - Early Turn, stage1_not_actionable, stage1_needs_more_base",watchlist,25.09,26.09,416.61,-3.55,"[21.2, 13.94, 15.06, 14.93]","[12, 6, 22, 9]",0.73,93.0,470
VAIBHAVGBL.NS,Vaibhav Global Limited,Consumer Durables,Unknown,Unknown,False,Cash,1,Stage 2,Stage 2,Early Stage 2,Early Stage 2,Stage 2 • Early Stage 2,0.72,"Price has moved above long-term structure, but the full moving-average stack is not clean yet.",,,2026-08-07,,6.75,10.33,162400062.85,1.36,0.73,1.57,False,False,"Stage 2, Early Stage 2",watchlist,25.07,26.07,282.79,-15.68,[11.21],[8],0.0,8.0,471
ECLERX.NS,eClerx Services Limited,Services,Unknown,Unknown,False,Cash,1,Stage 1,Stage 1,Stage 1 - Early Turn,Stage 1 - Early Turn,Stage 1 • Stage 1 - Early Turn,0.66,The stock is improving from a repair/base area but has not confirmed a clean Stage 2 yet.,,,2026-02-05,,9.97,-11.13,1068865287.15,0.76,0.26,0.74,True,True,"Stage 1, Stage 1 - Early Turn, weekly_vcp_ok, volume_dryup, weekly_volume_dryup, weekly_strong, stage1_not_actionable, stage1_needs_more_base",watchlist,25.06,26.06,2028.54,-13.08,"[22.93, 10.33]","[23, 9]",0.9,36.0,472
TCIEXP.NS,TCI Express Limited,Services,Unknown,Unknown,False,Cash,1,Stage 1,Stage 1,Stage 1 - Early Turn,Stage 1 - Early Turn,Stage 1 • Stage 1 - Early Turn,0.66,The stock is improving from a repair/base area but has not confirmed a clean Stage 2 yet.,,,,,0.47,-0.26,97154828.82,0.86,0.16,1.61,False,False,"Stage 1, Stage 1 - Early Turn, stage1_not_actionable, stage1_needs_more_base",watchlist,25.01,26.01,626.09,-12.76,"[17.95, 9.25]","[15, 24]",0.9,43.0,473
ICICIPRULI.NS,ICICI Prudential Life Insurance Company Limited,Financial Services,Unknown,Unknown,True,F&O,1,Stage 4,Stage 4,Stage 4 - Weak/Declining,Stage 4 - Weak/Declining,Stage 4 • Stage 4 - Weak/Declining,0.72,Price is below long-term support with weak trend evidence.,,,2026-02-06,,-12.57,-18.02,1099128420.83,0.94,0.5,1.24,False,False,"Stage 4, Stage 4 - Weak/Declining, weekly_vcp_ok, weekly_strong, downtrend",watchlist,23.34,25.84,532.88,-6.22,"[19.39, 8.6, 7.83]","[24, 14, 5]",0.95,53.0,474
BRITANNIA.NS,Britannia Industries Limited,Fast Moving Consumer Goods,Unknown,Unknown,True,F&O,1,Not Sure,Stage 1,Pending Stage 1,Pending Stage 1,Not Sure • Pending Stage 1,0.55,Blocked public stage jump Stage 4 -> Stage 1; waiting for intermediate/confirmed structure.,Blocked public stage jump Stage 4 -> Stage 1; waiting for intermediate/confirmed structure.,,2026-03-06,Stage 1,1.99,1.35,1679371311.93,1.44,1.14,1.94,False,False,"Stage 1, Stage 1 - Early Turn, stage1_not_actionable, stage1_needs_more_base | Blocked public stage jump Stage 4 -> Stage 1; waiting for intermediate/confirmed structure.",watchlist,25.8,25.8,5826.96,-3.49,"[13.8, 14.54, 4.52]","[23, 20, 5]",0.55,94.0,475
GSFC.NS,Gujarat State Fertilizers & Chemicals Limited,Chemicals,Unknown,Unknown,False,Cash,1,Stage 4,Stage 4,Stage 4 - Weak/Declining,Stage 4 - Weak/Declining,Stage 4 • Stage 4 - Weak/Declining,0.72,Price is below long-term support with weak trend evidence.,,,,,-9.14,-4.06,63812572.27,0.77,0.66,0.6,True,True,"Stage 4, Stage 4 - Weak/Declining, weekly_vcp_ok, volume_dryup, weekly_volume_dryup, weekly_strong, downtrend",watchlist,23.25,25.75,171.2,-5.58,"[11.53, 10.7]","[12, 28]",0.9,46.0,476
ABFRL.NS,Aditya Birla Fashion and Retail Limited,Consumer Services,Unknown,Unknown,False,Cash,1,Stage 4,Stage 4,Stage 4 - Weak/Declining,Stage 4 - Weak/Declining,Stage 4 • Stage 4 - Weak/Declining,0.72,Price is below long-term support with weak trend evidence.,,,,,-9.16,-6.68,364441224.18,1.73,5.78,2.51,False,False,"Stage 4, Stage 4 - Weak/Declining, weekly_vcp_ok, weekly_strong, downtrend",watchlist,25.7,25.7,63.95,-4.55,"[15.8, 11.92]","[13, 26]",0.9,44.0,477
COCHINSHIP.NS,Cochin Shipyard Limited,Capital Goods,Unknown,Unknown,True,F&O,1,Stage 4,Stage 4,Stage 4 - Weak/Declining,Stage 4 - Weak/Declining,Stage 4 • Stage 4 - Weak/Declining,0.72,Price is below long-term support with weak trend evidence.,,,2025-10-17,,-13.85,3.16,1428159333.86,0.87,0.42,1.09,False,False,"Stage 4, Stage 4 - Weak/Declining, weekly_vcp_ok, weekly_strong, downtrend",watchlist,23.2,25.7,1553.71,-3.33,"[25.76, 10.96]","[24, 25]",0.9,54.0,478
APTUS.NS,Aptus Value Housing Finance India Limited,Financial Services,Unknown,Unknown,False,Cash,1,Stage 2 Failed,Stage 4,Failed Stage 2,Failed Stage 2,Stage 2 Failed • Failed Stage 2,0.72,"This stock was recently Stage 2, but the latest structure no longer satisfies Stage 2 rules. It is kept as Stage 2 Failed until a fresh base/repair structure forms.",Recent Stage 2 break; public stage held as Stage 2 Failed.,2026-08-10,2026-07-30,,-10.41,0.54,299845868.35,1.17,0.82,0.85,False,True,"Stage 4, Stage 4 - Weak/Declining, weekly_vcp_ok, weekly_volume_dryup, weekly_strong, downtrend | Stage 2 failed state applied from stage memory.",watchlist,23.2,25.7,309.54,-18.19,"[34.02, 14.83]","[36, 23]",0.9,84.0,479
TEGA.NS,Tega Industries Limited,Capital Goods,Unknown,Unknown,False,Cash,1,Stage 4,Stage 4,Stage 4 - Confirmed Downtrend,Stage 4 - Confirmed Downtrend,Stage 4 • Stage 4 - Confirmed Downtrend,0.86,Price is below a bearish moving-average stack with falling trend signals.,,,2025-11-27,,-1.92,-5.15,171670334.55,1.49,1.0,0.83,False,True,"Stage 4, Stage 4 - Confirmed Downtrend, weekly_vcp_ok, weekly_volume_dryup, weekly_strong, downtrend",watchlist,23.2,25.7,1897.31,-13.9,"[18.06, 15.42]","[59, 24]",0.9,87.0,480
TATACHEM.NS,Tata Chemicals Limited,Chemicals,Unknown,Unknown,False,Cash,1,Stage 4,Stage 4,Stage 4 - Confirmed Downtrend,Stage 4 - Confirmed Downtrend,Stage 4 • Stage 4 - Confirmed Downtrend,0.86,Price is below a bearish moving-average stack with falling trend signals.,,,,,-16.73,1.11,349643941.9,1.01,0.59,1.35,False,False,"Stage 4, Stage 4 - Confirmed Downtrend, downtrend",watchlist,23.2,25.7,843.38,-20.69,"[20.17, 10.37]","[20, 56]",0.9,84.0,481
TATAELXSI.NS,Tata Elxsi Limited,Information Technology,Unknown,Unknown,True,F&O,1,Stage 4,Stage 4,Stage 4 - Confirmed Downtrend,Stage 4 - Confirmed Downtrend,Stage 4 • Stage 4 - Confirmed Downtrend,0.86,Price is below a bearish moving-average stack with falling trend signals.,,,,,-8.86,-21.3,1853618077.14,0.86,0.46,0.56,False,True,"Stage 4, Stage 4 - Confirmed Downtrend, weekly_volume_dryup, downtrend",watchlist,24.63,25.63,4678.03,-18.6,"[29.63, 21.47]","[37, 55]",0.9,118.0,482
MASTEK.NS,Mastek Limited,Information Technology,Unknown,Unknown,False,Cash,1,Stage 1,Stage 1,Stage 1 - Early Turn,Stage 1 - Early Turn,Stage 1 • Stage 1 - Early Turn,0.66,The stock is improving from a repair/base area but has not confirmed a clean Stage 2 yet.,,,,,8.9,-5.94,238102806.57,1.72,0.38,0.75,False,True,"Stage 1, Stage 1 - Early Turn, weekly_vcp_ok, weekly_volume_dryup, weekly_strong, stage1_not_actionable, stage1_needs_more_base",watchlist,24.62,25.62,1949.1,-7.52,"[16.11, 13.85]","[18, 20]",0.9,49.0,483
GESHIP.NS,The Great Eastern Shipping Company Limited,Services,Unknown,Unknown,False,Cash,1,Stage 2 Failed,Stage 3,Failed Stage 2,Failed Stage 2,Stage 2 Failed • Failed Stage 2,0.72,"This stock was recently Stage 2, but the latest structure no longer satisfies Stage 2 rules. It is kept as Stage 2 Failed until a fresh base/repair structure forms.",Recent Stage 2 break; public stage held as Stage 2 Failed.,2026-08-10,2026-08-04,,-14.85,10.82,1340394050.35,1.99,0.86,3.51,False,False,"Stage 3, Stage 3 - Distribution/Damage, weekly_vcp_ok, weekly_strong, distribution_risk | Stage 2 failed state applied from stage memory.",watchlist,24.58,25.58,1522.31,-12.66,"[24.28, 13.25]","[17, 14]",0.9,43.0,484
SAPPHIRE.NS,Sapphire Foods India Limited,Consumer Services,Unknown,Unknown,False,Cash,1,Stage 1,Stage 1,Stage 1 - Early Turn,Stage 1 - Early Turn,Stage 1 • Stage 1 - Early Turn,0.66,The stock is improving from a repair/base area but has not confirmed a clean Stage 2 yet.,,,,,21.9,7.76,610453919.16,2.28,1.68,3.77,False,False,"Stage 1, Stage 1 - Early Turn, weekly_vcp_ok, weekly_strong, stage1_not_actionable, stage1_needs_more_base",watchlist,25.49,25.49,194.24,13.58,"[20.19, 13.2, 8.49, 9.53]","[9, 12, 5, 13]",0.73,61.0,485
HEXT.NS,Hexaware Technologies Ltd.,Information Technology,Unknown,Unknown,False,Cash,1,Stage 1,Stage 1,Stage 1 - Early Turn,Stage 1 - Early Turn,Stage 1 • Stage 1 - Early Turn,0.66,The stock is improving from a repair/base area but has not confirmed a clean Stage 2 yet.,,,,,12.91,1.17,581531101.66,1.42,0.19,0.3,False,True,"Stage 1, Stage 1 - Early Turn, weekly_vcp_ok, weekly_volume_dryup, weekly_strong, stage1_not_actionable, stage1_needs_more_base",watchlist,24.36,25.36,623.89,-8.59,"[14.57, 8.1]","[13, 8]",0.9,38.0,486
POWERGRID.NS,Power Grid Corporation of India Limited,Power,Unknown,Unknown,True,F&O,1,Stage 2 Failed,Stage 1,Failed Stage 2,Failed Stage 2,Stage 2 Failed • Failed Stage 2,0.72,"This stock was recently Stage 2, but the latest structure no longer satisfies Stage 2 rules. It is kept as Stage 2 Failed until a fresh base/repair structure forms.",Recent Stage 2 break; public stage held as Stage 2 Failed.,2026-08-10,2026-07-23,,-15.64,-2.16,2553312862.14,1.01,0.92,1.04,False,False,"Stage 1, Stage 1 - Base/Repair, stage1_not_actionable, stage1_needs_more_base | Stage 2 failed state applied from stage memory.",watchlist,25.33,25.33,303.53,-11.01,"[14.33, 5.54]","[26, 15]",0.9,57.0,487
LAOPALA.NS,La Opala RG Limited,Consumer Durables,Unknown,Unknown,False,Cash,1,Stage 1,Stage 1,Stage 1 - Early Turn,Stage 1 - Early Turn,Stage 1 • Stage 1 - Early Turn,0.66,The stock is improving from a repair/base area but has not confirmed a clean Stage 2 yet.,,,,,5.14,0.99,122327284.18,3.31,0.39,6.36,False,False,"Stage 1, Stage 1 - Early Turn, weekly_vcp_ok, weekly_strong, stage1_not_actionable, stage1_needs_more_base",watchlist,24.31,25.31,194.8,-0.56,"[12.06, 9.08]","[7, 11]",0.9,44.0,488
TATACONSUM.NS,TATA CONSUMER PRODUCTS LIMITED,Fast Moving Consumer Goods,Unknown,Unknown,True,F&O,1,Not Sure,Stage 4,Pending Stage 4,Pending Stage 4,Not Sure • Pending Stage 4,0.55,Blocked public stage jump Stage 1 -> Stage 4; waiting for intermediate/confirmed structure.,Blocked public stage jump Stage 1 -> Stage 4; waiting for intermediate/confirmed structure.,,2026-05-20,Stage 4,-14.12,0.42,1588810731.77,0.92,0.89,0.91,False,False,"Stage 4, Stage 4 - Weak/Declining, downtrend | Blocked public stage jump Stage 1 -> Stage 4; waiting for intermediate/confirmed structure.",watchlist,25.3,25.3,1213.12,-8.61,"[14.02, 6.27]","[20, 17]",0.9,51.0,489
CESC.NS,CESC Limited,Power,Unknown,Unknown,False,Cash,1,Stage 1,Stage 1,Stage 1 - Base/Repair,Stage 1 - Base/Repair,Stage 1 • Stage 1 - Base/Repair,0.7,Price is near long-term moving averages with no strong long-term downtrend signal.,,,2026-06-05,,-15.93,11.09,159056263.69,0.74,0.97,0.69,True,True,"Stage 1, Stage 1 - Base/Repair, volume_dryup, weekly_volume_dryup, stage1_not_actionable, stage1_needs_more_base",watchlist,25.21,25.21,177.56,-7.31,"[12.45, 10.34]","[11, 17]",0.9,35.0,490
CAMPUS.NS,Campus Activewear Limited,Consumer Durables,Unknown,Unknown,False,Cash,1,Stage 4,Stage 4,Stage 4 - Confirmed Downtrend,Stage 4 - Confirmed Downtrend,Stage 4 • Stage 4 - Confirmed Downtrend,0.86,Price is below a bearish moving-average stack with falling trend signals.,,,2025-11-26,,-11.94,-13.56,816710687.28,0.6,0.16,0.83,True,True,"Stage 4, Stage 4 - Confirmed Downtrend, volume_dryup, weekly_volume_dryup, downtrend",watchlist,24.15,25.15,258.73,-14.17,"[24.42, 10.93, 11.44, 12.5]","[32, 24, 12, 25]",0.73,113.0,491
JIOFIN.NS,Jio Financial Services Limited,Financial Services,Unknown,Unknown,True,F&O,1,Stage 1,Stage 1,Stage 1 - Early Turn,Stage 1 - Early Turn,Stage 1 • Stage 1 - Early Turn,0.66,The stock is improving from a repair/base area but has not confirmed a clean Stage 2 yet.,,,,,3.59,-0.82,5484427501.28,1.44,0.49,0.99,False,False,"Stage 1, Stage 1 - Early Turn, weekly_vcp_ok, weekly_strong, stage1_not_actionable, stage1_needs_more_base",watchlist,22.63,25.13,249.37,1.86,"[11.59, 7.4, 7.23]","[13, 9, 13]",0.95,50.0,492
INFY.NS,Infosys Limited,Information Technology,Unknown,Unknown,True,F&O,1,Stage 4,Stage 4,Stage 4 - Weak/Declining,Stage 4 - Weak/Declining,Stage 4 • Stage 4 - Weak/Declining,0.72,Price is below long-term support with weak trend evidence.,,,2026-02-03,,5.22,-14.65,15552732519.19,1.08,0.65,0.62,False,True,"Stage 4, Stage 4 - Weak/Declining, weekly_vcp_ok, weekly_volume_dryup, weekly_strong, downtrend",watchlist,24.1,25.1,1350.09,-12.38,"[29.68, 20.91, 21.52]","[29, 25, 21]",0.95,101.0,493
METROBRAND.NS,Metro Brands Limited,Consumer Durables,Unknown,Unknown,False,Cash,1,Stage 4,Stage 4,Stage 4 - Weak/Declining,Stage 4 - Weak/Declining,Stage 4 • Stage 4 - Weak/Declining,0.72,Price is below long-term support with weak trend evidence.,,,,,-12.7,-1.96,61962321.86,1.21,0.61,2.08,False,False,"Stage 4, Stage 4 - Weak/Declining, weekly_vcp_ok, weekly_strong, downtrend",watchlist,24.1,25.1,1130.07,-14.41,"[18.38, 9.55, 9.21]","[26, 14, 24]",0.95,75.0,494
ALOKINDS.NS,Alok Industries Limited,Textiles,Unknown,Unknown,False,Cash,1,Stage 4,Stage 4,Stage 4 - Confirmed Downtrend,Stage 4 - Confirmed Downtrend,Stage 4 • Stage 4 - Confirmed Downtrend,0.86,Price is below a bearish moving-average stack with falling trend signals.,,,,,-18.66,-22.08,37946305.57,0.41,0.6,0.37,True,True,"Stage 4, Stage 4 - Confirmed Downtrend, weekly_vcp_ok, volume_dryup, weekly_volume_dryup, weekly_strong, downtrend",watchlist,20.1,25.1,15.35,-22.39,"[34.65, 14.22, 12.39]","[37, 9, 28]",0.95,121.0,495
IDBI.NS,IDBI Bank Limited,Financial Services,Unknown,Unknown,False,Cash,1,Stage 4,Stage 4,Stage 4 - Weak/Declining,Stage 4 - Weak/Declining,Stage 4 • Stage 4 - Weak/Declining,0.72,Price is below long-term support with weak trend evidence.,,,2026-03-10,,11.1,-15.6,947891259.08,0.28,0.25,0.15,True,True,"Stage 4, Stage 4 - Weak/Declining, weekly_vcp_ok, volume_dryup, weekly_volume_dryup, weekly_strong, downtrend",watchlist,22.58,25.08,90.1,-7.88,"[13.09, 8.09]","[15, 7]",0.9,27.0,496
MASFIN.NS,MAS Financial Services Limited,Financial Services,Unknown,Unknown,False,Cash,1,Stage 1,Stage 1,Stage 1 - Base/Repair,Stage 1 - Base/Repair,Stage 1 • Stage 1 - Base/Repair,0.7,Price is near long-term moving averages with no strong long-term downtrend signal.,,,2026-07-13,,-12.67,-2.71,40182620.52,1.38,1.25,1.0,False,False,"Stage 1, Stage 1 - Base/Repair, stage1_not_actionable, stage1_needs_more_base",watchlist,22.55,25.05,359.48,-16.36,"[21.39, 16.34, 10.31, 5.78]","[23, 14, 9, 8]",1.0,88.0,497
JKLAKSHMI.NS,JK Lakshmi Cement Limited,Construction Materials,Unknown,Unknown,False,Cash,1,Stage 4,Stage 4,Stage 4 - Confirmed Downtrend,Stage 4 - Confirmed Downtrend,Stage 4 • Stage 4 - Confirmed Downtrend,0.86,Price is below a bearish moving-average stack with falling trend signals.,,,,,-20.49,-17.99,172410597.79,2.22,0.69,4.03,False,False,"Stage 4, Stage 4 - Confirmed Downtrend, weekly_vcp_ok, weekly_strong, downtrend",watchlist,25.0,25.0,678.27,-17.63,"[25.53, 15.63, 8.88, 5.48]","[21, 16, 15, 9]",1.0,104.0,498
COLPAL.NS,Colgate Palmolive (India) Limited,Fast Moving Consumer Goods,Unknown,Unknown,True,F&O,1,Stage 4,Stage 4,Stage 4 - Confirmed Downtrend,Stage 4 - Confirmed Downtrend,Stage 4 • Stage 4 - Confirmed Downtrend,0.86,Price is below a bearish moving-average stack with falling trend signals.,,,,,-9.42,0.41,820368978.59,1.3,0.59,0.77,False,True,"Stage 4, Stage 4 - Confirmed Downtrend, weekly_vcp_ok, weekly_volume_dryup, weekly_strong, downtrend",watchlist,25.0,25.0,2213.4,-8.76,"[22.58, 10.24, 8.36, 4.81]","[19, 14, 7, 10]",1.0,95.0,499
CSBBANK.NS,CSB Bank Limited,Financial Services,Unknown,Unknown,False,Cash,1,Stage 4,Stage 4,Stage 4 - Confirmed Downtrend,Stage 4 - Confirmed Downtrend,Stage 4 • Stage 4 - Confirmed Downtrend,0.86,Price is below a bearish moving-average stack with falling trend signals.,,,2026-01-30,,-13.02,-16.81,199823961.24,0.78,0.66,0.71,True,True,"Stage 4, Stage 4 - Confirmed Downtrend, weekly_vcp_ok, volume_dryup, weekly_volume_dryup, weekly_strong, downtrend",watchlist,22.44,24.94,417.2,-22.08,"[20.42, 15.46, 17.68, 15.12]","[10, 6, 7, 23]",0.73,81.0,500
CHALET.NS,Chalet Hotels Limited,Consumer Services,Unknown,Unknown,False,Cash,1,Stage 1,Stage 1,Stage 1 - Early Turn,Stage 1 - Early Turn,Stage 1 • Stage 1 - Early Turn,0.66,The stock is improving from a repair/base area but has not confirmed a clean Stage 2 yet.,,,2025-11-06,,7.36,3.22,95179575.73,0.89,1.72,0.95,False,False,"Stage 1, Stage 1 - Early Turn, weekly_vcp_ok, stage1_not_actionable, stage1_needs_more_base",watchlist,24.93,24.93,876.43,-4.49,"[24.36, 10.25, 11.07]","[37, 15, 10]",0.55,88.0,501
SHREECEM.NS,SHREE CEMENT LIMITED,Construction Materials,Unknown,Unknown,True,F&O,1,Stage 2,Stage 2,Early Stage 2,Early Stage 2,Stage 2 • Early Stage 2,0.72,"Price has moved above long-term structure, but the full moving-average stack is not clean yet.",,,2026-08-07,,-0.46,0.37,450235588.08,0.72,0.78,0.74,True,True,"Stage 2, Early Stage 2, weekly_vcp_ok, volume_dryup, weekly_volume_dryup, weekly_strong",watchlist,24.91,24.91,27285.0,-4.34,[9.02],[9],0.0,9.0,502
BIKAJI.NS,Bikaji Foods International Limited,Fast Moving Consumer Goods,Unknown,Unknown,False,Cash,1,Stage 4,Stage 4,Stage 4 - Confirmed Downtrend,Stage 4 - Confirmed Downtrend,Stage 4 • Stage 4 - Confirmed Downtrend,0.86,Price is below a bearish moving-average stack with falling trend signals.,,,,,-8.83,0.17,63908664.38,0.83,0.32,1.17,True,False,"Stage 4, Stage 4 - Confirmed Downtrend, weekly_vcp_ok, volume_dryup, weekly_strong, downtrend",watchlist,24.91,24.91,708.6,-12.04,"[8.15, 8.42]","[12, 28]",0.9,91.0,503
HUDCO.NS,Housing & Urban Development Corporation Limited,Financial Services,Unknown,Unknown,False,Cash,1,Stage 4,Stage 4,Stage 4 - Weak/Declining,Stage 4 - Weak/Declining,Stage 4 • Stage 4 - Weak/Declining,0.72,Price is below long-term support with weak trend evidence.,,,2026-07-06,,-13.63,9.9,461115730.44,0.97,0.6,0.79,False,True,"Stage 4, Stage 4 - Weak/Declining, weekly_vcp_ok, weekly_volume_dryup, weekly_strong, downtrend",watchlist,22.39,24.89,216.92,-7.98,"[16.3, 11.98]","[6, 14]",0.9,55.0,504
IRCTC.NS,Indian Railway Catering And Tourism Corporation Ltd.,Consumer Services,Unknown,Unknown,False,Cash,1,Stage 4,Stage 4,Stage 4 - Weak/Declining,Stage 4 - Weak/Declining,Stage 4 • Stage 4 - Weak/Declining,0.72,Price is below long-term support with weak trend evidence.,,,,,-7.73,-10.67,500133057.18,1.25,1.39,1.26,False,False,"Stage 4, Stage 4 - Weak/Declining, weekly_vcp_ok, weekly_strong, downtrend",watchlist,24.74,24.74,582.32,-10.32,"[24.35, 11.39]","[24, 45]",0.9,107.0,505
RVNL.NS,Rail Vikas Nigam Limited,Construction,Unknown,Unknown,True,F&O,1,Stage 4,Stage 4,Stage 4 - Confirmed Downtrend,Stage 4 - Confirmed Downtrend,Stage 4 • Stage 4 - Confirmed Downtrend,0.86,Price is below a bearish moving-average stack with falling trend signals.,,,,,-24.83,-22.43,1016344750.53,0.85,0.54,0.69,True,True,"Stage 4, Stage 4 - Confirmed Downtrend, weekly_vcp_ok, volume_dryup, weekly_volume_dryup, weekly_strong, downtrend",watchlist,24.72,24.72,310.54,-25.72,"[28.96, 12.42]","[39, 28]",0.9,72.0,506
VGUARD.NS,V-Guard Industries Limited,Consumer Durables,Unknown,Unknown,False,Cash,1,Stage 4,Stage 4,Stage 4 - Weak/Declining,Stage 4 - Weak/Declining,Stage 4 • Stage 4 - Weak/Declining,0.72,Price is below long-term support with weak trend evidence.,,,,,-6.02,-0.18,752565376.72,4.36,1.34,1.72,False,False,"Stage 4, Stage 4 - Weak/Declining, weekly_vcp_ok, weekly_strong, downtrend",watchlist,23.67,24.67,337.79,-5.01,"[14.45, 8.65]","[26, 25]",0.9,57.0,507
NTPC.NS,NTPC Limited,Power,Unknown,Unknown,True,F&O,1,Stage 1,Stage 1,Stage 1 - Base/Repair,Stage 1 - Base/Repair,Stage 1 • Stage 1 - Base/Repair,0.7,Price is near long-term moving averages with no strong long-term downtrend signal.,,,2026-05-28,,-19.24,-1.3,3287744311.13,0.83,0.81,0.87,True,True,"Stage 1, Stage 1 - Base/Repair, volume_dryup, weekly_volume_dryup, stage1_not_actionable, stage1_needs_more_base",watchlist,24.52,24.52,369.9,-7.96,"[13.93, 7.85]","[13, 18]",0.9,37.0,508
SANDUMA.NS,Sandur Manganese & Iron Ores Limited,"Oil, Gas & Consumable Fuels",Unknown,Unknown,False,Cash,1,Stage 4,Stage 4,Stage 4 - Confirmed Downtrend,Stage 4 - Confirmed Downtrend,Stage 4 • Stage 4 - Confirmed Downtrend,0.86,Price is below a bearish moving-average stack with falling trend signals.,,,2026-06-05,,-17.65,0.57,171963441.26,1.29,1.08,1.04,False,False,"Stage 4, Stage 4 - Confirmed Downtrend, weekly_vcp_ok, weekly_strong, downtrend",watchlist,23.52,24.52,254.34,-19.44,"[23.86, 22.26]","[19, 42]",0.9,100.0,509
HGS.NS,Hinduja Global Solutions Limited,Services,Unknown,Unknown,False,Cash,1,Not Sure,Stage 4,Pending Stage 4,Pending Stage 4,Not Sure • Pending Stage 4,0.55,Blocked public stage jump Stage 1 -> Stage 4; waiting for intermediate/confirmed structure.,Blocked public stage jump Stage 1 -> Stage 4; waiting for intermediate/confirmed structure.,,,Stage 4,-5.26,4.88,52970108.25,0.3,0.66,0.4,True,True,"Stage 4, Stage 4 - Weak/Declining, volume_dryup, weekly_volume_dryup, downtrend | Blocked public stage jump Stage 1 -> Stage 4; waiting for intermediate/confirmed structure.",watchlist,23.45,24.45,478.44,-13.78,"[14.26, 12.27]","[21, 10]",0.9,34.0,510
GALLANTT.NS,Gallantt Ispat Limited,Capital Goods,Unknown,Unknown,False,Cash,1,Stage 4,Stage 4,Stage 4 - Weak/Declining,Stage 4 - Weak/Declining,Stage 4 • Stage 4 - Weak/Declining,0.72,Price is below long-term support with weak trend evidence.,,,2026-06-26,,-31.03,5.01,131272482.97,1.15,0.83,0.64,False,True,"Stage 4, Stage 4 - Weak/Declining, weekly_vcp_ok, weekly_volume_dryup, weekly_strong, downtrend",watchlist,21.95,24.45,750.31,-21.21,"[34.06, 29.42]","[20, 8]",0.9,54.0,511
INOXWIND.NS,Inox Wind Limited,Capital Goods,Unknown,Unknown,True,F&O,1,Stage 4,Stage 4,Stage 4 - Confirmed Downtrend,Stage 4 - Confirmed Downtrend,Stage 4 • Stage 4 - Confirmed Downtrend,0.86,Price is below a bearish moving-average stack with falling trend signals.,,,,,-29.84,-29.2,935040692.62,1.28,5.2,1.32,False,False,"Stage 4, Stage 4 - Confirmed Downtrend, weekly_vcp_ok, weekly_strong, downtrend",watchlist,21.9,24.4,108.46,-32.23,"[33.88, 16.49, 18.56]","[32, 6, 12]",0.55,82.0,512
DBREALTY.NS,D B Realty Limited,Realty,Unknown,Unknown,False,Cash,1,Stage 4,Stage 4,Stage 4 - Weak/Declining,Stage 4 - Weak/Declining,Stage 4 • Stage 4 - Weak/Declining,0.72,Price is below long-term support with weak trend evidence.,,,,,-14.83,4.35,47464614.5,0.59,2.09,0.81,True,True,"Stage 4, Stage 4 - Weak/Declining, weekly_vcp_ok, volume_dryup, weekly_volume_dryup, weekly_strong, downtrend",watchlist,23.35,24.35,126.21,-7.53,"[31.22, 13.03, 12.57]","[24, 11, 7]",0.95,55.0,513
CHOLAHLDNG.NS,Cholamandalam Financial Holdings Limited,Financial Services,Unknown,Unknown,False,Cash,1,Stage 4,Stage 4,Stage 4 - Weak/Declining,Stage 4 - Weak/Declining,Stage 4 • Stage 4 - Weak/Declining,0.72,Price is below long-term support with weak trend evidence.,,,2025-12-05,,-9.8,3.0,313210072.25,1.24,0.41,0.85,False,True,"Stage 4, Stage 4 - Weak/Declining, weekly_vcp_ok, weekly_volume_dryup, weekly_strong, downtrend",watchlist,21.83,24.33,1723.05,-5.86,"[22.75, 13.44]","[20, 14]",0.9,53.0,514
BANKBARODA.NS,Bank of Baroda,Financial Services,Unknown,Unknown,True,F&O,1,Stage 4,Stage 4,Stage 4 - Confirmed Downtrend,Stage 4 - Confirmed Downtrend,Stage 4 • Stage 4 - Confirmed Downtrend,0.86,Price is below a bearish moving-average stack with falling trend signals.,,,2026-06-26,,-9.62,-7.34,2179973403.27,0.65,0.58,0.59,True,True,"Stage 4, Stage 4 - Confirmed Downtrend, weekly_vcp_ok, volume_dryup, weekly_volume_dryup, weekly_strong, downtrend",watchlist,21.82,24.32,257.0,-3.58,"[16.78, 7.22]","[11, 5]",0.9,25.0,515
SULA.NS,Sula Vineyards Limited,Fast Moving Consumer Goods,Unknown,Unknown,False,Cash,1,Stage 4,Stage 4,Stage 4 - Confirmed Downtrend,Stage 4 - Confirmed Downtrend,Stage 4 • Stage 4 - Confirmed Downtrend,0.86,Price is below a bearish moving-average stack with falling trend signals.,,,,,-9.6,-14.56,103951359.62,2.83,1.04,1.87,False,False,"Stage 4, Stage 4 - Confirmed Downtrend, weekly_vcp_ok, weekly_strong, downtrend",watchlist,24.26,24.26,181.74,-15.39,"[29.64, 16.87, 10.3]","[32, 32, 25]",0.95,112.0,516
SYMPHONY.NS,Symphony Limited,Consumer Durables,Unknown,Unknown,False,Cash,1,Stage 4,Stage 4,Stage 4 - Confirmed Downtrend,Stage 4 - Confirmed Downtrend,Stage 4 • Stage 4 - Confirmed Downtrend,0.86,Price is below a bearish moving-average stack with falling trend signals.,,,,,-21.47,-25.54,78558972.86,1.54,0.54,2.29,False,False,"Stage 4, Stage 4 - Confirmed Downtrend, weekly_vcp_ok, weekly_strong, downtrend",watchlist,23.2,24.2,889.42,-27.4,"[29.41, 26.64]","[37, 32]",0.9,87.0,517
TEAMLEASE.NS,Teamlease Services Limited,Services,Unknown,Unknown,False,Cash,1,Stage 4,Stage 4,Stage 4 - Weak/Declining,Stage 4 - Weak/Declining,Stage 4 • Stage 4 - Weak/Declining,0.72,Price is below long-term support with weak trend evidence.,,,,,-12.19,-7.24,55502613.61,1.2,0.55,0.77,False,True,"Stage 4, Stage 4 - Weak/Declining, weekly_volume_dryup, downtrend",watchlist,23.2,24.2,1480.0,-15.3,"[33.21, 7.52]","[27, 21]",0.9,85.0,518
EIHOTEL.NS,EIH Limited,Consumer Services,Unknown,Unknown,False,Cash,1,Stage 4,Stage 4,Stage 4 - Weak/Declining,Stage 4 - Weak/Declining,Stage 4 • Stage 4 - Weak/Declining,0.72,Price is below long-term support with weak trend evidence.,,,2025-11-07,,-9.49,-7.88,66659957.88,1.09,0.95,1.67,False,False,"Stage 4, Stage 4 - Weak/Declining, weekly_vcp_ok, weekly_strong, downtrend",watchlist,24.1,24.1,351.77,-13.82,"[27.61, 14.91, 5.15]","[18, 40, 23]",0.95,97.0,519
HINDUNILVR.NS,Hindustan Unilever Limited,Fast Moving Consumer Goods,Unknown,Unknown,True,F&O,1,Stage 4,Stage 4,Stage 4 - Confirmed Downtrend,Stage 4 - Confirmed Downtrend,Stage 4 • Stage 4 - Confirmed Downtrend,0.86,Price is below a bearish moving-average stack with falling trend signals.,,,2025-10-23,,-11.39,-8.79,4181239683.84,1.49,0.55,0.69,False,True,"Stage 4, Stage 4 - Confirmed Downtrend, weekly_vcp_ok, weekly_volume_dryup, weekly_strong, downtrend",watchlist,24.1,24.1,2387.93,-12.59,"[15.28, 14.22, 6.62]","[22, 29, 8]",0.95,94.0,520
UBL.NS,United Breweries Limited,Fast Moving Consumer Goods,Unknown,Unknown,False,Cash,1,Stage 4,Stage 4,Stage 4 - Weak/Declining,Stage 4 - Weak/Declining,Stage 4 • Stage 4 - Weak/Declining,0.72,Price is below long-term support with weak trend evidence.,,,,,-4.32,-4.04,224183555.0,1.07,0.46,0.85,False,True,"Stage 4, Stage 4 - Weak/Declining, weekly_volume_dryup, downtrend",watchlist,24.1,24.1,1535.38,-9.94,"[19.9, 17.34, 4.23]","[23, 31, 17]",0.95,84.0,521
WHIRLPOOL.NS,Whirlpool of India Limited,Consumer Durables,Unknown,Unknown,False,Cash,1,Stage 4,Stage 4,Stage 4 - Weak/Declining,Stage 4 - Weak/Declining,Stage 4 • Stage 4 - Weak/Declining,0.72,Price is below long-term support with weak trend evidence.,,,2025-11-07,,-10.82,-6.86,345167443.89,1.67,0.41,1.69,False,False,"Stage 4, Stage 4 - Weak/Declining, weekly_vcp_ok, weekly_strong, downtrend",watchlist,22.83,23.83,895.56,-10.36,"[25.81, 9.55]","[33, 16]",0.9,61.0,522
JYOTHYLAB.NS,Jyothy Labs Limited,Fast Moving Consumer Goods,Unknown,Unknown,False,Cash,1,Stage 4,Stage 4,Stage 4 - Weak/Declining,Stage 4 - Weak/Declining,Stage 4 • Stage 4 - Weak/Declining,0.72,Price is below long-term support with weak trend evidence.,,,,,-11.37,-9.74,93820632.14,0.88,0.71,0.77,False,True,"Stage 4, Stage 4 - Weak/Declining, weekly_volume_dryup, downtrend",watchlist,23.76,23.76,208.82,-1.62,"[29.33, 4.74]","[28, 10]",0.9,59.0,523
BEL.NS,Bharat Electronics Limited,Capital Goods,Unknown,Unknown,True,F&O,1,Stage 1,Stage 1,Stage 1 - Unclear/Repair,Stage 1 - Unclear/Repair,Stage 1 • Stage 1 - Unclear/Repair,0.58,Not enough evidence for Stage 2 or Stage 4; classified as repair/unclear structure.,,,2026-04-29,,-10.86,-2.52,4891868894.25,1.42,0.62,0.99,False,False,"Stage 1, Stage 1 - Unclear/Repair, stage1_not_actionable, stage1_needs_more_base",watchlist,21.22,23.72,465.21,-13.08,"[15.65, 10.09, 11.1]","[15, 21, 17]",0.55,99.0,524
DBCORP.NS,D.B.Corp Limited,"Media, Entertainment & Publication",Unknown,Unknown,False,Cash,1,Stage 4,Stage 4,Stage 4 - Weak/Declining,Stage 4 - Weak/Declining,Stage 4 • Stage 4 - Weak/Declining,0.72,Price is below long-term support with weak trend evidence.,,,,,-2.01,-4.83,85007656.28,0.22,0.09,0.21,True,True,"Stage 4, Stage 4 - Weak/Declining, weekly_vcp_ok, volume_dryup, weekly_volume_dryup, weekly_strong, downtrend",watchlist,23.7,23.7,223.02,-5.26,"[18.77, 10.25]","[23, 11]",0.9,36.0,525
VIPIND.NS,VIP Industries Limited,Consumer Durables,Unknown,Unknown,False,Cash,1,Stage 4,Stage 4,Stage 4 - Weak/Declining,Stage 4 - Weak/Declining,Stage 4 • Stage 4 - Weak/Declining,0.72,Price is below long-term support with weak trend evidence.,,,,,3.87,-12.54,47546801.13,0.2,1.6,0.22,True,True,"Stage 4, Stage 4 - Weak/Declining, weekly_vcp_ok, volume_dryup, weekly_volume_dryup, weekly_strong, downtrend",watchlist,22.49,23.49,371.85,-14.08,"[25.9, 16.32, 16.52]","[32, 7, 39]",0.95,113.0,526
IOB.NS,Indian Overseas Bank,Financial Services,Unknown,Unknown,False,Cash,1,Stage 4,Stage 4,Stage 4 - Weak/Declining,Stage 4 - Weak/Declining,Stage 4 • Stage 4 - Weak/Declining,0.72,Price is below long-term support with weak trend evidence.,,,,,-4.56,1.95,163187859.37,0.5,0.58,0.55,True,True,"Stage 4, Stage 4 - Weak/Declining, weekly_vcp_ok, volume_dryup, weekly_volume_dryup, weekly_strong, downtrend",watchlist,20.9,23.4,36.53,-7.25,"[9.9, 11.35, 8.9]","[5, 31, 15]",0.55,74.0,527
ACI.NS,Archean Chemical Industries Limited,Chemicals,Unknown,Unknown,False,Cash,1,Stage 4,Stage 4,Stage 4 - Weak/Declining,Stage 4 - Weak/Declining,Stage 4 • Stage 4 - Weak/Declining,0.72,Price is below long-term support with weak trend evidence.,,,,,-12.08,-5.54,231259576.06,0.94,1.0,1.16,False,False,"Stage 4, Stage 4 - Weak/Declining, weekly_vcp_ok, weekly_strong, downtrend",watchlist,20.9,23.4,605.31,-14.3,"[20.25, 7.65]","[10, 5]",0.9,41.0,528
IRCON.NS,Ircon International Limited,Construction,Unknown,Unknown,False,Cash,1,Stage 4,Stage 4,Stage 4 - Confirmed Downtrend,Stage 4 - Confirmed Downtrend,Stage 4 • Stage 4 - Confirmed Downtrend,0.86,Price is below a bearish moving-average stack with falling trend signals.,,,,,-15.88,-11.63,148601111.32,0.89,0.69,0.84,False,True,"Stage 4, Stage 4 - Confirmed Downtrend, weekly_vcp_ok, weekly_volume_dryup, weekly_strong, downtrend",watchlist,23.29,23.29,143.15,-9.18,"[20.92, 13.57]","[25, 26]",0.9,56.0,529
KSL.NS,Kalyani Steels Limited,Capital Goods,Unknown,Unknown,False,Cash,1,Stage 2,Stage 2,Early Stage 2,Early Stage 2,Stage 2 • Early Stage 2,0.72,"Price has moved above long-term structure, but the full moving-average stack is not clean yet.",,,2026-08-07,,-2.84,16.04,35425408.99,0.65,0.74,0.89,True,True,"Stage 2, Early Stage 2, volume_dryup, weekly_volume_dryup",watchlist,20.77,23.27,973.09,-14.2,[11.7],[9],0.0,9.0,530
DCMSHRIRAM.NS,DCM Shriram Limited,Diversified,Unknown,Unknown,False,Cash,1,Stage 4,Stage 4,Stage 4 - Confirmed Downtrend,Stage 4 - Confirmed Downtrend,Stage 4 • Stage 4 - Confirmed Downtrend,0.86,Price is below a bearish moving-average stack with falling trend signals.,,,2026-01-05,,-19.03,-7.36,207897049.62,2.98,0.55,0.61,False,True,"Stage 4, Stage 4 - Confirmed Downtrend, weekly_volume_dryup, downtrend",watchlist,23.22,23.22,1185.07,-14.27,"[25.65, 7.7, 7.26]","[23, 11, 13]",0.95,57.0,531
RELIANCE.NS,Reliance Industries Limited,"Oil, Gas & Consumable Fuels",Unknown,Unknown,True,F&O,1,Stage 4,Stage 4,Stage 4 - Weak/Declining,Stage 4 - Weak/Declining,Stage 4 • Stage 4 - Weak/Declining,0.72,Price is below long-term support with weak trend evidence.,,,2026-01-14,,-7.23,-4.14,15957006870.13,0.87,0.66,1.06,False,False,"Stage 4, Stage 4 - Weak/Declining, weekly_vcp_ok, downtrend",watchlist,22.21,23.21,1345.9,-1.38,"[14.55, 5.45]","[27, 12]",0.9,46.0,532
DABUR.NS,Dabur India Limited,Fast Moving Consumer Goods,Unknown,Unknown,True,F&O,1,Stage 4,Stage 4,Stage 4 - Confirmed Downtrend,Stage 4 - Confirmed Downtrend,Stage 4 • Stage 4 - Confirmed Downtrend,0.86,Price is below a bearish moving-average stack with falling trend signals.,,,2026-01-16,,-14.55,-12.83,889054998.31,1.37,0.59,1.34,False,False,"Stage 4, Stage 4 - Confirmed Downtrend, weekly_vcp_ok, weekly_strong, downtrend",watchlist,23.2,23.2,450.95,-8.15,"[23.24, 10.84]","[21, 31]",0.9,64.0,533
EMAMILTD.NS,Emami Limited,Fast Moving Consumer Goods,Unknown,Unknown,False,Cash,1,Stage 4,Stage 4,Stage 4 - Weak/Declining,Stage 4 - Weak/Declining,Stage 4 • Stage 4 - Weak/Declining,0.72,Price is below long-term support with weak trend evidence.,,,,,-9.67,-13.21,277294057.12,1.12,0.62,1.63,False,False,"Stage 4, Stage 4 - Weak/Declining, weekly_vcp_ok, weekly_strong, downtrend",watchlist,23.2,23.2,477.83,-14.3,"[26.11, 21.09]","[38, 32]",0.9,83.0,534
GODFRYPHLP.NS,Godfrey Phillips India Limited,Fast Moving Consumer Goods,Unknown,Unknown,True,F&O,1,Stage 4,Stage 4,Stage 4 - Weak/Declining,Stage 4 - Weak/Declining,Stage 4 • Stage 4 - Weak/Declining,0.72,Price is below long-term support with weak trend evidence.,,,2025-10-20,,-12.05,9.4,1401470962.09,2.35,0.35,1.69,False,False,"Stage 4, Stage 4 - Weak/Declining, weekly_vcp_ok, weekly_strong, downtrend",watchlist,23.2,23.2,2492.56,-8.17,"[30.47, 8.0]","[21, 86]",0.9,109.0,535
SUNTV.NS,Sun TV Network Limited,"Media, Entertainment & Publication",Unknown,Unknown,False,Cash,1,Stage 4,Stage 4,Stage 4 - Confirmed Downtrend,Stage 4 - Confirmed Downtrend,Stage 4 • Stage 4 - Confirmed Downtrend,0.86,Price is below a bearish moving-average stack with falling trend signals.,,,2026-05-08,,-13.62,-3.97,126211451.02,1.4,0.56,0.84,False,True,"Stage 4, Stage 4 - Confirmed Downtrend, weekly_vcp_ok, weekly_volume_dryup, weekly_strong, downtrend",watchlist,23.2,23.2,661.86,-26.3,"[25.94, 9.07]","[39, 19]",0.9,83.0,536
KPIGREEN.NS,KPI Green Energy Limited,Power,Unknown,Unknown,False,Cash,1,Stage 4,Stage 4,Stage 4 - Confirmed Downtrend,Stage 4 - Confirmed Downtrend,Stage 4 • Stage 4 - Confirmed Downtrend,0.86,Price is below a bearish moving-average stack with falling trend signals.,,,,,-20.32,-3.52,186884094.59,0.87,1.84,1.2,False,False,"Stage 4, Stage 4 - Confirmed Downtrend, weekly_vcp_ok, weekly_strong, downtrend",watchlist,23.15,23.15,420.63,-12.22,"[19.92, 15.32]","[8, 11]",0.9,26.0,537
CROMPTON.NS,Crompton Greaves Consumer Electricals Limited,Consumer Durables,Unknown,Unknown,True,F&O,1,Stage 2 Failed,Stage 4,Failed Stage 2,Failed Stage 2,Stage 2 Failed • Failed Stage 2,0.72,"This stock was recently Stage 2, but the latest structure no longer satisfies Stage 2 rules. It is kept as Stage 2 Failed until a fresh base/repair structure forms.",Recent Stage 2 break; public stage held as Stage 2 Failed.,2026-08-10,2026-08-06,,-18.45,-0.09,985958042.09,1.53,1.18,2.09,False,False,"Stage 4, Stage 4 - Weak/Declining, downtrend | Stage 2 failed state applied from stage memory.",watchlist,22.15,23.15,278.15,-11.0,"[18.92, 13.65]","[19, 24]",0.9,50.0,538
POWERMECH.NS,Power Mech Projects Limited,Construction,Unknown,Unknown,False,Cash,1,Stage 2 Failed,Not Sure,Failed Stage 2,Failed Stage 2,Stage 2 Failed • Failed Stage 2,0.72,"This stock was recently Stage 2, but the latest structure no longer satisfies Stage 2 rules. It is kept as Stage 2 Failed until a fresh base/repair structure forms.",Recent Stage 2 break; public stage held as Stage 2 Failed.,2026-08-10,2026-07-29,,-0.3,24.84,169482452.14,0.77,4.17,0.91,True,False,"Not Sure, Not Sure, volume_dryup | Stage 2 failed state applied from stage memory.",watchlist,23.09,23.09,2726.66,-7.19,[16.53],[19],0.0,19.0,539
NAVA.NS,NAVA LIMITED,Power,Unknown,Unknown,False,Cash,1,Stage 4,Stage 4,Stage 4 - Weak/Declining,Stage 4 - Weak/Declining,Stage 4 • Stage 4 - Weak/Declining,0.72,Price is below long-term support with weak trend evidence.,,,2026-05-28,,-21.1,8.2,135472329.68,0.92,0.76,0.82,False,True,"Stage 4, Stage 4 - Weak/Declining, weekly_volume_dryup, downtrend",watchlist,23.01,23.01,634.99,-9.11,"[23.73, 12.93]","[23, 16]",0.9,56.0,540
WIPRO.NS,Wipro Limited,Information Technology,Unknown,Unknown,True,F&O,1,Stage 4,Stage 4,Stage 4 - Weak/Declining,Stage 4 - Weak/Declining,Stage 4 • Stage 4 - Weak/Declining,0.72,Price is below long-term support with weak trend evidence.,,,2026-01-16,,-5.51,-13.83,2737540524.08,0.83,0.29,0.36,True,True,"Stage 4, Stage 4 - Weak/Declining, volume_dryup, weekly_volume_dryup, downtrend",watchlist,21.93,22.93,191.67,-3.22,"[19.91, 4.27]","[24, 8]",0.9,40.0,541
DALBHARAT.NS,Dalmia Bharat Limited,Construction Materials,Unknown,Unknown,True,F&O,1,Stage 4,Stage 4,Stage 4 - Weak/Declining,Stage 4 - Weak/Declining,Stage 4 • Stage 4 - Weak/Declining,0.72,Price is below long-term support with weak trend evidence.,,,,,-1.01,-9.45,467758465.28,0.6,0.74,0.46,True,True,"Stage 4, Stage 4 - Weak/Declining, weekly_vcp_ok, volume_dryup, weekly_volume_dryup, downtrend",watchlist,22.7,22.7,1891.0,-2.43,"[16.56, 12.98]","[10, 13]",0.9,28.0,542
JWL.NS,Jupiter Wagons Limited,Capital Goods,Unknown,Unknown,False,Cash,1,Stage 4,Stage 4,Stage 4 - Confirmed Downtrend,Stage 4 - Confirmed Downtrend,Stage 4 • Stage 4 - Confirmed Downtrend,0.86,Price is below a bearish moving-average stack with falling trend signals.,,,,,-13.73,-9.16,319133292.77,1.5,0.35,0.61,False,True,"Stage 4, Stage 4 - Confirmed Downtrend, weekly_vcp_ok, weekly_volume_dryup, weekly_strong, downtrend",watchlist,20.2,22.7,309.09,-16.72,"[26.09, 15.04, 14.6, 15.45]","[14, 7, 11, 26]",0.73,95.0,543
VENTIVE.NS,Ventive Hospitality Ltd.,Consumer Services,Unknown,Unknown,False,Cash,1,Stage 4,Stage 4,Stage 4 - Confirmed Downtrend,Stage 4 - Confirmed Downtrend,Stage 4 • Stage 4 - Confirmed Downtrend,0.86,Price is below a bearish moving-average stack with falling trend signals.,,,,,-16.18,-18.98,11375144.85,0.79,2.08,1.09,True,False,"Stage 4, Stage 4 - Confirmed Downtrend, weekly_vcp_ok, volume_dryup, weekly_strong, downtrend",watchlist,22.56,22.56,725.67,-18.22,"[31.66, 13.88, 11.94]","[37, 22, 27]",0.95,118.0,544
HINDPETRO.NS,Hindustan Petroleum Corporation Limited,"Oil, Gas & Consumable Fuels",Unknown,Unknown,True,F&O,1,Stage 4,Stage 4,Stage 4 - Weak/Declining,Stage 4 - Weak/Declining,Stage 4 • Stage 4 - Weak/Declining,0.72,Price is below long-term support with weak trend evidence.,,,2026-01-07,,-1.02,-10.58,2588464408.78,0.91,0.96,0.87,False,True,"Stage 4, Stage 4 - Weak/Declining, weekly_vcp_ok, weekly_volume_dryup, weekly_strong, downtrend",watchlist,21.55,22.55,420.74,-6.56,"[12.47, 11.42]","[13, 21]",0.9,44.0,545
RACE.NS,Race Eco Chain Limited,Utilities,Unknown,Unknown,False,Cash,1,Stage 4,Stage 4,Stage 4 - Confirmed Downtrend,Stage 4 - Confirmed Downtrend,Stage 4 • Stage 4 - Confirmed Downtrend,0.86,Price is below a bearish moving-average stack with falling trend signals.,,,,,-19.74,8.42,577585.81,0.77,0.19,0.68,True,True,"Stage 4, Stage 4 - Confirmed Downtrend, weekly_vcp_ok, volume_dryup, weekly_volume_dryup, weekly_strong, downtrend",watchlist,17.5,22.5,144.92,-25.75,"[38.58, 19.68]","[31, 48]",0.9,105.0,546
WAAREEENER.NS,Waaree Energies Ltd.,Capital Goods,Unknown,Unknown,True,F&O,1,Stage 4,Stage 4,Stage 4 - Confirmed Downtrend,Stage 4 - Confirmed Downtrend,Stage 4 • Stage 4 - Confirmed Downtrend,0.86,Price is below a bearish moving-average stack with falling trend signals.,,,,,-17.14,-8.87,2518672972.0,1.38,0.38,0.6,False,True,"Stage 4, Stage 4 - Confirmed Downtrend, weekly_volume_dryup, downtrend",watchlist,19.82,22.32,3163.33,-14.62,"[16.75, 6.85]","[19, 9]",0.9,37.0,547
DCAL.NS,Dishman Carbogen Amcis Limited,Healthcare,Unknown,Unknown,False,Cash,1,Not Sure,Stage 4,Pending Stage 4,Pending Stage 4,Not Sure • Pending Stage 4,0.55,Blocked public stage jump Stage 1 -> Stage 4; waiting for intermediate/confirmed structure.,Blocked public stage jump Stage 1 -> Stage 4; waiting for intermediate/confirmed structure.,,2025-11-12,Stage 4,1.78,-5.84,38138803.57,0.57,0.64,0.7,True,True,"Stage 4, Stage 4 - Weak/Declining, weekly_vcp_ok, volume_dryup, weekly_volume_dryup, weekly_strong, downtrend | Blocked public stage jump Stage 1 -> Stage 4; waiting for intermediate/confirmed structure.",watchlist,16.95,21.95,204.5,-7.92,"[25.47, 13.89]","[19, 13]",0.9,46.0,548
BDL.NS,Bharat Dynamics Limited,Capital Goods,Unknown,Unknown,True,F&O,1,Stage 4,Stage 4,Stage 4 - Weak/Declining,Stage 4 - Weak/Declining,Stage 4 • Stage 4 - Weak/Declining,0.72,Price is below long-term support with weak trend evidence.,,,,,-8.34,5.15,989341798.67,0.75,0.87,0.99,True,False,"Stage 4, Stage 4 - Weak/Declining, weekly_vcp_ok, volume_dryup, weekly_strong, downtrend",watchlist,19.38,21.88,1483.79,-11.71,"[18.01, 20.37, 14.8]","[24, 34, 14]",0.55,105.0,549
IRB.NS,IRB Infrastructure Developers Limited,Construction,Unknown,Unknown,False,Cash,1,Stage 4,Stage 4,Stage 4 - Confirmed Downtrend,Stage 4 - Confirmed Downtrend,Stage 4 • Stage 4 - Confirmed Downtrend,0.86,Price is below a bearish moving-average stack with falling trend signals.,,,,,-8.96,-6.42,209170712.26,1.32,0.61,0.47,False,True,"Stage 4, Stage 4 - Confirmed Downtrend, weekly_vcp_ok, weekly_volume_dryup, weekly_strong, downtrend",watchlist,21.83,21.83,21.94,-11.01,"[15.8, 12.32]","[15, 23]",0.9,46.0,550
BERGEPAINT.NS,Berger Paints (I) Limited,Consumer Durables,Unknown,Unknown,False,Cash,1,Not Sure,Not Sure,Not Sure,Not Sure,Not Sure,0.0,Stage rules did not identify a reliable structure.,No confident stage classification.,,2025-11-28,,2.43,20.25,191247777.27,0.95,0.69,1.28,False,False,"Not Sure, Not Sure",watchlist,20.8,21.8,525.95,3.07,[13.46],[16],0.0,16.0,551
HDFCLIFE.NS,HDFC Life Insurance Company Limited,Financial Services,Unknown,Unknown,True,F&O,1,Stage 4,Stage 4,Stage 4 - Confirmed Downtrend,Stage 4 - Confirmed Downtrend,Stage 4 • Stage 4 - Confirmed Downtrend,0.86,Price is below a bearish moving-average stack with falling trend signals.,,,,,-16.68,-18.82,2209753286.22,1.34,0.98,1.46,False,False,"Stage 4, Stage 4 - Confirmed Downtrend, weekly_vcp_ok, weekly_strong, downtrend",watchlist,19.2,21.7,589.03,-8.32,"[12.99, 8.93]","[12, 12]",0.9,32.0,552
SARDAEN.NS,Sarda Energy & Minerals Limited,Metals & Mining,Unknown,Unknown,False,Cash,1,Stage 4,Stage 4,Stage 4 - Weak/Declining,Stage 4 - Weak/Declining,Stage 4 • Stage 4 - Weak/Declining,0.72,Price is below long-term support with weak trend evidence.,,,2026-03-12,,-17.48,-0.86,136700527.13,1.21,0.75,1.1,False,False,"Stage 4, Stage 4 - Weak/Declining, downtrend",watchlist,21.58,21.58,558.98,-10.46,"[18.75, 12.37]","[23, 23]",0.9,51.0,553
CYIENT.NS,Cyient Limited,Information Technology,Unknown,Unknown,False,Cash,1,Stage 4,Stage 4,Stage 4 - Confirmed Downtrend,Stage 4 - Confirmed Downtrend,Stage 4 • Stage 4 - Confirmed Downtrend,0.86,Price is below a bearish moving-average stack with falling trend signals.,,,,,-8.71,-15.21,445163656.43,1.04,0.95,0.72,False,True,"Stage 4, Stage 4 - Confirmed Downtrend, weekly_vcp_ok, weekly_volume_dryup, weekly_strong, downtrend",watchlist,20.58,21.58,912.8,-6.33,"[9.86, 10.0]","[12, 15]",0.9,43.0,554
TORNTPOWER.NS,Torrent Power Limited,Power,Unknown,Unknown,False,Cash,1,Stage 4,Stage 4,Stage 4 - Weak/Declining,Stage 4 - Weak/Declining,Stage 4 • Stage 4 - Weak/Declining,0.72,Price is below long-term support with weak trend evidence.,,,2026-06-24,,-12.67,-0.1,506634001.63,1.02,0.67,1.14,False,False,"Stage 4, Stage 4 - Weak/Declining, downtrend",watchlist,21.45,21.45,1490.0,-9.87,"[25.0, 9.26]","[33, 9]",0.9,50.0,555
DBL.NS,Dilip Buildcon Limited,Construction,Unknown,Unknown,False,Cash,1,Stage 4,Stage 4,Stage 4 - Weak/Declining,Stage 4 - Weak/Declining,Stage 4 • Stage 4 - Weak/Declining,0.72,Price is below long-term support with weak trend evidence.,,,2025-11-04,,-11.97,1.04,590202476.85,1.5,2.13,1.38,False,False,"Stage 4, Stage 4 - Weak/Declining, weekly_vcp_ok, downtrend",watchlist,21.42,21.42,497.87,-11.07,"[19.13, 17.29, 18.63]","[11, 16, 23]",0.55,92.0,556
BLUEDART.NS,Blue Dart Express Limited,Services,Unknown,Unknown,False,Cash,1,Stage 4,Stage 4,Stage 4 - Weak/Declining,Stage 4 - Weak/Declining,Stage 4 • Stage 4 - Weak/Declining,0.72,Price is below long-term support with weak trend evidence.,,,,,-3.42,-6.58,253745102.78,3.27,0.62,1.44,False,False,"Stage 4, Stage 4 - Weak/Declining, weekly_vcp_ok, weekly_strong, downtrend",watchlist,20.2,21.2,5775.5,-10.13,"[21.02, 17.05, 6.29, 6.61]","[32, 34, 9, 9]",0.73,113.0,557
BSOFT.NS,BIRLASOFT LIMITED,Information Technology,Unknown,Unknown,False,Cash,1,Stage 4,Stage 4,Stage 4 - Weak/Declining,Stage 4 - Weak/Declining,Stage 4 • Stage 4 - Weak/Declining,0.72,Price is below long-term support with weak trend evidence.,,,2026-01-30,,-1.6,-23.06,621227343.37,1.23,0.36,0.56,False,True,"Stage 4, Stage 4 - Weak/Declining, weekly_vcp_ok, weekly_volume_dryup, weekly_strong, downtrend",watchlist,19.95,20.95,327.54,-3.14,"[24.27, 8.98]","[27, 9]",0.9,38.0,558
INTELLECT.NS,Intellect Design Arena Limited,Information Technology,Unknown,Unknown,False,Cash,1,Stage 4,Stage 4,Stage 4 - Weak/Declining,Stage 4 - Weak/Declining,Stage 4 • Stage 4 - Weak/Declining,0.72,Price is below long-term support with weak trend evidence.,,,2025-12-05,,-3.23,1.27,392681651.79,1.25,0.39,0.68,False,True,"Stage 4, Stage 4 - Weak/Declining, weekly_vcp_ok, weekly_volume_dryup, weekly_strong, downtrend",watchlist,19.82,20.82,791.08,-7.99,"[20.06, 10.6]","[6, 14]",0.9,37.0,559
SUPREMEIND.NS,Supreme Industries Limited,Capital Goods,Unknown,Unknown,True,F&O,1,Stage 4,Stage 4,Stage 4 - Weak/Declining,Stage 4 - Weak/Declining,Stage 4 • Stage 4 - Weak/Declining,0.72,Price is below long-term support with weak trend evidence.,,,,,-5.19,0.31,671788875.03,1.12,0.44,0.78,False,True,"Stage 4, Stage 4 - Weak/Declining, weekly_volume_dryup, downtrend",watchlist,18.32,20.82,3568.0,-2.05,"[13.27, 6.81]","[11, 8]",0.9,25.0,560
BORORENEW.NS,BOROSIL RENEWABLES LIMITED,Capital Goods,Unknown,Unknown,False,Cash,1,Stage 2 Failed,Not Sure,Failed Stage 2,Failed Stage 2,Stage 2 Failed • Failed Stage 2,0.72,"This stock was recently Stage 2, but the latest structure no longer satisfies Stage 2 rules. It is kept as Stage 2 Failed until a fresh base/repair structure forms.",Recent Stage 2 break; public stage held as Stage 2 Failed.,2026-08-10,2026-08-05,,-3.75,15.07,365164040.61,0.4,0.82,0.41,True,True,"Not Sure, Not Sure, weekly_vcp_ok, volume_dryup, weekly_volume_dryup, weekly_strong | Stage 2 failed state applied from stage memory.",watchlist,18.26,20.76,671.07,-18.27,[15.53],[17],0.0,17.0,561
BOROLTD.NS,Borosil Limited,Consumer Durables,Unknown,Unknown,False,Cash,1,Not Sure,Stage 4,Pending Stage 4,Pending Stage 4,Not Sure • Pending Stage 4,0.55,Blocked public stage jump Stage 1 -> Stage 4; waiting for intermediate/confirmed structure.,Blocked public stage jump Stage 1 -> Stage 4; waiting for intermediate/confirmed structure.,,,Stage 4,-2.94,0.05,26514588.02,0.75,0.46,0.87,True,True,"Stage 4, Stage 4 - Weak/Declining, weekly_vcp_ok, volume_dryup, weekly_volume_dryup, weekly_strong, downtrend | Blocked public stage jump Stage 1 -> Stage 4; waiting for intermediate/confirmed structure.",watchlist,19.52,20.52,269.0,-10.39,"[19.54, 19.04, 19.04, 14.9]","[12, 8, 7, 9]",1.0,107.0,562
AMBUJACEM.NS,Ambuja Cements Limited,Construction Materials,Unknown,Unknown,True,F&O,1,Stage 4,Stage 4,Stage 4 - Weak/Declining,Stage 4 - Weak/Declining,Stage 4 • Stage 4 - Weak/Declining,0.72,Price is below long-term support with weak trend evidence.,,,,,-7.61,-15.55,1119205005.66,1.16,0.64,1.03,False,False,"Stage 4, Stage 4 - Weak/Declining, weekly_vcp_ok, weekly_strong, downtrend",watchlist,20.45,20.45,445.93,-3.38,"[12.38, 6.65]","[11, 14]",0.9,42.0,563
HEMIPROP.NS,Hemisphere Properties India Limited,Realty,Unknown,Unknown,False,Cash,1,Stage 3,Stage 3,Stage 3 - Distribution/Damage,Stage 3 - Distribution/Damage,Stage 3 • Stage 3 - Distribution/Damage,0.76,"Prior strength exists, but short-term and/or weekly structure is deteriorating.",,,2026-07-03,,-15.69,8.79,44347109.2,0.83,0.62,0.58,True,True,"Stage 3, Stage 3 - Distribution/Damage, volume_dryup, weekly_volume_dryup, distribution_risk",watchlist,19.41,20.41,148.21,-7.62,"[17.39, 8.93]","[21, 15]",0.9,52.0,564
JBMA.NS,JBM Auto Ltd.,Automobile and Auto Components,Unknown,Unknown,False,Cash,1,Stage 2 Failed,Stage 3,Failed Stage 2,Failed Stage 2,Stage 2 Failed • Failed Stage 2,0.72,"This stock was recently Stage 2, but the latest structure no longer satisfies Stage 2 rules. It is kept as Stage 2 Failed until a fresh base/repair structure forms.",Recent Stage 2 break; public stage held as Stage 2 Failed.,2026-08-10,2026-08-06,,-8.84,14.73,185412459.82,0.21,0.46,0.15,True,True,"Stage 3, Stage 3 - Transition, volume_dryup, weekly_volume_dryup, distribution_risk | Stage 2 failed state applied from stage memory.",watchlist,15.41,20.41,739.79,-13.58,[9.6],[53],0.0,53.0,565
ACC.NS,ACC Limited,Construction Materials,Unknown,Unknown,False,Cash,1,Stage 4,Stage 4,Stage 4 - Weak/Declining,Stage 4 - Weak/Declining,Stage 4 • Stage 4 - Weak/Declining,0.72,Price is below long-term support with weak trend evidence.,,,,,-5.22,-13.48,283467061.11,1.34,0.86,1.17,False,False,"Stage 4, Stage 4 - Weak/Declining, weekly_vcp_ok, weekly_strong, downtrend",watchlist,20.2,20.2,1451.2,-6.45,"[26.95, 8.74, 9.52, 6.62]","[32, 15, 9, 14]",0.73,113.0,566
ITC.NS,ITC Limited,Fast Moving Consumer Goods,Unknown,Unknown,True,F&O,1,Stage 4,Stage 4,Stage 4 - Confirmed Downtrend,Stage 4 - Confirmed Downtrend,Stage 4 • Stage 4 - Confirmed Downtrend,0.86,Price is below a bearish moving-average stack with falling trend signals.,,,,,-10.64,-5.43,4465061602.86,1.15,0.6,0.71,False,True,"Stage 4, Stage 4 - Confirmed Downtrend, weekly_vcp_ok, weekly_volume_dryup, weekly_strong, downtrend",watchlist,20.2,20.2,294.55,-4.04,"[10.09, 6.64]","[12, 17]",0.9,40.0,567
MHRIL.NS,Mahindra Holidays & Resorts India Limited,Consumer Services,Unknown,Unknown,False,Cash,1,Stage 4,Stage 4,Stage 4 - Weak/Declining,Stage 4 - Weak/Declining,Stage 4 • Stage 4 - Weak/Declining,0.72,Price is below long-term support with weak trend evidence.,,,,,-2.25,-16.96,43416286.9,0.4,0.83,0.43,True,True,"Stage 4, Stage 4 - Weak/Declining, weekly_vcp_ok, volume_dryup, weekly_volume_dryup, weekly_strong, downtrend",watchlist,20.1,20.1,278.05,-17.17,"[29.01, 24.98, 16.17]","[31, 33, 24]",0.95,110.0,568
HDFCBANK.NS,HDFC Bank Limited,Financial Services,Unknown,Unknown,True,F&O,1,Stage 4,Stage 4,Stage 4 - Weak/Declining,Stage 4 - Weak/Declining,Stage 4 • Stage 4 - Weak/Declining,0.72,Price is below long-term support with weak trend evidence.,,,2026-01-02,,-8.59,-16.09,22718969052.56,0.94,0.71,1.07,False,False,"Stage 4, Stage 4 - Weak/Declining, weekly_vcp_ok, weekly_strong, downtrend",watchlist,17.54,20.04,844.48,-13.44,"[26.9, 6.81, 7.4]","[37, 5, 10]",0.55,85.0,569
SPARC.NS,Sun Pharma Advanced Research Company Limited,Healthcare,Unknown,Unknown,False,Cash,1,Stage 2 Failed,Stage 1,Failed Stage 2,Failed Stage 2,Stage 2 Failed • Failed Stage 2,0.72,"This stock was recently Stage 2, but the latest structure no longer satisfies Stage 2 rules. It is kept as Stage 2 Failed until a fresh base/repair structure forms.",Recent Stage 2 break; public stage held as Stage 2 Failed.,2026-08-10,2026-08-07,,16.78,54.89,296055954.73,0.42,0.95,0.48,True,True,"Stage 1, Stage 1 - Unclear/Repair, weekly_vcp_ok, volume_dryup, weekly_volume_dryup, weekly_strong, stage1_not_actionable, stage1_needs_more_base | Stage 2 failed state applied from stage memory.",watchlist,15.0,20.0,289.51,-28.37,[11.54],[24],0.0,24.0,570
RTNPOWER.NS,RattanIndia Power Limited,Power,Unknown,Unknown,False,Cash,1,Stage 4,Stage 4,Stage 4 - Weak/Declining,Stage 4 - Weak/Declining,Stage 4 • Stage 4 - Weak/Declining,0.72,Price is below long-term support with weak trend evidence.,,,,,-12.63,1.82,96205111.06,0.92,0.91,0.93,False,False,"Stage 4, Stage 4 - Weak/Declining, downtrend",watchlist,19.88,19.88,9.43,-8.13,"[15.68, 11.98]","[13, 9]",0.9,31.0,571
KNRCON.NS,KNR Constructions Limited,Construction,Unknown,Unknown,False,Cash,1,Not Sure,Not Sure,Not Sure,Not Sure,Not Sure,0.0,Stage rules did not identify a reliable structure.,No confident stage classification.,,,,4.59,1.85,145964482.4,1.38,2.27,2.32,False,False,"Not Sure, Not Sure, weekly_vcp_ok, weekly_strong",watchlist,19.77,19.77,127.02,12.33,[17.56],[25],0.0,25.0,572
PRAJIND.NS,Praj Industries Limited,Capital Goods,Unknown,Unknown,False,Cash,1,Stage 4,Stage 4,Stage 4 - Weak/Declining,Stage 4 - Weak/Declining,Stage 4 • Stage 4 - Weak/Declining,0.72,Price is below long-term support with weak trend evidence.,,,,,-16.1,16.66,229168074.99,1.14,1.08,1.39,False,False,"Stage 4, Stage 4 - Weak/Declining, downtrend",watchlist,17.27,19.77,396.36,-17.33,"[16.64, 19.02, 18.23]","[17, 13, 16]",0.55,68.0,573
RAMKY.NS,Ramky Infrastructure Limited,Construction,Unknown,Unknown,False,Cash,1,Stage 4,Stage 4,Stage 4 - Confirmed Downtrend,Stage 4 - Confirmed Downtrend,Stage 4 • Stage 4 - Confirmed Downtrend,0.86,Price is below a bearish moving-average stack with falling trend signals.,,,2025-11-28,,-18.23,-9.24,16340764.92,0.65,0.61,0.71,True,True,"Stage 4, Stage 4 - Confirmed Downtrend, weekly_vcp_ok, volume_dryup, weekly_volume_dryup, weekly_strong, downtrend",watchlist,19.61,19.61,479.84,-16.37,"[18.15, 18.98, 14.39]","[15, 13, 11]",0.95,64.0,574
GRINFRA.NS,G R Infraprojects Limited,Construction,Unknown,Unknown,False,Cash,1,Stage 4,Stage 4,Stage 4 - Confirmed Downtrend,Stage 4 - Confirmed Downtrend,Stage 4 • Stage 4 - Confirmed Downtrend,0.86,Price is below a bearish moving-average stack with falling trend signals.,,,,,-11.33,-5.81,41239898.37,1.9,1.85,3.62,False,False,"Stage 4, Stage 4 - Confirmed Downtrend, weekly_vcp_ok, weekly_strong, downtrend",watchlist,19.49,19.49,1006.36,-12.04,"[21.5, 17.36, 10.53]","[14, 24, 9]",0.95,83.0,575
FIRSTCRY.NS,Brainbees Solutions Ltd.,Consumer Services,Unknown,Unknown,False,Cash,1,Stage 4,Stage 4,Stage 4 - Confirmed Downtrend,Stage 4 - Confirmed Downtrend,Stage 4 • Stage 4 - Confirmed Downtrend,0.86,Price is below a bearish moving-average stack with falling trend signals.,,,,,-15.01,-16.42,133828752.38,0.24,0.22,0.23,True,True,"Stage 4, Stage 4 - Confirmed Downtrend, weekly_vcp_ok, volume_dryup, weekly_volume_dryup, weekly_strong, downtrend",watchlist,19.4,19.4,246.4,-13.64,"[17.78, 19.86, 13.87, 14.87]","[5, 28, 8, 6]",0.47,75.0,576
IMAGICAA.NS,Imagicaaworld Entertainment Limited,Consumer Services,Unknown,Unknown,False,Cash,1,Stage 1,Stage 1,Stage 1 - Early Turn,Stage 1 - Early Turn,Stage 1 • Stage 1 - Early Turn,0.66,The stock is improving from a repair/base area but has not confirmed a clean Stage 2 yet.,,,,,5.09,4.14,38882776.76,0.84,2.08,1.25,True,False,"Stage 1, Stage 1 - Early Turn, weekly_vcp_ok, volume_dryup, weekly_strong, stage1_not_actionable, stage1_needs_more_base",watchlist,19.35,19.35,49.15,-0.09,"[17.42, 8.4]","[10, 5]",0.9,19.0,577
JSL.NS,Jindal Stainless Limited,Metals & Mining,Unknown,Unknown,False,Cash,1,Stage 4,Stage 4,Stage 4 - Weak/Declining,Stage 4 - Weak/Declining,Stage 4 • Stage 4 - Weak/Declining,0.72,Price is below long-term support with weak trend evidence.,,,2026-02-26,,-4.12,-2.02,337398294.6,0.77,0.36,0.91,True,False,"Stage 4, Stage 4 - Weak/Declining, volume_dryup, downtrend",watchlist,19.15,19.15,803.2,-8.77,"[17.28, 18.65, 7.93]","[13, 37, 8]",0.55,84.0,578
JKIL.NS,J.Kumar Infraprojects Limited,Construction,Unknown,Unknown,False,Cash,1,Stage 4,Stage 4,Stage 4 - Weak/Declining,Stage 4 - Weak/Declining,Stage 4 • Stage 4 - Weak/Declining,0.72,Price is below long-term support with weak trend evidence.,,,,,-4.25,-8.09,47094649.34,1.17,1.51,1.79,False,False,"Stage 4, Stage 4 - Weak/Declining, weekly_vcp_ok, weekly_strong, downtrend",watchlist,19.03,19.03,549.86,-9.31,"[29.32, 14.22, 12.86, 6.89]","[32, 19, 14, 12]",1.0,112.0,579
MMTC.NS,MMTC Limited,Services,Unknown,Unknown,False,Cash,1,Not Sure,Not Sure,Not Sure,Not Sure,Not Sure,0.0,Stage rules did not identify a reliable structure.,No confident stage classification.,,2026-07-13,,-6.46,4.36,80539290.87,0.15,1.24,0.16,True,True,"Not Sure, Not Sure, weekly_vcp_ok, volume_dryup, weekly_volume_dryup, weekly_strong",watchlist,17.82,18.82,69.82,-8.41,[20.01],[15],0.0,15.0,580
VSTTILLERS.NS,V.S.T Tillers Tractors Limited,Capital Goods,Unknown,Unknown,False,Cash,1,Stage 4,Stage 4,Stage 4 - Confirmed Downtrend,Stage 4 - Confirmed Downtrend,Stage 4 • Stage 4 - Confirmed Downtrend,0.86,Price is below a bearish moving-average stack with falling trend signals.,,,2026-02-26,,-12.46,-18.02,37270134.16,1.3,0.66,1.99,False,False,"Stage 4, Stage 4 - Confirmed Downtrend, weekly_vcp_ok, weekly_strong, downtrend",watchlist,16.1,18.6,5440.0,-17.48,"[25.82, 20.09, 7.9]","[24, 28, 17]",0.95,105.0,581
DHANUKA.NS,Dhanuka Agritech Limited,Chemicals,Unknown,Unknown,False,Cash,1,Stage 4,Stage 4,Stage 4 - Confirmed Downtrend,Stage 4 - Confirmed Downtrend,Stage 4 • Stage 4 - Confirmed Downtrend,0.86,Price is below a bearish moving-average stack with falling trend signals.,,,,,-8.65,-0.14,48113399.64,1.8,0.34,0.78,False,True,"Stage 4, Stage 4 - Confirmed Downtrend, weekly_volume_dryup, downtrend",watchlist,16.1,18.6,1247.78,-18.62,"[18.58, 14.3, 6.72]","[17, 7, 29]",0.95,81.0,582
IDEA.NS,Vodafone Idea Limited,Telecommunication,Unknown,Unknown,True,F&O,1,Stage 2 Failed,Stage 3,Failed Stage 2,Failed Stage 2,Stage 2 Failed • Failed Stage 2,0.72,"This stock was recently Stage 2, but the latest structure no longer satisfies Stage 2 rules. It is kept as Stage 2 Failed until a fresh base/repair structure forms.",Recent Stage 2 break; public stage held as Stage 2 Failed.,2026-08-10,2026-08-07,,-5.54,16.2,3867897460.81,0.68,1.26,0.66,True,True,"Stage 3, Stage 3 - Transition, volume_dryup, weekly_volume_dryup, distribution_risk | Stage 2 failed state applied from stage memory.",watchlist,13.48,18.48,14.88,-13.15,[31.68],[33],0.0,33.0,583
DISHTV.NS,Dish TV India Limited,"Media, Entertainment & Publication",Unknown,Unknown,False,Cash,1,Stage 4,Stage 4,Stage 4 - Confirmed Downtrend,Stage 4 - Confirmed Downtrend,Stage 4 • Stage 4 - Confirmed Downtrend,0.86,Price is below a bearish moving-average stack with falling trend signals.,,,,,-23.59,-11.89,1902901.11,0.44,0.79,0.48,True,True,"Stage 4, Stage 4 - Confirmed Downtrend, weekly_vcp_ok, volume_dryup, weekly_volume_dryup, weekly_strong, downtrend",watchlist,18.2,18.2,3.56,-20.42,"[34.06, 12.73]","[38, 12]",0.9,56.0,584
TCI.NS,Transport Corporation of India Limited,Services,Unknown,Unknown,False,Cash,1,Stage 4,Stage 4,Stage 4 - Weak/Declining,Stage 4 - Weak/Declining,Stage 4 • Stage 4 - Weak/Declining,0.72,Price is below long-term support with weak trend evidence.,,,2025-11-04,,-0.38,-6.38,44089774.41,1.45,2.63,1.0,False,False,"Stage 4, Stage 4 - Weak/Declining, weekly_vcp_ok, weekly_strong, downtrend",watchlist,17.2,18.2,986.89,-4.98,"[14.86, 12.14, 5.94, 6.33]","[13, 7, 15, 12]",0.73,78.0,585
GILLETTE.NS,Gillette India Limited,Fast Moving Consumer Goods,Unknown,Unknown,False,Cash,1,Stage 4,Stage 4,Stage 4 - Weak/Declining,Stage 4 - Weak/Declining,Stage 4 • Stage 4 - Weak/Declining,0.72,Price is below long-term support with weak trend evidence.,,,,,-7.85,-7.93,147357419.78,1.23,0.44,0.54,False,True,"Stage 4, Stage 4 - Weak/Declining, weekly_volume_dryup, downtrend",watchlist,18.07,18.07,8114.18,-5.7,"[9.86, 6.41]","[8, 8]",0.9,23.0,586
PGHH.NS,Procter & Gamble Hygiene and Health Care Limited,Fast Moving Consumer Goods,Unknown,Unknown,False,Cash,1,Stage 4,Stage 4,Stage 4 - Confirmed Downtrend,Stage 4 - Confirmed Downtrend,Stage 4 • Stage 4 - Confirmed Downtrend,0.86,Price is below a bearish moving-average stack with falling trend signals.,,,,,-17.31,-24.07,182859486.8,1.57,0.51,0.72,False,True,"Stage 4, Stage 4 - Confirmed Downtrend, weekly_volume_dryup, downtrend",watchlist,18.07,18.07,9071.12,-6.49,"[14.47, 7.35]","[14, 5]",0.9,23.0,587
ZEEL.NS,Zee Entertainment Enterprises Limited,"Media, Entertainment & Publication",Unknown,Unknown,False,Cash,1,Stage 2 Failed,Not Sure,Failed Stage 2,Failed Stage 2,Stage 2 Failed • Failed Stage 2,0.72,"This stock was recently Stage 2, but the latest structure no longer satisfies Stage 2 rules. It is kept as Stage 2 Failed until a fresh base/repair structure forms.",Recent Stage 2 break; public stage held as Stage 2 Failed.,2026-08-10,2026-07-31,,1.68,10.28,2589230280.32,0.73,0.59,0.62,True,True,"Not Sure, Not Sure, weekly_vcp_ok, volume_dryup, weekly_volume_dryup, weekly_strong | Stage 2 failed state applied from stage memory.",watchlist,18.06,18.06,113.9,-17.1,[17.83],[25],0.0,25.0,588
POLYCAB.NS,Polycab India Limited,Capital Goods,Unknown,Unknown,True,F&O,1,Stage 2 Failed,Stage 3,Failed Stage 2,Failed Stage 2,Stage 2 Failed • Failed Stage 2,0.72,"This stock was recently Stage 2, but the latest structure no longer satisfies Stage 2 rules. It is kept as Stage 2 Failed until a fresh base/repair structure forms.",Recent Stage 2 break; public stage held as Stage 2 Failed.,2026-08-10,2026-08-03,,-0.3,26.87,3183457102.65,0.77,0.48,0.69,True,True,"Stage 3, Stage 3 - Transition, volume_dryup, weekly_volume_dryup, distribution_risk | Stage 2 failed state applied from stage memory.",watchlist,15.41,17.91,9649.36,-3.88,[13.18],[20],0.0,20.0,589
RAJESHEXPO.NS,Rajesh Exports Limited,Consumer Durables,Unknown,Unknown,False,Cash,1,Stage 4,Stage 4,Stage 4 - Confirmed Downtrend,Stage 4 - Confirmed Downtrend,Stage 4 • Stage 4 - Confirmed Downtrend,0.86,Price is below a bearish moving-average stack with falling trend signals.,,,2025-12-30,,-31.79,-47.93,15791791.79,0.33,0.35,0.41,True,True,"Stage 4, Stage 4 - Confirmed Downtrend, weekly_vcp_ok, volume_dryup, weekly_volume_dryup, weekly_strong, downtrend",watchlist,16.85,17.85,107.68,-23.9,"[40.95, 19.99, 17.9]","[13, 7, 9]",0.95,38.0,590
BAJAJCON.NS,Bajaj Consumer Care Limited,Fast Moving Consumer Goods,Unknown,Unknown,False,Cash,1,Stage 2 Failed,Stage 3,Failed Stage 2,Failed Stage 2,Stage 2 Failed • Failed Stage 2,0.72,"This stock was recently Stage 2, but the latest structure no longer satisfies Stage 2 rules. It is kept as Stage 2 Failed until a fresh base/repair structure forms.",Recent Stage 2 break; public stage held as Stage 2 Failed.,2026-08-10,2026-08-07,,-1.0,56.71,671006762.07,0.55,0.27,0.52,True,True,"Stage 3, Stage 3 - Transition, volume_dryup, weekly_volume_dryup, distribution_risk | Stage 2 failed state applied from stage memory.",watchlist,17.82,17.82,693.21,-21.08,[10.98],[42],0.0,42.0,591
STARCEMENT.NS,Star Cement Limited,Construction Materials,Unknown,Unknown,False,Cash,1,Stage 4,Stage 4,Stage 4 - Confirmed Downtrend,Stage 4 - Confirmed Downtrend,Stage 4 • Stage 4 - Confirmed Downtrend,0.86,Price is below a bearish moving-average stack with falling trend signals.,,,2025-11-03,,-13.39,-2.61,39512965.84,0.6,0.94,0.76,True,True,"Stage 4, Stage 4 - Confirmed Downtrend, volume_dryup, weekly_volume_dryup, downtrend",watchlist,17.81,17.81,221.69,-10.26,"[14.29, 9.93, 8.85]","[11, 13, 18]",0.95,46.0,592
PRINCEPIPE.NS,Prince Pipes And Fittings Limited,Capital Goods,Unknown,Unknown,False,Cash,1,Stage 2 Failed,Not Sure,Failed Stage 2,Failed Stage 2,Stage 2 Failed • Failed Stage 2,0.72,"This stock was recently Stage 2, but the latest structure no longer satisfies Stage 2 rules. It is kept as Stage 2 Failed until a fresh base/repair structure forms.",Recent Stage 2 break; public stage held as Stage 2 Failed.,2026-08-10,2026-08-06,,5.38,8.38,60809030.71,1.05,0.93,1.78,False,False,"Not Sure, Not Sure, weekly_vcp_ok, weekly_strong | Stage 2 failed state applied from stage memory.",watchlist,15.13,17.63,275.33,-1.23,[16.72],[22],0.0,22.0,593
TRITURBINE.NS,Triveni Turbine Limited,Capital Goods,Unknown,Unknown,False,Cash,1,Stage 2 Failed,Stage 3,Failed Stage 2,Failed Stage 2,Stage 2 Failed • Failed Stage 2,0.72,"This stock was recently Stage 2, but the latest structure no longer satisfies Stage 2 rules. It is kept as Stage 2 Failed until a fresh base/repair structure forms.",Recent Stage 2 break; public stage held as Stage 2 Failed.,2026-08-10,2026-08-06,,7.49,31.85,465310248.5,0.84,0.6,0.92,True,False,"Stage 3, Stage 3 - Distribution/Damage, volume_dryup, distribution_risk | Stage 2 failed state applied from stage memory.",watchlist,15.1,17.6,648.63,-1.83,"[19.04, 20.56]","[9, 15]",0.1,31.0,594
NUCLEUS.NS,Nucleus Software Exports Limited,Information Technology,Unknown,Unknown,False,Cash,1,Stage 4,Stage 4,Stage 4 - Confirmed Downtrend,Stage 4 - Confirmed Downtrend,Stage 4 • Stage 4 - Confirmed Downtrend,0.86,Price is below a bearish moving-average stack with falling trend signals.,,,,,-14.64,-17.64,24548892.93,0.42,0.64,0.22,True,True,"Stage 4, Stage 4 - Confirmed Downtrend, weekly_vcp_ok, volume_dryup, weekly_volume_dryup, weekly_strong, downtrend",watchlist,16.57,17.57,813.63,-13.97,"[18.32, 9.82]","[21, 20]",0.9,43.0,595
BHARATRAS.NS,Bharat Rasayan Limited,Chemicals,Unknown,Unknown,False,Cash,1,Stage 4,Stage 4,Stage 4 - Weak/Declining,Stage 4 - Weak/Declining,Stage 4 • Stage 4 - Weak/Declining,0.72,Price is below long-term support with weak trend evidence.,,,2025-12-12,,-6.79,-22.27,14287657.8,1.51,2.0,2.12,False,False,"Stage 4, Stage 4 - Weak/Declining, weekly_vcp_ok, downtrend",watchlist,14.94,17.44,1396.49,-1.88,"[12.26, 11.84]","[11, 17]",0.9,30.0,596
MCX.NS,Multi Commodity Exchange of India Limited,Financial Services,Unknown,Unknown,True,F&O,1,Stage 1,Stage 1,Stage 1 - Base/Repair,Stage 1 - Base/Repair,Stage 1 • Stage 1 - Base/Repair,0.7,Price is near long-term moving averages with no strong long-term downtrend signal.,,,2026-07-10,,-22.51,17.95,5228411241.02,0.79,1.72,1.11,True,False,"Stage 1, Stage 1 - Base/Repair, volume_dryup, stage1_not_actionable, stage1_needs_more_base",watchlist,14.94,17.44,3486.09,-20.85,[4.63],[75],0.0,75.0,597
CEATLTD.NS,Ceat Ltd.,Automobile and Auto Components,Unknown,Unknown,False,Cash,1,Stage 2 Failed,Stage 1,Failed Stage 2,Failed Stage 2,Stage 2 Failed • Failed Stage 2,0.72,"This stock was recently Stage 2, but the latest structure no longer satisfies Stage 2 rules. It is kept as Stage 2 Failed until a fresh base/repair structure forms.",Recent Stage 2 break; public stage held as Stage 2 Failed.,2026-08-10,2026-08-07,,14.5,2.28,672314351.51,0.66,0.45,0.75,True,True,"Stage 1, Stage 1 - Early Turn, weekly_vcp_ok, volume_dryup, weekly_volume_dryup, weekly_strong, stage1_not_actionable, stage1_needs_more_base | Stage 2 failed state applied from stage memory.",watchlist,12.23,17.23,3952.63,-4.02,[16.98],[9],0.0,9.0,598
MGL.NS,Mahanagar Gas Limited,"Oil, Gas & Consumable Fuels",Unknown,Unknown,False,Cash,1,Not Sure,Not Sure,Not Sure,Not Sure,Not Sure,0.0,Stage rules did not identify a reliable structure.,No confident stage classification.,,,,2.18,10.59,330294223.88,1.91,1.26,1.06,False,False,"Not Sure, Not Sure, weekly_vcp_ok, weekly_strong",watchlist,16.18,17.18,1169.04,-3.89,[14.98],[23],0.0,23.0,599
TITAGARH.NS,TITAGARH RAIL SYSTEMS LIMITED,Capital Goods,Unknown,Unknown,False,Cash,1,Stage 2 Failed,Stage 3,Failed Stage 2,Failed Stage 2,Stage 2 Failed • Failed Stage 2,0.72,"This stock was recently Stage 2, but the latest structure no longer satisfies Stage 2 rules. It is kept as Stage 2 Failed until a fresh base/repair structure forms.",Recent Stage 2 break; public stage held as Stage 2 Failed.,2026-08-10,2026-08-03,,3.33,12.04,317832127.93,0.51,0.67,0.44,True,True,"Stage 3, Stage 3 - Distribution/Damage, volume_dryup, weekly_volume_dryup, distribution_risk | Stage 2 failed state applied from stage memory.",watchlist,14.65,17.15,908.09,-7.56,[18.43],[26],0.0,26.0,600
KSB.NS,Ksb Limited,Capital Goods,Unknown,Unknown,False,Cash,1,Stage 2 Failed,Stage 1,Failed Stage 2,Failed Stage 2,Stage 2 Failed • Failed Stage 2,0.72,"This stock was recently Stage 2, but the latest structure no longer satisfies Stage 2 rules. It is kept as Stage 2 Failed until a fresh base/repair structure forms.",Recent Stage 2 break; public stage held as Stage 2 Failed.,2026-08-10,2026-08-04,,-10.64,15.26,134975465.86,1.44,2.07,2.4,False,False,"Stage 1, Stage 1 - Base/Repair, stage1_not_actionable, stage1_needs_more_base | Stage 2 failed state applied from stage memory.",watchlist,14.49,16.99,973.85,-17.45,[6.6],[62],0.0,62.0,601
KANSAINER.NS,Kansai Nerolac Paints Limited,Consumer Durables,Unknown,Unknown,False,Cash,1,Not Sure,Not Sure,Not Sure,Not Sure,Not Sure,0.0,Stage rules did not identify a reliable structure.,No confident stage classification.,,2025-11-17,,-5.39,4.58,78523570.31,1.83,1.76,2.51,False,False,"Not Sure, Not Sure, weekly_vcp_ok, weekly_strong",watchlist,15.9,16.9,216.87,-0.56,[11.74],[15],0.0,15.0,602
GRAPHITE.NS,Graphite India Limited,Capital Goods,Unknown,Unknown,False,Cash,1,Stage 3,Stage 3,Stage 3 - Transition,Stage 3 - Transition,Stage 3 • Stage 3 - Transition,0.62,"The structure is transitioning after prior strength, but it is not yet a confirmed Stage 4 decline.",,,2026-06-05,,-7.6,22.75,1312350828.11,1.65,0.63,2.65,False,False,"Stage 3, Stage 3 - Transition, distribution_risk",watchlist,14.39,16.89,688.7,4.97,[28.96],[39],0.0,39.0,603
NAUKRI.NS,Info Edge (India) Limited,Consumer Services,Unknown,Unknown,True,F&O,1,Stage 1,Stage 1,Stage 1 - Early Turn,Stage 1 - Early Turn,Stage 1 • Stage 1 - Early Turn,0.66,The stock is improving from a repair/base area but has not confirmed a clean Stage 2 yet.,,,,,33.44,18.64,2302458372.85,0.88,2.3,0.92,False,False,"Stage 1, Stage 1 - Early Turn, weekly_vcp_ok, weekly_strong, stage1_not_actionable, stage1_needs_more_base",watchlist,16.67,16.67,1225.32,4.63,[6.96],[10],0.0,10.0,604
LATENTVIEW.NS,Latent View Analytics Limited,Information Technology,Unknown,Unknown,False,Cash,1,Stage 4,Stage 4,Stage 4 - Confirmed Downtrend,Stage 4 - Confirmed Downtrend,Stage 4 • Stage 4 - Confirmed Downtrend,0.86,Price is below a bearish moving-average stack with falling trend signals.,,,2026-01-07,,-4.76,-25.62,329950972.96,1.24,0.24,0.4,False,True,"Stage 4, Stage 4 - Confirmed Downtrend, weekly_volume_dryup, downtrend",watchlist,15.4,16.4,341.45,-12.78,"[48.83, 14.32, 15.73, 16.78]","[33, 20, 7, 9]",0.47,101.0,605
SUNFLAG.NS,Sunflag Iron And Steel Company Limited,Metals & Mining,Unknown,Unknown,False,Cash,1,Stage 2 Failed,Stage 3,Failed Stage 2,Failed Stage 2,Stage 2 Failed • Failed Stage 2,0.72,"This stock was recently Stage 2, but the latest structure no longer satisfies Stage 2 rules. It is kept as Stage 2 Failed until a fresh base/repair structure forms.",Recent Stage 2 break; public stage held as Stage 2 Failed.,2026-08-10,2026-07-24,,-4.69,59.71,93551640.9,1.02,0.9,1.38,False,False,"Stage 3, Stage 3 - Transition, distribution_risk | Stage 2 failed state applied from stage memory.",watchlist,16.38,16.38,370.0,2.93,[24.32],[23],0.0,23.0,606
ANURAS.NS,Anupam Rasayan India Limited,Chemicals,Unknown,Unknown,False,Cash,1,Stage 1,Stage 1,Stage 1 - Base/Repair,Stage 1 - Base/Repair,Stage 1 • Stage 1 - Base/Repair,0.7,Price is near long-term moving averages with no strong long-term downtrend signal.,,,2026-06-05,,-16.71,-2.9,329345183.59,0.58,0.21,0.56,True,True,"Stage 1, Stage 1 - Base/Repair, weekly_vcp_ok, volume_dryup, weekly_volume_dryup, weekly_strong, stage1_not_actionable, stage1_needs_more_base",watchlist,13.77,16.27,1294.5,-6.04,[12.7],[35],0.0,35.0,607
HATHWAY.NS,Hathway Cable & Datacom Limited,"Media, Entertainment & Publication",Unknown,Unknown,False,Cash,1,Stage 4,Stage 4,Stage 4 - Weak/Declining,Stage 4 - Weak/Declining,Stage 4 • Stage 4 - Weak/Declining,0.72,Price is below long-term support with weak trend evidence.,,,,,-3.55,0.97,16380752.72,0.36,0.91,0.35,True,True,"Stage 4, Stage 4 - Weak/Declining, weekly_vcp_ok, volume_dryup, weekly_volume_dryup, weekly_strong, downtrend",watchlist,16.2,16.2,12.91,-16.28,"[27.3, 16.71, 18.15, 11.08]","[32, 21, 6, 8]",0.73,113.0,608
NAVNETEDUL.NS,Navneet Education Limited,"Media, Entertainment & Publication",Unknown,Unknown,False,Cash,1,Stage 2 Failed,Stage 4,Failed Stage 2,Failed Stage 2,Stage 2 Failed • Failed Stage 2,0.72,"This stock was recently Stage 2, but the latest structure no longer satisfies Stage 2 rules. It is kept as Stage 2 Failed until a fresh base/repair structure forms.",Recent Stage 2 break; public stage held as Stage 2 Failed.,2026-08-10,2026-07-21,,-12.41,-11.3,44855705.02,1.63,0.67,2.15,False,False,"Stage 4, Stage 4 - Weak/Declining, weekly_vcp_ok, weekly_strong, downtrend | Stage 2 failed state applied from stage memory.",watchlist,16.1,16.1,161.15,-18.08,"[26.76, 10.0, 8.23]","[33, 9, 20]",0.95,88.0,609
NMDC.NS,NMDC Limited,Metals & Mining,Unknown,Unknown,True,F&O,1,Stage 3,Stage 3,Stage 3 - Distribution/Damage,Stage 3 - Distribution/Damage,Stage 3 • Stage 3 - Distribution/Damage,0.76,"Prior strength exists, but short-term and/or weekly structure is deteriorating.",,,2026-07-03,,-13.44,8.9,1449764058.89,0.79,1.15,0.8,True,True,"Stage 3, Stage 3 - Distribution/Damage, volume_dryup, weekly_volume_dryup, distribution_risk",watchlist,15.98,15.98,97.66,-12.47,[13.24],[50],0.0,50.0,610
EPL.NS,EPL Limited,Capital Goods,Unknown,Unknown,False,Cash,1,Stage 2 Failed,Stage 1,Failed Stage 2,Failed Stage 2,Stage 2 Failed • Failed Stage 2,0.72,"This stock was recently Stage 2, but the latest structure no longer satisfies Stage 2 rules. It is kept as Stage 2 Failed until a fresh base/repair structure forms.",Recent Stage 2 break; public stage held as Stage 2 Failed.,2026-08-10,2026-08-06,,-5.92,12.12,77753581.38,0.51,0.7,0.58,True,True,"Stage 1, Stage 1 - Base/Repair, weekly_vcp_ok, volume_dryup, weekly_volume_dryup, weekly_strong, stage1_not_actionable, stage1_needs_more_base | Stage 2 failed state applied from stage memory.",watchlist,13.25,15.75,247.29,-7.41,[10.08],[13],0.0,13.0,611
BBTC.NS,Bombay Burmah Trading Corporation Limited,Fast Moving Consumer Goods,Unknown,Unknown,False,Cash,1,Stage 4,Stage 4,Stage 4 - Confirmed Downtrend,Stage 4 - Confirmed Downtrend,Stage 4 • Stage 4 - Confirmed Downtrend,0.86,Price is below a bearish moving-average stack with falling trend signals.,,,2025-11-20,,-7.0,-10.32,41971101.79,0.98,1.03,0.8,False,True,"Stage 4, Stage 4 - Confirmed Downtrend, weekly_volume_dryup, downtrend",watchlist,15.51,15.51,1623.9,-7.04,"[30.26, 7.81]","[31, 34]",0.9,112.0,612
TIMKEN.NS,Timken India Limited,Capital Goods,Unknown,Unknown,False,Cash,1,Not Sure,Stage 3,Pending Stage 3,Pending Stage 3,Not Sure • Pending Stage 3,0.55,Blocked public stage jump Stage 1 -> Stage 3; waiting for intermediate/confirmed structure.,Blocked public stage jump Stage 1 -> Stage 3; waiting for intermediate/confirmed structure.,,2026-07-06,Stage 3,-13.11,6.11,177997777.56,0.65,0.27,0.9,True,True,"Stage 3, Stage 3 - Distribution/Damage, volume_dryup, weekly_volume_dryup, distribution_risk | Blocked public stage jump Stage 1 -> Stage 3; waiting for intermediate/confirmed structure.",watchlist,12.98,15.48,3928.7,-16.41,[18.23],[34],0.0,34.0,613
NH.NS,Narayana Hrudayalaya Ltd.,Healthcare,Unknown,Unknown,False,Cash,1,Stage 2 Failed,Stage 1,Failed Stage 2,Failed Stage 2,Stage 2 Failed • Failed Stage 2,0.72,"This stock was recently Stage 2, but the latest structure no longer satisfies Stage 2 rules. It is kept as Stage 2 Failed until a fresh base/repair structure forms.",Recent Stage 2 break; public stage held as Stage 2 Failed.,2026-08-10,2026-08-07,,-4.35,11.82,642606933.61,1.56,1.8,1.76,False,False,"Stage 1, Stage 1 - Base/Repair, weekly_vcp_ok, weekly_strong, stage1_not_actionable, stage1_needs_more_base | Stage 2 failed state applied from stage memory.",watchlist,10.25,15.25,2096.56,-12.49,[8.43],[9],0.0,9.0,614
GREENPANEL.NS,Greenpanel Industries Limited,Consumer Durables,Unknown,Unknown,False,Cash,1,Stage 4,Stage 4,Stage 4 - Confirmed Downtrend,Stage 4 - Confirmed Downtrend,Stage 4 • Stage 4 - Confirmed Downtrend,0.86,Price is below a bearish moving-average stack with falling trend signals.,,,,,-14.82,-10.21,31140702.91,0.87,1.22,0.89,False,True,"Stage 4, Stage 4 - Confirmed Downtrend, weekly_vcp_ok, weekly_volume_dryup, weekly_strong, downtrend",watchlist,13.79,14.79,208.87,-9.01,"[25.87, 10.15]","[11, 8]",0.9,35.0,615
ORISSAMINE.NS,The Orissa Minerals Development Company Limited,Metals & Mining,Unknown,Unknown,False,Cash,1,Not Sure,Not Sure,Not Sure,Not Sure,Not Sure,0.0,Stage rules did not identify a reliable structure.,No confident stage classification.,,,,0.21,2.92,80157365.94,2.74,0.58,2.22,False,False,"Not Sure, Not Sure, weekly_vcp_ok, weekly_strong",watchlist,14.69,14.69,4207.35,5.78,[19.06],[27],0.0,27.0,616
SHANTIGEAR.NS,Shanthi Gears Limited,Capital Goods,Unknown,Unknown,False,Cash,1,Stage 4,Stage 4,Stage 4 - Confirmed Downtrend,Stage 4 - Confirmed Downtrend,Stage 4 • Stage 4 - Confirmed Downtrend,0.86,Price is below a bearish moving-average stack with falling trend signals.,,,,,-14.45,-6.86,12998610.1,2.39,0.79,0.86,False,True,"Stage 4, Stage 4 - Confirmed Downtrend, weekly_vcp_ok, weekly_volume_dryup, weekly_strong, downtrend",watchlist,11.95,14.45,461.3,-13.43,"[15.13, 10.12]","[11, 17]",0.9,38.0,617
BLUEJET.NS,Blue Jet Healthcare Ltd.,Healthcare,Unknown,Unknown,False,Cash,1,Stage 2 Failed,Stage 1,Failed Stage 2,Failed Stage 2,Stage 2 Failed • Failed Stage 2,0.72,"This stock was recently Stage 2, but the latest structure no longer satisfies Stage 2 rules. It is kept as Stage 2 Failed until a fresh base/repair structure forms.",Recent Stage 2 break; public stage held as Stage 2 Failed.,2026-08-10,2026-07-31,,27.72,48.54,648650254.31,1.52,0.46,1.15,False,False,"Stage 1, Stage 1 - Early Turn, stage1_not_actionable, stage1_needs_more_base | Stage 2 failed state applied from stage memory.",watchlist,9.25,14.25,648.93,-8.75,[10.52],[10],0.0,10.0,618
TDPOWERSYS.NS,TD Power Systems Limited,Capital Goods,Unknown,Unknown,False,Cash,1,Stage 2 Failed,Stage 1,Failed Stage 2,Failed Stage 2,Stage 2 Failed • Failed Stage 2,0.72,"This stock was recently Stage 2, but the latest structure no longer satisfies Stage 2 rules. It is kept as Stage 2 Failed until a fresh base/repair structure forms.",Recent Stage 2 break; public stage held as Stage 2 Failed.,2026-08-10,2026-07-21,,0.1,62.62,1161262171.84,1.32,0.98,1.09,False,False,"Stage 1, Stage 1 - Unclear/Repair, weekly_vcp_ok, weekly_strong, stage1_not_actionable, stage1_needs_more_base | Stage 2 failed state applied from stage memory.",watchlist,11.38,13.88,1182.84,4.53,[22.13],[11],0.0,11.0,619
ROSSARI.NS,Rossari Biotech Limited,Chemicals,Unknown,Unknown,False,Cash,1,Stage 4,Stage 4,Stage 4 - Weak/Declining,Stage 4 - Weak/Declining,Stage 4 • Stage 4 - Weak/Declining,0.72,Price is below long-term support with weak trend evidence.,,,,,-9.63,2.63,47963165.55,0.91,0.43,1.01,False,False,"Stage 4, Stage 4 - Weak/Declining, weekly_vcp_ok, downtrend",watchlist,11.05,13.55,549.96,-7.47,"[12.84, 11.29]","[12, 6]",0.9,24.0,620
NOCIL.NS,NOCIL Limited,Chemicals,Unknown,Unknown,False,Cash,1,Stage 2 Failed,Stage 3,Failed Stage 2,Failed Stage 2,Stage 2 Failed • Failed Stage 2,0.72,"This stock was recently Stage 2, but the latest structure no longer satisfies Stage 2 rules. It is kept as Stage 2 Failed until a fresh base/repair structure forms.",Recent Stage 2 break; public stage held as Stage 2 Failed.,2026-08-10,2026-08-07,,-5.24,21.64,194169623.67,1.19,0.34,0.67,False,True,"Stage 3, Stage 3 - Distribution/Damage, weekly_volume_dryup, distribution_risk | Stage 2 failed state applied from stage memory.",watchlist,10.88,13.38,184.36,-9.39,[21.62],[23],0.0,23.0,621
SCI.NS,Shipping Corporation Of India Limited,Services,Unknown,Unknown,False,Cash,1,Stage 3,Stage 3,Stage 3 - Distribution/Damage,Stage 3 - Distribution/Damage,Stage 3 • Stage 3 - Distribution/Damage,0.76,"Prior strength exists, but short-term and/or weekly structure is deteriorating.",,,2026-07-17,,-14.92,17.29,880089866.8,0.95,0.94,1.49,False,False,"Stage 3, Stage 3 - Distribution/Damage, weekly_vcp_ok, weekly_strong, distribution_risk",watchlist,12.32,13.32,369.4,-20.15,[19.39],[70],0.0,70.0,622
EIDPARRY.NS,EID Parry India Limited,Chemicals,Unknown,Unknown,False,Cash,1,Stage 4,Stage 4,Stage 4 - Weak/Declining,Stage 4 - Weak/Declining,Stage 4 • Stage 4 - Weak/Declining,0.72,Price is below long-term support with weak trend evidence.,,,,,-6.9,-6.58,230044331.17,0.82,2.55,1.23,True,False,"Stage 4, Stage 4 - Weak/Declining, volume_dryup, downtrend",watchlist,10.81,13.31,790.13,0.14,[23.6],[40],0.0,40.0,623
THERMAX.NS,Thermax Limited,Capital Goods,Unknown,Unknown,False,Cash,1,Stage 2 Failed,Stage 1,Failed Stage 2,Failed Stage 2,Stage 2 Failed • Failed Stage 2,0.72,"This stock was recently Stage 2, but the latest structure no longer satisfies Stage 2 rules. It is kept as Stage 2 Failed until a fresh base/repair structure forms.",Recent Stage 2 break; public stage held as Stage 2 Failed.,2026-08-10,2026-08-05,,-16.66,45.25,1774388157.07,1.97,0.24,0.77,False,True,"Stage 1, Stage 1 - Base/Repair, weekly_vcp_ok, weekly_volume_dryup, weekly_strong, stage1_not_actionable, stage1_needs_more_base | Stage 2 failed state applied from stage memory.",watchlist,10.61,13.11,5265.53,-23.04,[10.32],[46],0.0,46.0,624
AXISBANK.NS,Axis Bank Limited,Financial Services,Unknown,Unknown,True,F&O,1,Stage 1,Stage 1,Stage 1 - Base/Repair,Stage 1 - Base/Repair,Stage 1 • Stage 1 - Base/Repair,0.7,Price is near long-term moving averages with no strong long-term downtrend signal.,,,2026-07-17,,-5.66,-2.32,10197219836.39,0.84,0.5,0.62,True,True,"Stage 1, Stage 1 - Base/Repair, weekly_vcp_ok, volume_dryup, weekly_volume_dryup, stage1_not_actionable, stage1_needs_more_base",watchlist,10.23,12.73,1350.36,-7.63,[13.47],[21],0.0,21.0,625
MAHSEAMLES.NS,Maharashtra Seamless Limited,Capital Goods,Unknown,Unknown,False,Cash,1,Not Sure,Stage 1,Pending Stage 1,Pending Stage 1,Not Sure • Pending Stage 1,0.55,Blocked public stage jump Stage 3 -> Stage 1; waiting for intermediate/confirmed structure.,Blocked public stage jump Stage 3 -> Stage 1; waiting for intermediate/confirmed structure.,,,Stage 1,-11.46,20.03,47558487.34,0.77,2.66,1.15,True,False,"Stage 1, Stage 1 - Unclear/Repair, stage1_base_ready, volume_dryup, stage1_not_actionable | Blocked public stage jump Stage 3 -> Stage 1; waiting for intermediate/confirmed structure.",watchlist,10.21,12.71,586.02,3.72,[15.77],[23],0.0,23.0,626
HIKAL.NS,Hikal Limited,Healthcare,Unknown,Unknown,False,Cash,1,Stage 1,Stage 1,Stage 1 - Early Turn,Stage 1 - Early Turn,Stage 1 • Stage 1 - Early Turn,0.66,The stock is improving from a repair/base area but has not confirmed a clean Stage 2 yet.,,,,,6.2,29.92,122141540.14,0.92,0.28,1.47,False,False,"Stage 1, Stage 1 - Early Turn, weekly_vcp_ok, stage1_not_actionable, stage1_needs_more_base",watchlist,7.51,12.51,253.24,-11.26,[17.72],[9],0.0,9.0,627
NATCOPHARM.NS,Natco Pharma Limited,Healthcare,Unknown,Unknown,False,Cash,1,Stage 1,Stage 1,Stage 1 - Base/Repair,Stage 1 - Base/Repair,Stage 1 • Stage 1 - Base/Repair,0.7,Price is near long-term moving averages with no strong long-term downtrend signal.,,,2026-05-29,,-29.55,12.48,280592625.05,0.38,0.42,0.34,True,True,"Stage 1, Stage 1 - Base/Repair, volume_dryup, weekly_volume_dryup, stage1_not_actionable, stage1_needs_more_base",watchlist,7.5,12.5,997.3,-8.7,[8.59],[12],0.0,12.0,628
IRFC.NS,Indian Railway Finance Corporation Limited,Financial Services,Unknown,Unknown,True,F&O,1,Stage 4,Stage 4,Stage 4 - Confirmed Downtrend,Stage 4 - Confirmed Downtrend,Stage 4 • Stage 4 - Confirmed Downtrend,0.86,Price is below a bearish moving-average stack with falling trend signals.,,,,,-16.82,-17.65,663352388.84,0.78,0.69,0.58,True,True,"Stage 4, Stage 4 - Confirmed Downtrend, weekly_vcp_ok, volume_dryup, weekly_volume_dryup, weekly_strong, downtrend",watchlist,9.96,12.46,101.32,-12.65,"[13.92, 15.0]","[25, 24]",0.1,56.0,629
JYOTICNC.NS,Jyoti CNC Automation Ltd.,Capital Goods,Unknown,Unknown,False,Cash,1,Stage 1,Stage 1,Stage 1 - Early Turn,Stage 1 - Early Turn,Stage 1 • Stage 1 - Early Turn,0.66,The stock is improving from a repair/base area but has not confirmed a clean Stage 2 yet.,,,,,5.2,2.3,869659499.63,0.95,1.84,1.47,False,False,"Stage 1, Stage 1 - Early Turn, weekly_vcp_ok, weekly_strong, stage1_not_actionable, stage1_needs_more_base",watchlist,9.73,12.23,876.28,-8.55,[26.31],[25],0.0,25.0,630
BANCOINDIA.NS,Banco Products (I) Limited,Automobile and Auto Components,Unknown,Unknown,False,Cash,1,Not Sure,Stage 4,Pending Stage 4,Pending Stage 4,Not Sure • Pending Stage 4,0.55,Blocked public stage jump Stage 1 -> Stage 4; waiting for intermediate/confirmed structure.,Blocked public stage jump Stage 1 -> Stage 4; waiting for intermediate/confirmed structure.,,2026-07-16,Stage 4,-0.31,4.81,98676519.58,0.92,5.02,1.41,False,False,"Stage 4, Stage 4 - Weak/Declining, weekly_vcp_ok, weekly_strong, downtrend | Blocked public stage jump Stage 1 -> Stage 4; waiting for intermediate/confirmed structure.",watchlist,7.12,12.12,710.19,-11.64,[17.06],[15],0.0,15.0,631
CDSL.NS,Central Depository Services (India) Ltd.,Financial Services,Unknown,Unknown,True,F&O,1,Stage 1,Stage 1,Stage 1 - Early Turn,Stage 1 - Early Turn,Stage 1 • Stage 1 - Early Turn,0.66,The stock is improving from a repair/base area but has not confirmed a clean Stage 2 yet.,,,2025-12-02,,7.03,2.47,1711638060.95,0.66,0.47,0.59,True,True,"Stage 1, Stage 1 - Early Turn, weekly_vcp_ok, volume_dryup, weekly_volume_dryup, weekly_strong, stage1_not_actionable, stage1_needs_more_base",watchlist,9.58,12.08,1442.48,-7.62,[5.72],[26],0.0,26.0,632
BSE.NS,BSE Ltd.,Financial Services,Unknown,Unknown,True,F&O,1,Stage 2 Failed,Stage 3,Failed Stage 2,Failed Stage 2,Stage 2 Failed • Failed Stage 2,0.72,"This stock was recently Stage 2, but the latest structure no longer satisfies Stage 2 rules. It is kept as Stage 2 Failed until a fresh base/repair structure forms.",Recent Stage 2 break; public stage held as Stage 2 Failed.,2026-08-10,2026-07-24,,-15.85,25.41,10520943402.11,1.11,2.15,1.47,False,False,"Stage 3, Stage 3 - Distribution/Damage, distribution_risk | Stage 2 failed state applied from stage memory.",watchlist,9.57,12.07,3874.27,-7.18,[14.89],[8],0.0,8.0,633
JINDALSTEL.NS,Jindal Steel & Power Limited,Metals & Mining,Unknown,Unknown,True,F&O,1,Stage 1,Stage 1,Stage 1 - Base/Repair,Stage 1 - Base/Repair,Stage 1 • Stage 1 - Base/Repair,0.7,Price is near long-term moving averages with no strong long-term downtrend signal.,,,2026-05-28,,-14.64,-0.83,1259651142.54,0.97,0.76,0.74,False,True,"Stage 1, Stage 1 - Base/Repair, weekly_volume_dryup, stage1_not_actionable, stage1_needs_more_base",watchlist,11.94,11.94,1257.1,-10.51,[22.67],[59],0.0,59.0,634
RITES.NS,RITES Limited,Construction,Unknown,Unknown,False,Cash,1,Stage 1,Stage 1,Stage 1 - Early Turn,Stage 1 - Early Turn,Stage 1 • Stage 1 - Early Turn,0.66,The stock is improving from a repair/base area but has not confirmed a clean Stage 2 yet.,,,,,4.98,10.13,196028005.47,0.21,0.09,0.34,True,True,"Stage 1, Stage 1 - Early Turn, weekly_vcp_ok, volume_dryup, weekly_volume_dryup, weekly_strong, stage1_not_actionable, stage1_needs_more_base",watchlist,11.39,11.39,243.55,-4.4,[14.04],[13],0.0,13.0,635
PNC.NS,Pritish Nandy Communications Limited,"Media, Entertainment & Publication",Unknown,Unknown,False,Cash,1,Stage 4,Stage 4,Stage 4 - Weak/Declining,Stage 4 - Weak/Declining,Stage 4 • Stage 4 - Weak/Declining,0.72,Price is below long-term support with weak trend evidence.,,,,,-4.32,-24.7,416434.83,0.76,0.59,1.04,True,False,"Stage 4, Stage 4 - Weak/Declining, weekly_vcp_ok, volume_dryup, weekly_strong, downtrend",watchlist,11.35,11.35,25.99,-25.07,"[47.52, 19.71, 21.28]","[35, 6, 25]",0.55,115.0,636
ATUL.NS,Atul Limited,Chemicals,Unknown,Unknown,False,Cash,1,Stage 1,Stage 1,Stage 1 - Base/Repair,Stage 1 - Base/Repair,Stage 1 • Stage 1 - Base/Repair,0.7,Price is near long-term moving averages with no strong long-term downtrend signal.,,,2026-07-03,,-6.33,10.09,568777534.07,1.46,0.81,1.62,False,False,"Stage 1, Stage 1 - Base/Repair, weekly_vcp_ok, weekly_strong, stage1_not_actionable, stage1_needs_more_base",watchlist,8.75,11.25,6912.07,-0.84,[13.08],[11],0.0,11.0,637
SAIL.NS,Steel Authority of India Limited,Metals & Mining,Unknown,Unknown,True,F&O,1,Stage 3,Stage 3,Stage 3 - Distribution/Damage,Stage 3 - Distribution/Damage,Stage 3 • Stage 3 - Distribution/Damage,0.76,"Prior strength exists, but short-term and/or weekly structure is deteriorating.",,,2026-07-10,,-18.53,13.51,2654828127.84,1.25,1.65,1.21,False,False,"Stage 3, Stage 3 - Distribution/Damage, distribution_risk",watchlist,10.85,10.85,188.2,-8.37,[24.2],[42],0.0,42.0,638
HDFCAMC.NS,HDFC Asset Management Company Limited,Financial Services,Unknown,Unknown,True,F&O,1,Stage 4,Stage 4,Stage 4 - Weak/Declining,Stage 4 - Weak/Declining,Stage 4 • Stage 4 - Weak/Declining,0.72,Price is below long-term support with weak trend evidence.,,,2026-07-15,,-7.96,-0.13,2261871407.42,0.62,0.45,0.62,True,True,"Stage 4, Stage 4 - Weak/Declining, weekly_vcp_ok, volume_dryup, weekly_volume_dryup, weekly_strong, downtrend",watchlist,8.34,10.84,2843.37,-9.97,[13.03],[14],0.0,14.0,639
GRSE.NS,Garden Reach Shipbuilders & Engineers Limited,Capital Goods,Unknown,Unknown,False,Cash,1,Stage 3,Stage 3,Stage 3 - Distribution/Damage,Stage 3 - Distribution/Damage,Stage 3 • Stage 3 - Distribution/Damage,0.76,"Prior strength exists, but short-term and/or weekly structure is deteriorating.",,,2026-07-08,,-9.53,7.5,1083986264.75,0.86,0.67,0.96,False,False,"Stage 3, Stage 3 - Distribution/Damage, distribution_risk",watchlist,8.32,10.82,2814.62,-8.09,[24.23],[31],0.0,31.0,640
TMPV.NS,Tata Motors Passenger Vehicles Ltd.,Automobile and Auto Components,Unknown,Unknown,True,F&O,1,Stage 4,Stage 4,Stage 4 - Weak/Declining,Stage 4 - Weak/Declining,Stage 4 • Stage 4 - Weak/Declining,0.72,Price is below long-term support with weak trend evidence.,,,,,-1.84,-2.64,2395469376.53,0.68,0.59,0.58,True,True,"Stage 4, Stage 4 - Weak/Declining, volume_dryup, weekly_volume_dryup, downtrend",watchlist,5.78,10.78,360.5,-3.72,[21.31],[29],0.0,29.0,641
FACT.NS,Fertilizers and Chemicals Travancore Limited,Chemicals,Unknown,Unknown,False,Cash,1,Stage 4,Stage 4,Stage 4 - Weak/Declining,Stage 4 - Weak/Declining,Stage 4 • Stage 4 - Weak/Declining,0.72,Price is below long-term support with weak trend evidence.,,,2026-06-26,,-9.7,9.91,74864421.75,0.14,0.46,0.1,True,True,"Stage 4, Stage 4 - Weak/Declining, volume_dryup, weekly_volume_dryup, downtrend",watchlist,8.27,10.77,1060.45,-21.29,[15.91],[42],0.0,42.0,642
MOTILALOFS.NS,Motilal Oswal Financial Services Limited,Financial Services,Unknown,Unknown,True,F&O,1,Stage 2 Failed,Stage 3,Failed Stage 2,Failed Stage 2,Stage 2 Failed • Failed Stage 2,0.72,"This stock was recently Stage 2, but the latest structure no longer satisfies Stage 2 rules. It is kept as Stage 2 Failed until a fresh base/repair structure forms.",Recent Stage 2 break; public stage held as Stage 2 Failed.,2026-08-10,2026-08-05,,-1.65,15.02,1229785939.19,0.71,0.57,0.65,True,True,"Stage 3, Stage 3 - Transition, volume_dryup, weekly_volume_dryup, distribution_risk | Stage 2 failed state applied from stage memory.",watchlist,8.26,10.76,989.75,-10.89,[10.64],[8],0.0,8.0,643
NEWGEN.NS,Newgen Software Technologies Limited,Information Technology,Unknown,Unknown,False,Cash,1,Stage 1,Stage 1,Stage 1 - Early Turn,Stage 1 - Early Turn,Stage 1 • Stage 1 - Early Turn,0.66,The stock is improving from a repair/base area but has not confirmed a clean Stage 2 yet.,,,,,15.7,11.89,2854975019.73,0.62,0.31,0.24,True,True,"Stage 1, Stage 1 - Early Turn, weekly_vcp_ok, volume_dryup, weekly_volume_dryup, weekly_strong, stage1_not_actionable, stage1_needs_more_base",watchlist,9.65,10.65,601.33,-6.34,[17.2],[9],0.0,9.0,644
BALMLAWRIE.NS,Balmer Lawrie & Company Limited,Diversified,Unknown,Unknown,False,Cash,1,Stage 4,Stage 4,Stage 4 - Weak/Declining,Stage 4 - Weak/Declining,Stage 4 • Stage 4 - Weak/Declining,0.72,Price is below long-term support with weak trend evidence.,,,,,-15.58,1.97,19559421.73,1.02,0.66,0.66,False,True,"Stage 4, Stage 4 - Weak/Declining, weekly_volume_dryup, downtrend",watchlist,10.57,10.57,181.84,-4.41,"[11.64, 6.94]","[8, 7]",0.9,27.0,645
GULFOILLUB.NS,Gulf Oil Lubricants India Limited,"Oil, Gas & Consumable Fuels",Unknown,Unknown,False,Cash,1,Stage 1,Stage 1,Stage 1 - Early Turn,Stage 1 - Early Turn,Stage 1 • Stage 1 - Early Turn,0.66,The stock is improving from a repair/base area but has not confirmed a clean Stage 2 yet.,,,2025-11-17,,21.15,12.17,135648260.26,1.81,0.5,2.86,False,False,"Stage 1, Stage 1 - Early Turn, weekly_vcp_ok, weekly_strong, stage1_not_actionable, stage1_needs_more_base",watchlist,9.46,10.46,1082.29,8.79,[11.85],[17],0.0,17.0,646
ASTRAL.NS,Astral Limited,Capital Goods,Unknown,Unknown,True,F&O,1,Stage 1,Stage 1,Stage 1 - Base/Repair,Stage 1 - Base/Repair,Stage 1 • Stage 1 - Base/Repair,0.7,Price is near long-term moving averages with no strong long-term downtrend signal.,,,2026-05-06,,-12.08,2.23,726744634.82,0.56,0.29,0.42,True,True,"Stage 1, Stage 1 - Base/Repair, weekly_vcp_ok, volume_dryup, weekly_volume_dryup, weekly_strong, stage1_not_actionable, stage1_needs_more_base",watchlist,7.88,10.38,1507.03,-4.65,[17.16],[15],0.0,15.0,647
ADANIPOWER.NS,Adani Power Limited,Power,Unknown,Unknown,True,F&O,1,Stage 2 Failed,Stage 1,Failed Stage 2,Failed Stage 2,Stage 2 Failed • Failed Stage 2,0.72,"This stock was recently Stage 2, but the latest structure no longer satisfies Stage 2 rules. It is kept as Stage 2 Failed until a fresh base/repair structure forms.",Recent Stage 2 break; public stage held as Stage 2 Failed.,2026-08-10,2026-08-03,,-11.32,43.79,5110720928.86,0.54,0.48,0.5,True,True,"Stage 1, Stage 1 - Unclear/Repair, volume_dryup, weekly_volume_dryup, stage1_not_actionable, stage1_needs_more_base | Stage 2 failed state applied from stage memory.",watchlist,10.37,10.37,229.34,-8.15,[15.5],[9],0.0,9.0,648
ASAHIINDIA.NS,Asahi India Glass Limited,Automobile and Auto Components,Unknown,Unknown,False,Cash,1,Stage 1,Stage 1,Stage 1 - Early Turn,Stage 1 - Early Turn,Stage 1 • Stage 1 - Early Turn,0.66,The stock is improving from a repair/base area but has not confirmed a clean Stage 2 yet.,,,2026-02-02,,5.64,-2.88,150904615.57,1.77,0.45,3.07,False,False,"Stage 1, Stage 1 - Early Turn, stage1_not_actionable, stage1_needs_more_base",watchlist,5.15,10.15,941.75,-4.12,[12.64],[23],0.0,23.0,649
HINDZINC.NS,Hindustan Zinc Limited,Metals & Mining,Unknown,Unknown,True,F&O,1,Stage 3,Stage 3,Stage 3 - Transition,Stage 3 - Transition,Stage 3 • Stage 3 - Transition,0.62,"The structure is transitioning after prior strength, but it is not yet a confirmed Stage 4 decline.",,,2026-06-04,,-16.22,0.96,2306527340.36,1.29,1.33,1.88,False,False,"Stage 3, Stage 3 - Transition, weekly_vcp_ok, weekly_strong, distribution_risk",watchlist,10.09,10.09,579.35,2.73,[24.08],[46],0.0,46.0,650
SAKSOFT.NS,Saksoft Limited,Information Technology,Unknown,Unknown,False,Cash,1,Stage 1,Stage 1,Stage 1 - Early Turn,Stage 1 - Early Turn,Stage 1 • Stage 1 - Early Turn,0.66,The stock is improving from a repair/base area but has not confirmed a clean Stage 2 yet.,,,2025-11-20,,16.62,5.55,201450242.39,0.11,0.05,0.09,True,True,"Stage 1, Stage 1 - Early Turn, weekly_vcp_ok, volume_dryup, weekly_volume_dryup, weekly_strong, stage1_not_actionable, stage1_needs_more_base",watchlist,9.09,10.09,189.7,-12.73,[15.52],[7],0.0,7.0,651
PARADEEP.NS,Paradeep Phosphates Limited,Chemicals,Unknown,Unknown,False,Cash,1,Stage 1,Stage 1,Stage 1 - Early Turn,Stage 1 - Early Turn,Stage 1 • Stage 1 - Early Turn,0.66,The stock is improving from a repair/base area but has not confirmed a clean Stage 2 yet.,,,,,16.57,20.39,2014081799.5,3.04,0.38,0.57,False,True,"Stage 1, Stage 1 - Early Turn, weekly_vcp_ok, weekly_volume_dryup, weekly_strong, stage1_not_actionable, stage1_needs_more_base",watchlist,7.57,10.07,159.78,-6.2,[10.92],[15],0.0,15.0,652
STAR.NS,Strides Pharma Science Limited,Healthcare,Unknown,Unknown,False,Cash,1,Stage 2 Failed,Stage 1,Failed Stage 2,Failed Stage 2,Stage 2 Failed • Failed Stage 2,0.72,"This stock was recently Stage 2, but the latest structure no longer satisfies Stage 2 rules. It is kept as Stage 2 Failed until a fresh base/repair structure forms.",Recent Stage 2 break; public stage held as Stage 2 Failed.,2026-08-10,2026-07-22,,-17.6,20.81,205123721.08,1.31,0.83,1.5,False,False,"Stage 1, Stage 1 - Base/Repair, stage1_not_actionable, stage1_needs_more_base | Stage 2 failed state applied from stage memory.",watchlist,5.07,10.07,1134.68,-11.96,[21.57],[22],0.0,22.0,653
RHIM.NS,RHI MAGNESITA INDIA LIMITED,Capital Goods,Unknown,Unknown,False,Cash,1,Stage 1,Stage 1,Stage 1 - Early Turn,Stage 1 - Early Turn,Stage 1 • Stage 1 - Early Turn,0.66,The stock is improving from a repair/base area but has not confirmed a clean Stage 2 yet.,,,,,2.78,0.91,254535235.04,0.22,0.5,0.22,True,True,"Stage 1, Stage 1 - Early Turn, weekly_vcp_ok, volume_dryup, weekly_volume_dryup, weekly_strong, stage1_not_actionable, stage1_needs_more_base",watchlist,7.37,9.87,444.58,-4.77,[20.8],[8],0.0,8.0,654
CANFINHOME.NS,Can Fin Homes Limited,Financial Services,Unknown,Unknown,False,Cash,1,Not Sure,Stage 1,Pending Stage 1,Pending Stage 1,Not Sure • Pending Stage 1,0.55,Stage 2 Failed -> Stage 1 needs 3 confirmation runs; current count 1.,Stage 2 Failed -> Stage 1 needs 3 confirmation runs; current count 1.,,2026-07-17,Stage 1,-5.1,-6.2,217925464.91,0.79,0.87,0.77,True,True,"Stage 1, Stage 1 - Base/Repair, weekly_vcp_ok, volume_dryup, weekly_volume_dryup, weekly_strong, stage1_not_actionable, stage1_needs_more_base | Stage 2 Failed -> Stage 1 needs 3 confirmation runs; current count 1.",watchlist,7.36,9.86,940.85,-12.81,[15.08],[9],0.0,9.0,655
THANGAMAYL.NS,Thangamayil Jewellery Limited,Consumer Durables,Unknown,Unknown,False,Cash,1,Stage 2 Failed,Stage 1,Failed Stage 2,Failed Stage 2,Stage 2 Failed • Failed Stage 2,0.72,"This stock was recently Stage 2, but the latest structure no longer satisfies Stage 2 rules. It is kept as Stage 2 Failed until a fresh base/repair structure forms.",Recent Stage 2 break; public stage held as Stage 2 Failed.,2026-08-10,2026-07-30,,41.71,62.38,1817427731.6,1.44,0.48,1.55,False,False,"Stage 1, Stage 1 - Unclear/Repair, stage1_not_actionable, stage1_needs_more_base | Stage 2 failed state applied from stage memory.",watchlist,8.75,9.75,7443.0,-28.13,[14.32],[6],0.0,6.0,656
ADVENZYMES.NS,Advanced Enzyme Technologies Limited,Healthcare,Unknown,Unknown,False,Cash,1,Stage 4,Stage 4,Stage 4,Stage 4,Stage 4,0.66,Declining structure detected.,,,2026-07-13,,-24.75,7.54,97808096.96,1.31,2.74,1.31,False,False,"Stage 4, Stage 4, downtrend",watchlist,4.62,9.62,343.6,-14.28,[23.13],[5],0.0,5.0,657
HBLENGINE.NS,HBL Engineering Ltd.,Capital Goods,Unknown,Unknown,False,Cash,1,Stage 4,Stage 4,Stage 4 - Weak/Declining,Stage 4 - Weak/Declining,Stage 4 • Stage 4 - Weak/Declining,0.72,Price is below long-term support with weak trend evidence.,,,2026-06-26,,-16.61,-5.33,608175877.29,0.95,2.22,0.97,False,False,"Stage 4, Stage 4 - Weak/Declining, weekly_vcp_ok, weekly_strong, downtrend",watchlist,7.05,9.55,836.0,-16.92,[18.9],[21],0.0,21.0,658
SUZLON.NS,Suzlon Energy Limited,Capital Goods,Unknown,Unknown,True,F&O,1,Stage 4,Stage 4,Stage 4 - Weak/Declining,Stage 4 - Weak/Declining,Stage 4 • Stage 4 - Weak/Declining,0.72,Price is below long-term support with weak trend evidence.,,,2026-07-13,,-16.32,3.19,3556001947.35,1.19,0.86,0.61,False,True,"Stage 4, Stage 4 - Weak/Declining, weekly_volume_dryup, downtrend",watchlist,7.0,9.5,60.56,-21.56,[20.89],[65],0.0,65.0,659
ADANIPORTS.NS,Adani Ports and Special Economic Zone Limited,Services,Unknown,Unknown,True,F&O,1,Stage 2 Failed,Stage 1,Failed Stage 2,Failed Stage 2,Stage 2 Failed • Failed Stage 2,0.72,"This stock was recently Stage 2, but the latest structure no longer satisfies Stage 2 rules. It is kept as Stage 2 Failed until a fresh base/repair structure forms.",Recent Stage 2 break; public stage held as Stage 2 Failed.,2026-08-10,2026-08-05,,-9.96,12.72,3775250899.32,1.32,1.05,0.88,False,True,"Stage 1, Stage 1 - Base/Repair, weekly_volume_dryup, stage1_not_actionable, stage1_needs_more_base | Stage 2 failed state applied from stage memory.",watchlist,8.37,9.37,1894.41,-11.27,[4.3],[13],0.0,13.0,660
IFBIND.NS,IFB Industries Limited,Consumer Durables,Unknown,Unknown,False,Cash,1,Stage 1,Stage 1,Stage 1 - Early Turn,Stage 1 - Early Turn,Stage 1 • Stage 1 - Early Turn,0.66,The stock is improving from a repair/base area but has not confirmed a clean Stage 2 yet.,,,2025-12-12,,20.39,20.87,124620872.31,0.88,0.53,1.25,False,False,"Stage 1, Stage 1 - Early Turn, stage1_not_actionable, stage1_needs_more_base",watchlist,8.29,9.29,1475.58,-4.8,[13.63],[8],0.0,8.0,661
BBOX.NS,Black Box Limited,Information Technology,Unknown,Unknown,False,Cash,1,Stage 2 Failed,Stage 3,Failed Stage 2,Failed Stage 2,Stage 2 Failed • Failed Stage 2,0.72,"This stock was recently Stage 2, but the latest structure no longer satisfies Stage 2 rules. It is kept as Stage 2 Failed until a fresh base/repair structure forms.",Recent Stage 2 break; public stage held as Stage 2 Failed.,2026-08-10,2026-07-21,,-16.35,37.26,253993682.55,0.77,0.48,0.47,True,True,"Stage 3, Stage 3 - Distribution/Damage, volume_dryup, weekly_volume_dryup, distribution_risk | Stage 2 failed state applied from stage memory.",watchlist,8.26,9.26,1001.75,-24.38,[16.71],[7],0.0,7.0,662
GPIL.NS,Godawari Power And Ispat limited,Capital Goods,Unknown,Unknown,False,Cash,1,Stage 4,Stage 4,Stage 4 - Weak/Declining,Stage 4 - Weak/Declining,Stage 4 • Stage 4 - Weak/Declining,0.72,Price is below long-term support with weak trend evidence.,,,2026-06-05,,-23.38,-0.88,339303120.2,1.12,1.39,1.08,False,False,"Stage 4, Stage 4 - Weak/Declining, weekly_vcp_ok, weekly_strong, downtrend",watchlist,6.57,9.07,284.5,-16.64,[27.95],[48],0.0,48.0,663
ITCHOTELS.NS,ITC Hotels Ltd.,Consumer Services,Unknown,Unknown,False,Cash,1,Stage 1,Stage 1,Stage 1 - Early Turn,Stage 1 - Early Turn,Stage 1 • Stage 1 - Early Turn,0.66,The stock is improving from a repair/base area but has not confirmed a clean Stage 2 yet.,,,,,4.26,-5.07,544086181.13,0.6,0.49,0.62,True,True,"Stage 1, Stage 1 - Early Turn, volume_dryup, weekly_volume_dryup, stage1_not_actionable, stage1_needs_more_base",watchlist,8.88,8.88,188.33,-10.33,[14.01],[23],0.0,23.0,664
ROUTE.NS,ROUTE MOBILE LIMITED,Telecommunication,Unknown,Unknown,False,Cash,1,Stage 4,Stage 4,Stage 4 - Weak/Declining,Stage 4 - Weak/Declining,Stage 4 • Stage 4 - Weak/Declining,0.72,Price is below long-term support with weak trend evidence.,,,,,-1.35,-0.98,1255894818.35,0.45,0.2,0.22,True,True,"Stage 4, Stage 4 - Weak/Declining, weekly_vcp_ok, volume_dryup, weekly_volume_dryup, weekly_strong, downtrend",watchlist,3.88,8.88,646.36,-17.15,[15.12],[7],0.0,7.0,665
TARIL.NS,Transformers And Rectifiers (India) Ltd.,Capital Goods,Unknown,Unknown,False,Cash,1,Stage 4,Stage 4,Stage 4 - Weak/Declining,Stage 4 - Weak/Declining,Stage 4 • Stage 4 - Weak/Declining,0.72,Price is below long-term support with weak trend evidence.,,,,,-7.02,9.33,460297632.54,0.29,0.27,0.28,True,True,"Stage 4, Stage 4 - Weak/Declining, weekly_vcp_ok, volume_dryup, weekly_volume_dryup, weekly_strong, downtrend",watchlist,6.36,8.86,351.21,-14.84,[22.55],[25],0.0,25.0,666
CHAMBLFERT.NS,Chambal Fertilizers & Chemicals Limited,Chemicals,Unknown,Unknown,False,Cash,1,Stage 4,Stage 4,Stage 4 - Weak/Declining,Stage 4 - Weak/Declining,Stage 4 • Stage 4 - Weak/Declining,0.72,Price is below long-term support with weak trend evidence.,,,2026-07-03,,0.2,10.12,196695815.01,0.73,0.73,0.68,True,True,"Stage 4, Stage 4 - Weak/Declining, volume_dryup, weekly_volume_dryup, downtrend",watchlist,6.24,8.74,483.54,-6.62,[14.6],[28],0.0,28.0,667
AMBER.NS,Amber Enterprises India Limited,Consumer Durables,Unknown,Unknown,True,F&O,1,Stage 2 Failed,Stage 4,Failed Stage 2,Failed Stage 2,Stage 2 Failed • Failed Stage 2,0.72,"This stock was recently Stage 2, but the latest structure no longer satisfies Stage 2 rules. It is kept as Stage 2 Failed until a fresh base/repair structure forms.",Recent Stage 2 break; public stage held as Stage 2 Failed.,2026-08-10,2026-07-20,,-19.67,11.48,1998632527.58,0.75,3.03,1.0,True,False,"Stage 4, Stage 4 - Weak/Declining, volume_dryup, downtrend | Stage 2 failed state applied from stage memory.",watchlist,7.64,8.64,8109.17,-12.51,[22.69],[9],0.0,9.0,668
GICRE.NS,General Insurance Corporation of India,Financial Services,Unknown,Unknown,False,Cash,1,Stage 4,Stage 4,Stage 4 - Confirmed Downtrend,Stage 4 - Confirmed Downtrend,Stage 4 • Stage 4 - Confirmed Downtrend,0.86,Price is below a bearish moving-average stack with falling trend signals.,,,2026-06-05,,-13.48,-2.67,161953724.34,0.37,0.83,0.43,True,True,"Stage 4, Stage 4 - Confirmed Downtrend, volume_dryup, weekly_volume_dryup, downtrend",watchlist,6.06,8.56,371.4,-5.01,[13.76],[15],0.0,15.0,669
DRREDDY.NS,Dr. Reddy's Laboratories Limited,Healthcare,Unknown,Unknown,True,F&O,1,Stage 4,Stage 4,Stage 4 - Weak/Declining,Stage 4 - Weak/Declining,Stage 4 • Stage 4 - Weak/Declining,0.72,Price is below long-term support with weak trend evidence.,,,2026-07-08,,-15.69,-3.95,2555544231.58,0.77,0.67,0.79,True,True,"Stage 4, Stage 4 - Weak/Declining, volume_dryup, weekly_volume_dryup, downtrend",watchlist,3.52,8.52,1384.06,-16.28,[21.69],[18],0.0,18.0,670
PRSMJOHNSN.NS,Prism Johnson Limited,Construction Materials,Unknown,Unknown,False,Cash,1,Stage 4,Stage 4,Stage 4 - Confirmed Downtrend,Stage 4 - Confirmed Downtrend,Stage 4 • Stage 4 - Confirmed Downtrend,0.86,Price is below a bearish moving-average stack with falling trend signals.,,,,,-18.35,-6.32,308014523.35,4.41,2.37,9.35,False,False,"Stage 4, Stage 4 - Confirmed Downtrend, downtrend",watchlist,8.5,8.5,124.42,-12.39,[8.28],[36],0.0,36.0,671
UCOBANK.NS,UCO Bank,Financial Services,Unknown,Unknown,False,Cash,1,Stage 4,Stage 4,Stage 4 - Weak/Declining,Stage 4 - Weak/Declining,Stage 4 • Stage 4 - Weak/Declining,0.72,Price is below long-term support with weak trend evidence.,,,,,-2.03,-2.33,137959425.19,0.65,0.54,0.36,True,True,"Stage 4, Stage 4 - Weak/Declining, volume_dryup, weekly_volume_dryup, downtrend",watchlist,5.92,8.42,27.8,-6.04,[15.85],[27],0.0,27.0,672
ALLCARGO.NS,Allcargo Logistics Limited,Services,Unknown,Unknown,False,Cash,1,Not Sure,Stage 1,Pending Stage 1,Pending Stage 1,Not Sure • Pending Stage 1,0.55,Blocked public stage jump Stage 4 -> Stage 1; waiting for intermediate/confirmed structure.,Blocked public stage jump Stage 4 -> Stage 1; waiting for intermediate/confirmed structure.,,,Stage 1,1.41,0.78,173909366.64,3.32,5.9,7.41,False,False,"Stage 1, Stage 1 - Unclear/Repair, weekly_vcp_ok, weekly_strong, stage1_not_actionable, stage1_needs_more_base | Blocked public stage jump Stage 4 -> Stage 1; waiting for intermediate/confirmed structure.",watchlist,7.22,8.22,8.6,13.44,[20.43],[24],0.0,24.0,673
EPIGRAL.NS,Epigral Limited,Chemicals,Unknown,Unknown,False,Cash,1,Stage 4,Stage 4,Stage 4 - Weak/Declining,Stage 4 - Weak/Declining,Stage 4 • Stage 4 - Weak/Declining,0.72,Price is below long-term support with weak trend evidence.,,,,,-13.9,18.7,177156704.04,1.39,0.45,0.56,False,True,"Stage 4, Stage 4 - Weak/Declining, weekly_volume_dryup, downtrend",watchlist,5.61,8.11,1216.12,-7.36,[30.49],[49],0.0,49.0,674
ANGELONE.NS,Angel One Limited,Financial Services,Unknown,Unknown,True,F&O,1,Stage 2 Failed,Stage 1,Failed Stage 2,Failed Stage 2,Stage 2 Failed • Failed Stage 2,0.72,"This stock was recently Stage 2, but the latest structure no longer satisfies Stage 2 rules. It is kept as Stage 2 Failed until a fresh base/repair structure forms.",Recent Stage 2 break; public stage held as Stage 2 Failed.,2026-08-10,2026-08-05,,-7.78,14.32,2082969003.47,0.78,0.61,0.58,True,True,"Stage 1, Stage 1 - Base/Repair, volume_dryup, weekly_volume_dryup, stage1_not_actionable, stage1_needs_more_base | Stage 2 failed state applied from stage memory.",watchlist,5.56,8.06,355.65,-17.11,[9.25],[6],0.0,6.0,675
KAYNES.NS,Kaynes Technology India Limited,Capital Goods,Unknown,Unknown,True,F&O,1,Not Sure,Stage 1,Pending Stage 1,Pending Stage 1,Not Sure • Pending Stage 1,0.55,Blocked public stage jump Stage 4 -> Stage 1; waiting for intermediate/confirmed structure.,Blocked public stage jump Stage 4 -> Stage 1; waiting for intermediate/confirmed structure.,,2025-11-13,Stage 1,6.8,-0.66,5164696742.78,1.77,3.22,1.45,False,False,"Stage 1, Stage 1 - Early Turn, stage1_not_actionable, stage1_needs_more_base | Blocked public stage jump Stage 4 -> Stage 1; waiting for intermediate/confirmed structure.",watchlist,5.36,7.86,3482.44,7.26,[9.99],[6],0.0,6.0,676
KRBL.NS,KRBL Limited,Fast Moving Consumer Goods,Unknown,Unknown,False,Cash,1,Stage 1,Stage 1,Stage 1 - Early Turn,Stage 1 - Early Turn,Stage 1 • Stage 1 - Early Turn,0.66,The stock is improving from a repair/base area but has not confirmed a clean Stage 2 yet.,,,2026-01-02,,-4.19,9.71,105845025.09,0.79,1.11,0.74,True,True,"Stage 1, Stage 1 - Early Turn, weekly_vcp_ok, volume_dryup, weekly_volume_dryup, weekly_strong, stage1_not_actionable, stage1_needs_more_base",watchlist,7.71,7.71,383.4,-2.48,[14.75],[21],0.0,21.0,677
CLEAN.NS,Clean Science and Technology Limited,Chemicals,Unknown,Unknown,False,Cash,1,Stage 4,Stage 4,Stage 4 - Weak/Declining,Stage 4 - Weak/Declining,Stage 4 • Stage 4 - Weak/Declining,0.72,Price is below long-term support with weak trend evidence.,,,,,-6.81,5.42,384082104.44,1.81,2.33,1.69,False,False,"Stage 4, Stage 4 - Weak/Declining, weekly_vcp_ok, weekly_strong, downtrend",watchlist,5.12,7.62,809.0,-0.67,[11.56],[9],0.0,9.0,678
ELECON.NS,Elecon Engineering Company Limited,Capital Goods,Unknown,Unknown,False,Cash,1,Stage 4,Stage 4,Stage 4 - Weak/Declining,Stage 4 - Weak/Declining,Stage 4 • Stage 4 - Weak/Declining,0.72,Price is below long-term support with weak trend evidence.,,,2026-07-06,,-17.18,-3.93,228168447.12,0.79,0.63,0.96,True,False,"Stage 4, Stage 4 - Weak/Declining, volume_dryup, downtrend",watchlist,4.83,7.33,554.82,-21.1,[28.32],[30],0.0,30.0,679
BANDHANBNK.NS,Bandhan Bank Limited,Financial Services,Unknown,Unknown,True,F&O,1,Stage 2 Failed,Stage 1,Failed Stage 2,Failed Stage 2,Stage 2 Failed • Failed Stage 2,0.72,"This stock was recently Stage 2, but the latest structure no longer satisfies Stage 2 rules. It is kept as Stage 2 Failed until a fresh base/repair structure forms.",Recent Stage 2 break; public stage held as Stage 2 Failed.,2026-08-10,2026-07-21,,-18.42,11.13,3752338554.41,0.81,0.38,0.88,True,True,"Stage 1, Stage 1 - Base/Repair, volume_dryup, weekly_volume_dryup, stage1_not_actionable, stage1_needs_more_base | Stage 2 failed state applied from stage memory.",watchlist,4.77,7.27,221.15,-21.94,[26.64],[7],0.0,7.0,680
SUDARSCHEM.NS,Sudarshan Chemical Industries Limited,Chemicals,Unknown,Unknown,False,Cash,1,Stage 1,Stage 1,Stage 1 - Early Turn,Stage 1 - Early Turn,Stage 1 • Stage 1 - Early Turn,0.66,The stock is improving from a repair/base area but has not confirmed a clean Stage 2 yet.,,,,,22.82,27.29,291393131.46,1.15,0.8,1.28,False,False,"Stage 1, Stage 1 - Early Turn, stage1_not_actionable, stage1_needs_more_base",watchlist,4.76,7.26,1090.2,3.13,[9.12],[6],0.0,6.0,681
EASEMYTRIP.NS,Easy Trip Planners Limited,Consumer Services,Unknown,Unknown,False,Cash,1,Stage 4,Stage 4,Stage 4 - Confirmed Downtrend,Stage 4 - Confirmed Downtrend,Stage 4 • Stage 4 - Confirmed Downtrend,0.86,Price is below a bearish moving-average stack with falling trend signals.,,,,,-22.26,2.97,110186895.84,0.46,0.64,0.39,True,True,"Stage 4, Stage 4 - Confirmed Downtrend, weekly_vcp_ok, volume_dryup, weekly_volume_dryup, weekly_strong, downtrend",watchlist,7.25,7.25,6.92,-5.52,[29.76],[34],0.0,34.0,682
AWL.NS,Adani Wilmar Limited,Fast Moving Consumer Goods,Unknown,Unknown,False,Cash,1,Stage 4,Stage 4,Stage 4 - Weak/Declining,Stage 4 - Weak/Declining,Stage 4 • Stage 4 - Weak/Declining,0.72,Price is below long-term support with weak trend evidence.,,,2025-11-25,,-6.97,-2.04,544353639.76,0.98,0.26,0.76,False,True,"Stage 4, Stage 4 - Weak/Declining, weekly_vcp_ok, weekly_volume_dryup, weekly_strong, downtrend",watchlist,7.19,7.19,215.26,-8.89,[9.24],[74],0.0,74.0,683
TRENT.NS,Trent Limited,Consumer Services,Unknown,Unknown,True,F&O,1,Stage 1,Stage 1,Stage 1 - Early Turn,Stage 1 - Early Turn,Stage 1 • Stage 1 - Early Turn,0.66,The stock is improving from a repair/base area but has not confirmed a clean Stage 2 yet.,,,,,6.1,15.09,3411628381.66,0.89,0.67,1.29,False,False,"Stage 1, Stage 1 - Early Turn, stage1_not_actionable, stage1_needs_more_base",watchlist,7.13,7.13,3405.65,-11.18,[16.58],[15],0.0,15.0,684
NUVOCO.NS,Nuvoco Vistas Corporation Limited,Construction Materials,Unknown,Unknown,False,Cash,1,Stage 1,Stage 1,Stage 1 - Early Turn,Stage 1 - Early Turn,Stage 1 • Stage 1 - Early Turn,0.66,The stock is improving from a repair/base area but has not confirmed a clean Stage 2 yet.,,,2025-10-17,,-1.64,1.49,1670676912.61,0.15,0.1,0.16,True,True,"Stage 1, Stage 1 - Early Turn, weekly_vcp_ok, volume_dryup, weekly_volume_dryup, weekly_strong, stage1_not_actionable, stage1_needs_more_base",watchlist,7.12,7.12,398.7,-15.25,[17.92],[9],0.0,9.0,685
IONEXCHANG.NS,ION Exchange (India) Limited,Construction,Unknown,Unknown,False,Cash,1,Stage 2 Failed,Stage 1,Failed Stage 2,Failed Stage 2,Stage 2 Failed • Failed Stage 2,0.72,"This stock was recently Stage 2, but the latest structure no longer satisfies Stage 2 rules. It is kept as Stage 2 Failed until a fresh base/repair structure forms.",Recent Stage 2 break; public stage held as Stage 2 Failed.,2026-08-10,2026-08-05,,-6.96,5.41,234582971.09,0.61,0.51,0.91,True,False,"Stage 1, Stage 1 - Base/Repair, weekly_vcp_ok, volume_dryup, weekly_strong, stage1_not_actionable, stage1_needs_more_base | Stage 2 failed state applied from stage memory.",watchlist,7.06,7.06,486.85,-20.79,[15.96],[9],0.0,9.0,686
DLF.NS,DLF Limited,Realty,Unknown,Unknown,True,F&O,1,Stage 1,Stage 1,Stage 1 - Early Turn,Stage 1 - Early Turn,Stage 1 • Stage 1 - Early Turn,0.66,The stock is improving from a repair/base area but has not confirmed a clean Stage 2 yet.,,,,,9.43,4.2,2554787507.21,0.86,0.65,1.02,False,False,"Stage 1, Stage 1 - Early Turn, stage1_not_actionable, stage1_needs_more_base",watchlist,6.01,7.01,683.42,-3.43,[8.87],[10],0.0,10.0,687
RCF.NS,Rashtriya Chemicals and Fertilizers Limited,Chemicals,Unknown,Unknown,False,Cash,1,Stage 4,Stage 4,Stage 4 - Weak/Declining,Stage 4 - Weak/Declining,Stage 4 • Stage 4 - Weak/Declining,0.72,Price is below long-term support with weak trend evidence.,,,,,-3.27,-1.85,91071111.49,0.43,0.54,0.31,True,True,"Stage 4, Stage 4 - Weak/Declining, weekly_vcp_ok, volume_dryup, weekly_volume_dryup, weekly_strong, downtrend",watchlist,4.5,7.0,137.4,-7.42,[11.33],[12],0.0,12.0,688
DELTACORP.NS,Delta Corp Limited,Consumer Services,Unknown,Unknown,False,Cash,1,Stage 4,Stage 4,Stage 4 - Confirmed Downtrend,Stage 4 - Confirmed Downtrend,Stage 4 • Stage 4 - Confirmed Downtrend,0.86,Price is below a bearish moving-average stack with falling trend signals.,,,,,-16.59,-1.85,66174495.78,0.32,0.35,0.19,True,True,"Stage 4, Stage 4 - Confirmed Downtrend, volume_dryup, weekly_volume_dryup, downtrend",watchlist,6.75,6.75,69.4,-8.04,[27.92],[30],0.0,30.0,689
SAGILITY.NS,Sagility Ltd.,Information Technology,Unknown,Unknown,False,Cash,1,Not Sure,Stage 1,Pending Stage 1,Pending Stage 1,Not Sure • Pending Stage 1,0.55,Blocked public stage jump Stage 4 -> Stage 1; waiting for intermediate/confirmed structure.,Blocked public stage jump Stage 4 -> Stage 1; waiting for intermediate/confirmed structure.,,,Stage 1,-3.24,-5.69,1279090875.3,1.29,0.55,0.68,False,True,"Stage 1, Stage 1 - Early Turn, weekly_vcp_ok, weekly_volume_dryup, weekly_strong, stage1_not_actionable, stage1_needs_more_base | Blocked public stage jump Stage 4 -> Stage 1; waiting for intermediate/confirmed structure.",watchlist,5.62,6.62,46.22,-5.57,[15.15],[29],0.0,29.0,690
PNCINFRA.NS,PNC Infratech Limited,Construction,Unknown,Unknown,False,Cash,1,Stage 4,Stage 4,Stage 4 - Weak/Declining,Stage 4 - Weak/Declining,Stage 4 • Stage 4 - Weak/Declining,0.72,Price is below long-term support with weak trend evidence.,,,,,-9.74,-3.46,166458828.86,1.37,5.05,2.32,False,False,"Stage 4, Stage 4 - Weak/Declining, weekly_vcp_ok, weekly_strong, downtrend",watchlist,6.5,6.5,258.45,-18.59,[14.34],[20],0.0,20.0,691
COALINDIA.NS,Coal India Limited,"Oil, Gas & Consumable Fuels",Unknown,Unknown,True,F&O,1,Stage 4,Stage 4,Stage 4 - Weak/Declining,Stage 4 - Weak/Declining,Stage 4 • Stage 4 - Weak/Declining,0.72,Price is below long-term support with weak trend evidence.,,,2026-07-03,,-13.42,2.38,2815332430.84,1.12,0.96,0.59,False,True,"Stage 4, Stage 4 - Weak/Declining, weekly_volume_dryup, downtrend",watchlist,5.35,6.35,456.26,-9.92,[16.14],[39],0.0,39.0,692
NBCC.NS,NBCC (India) Ltd.,Construction,Unknown,Unknown,True,F&O,1,Stage 4,Stage 4,Stage 4 - Weak/Declining,Stage 4 - Weak/Declining,Stage 4 • Stage 4 - Weak/Declining,0.72,Price is below long-term support with weak trend evidence.,,,2026-07-02,,-5.82,-2.28,589770638.65,0.43,0.46,0.4,True,True,"Stage 4, Stage 4 - Weak/Declining, weekly_vcp_ok, volume_dryup, weekly_volume_dryup, weekly_strong, downtrend",watchlist,6.25,6.25,102.65,-7.6,[20.07],[26],0.0,26.0,693
PURVA.NS,Puravankara Limited,Realty,Unknown,Unknown,False,Cash,1,Stage 4,Stage 4,Stage 4 - Weak/Declining,Stage 4 - Weak/Declining,Stage 4 • Stage 4 - Weak/Declining,0.72,Price is below long-term support with weak trend evidence.,,,,,-5.81,-6.01,229441462.98,0.26,0.13,0.21,True,True,"Stage 4, Stage 4 - Weak/Declining, weekly_vcp_ok, volume_dryup, weekly_volume_dryup, weekly_strong, downtrend",watchlist,5.12,6.12,262.26,-18.72,[20.77],[17],0.0,17.0,694
BAJAJHFL.NS,Bajaj Housing Finance Ltd.,Financial Services,Unknown,Unknown,False,Cash,1,Stage 4,Stage 4,Stage 4 - Weak/Declining,Stage 4 - Weak/Declining,Stage 4 • Stage 4 - Weak/Declining,0.72,Price is below long-term support with weak trend evidence.,,,,,-4.09,-2.03,264529881.04,0.84,0.71,0.63,True,True,"Stage 4, Stage 4 - Weak/Declining, weekly_vcp_ok, volume_dryup, weekly_volume_dryup, weekly_strong, downtrend",watchlist,3.61,6.11,94.16,-9.67,[8.57],[24],0.0,24.0,695
GOCOLORS.NS,Go Fashion (India) Limited,Consumer Services,Unknown,Unknown,False,Cash,1,Stage 4,Stage 4,Stage 4 - Weak/Declining,Stage 4 - Weak/Declining,Stage 4 • Stage 4 - Weak/Declining,0.72,Price is below long-term support with weak trend evidence.,,,,,15.32,-10.56,121213691.63,0.31,0.2,0.23,True,True,"Stage 4, Stage 4 - Weak/Declining, weekly_vcp_ok, volume_dryup, weekly_volume_dryup, weekly_strong, downtrend",watchlist,5.85,5.85,365.69,-9.96,[29.7],[19],0.0,19.0,696
VBL.NS,Varun Beverages Limited,Fast Moving Consumer Goods,Unknown,Unknown,True,F&O,1,Stage 1,Stage 1,Stage 1 - Base/Repair,Stage 1 - Base/Repair,Stage 1 • Stage 1 - Base/Repair,0.7,Price is near long-term moving averages with no strong long-term downtrend signal.,,,2026-07-10,,-16.86,2.36,3285041393.9,1.55,0.36,0.48,False,True,"Stage 1, Stage 1 - Base/Repair, weekly_volume_dryup, stage1_not_actionable, stage1_needs_more_base",watchlist,5.62,5.62,524.14,-15.0,[23.89],[29],0.0,29.0,697
SKFINDIA.NS,SKF India Limited,Capital Goods,Unknown,Unknown,False,Cash,1,Stage 4,Stage 4,Stage 4 - Confirmed Downtrend,Stage 4 - Confirmed Downtrend,Stage 4 • Stage 4 - Confirmed Downtrend,0.86,Price is below a bearish moving-average stack with falling trend signals.,,,,,-12.05,-5.33,73832628.38,1.13,1.18,1.57,False,False,"Stage 4, Stage 4 - Confirmed Downtrend, weekly_vcp_ok, downtrend",watchlist,3.08,5.58,1670.3,-7.96,[13.76],[27],0.0,27.0,698
ONGC.NS,Oil & Natural Gas Corporation Limited,"Oil, Gas & Consumable Fuels",Unknown,Unknown,True,F&O,1,Stage 4,Stage 4,Stage 4 - Weak/Declining,Stage 4 - Weak/Declining,Stage 4 • Stage 4 - Weak/Declining,0.72,Price is below long-term support with weak trend evidence.,,,2026-05-22,,-25.44,-3.3,2793585219.83,0.85,0.77,0.94,True,False,"Stage 4, Stage 4 - Weak/Declining, volume_dryup, downtrend",watchlist,4.54,5.54,254.64,-5.81,[25.35],[32],0.0,32.0,699
ICRA.NS,ICRA Limited,Financial Services,Unknown,Unknown,False,Cash,1,Stage 4,Stage 4,Stage 4 - Weak/Declining,Stage 4 - Weak/Declining,Stage 4 • Stage 4 - Weak/Declining,0.72,Price is below long-term support with weak trend evidence.,,,2025-11-06,,-6.42,-8.56,235003078.79,1.92,1.16,1.6,False,False,"Stage 4, Stage 4 - Weak/Declining, weekly_vcp_ok, weekly_strong, downtrend",watchlist,3.0,5.5,5277.67,-3.49,[12.58],[27],0.0,27.0,700
UTIAMC.NS,UTI Asset Management Company Limited,Financial Services,Unknown,Unknown,False,Cash,1,Stage 4,Stage 4,Stage 4 - Weak/Declining,Stage 4 - Weak/Declining,Stage 4 • Stage 4 - Weak/Declining,0.72,Price is below long-term support with weak trend evidence.,,,,,-7.56,-6.49,311651219.47,0.72,0.54,0.73,True,True,"Stage 4, Stage 4 - Weak/Declining, weekly_vcp_ok, volume_dryup, weekly_volume_dryup, weekly_strong, downtrend",watchlist,2.95,5.45,997.33,-8.97,[12.01],[9],0.0,9.0,701
SAMHI.NS,Samhi Hotels Limited,Consumer Services,Unknown,Unknown,False,Cash,1,Not Sure,Stage 4,Pending Stage 4,Pending Stage 4,Not Sure • Pending Stage 4,0.55,Blocked public stage jump Stage 1 -> Stage 4; waiting for intermediate/confirmed structure.,Blocked public stage jump Stage 1 -> Stage 4; waiting for intermediate/confirmed structure.,,,Stage 4,7.57,7.07,186291142.89,1.29,1.7,1.67,False,False,"Stage 4, Stage 4 - Weak/Declining, downtrend | Blocked public stage jump Stage 1 -> Stage 4; waiting for intermediate/confirmed structure.",watchlist,5.37,5.37,186.93,-9.16,[14.17],[17],0.0,17.0,702
TARC.NS,TARC Limited,Realty,Unknown,Unknown,False,Cash,1,Stage 4,Stage 4,Stage 4 - Weak/Declining,Stage 4 - Weak/Declining,Stage 4 • Stage 4 - Weak/Declining,0.72,Price is below long-term support with weak trend evidence.,,,,,-4.47,-11.64,150031751.73,0.3,0.09,0.16,True,True,"Stage 4, Stage 4 - Weak/Declining, weekly_vcp_ok, volume_dryup, weekly_volume_dryup, weekly_strong, downtrend",watchlist,4.25,5.25,142.4,-7.74,[19.17],[10],0.0,10.0,703
MEDPLUS.NS,Medplus Health Services Limited,Consumer Services,Unknown,Unknown,False,Cash,1,Stage 4,Stage 4,Stage 4 - Weak/Declining,Stage 4 - Weak/Declining,Stage 4 • Stage 4 - Weak/Declining,0.72,Price is below long-term support with weak trend evidence.,,,2026-06-05,,-28.0,-15.86,227023652.38,0.94,0.37,0.73,False,True,"Stage 4, Stage 4 - Weak/Declining, weekly_volume_dryup, downtrend",watchlist,5.08,5.08,900.62,-23.8,[36.12],[44],0.0,44.0,704
RPOWER.NS,Reliance Power Limited,Power,Unknown,Unknown,False,Cash,1,Stage 4,Stage 4,Stage 4 - Confirmed Downtrend,Stage 4 - Confirmed Downtrend,Stage 4 • Stage 4 - Confirmed Downtrend,0.86,Price is below a bearish moving-average stack with falling trend signals.,,,,,-19.15,-11.1,471827938.41,0.59,0.54,0.69,True,True,"Stage 4, Stage 4 - Confirmed Downtrend, weekly_vcp_ok, volume_dryup, weekly_volume_dryup, weekly_strong, downtrend",watchlist,5.0,5.0,25.51,-6.08,[21.43],[16],0.0,16.0,705
LGBBROSLTD.NS,LG Balakrishnan & Bros Limited,Automobile and Auto Components,Unknown,Unknown,False,Cash,1,Stage 4,Stage 4,Stage 4 - Confirmed Downtrend,Stage 4 - Confirmed Downtrend,Stage 4 • Stage 4 - Confirmed Downtrend,0.86,Price is below a bearish moving-average stack with falling trend signals.,,,2026-05-01,,-8.55,-10.56,35874879.78,1.1,1.45,1.06,False,False,"Stage 4, Stage 4 - Confirmed Downtrend, downtrend",watchlist,0.0,5.0,1629.2,-4.76,[20.78],[43],0.0,43.0,706
JKCEMENT.NS,J.K. Cement Ltd.,Construction Materials,Unknown,Unknown,False,Cash,1,Stage 4,Stage 4,Stage 4 - Weak/Declining,Stage 4 - Weak/Declining,Stage 4 • Stage 4 - Weak/Declining,0.72,Price is below long-term support with weak trend evidence.,,,,,-7.21,-4.65,346408051.38,0.52,0.21,0.35,True,True,"Stage 4, Stage 4 - Weak/Declining, volume_dryup, weekly_volume_dryup, downtrend",watchlist,4.88,4.88,5790.0,-6.95,[16.89],[15],0.0,15.0,707
LTTS.NS,L&T Technology Services Ltd.,Information Technology,Unknown,Unknown,False,Cash,1,Stage 4,Stage 4,Stage 4 - Weak/Declining,Stage 4 - Weak/Declining,Stage 4 • Stage 4 - Weak/Declining,0.72,Price is below long-term support with weak trend evidence.,,,,,-1.55,-1.39,851019179.1,0.64,0.36,0.52,True,True,"Stage 4, Stage 4 - Weak/Declining, weekly_vcp_ok, volume_dryup, weekly_volume_dryup, weekly_strong, downtrend",watchlist,3.84,4.84,3680.39,-2.64,[13.55],[10],0.0,10.0,708
MAPMYINDIA.NS,C.E. Info Systems Limited,Information Technology,Unknown,Unknown,False,Cash,1,Stage 4,Stage 4,Stage 4 - Weak/Declining,Stage 4 - Weak/Declining,Stage 4 • Stage 4 - Weak/Declining,0.72,Price is below long-term support with weak trend evidence.,,,,,-8.84,-17.23,793861450.62,0.59,0.3,0.7,True,True,"Stage 4, Stage 4 - Weak/Declining, weekly_vcp_ok, volume_dryup, weekly_volume_dryup, weekly_strong, downtrend",watchlist,3.75,4.75,1228.34,-19.81,[16.71],[6],0.0,6.0,709
UPL.NS,UPL Limited,Chemicals,Unknown,Unknown,True,F&O,1,Stage 4,Stage 4,Stage 4 - Confirmed Downtrend,Stage 4 - Confirmed Downtrend,Stage 4 • Stage 4 - Confirmed Downtrend,0.86,Price is below a bearish moving-average stack with falling trend signals.,,,2026-01-20,,-15.48,-18.43,1278606452.11,1.08,0.75,1.47,False,False,"Stage 4, Stage 4 - Confirmed Downtrend, weekly_vcp_ok, weekly_strong, downtrend",watchlist,2.25,4.75,625.05,-9.29,[14.88],[26],0.0,26.0,710
HCC.NS,Hindustan Construction Company Limited,Construction,Unknown,Unknown,False,Cash,1,Stage 4,Stage 4,Stage 4 - Weak/Declining,Stage 4 - Weak/Declining,Stage 4 • Stage 4 - Weak/Declining,0.72,Price is below long-term support with weak trend evidence.,,,2026-07-10,,-13.26,6.29,408607362.74,0.53,1.09,0.61,True,True,"Stage 4, Stage 4 - Weak/Declining, weekly_vcp_ok, volume_dryup, weekly_volume_dryup, weekly_strong, downtrend",watchlist,4.62,4.62,22.34,-9.66,[17.44],[10],0.0,10.0,711
NCC.NS,NCC Limited,Construction,Unknown,Unknown,False,Cash,1,Stage 4,Stage 4,Stage 4 - Confirmed Downtrend,Stage 4 - Confirmed Downtrend,Stage 4 • Stage 4 - Confirmed Downtrend,0.86,Price is below a bearish moving-average stack with falling trend signals.,,,,,-13.38,-1.78,240899568.27,1.09,1.61,1.35,False,False,"Stage 4, Stage 4 - Confirmed Downtrend, weekly_vcp_ok, weekly_strong, downtrend",watchlist,4.43,4.43,153.07,-4.32,[16.75],[24],0.0,24.0,712
AFFLE.NS,Affle (India) Limited,Information Technology,Unknown,Unknown,False,Cash,1,Stage 1,Stage 1,Stage 1 - Early Turn,Stage 1 - Early Turn,Stage 1 • Stage 1 - Early Turn,0.66,The stock is improving from a repair/base area but has not confirmed a clean Stage 2 yet.,,,2025-10-27,,1.53,1.27,825677752.93,2.33,0.88,0.8,False,True,"Stage 1, Stage 1 - Early Turn, weekly_vcp_ok, weekly_volume_dryup, stage1_not_actionable, stage1_needs_more_base",watchlist,3.41,4.41,1672.52,-4.66,[10.75],[9],0.0,9.0,713
CMSINFO.NS,CMS Info Systems Limited,Services,Unknown,Unknown,False,Cash,1,Stage 4,Stage 4,Stage 4 - Confirmed Downtrend,Stage 4 - Confirmed Downtrend,Stage 4 • Stage 4 - Confirmed Downtrend,0.86,Price is below a bearish moving-average stack with falling trend signals.,,,,,-12.96,-7.77,157425405.36,1.17,1.72,0.95,False,False,"Stage 4, Stage 4 - Confirmed Downtrend, weekly_vcp_ok, weekly_strong, downtrend",watchlist,3.37,4.37,282.2,-1.01,[16.85],[12],0.0,12.0,714
PATANJALI.NS,Patanjali Foods Ltd.,Fast Moving Consumer Goods,Unknown,Unknown,True,F&O,1,Stage 4,Stage 4,Stage 4 - Confirmed Downtrend,Stage 4 - Confirmed Downtrend,Stage 4 • Stage 4 - Confirmed Downtrend,0.86,Price is below a bearish moving-average stack with falling trend signals.,,,,,-25.67,-27.38,3377255658.51,1.09,0.96,0.67,False,True,"Stage 4, Stage 4 - Confirmed Downtrend, weekly_volume_dryup, downtrend",watchlist,4.12,4.12,435.81,-18.54,[31.29],[41],0.0,41.0,715
HAVELLS.NS,Havells India Limited,Consumer Durables,Unknown,Unknown,True,F&O,1,Stage 1,Stage 1,Stage 1 - Early Turn,Stage 1 - Early Turn,Stage 1 • Stage 1 - Early Turn,0.66,The stock is improving from a repair/base area but has not confirmed a clean Stage 2 yet.,,,,,2.54,-0.07,1642082365.46,1.0,0.25,1.1,False,False,"Stage 1, Stage 1 - Early Turn, weekly_vcp_ok, weekly_strong, stage1_not_actionable, stage1_needs_more_base",watchlist,3.12,4.12,1303.78,-1.44,[7.52],[7],0.0,7.0,716
GODIGIT.NS,Go Digit General Insurance Ltd.,Financial Services,Unknown,Unknown,False,Cash,1,Stage 4,Stage 4,Stage 4 - Confirmed Downtrend,Stage 4 - Confirmed Downtrend,Stage 4 • Stage 4 - Confirmed Downtrend,0.86,Price is below a bearish moving-average stack with falling trend signals.,,,,,-17.75,-9.31,375460381.58,1.4,0.23,1.67,False,False,"Stage 4, Stage 4 - Confirmed Downtrend, weekly_vcp_ok, weekly_strong, downtrend",watchlist,1.62,4.12,316.55,-15.21,[26.66],[21],0.0,21.0,717
GODREJCP.NS,Godrej Consumer Products Ltd.,Fast Moving Consumer Goods,Unknown,Unknown,True,F&O,1,Stage 4,Stage 4,Stage 4 - Weak/Declining,Stage 4 - Weak/Declining,Stage 4 • Stage 4 - Weak/Declining,0.72,Price is below long-term support with weak trend evidence.,,,2026-02-11,,-5.18,-8.7,724023114.24,1.03,1.91,1.46,False,False,"Stage 4, Stage 4 - Weak/Declining, weekly_vcp_ok, weekly_strong, downtrend",watchlist,4.02,4.02,1119.96,-7.76,[7.16],[11],0.0,11.0,718
INDIAMART.NS,Indiamart Intermesh Limited,Consumer Services,Unknown,Unknown,False,Cash,1,Stage 4,Stage 4,Stage 4 - Confirmed Downtrend,Stage 4 - Confirmed Downtrend,Stage 4 • Stage 4 - Confirmed Downtrend,0.86,Price is below a bearish moving-average stack with falling trend signals.,,,,,-12.1,-13.79,299071145.01,1.23,1.99,1.16,False,False,"Stage 4, Stage 4 - Confirmed Downtrend, weekly_vcp_ok, weekly_strong, downtrend",watchlist,3.97,3.97,1982.36,-10.07,[12.06],[8],0.0,8.0,719
KPITTECH.NS,KPIT Technologies Limited,Information Technology,Unknown,Unknown,True,F&O,1,Stage 4,Stage 4,Stage 4 - Confirmed Downtrend,Stage 4 - Confirmed Downtrend,Stage 4 • Stage 4 - Confirmed Downtrend,0.86,Price is below a bearish moving-average stack with falling trend signals.,,,,,-16.59,-30.24,3240543377.64,1.88,0.25,0.56,False,True,"Stage 4, Stage 4 - Confirmed Downtrend, weekly_vcp_ok, weekly_volume_dryup, weekly_strong, downtrend",watchlist,2.88,3.88,663.81,-5.41,[34.26],[31],0.0,31.0,720
TCS.NS,Tata Consultancy Services Limited,Information Technology,Unknown,Unknown,True,F&O,1,Stage 4,Stage 4,Stage 4 - Weak/Declining,Stage 4 - Weak/Declining,Stage 4 • Stage 4 - Weak/Declining,0.72,Price is below long-term support with weak trend evidence.,,,,,4.91,-11.52,9861145503.33,0.88,0.49,0.61,False,True,"Stage 4, Stage 4 - Weak/Declining, weekly_volume_dryup, downtrend",watchlist,2.86,3.86,2499.37,-2.95,[19.56],[21],0.0,21.0,721
NTPCGREEN.NS,NTPC Green Energy Ltd.,Power,Unknown,Unknown,False,Cash,1,Stage 4,Stage 4,Stage 4 - Weak/Declining,Stage 4 - Weak/Declining,Stage 4 • Stage 4 - Weak/Declining,0.72,Price is below long-term support with weak trend evidence.,,,2026-06-05,,-21.25,9.02,897991410.99,0.65,0.32,0.48,True,True,"Stage 4, Stage 4 - Weak/Declining, weekly_vcp_ok, volume_dryup, weekly_volume_dryup, weekly_strong, downtrend",watchlist,3.7,3.7,99.77,-7.91,[13.3],[10],0.0,10.0,722
JMFINANCIL.NS,JM Financial Limited,Financial Services,Unknown,Unknown,False,Cash,1,Stage 4,Stage 4,Stage 4 - Weak/Declining,Stage 4 - Weak/Declining,Stage 4 • Stage 4 - Weak/Declining,0.72,Price is below long-term support with weak trend evidence.,,,,,-11.21,3.47,425553063.47,1.47,0.63,2.12,False,False,"Stage 4, Stage 4 - Weak/Declining, weekly_vcp_ok, weekly_strong, downtrend",watchlist,1.12,3.62,133.46,-4.69,[22.21],[17],0.0,17.0,723
TECHNOE.NS,Techno Electric & Engineering Company Limited,Construction,Unknown,Unknown,False,Cash,1,Stage 4,Stage 4,Stage 4 - Weak/Declining,Stage 4 - Weak/Declining,Stage 4 • Stage 4 - Weak/Declining,0.72,Price is below long-term support with weak trend evidence.,,,,,-16.91,7.21,167675782.08,1.01,1.25,1.44,False,False,"Stage 4, Stage 4 - Weak/Declining, downtrend",watchlist,3.51,3.51,1111.0,-4.36,[26.36],[28],0.0,28.0,724
ICICIGI.NS,ICICI Lombard General Insurance Company Limited,Financial Services,Unknown,Unknown,True,F&O,1,Stage 4,Stage 4,Stage 4 - Confirmed Downtrend,Stage 4 - Confirmed Downtrend,Stage 4 • Stage 4 - Confirmed Downtrend,0.86,Price is below a bearish moving-average stack with falling trend signals.,,,2026-01-07,,-13.42,-6.47,2927024229.3,0.9,0.5,1.2,False,False,"Stage 4, Stage 4 - Confirmed Downtrend, downtrend",watchlist,0.73,3.23,1841.12,-10.45,[15.96],[6],0.0,6.0,725
ESABINDIA.NS,Esab India Limited,Capital Goods,Unknown,Unknown,False,Cash,1,Stage 1,Stage 1,Stage 1 - Base/Repair,Stage 1 - Base/Repair,Stage 1 • Stage 1 - Base/Repair,0.7,Price is near long-term moving averages with no strong long-term downtrend signal.,,,2026-06-05,,-19.05,5.2,16194629.17,0.77,1.65,0.85,True,True,"Stage 1, Stage 1 - Base/Repair, volume_dryup, weekly_volume_dryup, stage1_not_actionable, stage1_needs_more_base",watchlist,0.7,3.2,5967.58,-3.71,[22.58],[14],0.0,14.0,726
RUSTOMJEE.NS,Keystone Realtors Limited,Realty,Unknown,Unknown,False,Cash,1,Stage 4,Stage 4,Stage 4 - Weak/Declining,Stage 4 - Weak/Declining,Stage 4 • Stage 4 - Weak/Declining,0.72,Price is below long-term support with weak trend evidence.,,,,,-15.08,-16.68,195317344.23,2.49,0.24,4.95,False,False,"Stage 4, Stage 4 - Weak/Declining, weekly_vcp_ok, weekly_strong, downtrend",watchlist,2.12,3.12,440.77,-16.14,[15.47],[25],0.0,25.0,727
SJVN.NS,SJVN Limited,Power,Unknown,Unknown,False,Cash,1,Stage 4,Stage 4,Stage 4 - Confirmed Downtrend,Stage 4 - Confirmed Downtrend,Stage 4 • Stage 4 - Confirmed Downtrend,0.86,Price is below a bearish moving-average stack with falling trend signals.,,,,,-16.89,-1.31,129754061.53,0.9,0.59,0.64,False,True,"Stage 4, Stage 4 - Confirmed Downtrend, weekly_vcp_ok, weekly_volume_dryup, weekly_strong, downtrend",watchlist,3.04,3.04,70.55,-3.76,[11.5],[24],0.0,24.0,728
VMM.NS,Vishal Mega Mart Ltd.,Consumer Services,Unknown,Unknown,True,F&O,1,Stage 4,Stage 4,Stage 4 - Confirmed Downtrend,Stage 4 - Confirmed Downtrend,Stage 4 • Stage 4 - Confirmed Downtrend,0.86,Price is below a bearish moving-average stack with falling trend signals.,,,,,-12.95,-6.55,1142084946.78,0.77,0.34,0.63,True,True,"Stage 4, Stage 4 - Confirmed Downtrend, weekly_vcp_ok, volume_dryup, weekly_volume_dryup, weekly_strong, downtrend",watchlist,3.02,3.02,123.91,-12.35,[14.05],[14],0.0,14.0,729
MFSL.NS,Max Financial Services Limited,Financial Services,Unknown,Unknown,True,F&O,1,Stage 4,Stage 4,Stage 4 - Confirmed Downtrend,Stage 4 - Confirmed Downtrend,Stage 4 • Stage 4 - Confirmed Downtrend,0.86,Price is below a bearish moving-average stack with falling trend signals.,,,2026-03-11,,-10.37,-6.53,1013837741.11,1.0,0.44,0.88,False,True,"Stage 4, Stage 4 - Confirmed Downtrend, weekly_vcp_ok, weekly_volume_dryup, weekly_strong, downtrend",watchlist,0.15,2.65,1664.91,-9.03,[10.66],[9],0.0,9.0,730
VSTIND.NS,VST Industries Limited,Fast Moving Consumer Goods,Unknown,Unknown,False,Cash,1,Stage 4,Stage 4,Stage 4 - Weak/Declining,Stage 4 - Weak/Declining,Stage 4 • Stage 4 - Weak/Declining,0.72,Price is below long-term support with weak trend evidence.,,,2026-07-10,,-16.25,0.04,65002153.85,0.86,0.29,0.37,False,True,"Stage 4, Stage 4 - Weak/Declining, weekly_volume_dryup, downtrend",watchlist,2.56,2.56,260.09,-15.57,[17.19],[17],0.0,17.0,731
PILANIINVS.NS,Pilani Investment and Industries Corporation Limited,Financial Services,Unknown,Unknown,False,Cash,1,Stage 4,Stage 4,Stage 4 - Weak/Declining,Stage 4 - Weak/Declining,Stage 4 • Stage 4 - Weak/Declining,0.72,Price is below long-term support with weak trend evidence.,,,2025-11-17,,-5.79,-0.52,4894950.78,0.65,1.03,0.71,True,True,"Stage 4, Stage 4 - Weak/Declining, weekly_vcp_ok, volume_dryup, weekly_volume_dryup, weekly_strong, downtrend",watchlist,0.0,2.5,4520.0,-3.45,[6.42],[12],0.0,12.0,732
VESUVIUS.NS,Vesuvius India Limited,Capital Goods,Unknown,Unknown,False,Cash,1,Stage 4,Stage 4,Stage 4 - Weak/Declining,Stage 4 - Weak/Declining,Stage 4 • Stage 4 - Weak/Declining,0.72,Price is below long-term support with weak trend evidence.,,,,,-7.21,-4.07,31965710.63,0.67,1.64,0.9,True,True,"Stage 4, Stage 4 - Weak/Declining, weekly_vcp_ok, volume_dryup, weekly_volume_dryup, weekly_strong, downtrend",watchlist,0.0,2.5,505.88,-8.48,[12.66],[16],0.0,16.0,733
JSWHL.NS,JSW Holdings Limited,Financial Services,Unknown,Unknown,False,Cash,1,Stage 4,Stage 4,Stage 4 - Confirmed Downtrend,Stage 4 - Confirmed Downtrend,Stage 4 • Stage 4 - Confirmed Downtrend,0.86,Price is below a bearish moving-average stack with falling trend signals.,,,,,-10.35,-28.35,38307243.1,1.11,0.63,1.4,False,False,"Stage 4, Stage 4 - Confirmed Downtrend, weekly_vcp_ok, weekly_strong, downtrend",watchlist,0.0,2.5,12480.8,-5.04,[20.25],[28],0.0,28.0,734
LICHSGFIN.NS,LIC Housing Finance Limited,Financial Services,Unknown,Unknown,True,F&O,1,Stage 2 Failed,Stage 4,Failed Stage 2,Failed Stage 2,Stage 2 Failed • Failed Stage 2,0.72,"This stock was recently Stage 2, but the latest structure no longer satisfies Stage 2 rules. It is kept as Stage 2 Failed until a fresh base/repair structure forms.",Recent Stage 2 break; public stage held as Stage 2 Failed.,2026-08-10,2026-07-27,,-15.93,0.11,746671873.52,1.26,0.92,1.11,False,False,"Stage 4, Stage 4 - Weak/Declining, weekly_vcp_ok, weekly_strong, downtrend | Stage 2 failed state applied from stage memory.",watchlist,0.0,2.5,563.0,-11.19,[7.12],[5],0.0,5.0,735
NFL.NS,National Fertilizers Limited,Chemicals,Unknown,Unknown,False,Cash,1,Stage 4,Stage 4,Stage 4 - Confirmed Downtrend,Stage 4 - Confirmed Downtrend,Stage 4 • Stage 4 - Confirmed Downtrend,0.86,Price is below a bearish moving-average stack with falling trend signals.,,,,,-8.77,-3.04,35475255.42,0.45,1.01,0.46,True,True,"Stage 4, Stage 4 - Confirmed Downtrend, weekly_vcp_ok, volume_dryup, weekly_volume_dryup, weekly_strong, downtrend",watchlist,0.0,2.5,76.89,-5.75,[13.57],[24],0.0,24.0,736
PSB.NS,Punjab & Sind Bank,Financial Services,Unknown,Unknown,False,Cash,1,Stage 4,Stage 4,Stage 4 - Weak/Declining,Stage 4 - Weak/Declining,Stage 4 • Stage 4 - Weak/Declining,0.72,Price is below long-term support with weak trend evidence.,,,,,-4.74,-6.64,32861996.94,0.71,0.55,0.52,True,True,"Stage 4, Stage 4 - Weak/Declining, weekly_vcp_ok, volume_dryup, weekly_volume_dryup, weekly_strong, downtrend",watchlist,0.0,2.5,24.97,-5.19,[7.67],[15],0.0,15.0,737
SALASAR.NS,Salasar Techno Engineering Limited,Capital Goods,Unknown,Unknown,False,Cash,1,Stage 4,Stage 4,Stage 4 - Confirmed Downtrend,Stage 4 - Confirmed Downtrend,Stage 4 • Stage 4 - Confirmed Downtrend,0.86,Price is below a bearish moving-average stack with falling trend signals.,,,,,-23.01,-24.76,15164792.35,0.41,0.58,0.38,True,True,"Stage 4, Stage 4 - Confirmed Downtrend, weekly_vcp_ok, volume_dryup, weekly_volume_dryup, weekly_strong, downtrend",watchlist,0.0,2.5,6.36,-8.19,[21.09],[11],0.0,11.0,738
JAICORPLTD.NS,Jai Corp Limited,Capital Goods,Unknown,Unknown,False,Cash,1,Stage 4,Stage 4,Stage 4 - Confirmed Downtrend,Stage 4 - Confirmed Downtrend,Stage 4 • Stage 4 - Confirmed Downtrend,0.86,Price is below a bearish moving-average stack with falling trend signals.,,,2025-11-04,,-14.54,-3.5,31125996.86,0.54,0.56,0.53,True,True,"Stage 4, Stage 4 - Confirmed Downtrend, volume_dryup, weekly_volume_dryup, downtrend",watchlist,0.0,2.5,118.21,-12.72,[21.79],[25],0.0,25.0,739
RSYSTEMS.NS,R Systems International Limited,Information Technology,Unknown,Unknown,False,Cash,1,Stage 4,Stage 4,Stage 4 - Confirmed Downtrend,Stage 4 - Confirmed Downtrend,Stage 4 • Stage 4 - Confirmed Downtrend,0.86,Price is below a bearish moving-average stack with falling trend signals.,,,,,-21.0,-23.81,127754253.08,0.94,0.26,0.9,False,True,"Stage 4, Stage 4 - Confirmed Downtrend, weekly_vcp_ok, weekly_volume_dryup, weekly_strong, downtrend",watchlist,1.26,2.26,258.0,-5.02,[23.17],[13],0.0,13.0,740
WONDERLA.NS,Wonderla Holidays Limited,Consumer Services,Unknown,Unknown,False,Cash,1,Stage 4,Stage 4,Stage 4 - Weak/Declining,Stage 4 - Weak/Declining,Stage 4 • Stage 4 - Weak/Declining,0.72,Price is below long-term support with weak trend evidence.,,,,,-4.31,-1.3,64630791.93,2.82,0.74,5.25,False,False,"Stage 4, Stage 4 - Weak/Declining, weekly_vcp_ok, weekly_strong, downtrend",watchlist,1.38,1.38,521.26,-7.05,[9.48],[19],0.0,19.0,741
JUBLFOOD.NS,Jubilant Foodworks Limited,Consumer Services,Unknown,Unknown,True,F&O,1,Stage 4,Stage 4,Stage 4 - Weak/Declining,Stage 4 - Weak/Declining,Stage 4 • Stage 4 - Weak/Declining,0.72,Price is below long-term support with weak trend evidence.,,,,,2.66,-4.85,1249987890.84,1.41,1.1,1.78,False,False,"Stage 4, Stage 4 - Weak/Declining, weekly_vcp_ok, weekly_strong, downtrend",watchlist,1.03,1.03,456.9,8.34,[10.43],[13],0.0,13.0,742
GENSOL.NS,Gensol Engineering Limited,Services,Unknown,Unknown,False,Cash,1,Stage 4,Stage 4,Stage 4 - Confirmed Downtrend,Stage 4 - Confirmed Downtrend,Stage 4 • Stage 4 - Confirmed Downtrend,0.86,Price is below a bearish moving-average stack with falling trend signals.,,,,,-22.81,-36.76,1133197.99,1.93,2.3,2.52,False,False,"Stage 4, Stage 4 - Confirmed Downtrend, weekly_vcp_ok, weekly_strong, downtrend",watchlist,0.0,1.0,19.03,-9.58,[],[],0.0,0.0,743
NESCO.NS,Nesco Limited,Services,Unknown,Unknown,False,Cash,1,Stage 4,Stage 4,Stage 4 - Confirmed Downtrend,Stage 4 - Confirmed Downtrend,Stage 4 • Stage 4 - Confirmed Downtrend,0.86,Price is below a bearish moving-average stack with falling trend signals.,,,2025-10-29,,-20.9,-2.27,49215678.09,1.0,0.17,0.38,False,True,"Stage 4, Stage 4 - Confirmed Downtrend, weekly_vcp_ok, weekly_volume_dryup, weekly_strong, downtrend",watchlist,0.0,1.0,1175.3,-11.05,[14.63],[15],0.0,15.0,744
HINDWAREAP.NS,Hindware Home Innovation Limited,Consumer Durables,Unknown,Unknown,False,Cash,1,Stage 4,Stage 4,Stage 4 - Weak/Declining,Stage 4 - Weak/Declining,Stage 4 • Stage 4 - Weak/Declining,0.72,Price is below long-term support with weak trend evidence.,,,2025-11-28,,-7.16,-8.22,20090543.3,0.2,1.1,0.16,True,True,"Stage 4, Stage 4 - Weak/Declining, volume_dryup, weekly_volume_dryup, downtrend",watchlist,0.0,1.0,250.44,-14.21,[23.61],[19],0.0,19.0,745
RTNINDIA.NS,RattanIndia Enterprises Limited,Services,Unknown,Unknown,False,Cash,1,Stage 4,Stage 4,Stage 4 - Weak/Declining,Stage 4 - Weak/Declining,Stage 4 • Stage 4 - Weak/Declining,0.72,Price is below long-term support with weak trend evidence.,,,,,-14.73,-13.76,31988867.06,0.54,0.53,0.59,True,True,"Stage 4, Stage 4 - Weak/Declining, volume_dryup, weekly_volume_dryup, downtrend",watchlist,0.0,1.0,36.06,-13.32,[25.71],[36],0.0,36.0,746
SWIGGY.NS,Swiggy Ltd.,Consumer Services,Unknown,Unknown,True,F&O,1,Stage 4,Stage 4,Stage 4 - Weak/Declining,Stage 4 - Weak/Declining,Stage 4 • Stage 4 - Weak/Declining,0.72,Price is below long-term support with weak trend evidence.,,,,,3.54,-11.77,7072921575.33,1.75,0.44,1.19,False,False,"Stage 4, Stage 4 - Weak/Declining, weekly_vcp_ok, weekly_strong, downtrend",watchlist,0.25,0.25,299.37,-6.81,[14.81],[10],0.0,10.0,747
BIRLACORPN.NS,Birla Corporation Limited,Construction Materials,Unknown,Unknown,False,Cash,1,Stage 4,Stage 4,Stage 4 - Confirmed Downtrend,Stage 4 - Confirmed Downtrend,Stage 4 • Stage 4 - Confirmed Downtrend,0.86,Price is below a bearish moving-average stack with falling trend signals.,,,,,-16.9,-11.05,138548088.75,1.46,0.36,0.55,False,True,"Stage 4, Stage 4 - Confirmed Downtrend, weekly_vcp_ok, weekly_volume_dryup, weekly_strong, downtrend",watchlist,0.12,0.12,1040.27,-13.72,[16.39],[9],0.0,9.0,748
HATSUN.NS,Hatsun Agro Product Limited,Fast Moving Consumer Goods,Unknown,Unknown,False,Cash,1,Stage 1,Stage 1,Stage 1 - Base/Repair,Stage 1 - Base/Repair,Stage 1 • Stage 1 - Base/Repair,0.7,Price is near long-term moving averages with no strong long-term downtrend signal.,,,2026-05-08,,-2.76,10.84,37565417.77,1.23,1.53,1.64,False,False,"Stage 1, Stage 1 - Base/Repair, weekly_vcp_ok, weekly_strong, stage1_not_actionable, stage1_needs_more_base",watchlist,0.0,0.0,952.1,0.08,[9.2],[10],0.0,10.0,749
HEIDELBERG.NS,HeidelbergCement India Limited,Construction Materials,Unknown,Unknown,False,Cash,1,Stage 4,Stage 4,Stage 4 - Weak/Declining,Stage 4 - Weak/Declining,Stage 4 • Stage 4 - Weak/Declining,0.72,Price is below long-term support with weak trend evidence.,,,,,-4.16,-6.23,12577078.99,0.79,0.43,0.43,True,True,"Stage 4, Stage 4 - Weak/Declining, weekly_vcp_ok, volume_dryup, weekly_volume_dryup, weekly_strong, downtrend",watchlist,0.0,0.0,163.97,-5.34,[12.59],[13],0.0,13.0,750
AHLUCONT.NS,Ahluwalia Contracts (India) Limited,Construction,Unknown,Unknown,False,Cash,1,Not Sure,Stage 1,Pending Stage 1,Pending Stage 1,Not Sure • Pending Stage 1,0.55,Blocked public stage jump Stage 4 -> Stage 1; waiting for intermediate/confirmed structure.,Blocked public stage jump Stage 4 -> Stage 1; waiting for intermediate/confirmed structure.,,2025-12-05,Stage 1,-2.83,1.28,28159326.59,0.55,0.6,0.41,True,True,"Stage 1, Stage 1 - Early Turn, weekly_vcp_ok, volume_dryup, weekly_volume_dryup, weekly_strong, stage1_not_actionable, stage1_needs_more_base | Blocked public stage jump Stage 4 -> Stage 1; waiting for intermediate/confirmed structure.",watchlist,0.0,0.0,886.55,-6.39,[10.61],[6],0.0,6.0,751
HGINFRA.NS,H.G. Infra Engineering Limited,Construction,Unknown,Unknown,False,Cash,1,Stage 4,Stage 4,Stage 4 - Confirmed Downtrend,Stage 4 - Confirmed Downtrend,Stage 4 • Stage 4 - Confirmed Downtrend,0.86,Price is below a bearish moving-average stack with falling trend signals.,,,,,-16.04,-10.18,31708122.77,0.24,0.66,0.26,True,True,"Stage 4, Stage 4 - Confirmed Downtrend, weekly_vcp_ok, volume_dryup, weekly_volume_dryup, weekly_strong, downtrend",watchlist,0.0,0.0,585.02,-5.31,[20.19],[22],0.0,22.0,752
DODLA.NS,Dodla Dairy Limited,Fast Moving Consumer Goods,Unknown,Unknown,False,Cash,1,Stage 4,Stage 4,Stage 4 - Weak/Declining,Stage 4 - Weak/Declining,Stage 4 • Stage 4 - Weak/Declining,0.72,Price is below long-term support with weak trend evidence.,,,,,-7.82,-6.1,20105414.67,1.6,1.05,1.03,False,False,"Stage 4, Stage 4 - Weak/Declining, weekly_vcp_ok, weekly_strong, downtrend",watchlist,0.0,0.0,1176.55,-10.69,[13.23],[15],0.0,15.0,753
ISGEC.NS,Isgec Heavy Engineering Limited,Construction,Unknown,Unknown,False,Cash,1,Stage 4,Stage 4,Stage 4 - Weak/Declining,Stage 4 - Weak/Declining,Stage 4 • Stage 4 - Weak/Declining,0.72,Price is below long-term support with weak trend evidence.,,,,,-29.1,5.1,19691886.02,0.67,1.24,0.84,True,True,"Stage 4, Stage 4 - Weak/Declining, volume_dryup, weekly_volume_dryup, downtrend",watchlist,0.0,0.0,935.83,-13.71,[22.3],[15],0.0,15.0,754
