ticker,Company Name,Industry,stage,rs_3m_pct,rs_6m_pct,avg_turnover_inr,volume_dryup_ratio,volume_is_drying_up,weekly_volume_is_drying_up,notes,weekly_setup_bucket,weekly_score,final_weekly_score,weekly_pivot,weekly_breakout_distance_pct,weekly_contraction_depths_pct,weekly_contraction_durations,weekly_contraction_score,weekly_base_duration_weeks,weekly_vcp_quality
GPIL.NS,Godawari Power And Ispat limited,Capital Goods,Stage 2,16.96,21.06,1619806590.65,2.08,False,False,"Stage 2, trend_template_ok, weekly_vcp_ok, weekly_strong",weekly_near_pivot,70.7,75.7,313.3,-4.96,"[23.72, 15.62, 14.47]","[6, 3, 3]",0.95,19.0,strong
DYNAMATECH.NS,Dynamatic Technologies Limited,Capital Goods,Stage 2,23.37,22.73,429595629.02,1.08,False,False,"Stage 2, trend_template_ok, weekly_vcp_ok, weekly_strong",weekly_near_pivot,70.41,75.41,10969.16,-0.33,"[23.57, 19.88]","[4, 4]",0.9,14.0,strong
KSB.NS,Ksb Limited,Capital Goods,Stage 2,22.07,20.03,238507741.4,0.39,True,True,"Stage 2, weekly_vcp_ok, volume_dryup, weekly_volume_dryup, weekly_strong",weekly_breakout,70.01,75.01,808.28,1.37,"[23.13, 17.78]","[12, 5]",0.9,22.0,strong
USHAMART.NS,Usha Martin Limited,Capital Goods,Stage 2,18.83,11.2,468091116.83,1.18,False,False,"Stage 2, weekly_vcp_ok, weekly_strong",weekly_near_pivot,69.9,74.9,470.82,-1.5,"[17.42, 16.24, 14.27]","[2, 4, 6]",0.95,19.0,strong
NMDC.NS,NMDC Limited,Metals & Mining,Stage 2,19.45,28.67,1910118514.36,0.86,False,True,"Stage 2, trend_template_ok, weekly_vcp_ok, weekly_volume_dryup, weekly_strong",weekly_near_pivot,69.81,74.81,92.93,-5.14,"[12.3, 11.08]","[2, 7]",0.9,11.0,strong
ELGIEQUIP.NS,Elgi Equipments Limited,Capital Goods,Stage 2,17.72,21.08,181007377.41,0.86,False,True,"Stage 2, weekly_vcp_ok, weekly_volume_dryup, weekly_strong",weekly_near_pivot,69.68,74.68,575.71,-1.44,"[23.61, 17.65]","[9, 4]",0.9,18.0,strong
HINDALCO.NS,Hindalco Industries Limited,Metals & Mining,Stage 2,31.4,46.61,5031784333.97,0.87,False,True,"Stage 2, trend_template_ok, weekly_vcp_ok, weekly_volume_dryup, weekly_strong",weekly_breakout,69.2,74.2,1081.89,1.61,"[14.45, 15.0]","[3, 3]",0.9,8.0,strong
JSWENERGY.NS,JSW Energy Limited,Power,Stage 2,20.43,12.78,2229987577.47,1.07,False,False,"Stage 2, weekly_vcp_ok, weekly_strong",weekly_near_pivot,69.12,74.12,586.67,-6.52,"[20.58, 18.38]","[9, 3]",0.9,16.0,strong
ABSLAMC.NS,Aditya Birla Sun Life AMC Limited,Financial Services,Stage 2,23.6,47.33,520873731.04,0.64,True,True,"Stage 2, trend_template_ok, weekly_vcp_ok, volume_dryup, weekly_volume_dryup, weekly_strong",weekly_near_pivot,72.89,73.89,1048.38,-2.56,"[19.93, 14.3]","[6, 3]",0.9,15.0,strong
ANANDRATHI.NS,Anand Rathi Wealth Limited,Financial Services,Stage 2,27.99,27.91,935501500.03,1.12,False,False,"Stage 2, trend_template_ok, weekly_vcp_ok, weekly_strong",weekly_near_pivot,72.49,73.49,3734.21,-3.71,"[16.39, 15.53, 10.43]","[6, 2, 3]",0.95,23.0,strong
ADANIPOWER.NS,Adani Power Limited,Power,Stage 2,59.84,55.36,9479134152.45,0.78,True,False,"Stage 2, trend_template_ok, weekly_vcp_ok, volume_dryup, weekly_strong",weekly_breakout,66.9,71.9,157.17,39.55,"[22.59, 16.36, 16.7]","[7, 3, 4]",0.95,19.0,strong
STLTECH.NS,Sterlite Technologies Limited,Telecommunication,Stage 2,165.18,275.1,1986766672.02,0.73,True,True,"Stage 2, trend_template_ok, weekly_vcp_ok, volume_dryup, weekly_volume_dryup, weekly_strong",weekly_breakout,66.9,71.9,206.09,103.87,"[24.69, 25.07, 25.45]","[2, 7, 5]",0.95,23.0,strong
NETWEB.NS,Netweb Technologies India Limited,Information Technology,Stage 2,30.95,25.69,5903035732.18,0.85,False,False,"Stage 2, trend_template_ok, weekly_vcp_ok, weekly_strong",weekly_near_pivot,71.46,71.46,4001.39,-4.7,"[34.81, 19.26]","[8, 7]",0.9,22.0,strong
GLENMARK.NS,Glenmark Pharmaceuticals Limited,Healthcare,Stage 2,25.27,38.56,1691377489.66,1.03,False,False,"Stage 2, trend_template_ok, weekly_vcp_ok, weekly_strong",weekly_breakout,66.38,71.38,2301.92,3.96,"[16.79, 16.69, 14.23, 14.42]","[6, 7, 4, 3]",1.0,38.0,strong
IPCALAB.NS,IPCA Laboratories Limited,Healthcare,Stage 2,17.64,20.46,494999158.91,1.67,False,False,"Stage 2, weekly_vcp_ok, weekly_strong",weekly_breakout,65.94,70.94,1626.84,0.62,"[16.94, 12.03, 12.06, 12.93]","[5, 7, 4, 3]",0.73,29.0,strong
ADANIENSOL.NS,Adani Energy Solutions Limited,Power,Stage 2,41.66,39.8,5667798510.99,1.2,False,False,"Stage 2, trend_template_ok, weekly_vcp_ok, weekly_strong",weekly_forming,65.8,70.8,1466.21,-8.46,"[24.78, 14.13]","[3, 5]",0.9,13.0,strong
NLCINDIA.NS,NLC India Ltd.,Power,Stage 2,41.8,48.03,3408032494.59,2.04,False,False,"Stage 2, trend_template_ok, weekly_vcp_ok, weekly_strong",weekly_breakout,65.8,70.8,273.49,28.16,"[21.29, 13.56]","[9, 9]",0.9,22.0,strong
WELCORP.NS,Welspun Corp Limited,Capital Goods,Stage 2,72.65,55.98,1056851558.17,0.9,False,False,"Stage 2, trend_template_ok, weekly_vcp_ok, weekly_strong",weekly_breakout,65.8,70.8,871.32,52.66,"[14.45, 10.18]","[5, 6]",0.9,12.0,strong
SHILPAMED.NS,Shilpa Medicare Limited,Healthcare,Stage 2,50.18,38.64,301351128.45,1.11,False,False,"Stage 2, weekly_vcp_ok, weekly_strong",weekly_breakout,65.8,70.8,351.51,35.03,"[37.47, 12.14]","[11, 5]",0.9,18.0,strong
TDPOWERSYS.NS,TD Power Systems Limited,Capital Goods,Stage 2,57.86,78.68,2265371081.79,1.71,False,False,"Stage 2, trend_template_ok, weekly_vcp_ok, weekly_strong",weekly_breakout,65.8,70.8,934.63,39.32,"[29.04, 18.01]","[12, 3]",0.9,19.0,strong
SCHNEIDER.NS,Schneider Electric Infrastructure Limited,Capital Goods,Stage 2,63.91,82.11,248631977.12,0.93,False,False,"Stage 2, weekly_vcp_ok, weekly_strong",weekly_breakout,65.8,70.8,950.46,39.44,"[37.12, 12.21]","[11, 5]",0.9,21.0,strong
SPARC.NS,Sun Pharma Advanced Research Company Limited,Healthcare,Stage 2,42.15,47.27,1069861353.23,2.02,False,False,"Stage 2, weekly_vcp_ok, weekly_strong",weekly_breakout,65.8,70.8,148.56,21.39,"[32.08, 27.17]","[8, 7]",0.9,16.0,strong
THERMAX.NS,Thermax Limited,Capital Goods,Stage 2,57.69,60.55,1793064997.49,2.08,False,False,"Stage 2, weekly_vcp_ok, weekly_strong",weekly_breakout,65.8,70.8,3252.28,40.67,"[18.2, 11.87]","[6, 5]",0.9,15.0,strong
NUVAMA.NS,Nuvama Wealth Management Ltd.,Financial Services,Stage 2,25.46,11.8,1205742308.72,2.01,False,False,"Stage 2, weekly_vcp_ok, weekly_strong",weekly_near_pivot,69.53,70.53,1519.15,-1.33,"[29.51, 28.35]","[12, 13]",0.9,38.0,strong
ADANIGREEN.NS,Adani Green Energy Limited,Power,Stage 2,41.47,34.74,6404340371.91,1.0,False,False,"Stage 2, trend_template_ok, weekly_vcp_ok, weekly_strong",weekly_breakout,65.42,70.42,1021.73,32.93,"[27.74, 21.43]","[5, 5]",0.9,14.0,strong
JAYNECOIND.NS,Jayaswal Neco Industries Limited,Capital Goods,Stage 2,39.27,49.08,857691826.43,0.78,True,False,"Stage 2, trend_template_ok, weekly_vcp_ok, volume_dryup, weekly_strong",weekly_forming,65.0,70.0,117.2,-9.14,"[26.71, 18.74]","[4, 5]",0.9,11.0,strong
NATCOPHARM.NS,Natco Pharma Limited,Healthcare,Stage 2,40.86,53.38,715267138.49,0.86,False,True,"Stage 2, trend_template_ok, weekly_vcp_ok, weekly_volume_dryup, weekly_strong",weekly_breakout,65.0,70.0,1134.85,3.48,"[16.07, 12.21]","[3, 2]",0.9,11.0,strong
ESABINDIA.NS,Esab India Limited,Capital Goods,Stage 2,32.82,37.48,83932840.15,0.55,True,False,"Stage 2, trend_template_ok, weekly_vcp_ok, volume_dryup, weekly_strong",weekly_breakout,64.83,69.83,5883.91,15.6,"[16.7, 16.55]","[3, 7]",0.9,12.0,strong
COALINDIA.NS,Coal India Limited,"Oil, Gas & Consumable Fuels",Stage 2,18.51,30.15,5093233072.27,0.68,True,True,"Stage 2, trend_template_ok, weekly_vcp_ok, volume_dryup, weekly_volume_dryup, weekly_strong",weekly_near_pivot,68.67,69.67,492.11,-6.48,"[11.91, 10.19]","[3, 4]",0.9,10.0,strong
GMDCLTD.NS,Gujarat Mineral Development Corporation Limited,Metals & Mining,Stage 2,28.24,28.7,2491538389.95,0.44,True,True,"Stage 2, trend_template_ok, weekly_vcp_ok, volume_dryup, weekly_volume_dryup, weekly_strong",weekly_forming,64.59,69.59,773.25,-15.65,"[24.53, 18.89, 18.72]","[2, 3, 3]",0.95,16.0,strong
SOLARINDS.NS,Solar Industries India Limited,Chemicals,Stage 2,46.54,40.93,3229620190.5,1.49,False,False,"Stage 2, weekly_vcp_ok, weekly_strong",weekly_breakout,66.9,69.4,15603.26,17.87,"[25.86, 18.24, 15.07]","[13, 5, 8]",0.95,39.0,strong
JINDALSAW.NS,Jindal Saw Limited,Capital Goods,Stage 2,24.13,41.16,612021133.23,0.21,True,True,"Stage 2, weekly_vcp_ok, volume_dryup, weekly_volume_dryup, weekly_strong",weekly_forming,64.33,69.33,250.23,-12.45,"[31.91, 20.03]","[11, 4]",0.9,24.0,strong
ACMESOLAR.NS,ACME Solar Holdings Ltd.,Power,Stage 2,28.26,23.42,395498350.0,0.86,False,True,"Stage 2, weekly_vcp_ok, weekly_volume_dryup, weekly_strong",weekly_forming,64.07,69.07,317.45,-10.96,"[30.5, 19.18, 10.05]","[7, 5, 4]",0.95,20.0,strong
CUMMINSIND.NS,Cummins India Limited,Capital Goods,Stage 2,25.13,36.03,2089690170.01,0.6,True,True,"Stage 2, trend_template_ok, weekly_vcp_ok, volume_dryup, weekly_volume_dryup, weekly_strong",weekly_breakout,63.92,68.92,4995.73,7.89,"[15.86, 11.89]","[7, 4]",0.9,15.0,strong
INOXINDIA.NS,INOX India Ltd.,Capital Goods,Stage 2,33.57,27.53,365354475.74,1.04,False,False,"Stage 2, trend_template_ok, weekly_vcp_ok, weekly_strong",weekly_breakout,63.91,68.91,1262.2,15.92,"[17.31, 9.07]","[7, 3]",0.9,30.0,strong
LAURUSLABS.NS,Laurus Labs Limited,Healthcare,Stage 2,41.34,43.01,2952920403.95,1.11,False,False,"Stage 2, trend_template_ok, weekly_vcp_ok, weekly_strong",weekly_breakout,63.8,68.8,1145.71,17.92,"[19.55, 15.16]","[4, 3]",0.9,10.0,strong
CGPOWER.NS,CG Power and Industrial Solutions Limited,Capital Goods,Stage 2,33.15,26.84,3226284314.99,0.9,False,False,"Stage 2, weekly_vcp_ok, weekly_strong",weekly_breakout,63.8,68.8,750.31,15.27,"[34.11, 14.18]","[19, 2]",0.9,27.0,strong
ARVIND.NS,Arvind Limited,Textiles,Stage 2,37.05,50.22,678173796.15,1.87,False,False,"Stage 2, trend_template_ok, weekly_vcp_ok, weekly_strong",weekly_breakout,65.8,68.3,403.71,21.41,"[21.19, 17.79]","[7, 4]",0.9,15.0,strong
SYRMA.NS,Syrma SGS Technology Limited,Capital Goods,Stage 2,26.6,25.75,1844013725.83,1.53,False,False,"Stage 2, trend_template_ok, weekly_vcp_ok, weekly_strong",weekly_breakout,63.04,68.04,896.57,14.29,"[30.27, 21.78]","[10, 4]",0.9,17.0,strong
PAISALO.NS,Paisalo Digital Limited,Financial Services,Stage 2,55.55,54.97,611240959.46,1.1,False,False,"Stage 2, trend_template_ok, weekly_vcp_ok, weekly_strong",weekly_breakout,66.9,67.9,39.36,26.83,"[25.2, 19.83, 18.12]","[8, 8, 6]",0.95,26.0,strong
INGERRAND.NS,Ingersoll Rand (India) Limited,Capital Goods,Stage 2,24.04,26.57,128341912.51,1.08,False,False,"Stage 2, weekly_vcp_ok, weekly_strong",weekly_breakout,62.86,67.86,4174.19,6.56,"[21.5, 16.82]","[8, 4]",0.9,17.0,strong
NEOGEN.NS,Neogen Chemicals Limited,Chemicals,Stage 2,37.27,38.12,143700957.14,1.02,False,True,"Stage 2, weekly_vcp_ok, weekly_volume_dryup, weekly_strong",weekly_breakout,65.34,67.84,1503.63,12.2,"[39.87, 26.64]","[13, 3]",0.9,29.0,strong
APOLLOHOSP.NS,Apollo Hospitals Enterprise Limited,Healthcare,Stage 2,17.2,21.35,3461976428.1,1.26,False,False,"Stage 2, weekly_vcp_ok, weekly_strong",weekly_breakout,62.75,67.75,7884.27,5.38,"[15.04, 10.57, 10.04]","[8, 2, 4]",0.95,22.0,strong
SIEMENS.NS,Siemens Ltd.,Capital Goods,Stage 2,24.66,23.8,1464607208.57,0.98,False,False,"Stage 2, trend_template_ok, weekly_vcp_ok, weekly_strong",weekly_breakout,62.65,67.65,3446.02,7.97,"[16.49, 15.52]","[7, 5]",0.9,17.0,strong
HEG.NS,HEG Limited,Capital Goods,Stage 2,21.05,23.28,996807387.94,0.49,True,True,"Stage 2, weekly_vcp_ok, volume_dryup, weekly_volume_dryup, weekly_strong",weekly_forming,62.23,67.23,691.21,-14.31,"[24.7, 21.53]","[5, 6]",0.9,12.0,strong
YATHARTH.NS,Yatharth Hospital & Trauma Care Services Limited,Healthcare,Stage 2,31.64,19.31,412104757.99,1.08,False,False,"Stage 2, weekly_vcp_ok, weekly_strong",weekly_breakout,62.1,67.1,800.4,7.39,"[23.54, 15.9]","[3, 4]",0.9,11.0,strong
NTPCGREEN.NS,NTPC Green Energy Ltd.,Power,Stage 2,25.1,15.95,913374027.99,0.32,True,True,"Stage 2, weekly_vcp_ok, volume_dryup, weekly_volume_dryup, weekly_strong",weekly_forming,61.91,66.91,120.16,-12.3,"[16.89, 13.75]","[6, 8]",0.9,18.0,strong
BIOCON.NS,Biocon Ltd.,Healthcare,Stage 2,21.47,10.9,2045560323.53,1.67,False,False,"Stage 2, weekly_vcp_ok, weekly_strong",weekly_breakout,61.04,66.04,403.5,6.78,"[15.51, 16.16]","[9, 4]",0.9,20.0,strong
CARBORUNIV.NS,Carborundum Universal Limited,Capital Goods,Stage 2,35.89,30.6,358271081.84,1.98,False,False,"Stage 2, weekly_vcp_ok, weekly_strong",weekly_breakout,60.78,65.78,866.26,22.64,"[17.28, 19.67, 19.77, 14.98]","[6, 9, 10, 5]",0.73,38.0,strong
AETHER.NS,Aether Industries Limited,Chemicals,Stage 2,18.65,32.23,429186665.07,0.99,False,False,"Stage 2, weekly_vcp_ok, weekly_strong",weekly_forming,62.89,65.39,1252.19,-13.53,"[14.02, 12.74]","[3, 8]",0.9,15.0,strong
STAR.NS,Strides Pharma Science Limited,Healthcare,Stage 2,39.59,28.68,466483982.73,1.59,False,False,"Stage 2, trend_template_ok, weekly_vcp_ok, weekly_strong",weekly_breakout,60.23,65.23,938.04,23.57,"[23.92, 10.39]","[3, 3]",0.9,8.0,strong
MEDPLUS.NS,Medplus Health Services Limited,Consumer Services,Stage 2,20.07,30.8,193820157.46,2.05,False,False,"Stage 2, weekly_vcp_ok, weekly_strong",weekly_breakout,65.09,65.09,906.58,5.22,"[15.29, 14.74, 12.56, 12.33]","[4, 4, 12, 6]",1.0,36.0,strong
SONACOMS.NS,Sona BLW Precision Forgings Limited,Automobile and Auto Components,Stage 2,18.19,28.69,1636267649.17,0.89,False,False,"Stage 2, trend_template_ok, weekly_vcp_ok, weekly_strong",weekly_breakout,63.59,64.59,550.41,6.16,"[18.96, 15.92, 13.66]","[10, 8, 6]",0.95,34.0,strong
PRIVISCL.NS,Privi Speciality Chemicals Limited,Chemicals,Stage 2,23.23,7.27,394467472.19,1.44,False,False,"Stage 2, trend_template_ok, weekly_vcp_ok, weekly_strong",weekly_breakout,60.85,63.35,3054.34,6.97,"[24.03, 9.72]","[4, 3]",0.9,12.0,strong
SUNPHARMA.NS,Sun Pharmaceutical Industries Limited,Healthcare,Stage 2,18.04,16.94,9316540330.78,0.61,True,False,"Stage 2, weekly_vcp_ok, volume_dryup",weekly_near_pivot,55.6,60.6,1843.26,2.61,"[11.44, 12.34, 12.45]","[8, 3, 6]",0.55,38.0,moderate
VOLTAMP.NS,Voltamp Transformers Limited,Capital Goods,Stage 3,19.86,16.09,1216842303.0,0.91,False,False,"Stage 3, weekly_vcp_ok, weekly_strong, distribution_risk",weekly_watchlist,52.5,57.5,9310.26,0.01,"[30.44, 23.72, 12.0]","[12, 10, 3]",0.95,36.0,strong
BHEL.NS,Bharat Heavy Electricals Limited,Capital Goods,Stage 2,63.2,49.88,8344180047.14,0.87,False,False,"Stage 2, trend_template_ok, weekly_vcp_ok",weekly_forming,52.1,57.1,277.48,47.09,"[21.38, 10.76, 11.53]","[3, 3, 4]",0.55,13.0,moderate
LLOYDSME.NS,Lloyds Metals And Energy Limited,Metals & Mining,Stage 2,53.69,45.88,1171992645.44,0.69,True,False,"Stage 2, weekly_vcp_ok, volume_dryup",weekly_forming,52.1,57.1,1363.88,25.68,"[25.48, 14.07, 15.67]","[13, 7, 6]",0.55,37.0,moderate
TORNTPOWER.NS,Torrent Power Limited,Power,Stage 3,8.23,23.46,1143296013.03,0.84,True,False,"Stage 3, weekly_vcp_ok, volume_dryup, weekly_strong, distribution_risk",weekly_watchlist,52.07,57.07,1607.81,-7.24,"[13.66, 8.93, 8.04]","[8, 5, 12]",0.95,33.0,strong
AKUMS.NS,Akums Drugs and Pharmaceuticals Ltd.,Healthcare,Stage 3,17.15,31.58,146802696.57,1.73,False,False,"Stage 3, weekly_vcp_ok, weekly_strong, distribution_risk",weekly_watchlist,51.87,56.87,557.97,-6.56,"[14.59, 14.82]","[3, 4]",0.9,11.0,strong
TIIL.NS,Technocraft Industries (India) Limited,Capital Goods,Stage 3,16.02,13.35,31892850.59,1.08,False,True,"Stage 3, weekly_vcp_ok, weekly_volume_dryup, weekly_strong, distribution_risk",weekly_watchlist,51.84,56.84,2701.62,-3.42,"[36.43, 28.66, 27.32]","[9, 10, 5]",0.95,33.0,strong
KIMS.NS,Krishna Institute of Medical Sciences Limited,Healthcare,Stage 3,16.24,23.81,459535491.23,1.69,False,False,"Stage 3, weekly_vcp_ok, weekly_strong, distribution_risk",weekly_watchlist,51.8,56.8,758.83,1.36,"[22.48, 19.37]","[13, 5]",0.9,22.0,strong
RATNAMANI.NS,Ratnamani Metals & Tubes Limited,Capital Goods,Stage 3,25.41,12.27,230977081.82,1.53,False,False,"Stage 3, weekly_vcp_ok, weekly_strong, distribution_risk",weekly_watchlist,51.57,56.57,2586.52,-2.23,"[30.14, 16.81]","[15, 5]",0.9,22.0,strong
DCXINDIA.NS,DCX Systems Limited,Capital Goods,Stage 3,16.12,6.76,281528462.46,0.32,True,True,"Stage 3, weekly_vcp_ok, volume_dryup, weekly_volume_dryup, weekly_strong, distribution_risk",weekly_watchlist,51.19,56.19,213.87,-6.17,"[46.29, 26.48, 26.47]","[13, 7, 4]",0.95,28.0,strong
SHYAMMETL.NS,Shyam Metalics and Energy Limited,Metals & Mining,Stage 3,12.13,18.99,737717301.48,1.86,False,False,"Stage 3, weekly_vcp_ok, weekly_strong, distribution_risk",weekly_watchlist,50.91,55.91,914.4,2.23,"[23.61, 18.27]","[16, 5]",0.9,23.0,strong
RAINBOW.NS,Rainbow Childrens Medicare Limited,Healthcare,Stage 3,18.04,11.5,244819182.89,0.97,False,False,"Stage 3, weekly_vcp_ok, weekly_strong, distribution_risk",weekly_watchlist,50.75,55.75,1324.31,1.55,"[21.47, 13.28]","[8, 3]",0.9,15.0,strong
ELECON.NS,Elecon Engineering Company Limited,Capital Goods,Stage 3,22.28,2.74,424205971.88,0.62,True,False,"Stage 3, weekly_vcp_ok, volume_dryup, weekly_strong, distribution_risk",weekly_watchlist,50.3,55.3,494.86,1.88,"[32.2, 28.74]","[2, 7]",0.9,12.0,strong
RTNPOWER.NS,RattanIndia Power Limited,Power,Stage 3,11.99,-0.24,197196529.83,0.64,True,False,"Stage 3, weekly_vcp_ok, volume_dryup, weekly_strong, distribution_risk",weekly_watchlist,50.07,55.07,9.87,-7.17,"[46.22, 20.0, 18.97]","[22, 3, 7]",0.95,38.0,strong
SUMICHEM.NS,Sumitomo Chemical India Limited,Chemicals,Stage 3,23.11,12.5,191616015.42,0.95,False,False,"Stage 3, weekly_vcp_ok, weekly_strong, distribution_risk",weekly_watchlist,52.46,54.96,482.54,-1.88,"[30.0, 17.75, 18.17]","[13, 3, 7]",0.95,28.0,strong
NHPC.NS,NHPC Limited,Power,Stage 3,10.88,8.58,1158182132.18,0.83,True,False,"Stage 3, weekly_vcp_ok, volume_dryup, weekly_strong, distribution_risk",weekly_watchlist,49.75,54.75,83.32,-5.19,"[16.61, 13.89]","[13, 8]",0.9,24.0,strong
BEML.NS,BEML Limited,Capital Goods,Stage 3,13.93,1.95,570202179.1,0.75,True,False,"Stage 3, weekly_vcp_ok, volume_dryup, weekly_strong, distribution_risk",weekly_watchlist,49.39,54.39,1927.3,-4.45,"[29.65, 29.57]","[7, 14]",0.9,23.0,strong
GABRIEL.NS,Gabriel India Limited,Automobile and Auto Components,Stage 3,21.68,21.55,478688617.02,0.64,True,False,"Stage 3, weekly_vcp_ok, volume_dryup, weekly_strong, distribution_risk",weekly_watchlist,53.22,54.22,1151.91,-3.95,"[34.88, 25.65, 25.23]","[9, 5, 7]",0.95,25.0,strong
ASTERDM.NS,Aster DM Healthcare Limited,Healthcare,Stage 2,29.73,20.68,988623363.03,0.84,True,False,"Stage 2, trend_template_ok, weekly_vcp_ok, volume_dryup",weekly_forming,49.14,54.14,730.28,3.97,"[15.41, 17.69, 17.31]","[8, 4, 4]",0.55,31.0,moderate
JLHL.NS,Jupiter Life Line Hospitals Limited,Healthcare,Stage 3,14.39,-1.68,106889538.63,2.4,False,False,"Stage 3, weekly_vcp_ok, weekly_strong, distribution_risk",weekly_watchlist,49.07,54.07,1337.34,-1.89,"[26.23, 11.76]","[14, 5]",0.9,23.0,strong
JKPAPER.NS,JK Paper Limited,Forest Materials,Stage 3,21.36,9.95,203083371.83,2.14,False,False,"Stage 3, weekly_vcp_ok, weekly_strong, distribution_risk",weekly_watchlist,50.93,53.43,383.67,-0.19,"[30.74, 20.4]","[17, 7]",0.9,26.0,strong
KIRLOSIND.NS,Kirloskar Industries Limited,Capital Goods,Stage 3,11.44,-6.55,58557295.55,2.48,False,False,"Stage 3, weekly_vcp_ok, weekly_strong, distribution_risk",weekly_watchlist,48.29,53.29,3316.29,-4.6,"[35.86, 25.6]","[17, 7]",0.9,27.0,strong
ACE.NS,Action Construction Equipment Limited,Capital Goods,Stage 3,2.28,-1.98,444075325.87,1.9,False,False,"Stage 3, weekly_vcp_ok, weekly_strong, distribution_risk",weekly_watchlist,47.83,52.83,941.64,-7.85,"[23.18, 20.73]","[6, 7]",0.9,15.0,strong
APOLLO.NS,Apollo Micro Systems Limited,Capital Goods,Stage 3,62.47,39.58,6797124750.58,2.05,False,False,"Stage 3, weekly_vcp_ok, weekly_strong, distribution_risk",weekly_watchlist,47.8,52.8,346.41,3.52,"[38.07, 35.89]","[12, 13]",0.9,28.0,strong
WELSPUNLIV.NS,Welspun Living Ltd.,Textiles,Stage 3,12.38,11.95,317757905.05,1.76,False,False,"Stage 3, weekly_vcp_ok, weekly_strong, distribution_risk",weekly_watchlist,50.23,52.73,152.85,-4.81,"[26.99, 19.17]","[7, 28]",0.9,38.0,strong
TIINDIA.NS,Tube Investments of India Limited,Automobile and Auto Components,Stage 3,29.74,7.76,1044736246.36,1.25,False,True,"Stage 3, weekly_vcp_ok, weekly_volume_dryup, weekly_strong, distribution_risk",weekly_watchlist,51.55,52.55,3158.52,-5.0,"[33.65, 17.16]","[14, 2]",0.9,21.0,strong
GLAND.NS,Gland Pharma Limited,Healthcare,Stage 3,34.84,37.11,1510655710.1,3.73,False,False,"Stage 3, weekly_vcp_ok, weekly_strong, distribution_risk",weekly_watchlist,46.99,51.99,1988.37,17.23,"[19.88, 20.72]","[8, 6]",0.9,19.0,strong
GALLANTT.NS,Gallantt Ispat Limited,Capital Goods,Stage 3,29.04,18.66,596728451.23,0.19,True,True,"Stage 3, weekly_vcp_ok, volume_dryup, weekly_volume_dryup, weekly_strong, distribution_risk",weekly_watchlist,46.77,51.77,949.66,-29.84,"[28.67, 26.94, 27.11, 16.43]","[3, 4, 4, 5]",1.0,31.0,strong
BALAMINES.NS,Balaji Amines Limited,Chemicals,Stage 3,73.8,62.46,814747907.87,2.89,False,False,"Stage 3, weekly_vcp_ok, weekly_strong, distribution_risk",weekly_watchlist,48.9,51.4,1460.45,25.78,"[31.45, 26.91, 27.38]","[14, 9, 11]",0.95,38.0,strong
CASTROLIND.NS,Castrol India Limited,"Oil, Gas & Consumable Fuels",Stage 3,7.78,6.75,223897142.32,0.62,True,True,"Stage 3, weekly_vcp_ok, volume_dryup, weekly_volume_dryup, weekly_strong, distribution_risk",weekly_watchlist,50.35,51.35,197.07,-7.53,"[12.51, 10.74, 7.94]","[9, 4, 5]",0.95,23.0,strong
SCHAEFFLER.NS,Schaeffler India Limited,Automobile and Auto Components,Stage 3,16.85,8.27,385676111.34,0.57,True,False,"Stage 3, weekly_vcp_ok, volume_dryup, weekly_strong, distribution_risk",weekly_watchlist,50.31,51.31,4439.0,-7.89,"[19.85, 17.39]","[11, 5]",0.9,22.0,strong
IONEXCHANG.NS,ION Exchange (India) Limited,Construction,Stage 3,8.57,13.43,92614332.0,0.53,True,True,"Stage 3, weekly_vcp_ok, volume_dryup, weekly_volume_dryup, weekly_strong, distribution_risk",weekly_watchlist,51.1,51.1,417.23,-6.74,"[24.25, 22.67, 22.6]","[11, 6, 6]",0.95,26.0,strong
ZENTEC.NS,Zen Technologies Ltd.,Capital Goods,Stage 3,27.98,23.31,1069583941.14,0.69,True,True,"Stage 3, weekly_vcp_ok, volume_dryup, weekly_volume_dryup, weekly_strong, distribution_risk",weekly_watchlist,46.03,51.03,1481.99,8.22,"[21.24, 17.33, 10.92]","[6, 8, 9]",0.95,28.0,strong
OLECTRA.NS,Olectra Greentech Limited,Automobile and Auto Components,Stage 3,25.86,-3.65,1076049684.01,0.8,True,True,"Stage 3, weekly_vcp_ok, volume_dryup, weekly_volume_dryup, weekly_strong, distribution_risk",weekly_watchlist,50.02,51.02,1277.03,-5.19,"[33.99, 32.02]","[12, 11]",0.9,25.0,strong
ENDURANCE.NS,Endurance Technologies Limited,Automobile and Auto Components,Stage 3,11.77,9.01,414665055.93,1.64,False,False,"Stage 3, weekly_vcp_ok, weekly_strong, distribution_risk",weekly_watchlist,49.88,50.88,2708.93,-3.17,"[23.61, 20.76]","[16, 5]",0.9,25.0,strong
KPRMILL.NS,K.P.R. Mill Ltd.,Textiles,Stage 3,12.01,-6.21,212680377.29,0.55,True,True,"Stage 3, weekly_vcp_ok, volume_dryup, weekly_volume_dryup, weekly_strong, distribution_risk",weekly_watchlist,48.38,50.88,1029.73,-7.58,"[29.35, 22.55]","[9, 5]",0.9,16.0,strong
ATGL.NS,Adani Total Gas Limited,"Oil, Gas & Consumable Fuels",Stage 3,27.42,12.83,2292885468.45,0.46,True,True,"Stage 3, weekly_vcp_ok, volume_dryup, weekly_volume_dryup, weekly_strong, distribution_risk",weekly_watchlist,49.83,50.83,686.1,-7.0,"[18.35, 18.06]","[3, 4]",0.9,10.0,strong
HNDFDS.NS,Hindustan Foods Limited,Fast Moving Consumer Goods,Stage 3,13.38,6.28,31571112.55,0.78,True,False,"Stage 3, weekly_vcp_ok, volume_dryup, weekly_strong, distribution_risk",weekly_watchlist,49.77,50.77,536.24,-1.64,"[21.67, 14.07]","[9, 4]",0.9,15.0,strong
CAMS.NS,Computer Age Management Services Limited,Financial Services,Stage 3,12.59,6.65,1683715027.43,0.7,True,False,"Stage 3, weekly_vcp_ok, volume_dryup, weekly_strong, distribution_risk",weekly_watchlist,49.72,50.72,749.81,2.57,"[18.17, 18.32]","[11, 6]",0.9,18.0,strong
DELTACORP.NS,Delta Corp Limited,Consumer Services,Stage 3,15.44,10.93,491263006.34,0.62,True,False,"Stage 3, weekly_vcp_ok, volume_dryup, weekly_strong, distribution_risk",weekly_watchlist,50.44,50.44,73.73,-0.77,"[33.4, 32.52]","[15, 7]",0.9,32.0,strong
DELHIVERY.NS,Delhivery Limited,Services,Stage 3,12.01,12.58,1411193784.71,1.15,False,False,"Stage 3, weekly_vcp_ok, weekly_strong, distribution_risk",weekly_watchlist,50.26,50.26,459.6,-1.49,"[23.58, 14.46]","[11, 6]",0.9,19.0,strong
KSCL.NS,Kaveri Seed Company Limited,Fast Moving Consumer Goods,Stage 3,16.14,-5.58,120223729.12,0.58,True,True,"Stage 3, weekly_vcp_ok, volume_dryup, weekly_volume_dryup, weekly_strong, distribution_risk",weekly_watchlist,48.86,49.86,961.08,-4.66,"[27.27, 26.51]","[9, 4]",0.9,15.0,strong
MAHSEAMLES.NS,Maharashtra Seamless Limited,Capital Goods,Stage 3,28.55,21.73,73190497.24,0.67,True,True,"Stage 3, weekly_vcp_ok, volume_dryup, weekly_volume_dryup, weekly_strong, distribution_risk",weekly_watchlist,44.83,49.83,600.05,6.46,"[29.12, 16.41]","[19, 8]",0.9,31.0,strong
NESCO.NS,Nesco Limited,Services,Stage 3,12.96,6.78,60074771.94,0.81,True,False,"Stage 3, weekly_vcp_ok, volume_dryup, weekly_strong, distribution_risk",weekly_watchlist,49.77,49.77,1247.18,-0.9,"[34.41, 20.0]","[20, 7]",0.9,29.0,strong
MANKIND.NS,Mankind Pharma Limited,Healthcare,Stage 3,28.58,20.59,1951438652.56,1.71,False,False,"Stage 3, weekly_vcp_ok, weekly_strong, distribution_risk",weekly_watchlist,44.72,49.72,2324.96,8.14,"[16.8, 16.42]","[8, 4]",0.9,22.0,strong
NAVA.NS,NAVA LIMITED,Power,Stage 3,16.86,19.92,472368857.68,0.9,False,True,"Stage 3, weekly_vcp_ok, weekly_volume_dryup, weekly_strong, distribution_risk",weekly_watchlist,44.58,49.58,738.09,-17.59,"[20.9, 17.03, 12.63]","[3, 3, 5]",0.95,21.0,strong
PRAJIND.NS,Praj Industries Limited,Capital Goods,Stage 3,25.11,21.96,662301120.04,0.45,True,True,"Stage 3, weekly_vcp_ok, volume_dryup, weekly_volume_dryup, weekly_strong, distribution_risk",weekly_watchlist,44.51,49.51,428.4,-8.86,"[23.7, 16.02]","[6, 5]",0.9,13.0,strong
TEJASNET.NS,Tejas Networks Limited,Telecommunication,Stage 3,47.14,-0.76,3745440371.62,0.79,True,True,"Stage 3, weekly_vcp_ok, volume_dryup, weekly_volume_dryup, weekly_strong, distribution_risk",weekly_watchlist,44.44,49.44,529.88,-12.11,"[53.05, 27.73]","[19, 4]",0.9,28.0,strong
SAMMAANCAP.NS,Sammaan Capital Ltd.,Financial Services,Stage 3,12.6,-6.89,3086851647.2,1.36,False,False,"Stage 3, weekly_vcp_ok, weekly_strong, distribution_risk",weekly_watchlist,48.37,49.37,162.28,-4.94,"[29.7, 20.37]","[12, 4]",0.9,20.0,strong
AMBER.NS,Amber Enterprises India Limited,Consumer Durables,Stage 3,4.3,11.17,3875322494.18,1.67,False,False,"Stage 3, weekly_vcp_ok, weekly_strong, distribution_risk",weekly_watchlist,49.35,49.35,8156.75,-7.6,"[36.44, 24.84]","[18, 6]",0.9,28.0,strong
SFL.NS,Sheela Foam Limited,Consumer Durables,Stage 3,10.01,4.51,249341243.88,2.97,False,False,"Stage 3, weekly_vcp_ok, weekly_strong, distribution_risk",weekly_watchlist,49.25,49.25,637.06,-6.53,"[32.08, 28.17]","[12, 8]",0.9,21.0,strong
LUXIND.NS,Lux Industries Limited,Textiles,Stage 3,46.16,22.51,213664696.55,0.22,True,True,"Stage 3, weekly_vcp_ok, volume_dryup, weekly_volume_dryup, weekly_strong, distribution_risk",weekly_watchlist,46.67,49.17,1056.85,26.94,"[39.37, 21.89]","[19, 7]",0.9,28.0,strong
MIDHANI.NS,Mishra Dhatu Nigam Limited,Capital Goods,Stage 3,19.85,23.08,523425596.78,1.36,False,False,"Stage 3, weekly_vcp_ok, weekly_strong, distribution_risk",weekly_watchlist,44.09,49.09,390.35,3.08,"[27.32, 27.35]","[6, 13]",0.9,21.0,strong
VENUSPIPES.NS,Venus Pipes & Tubes Limited,Capital Goods,Stage 3,28.28,14.27,69957346.42,0.6,True,True,"Stage 3, weekly_vcp_ok, volume_dryup, weekly_volume_dryup, weekly_strong, distribution_risk",weekly_watchlist,44.06,49.06,1254.19,7.81,"[34.19, 28.91]","[18, 7]",0.9,27.0,strong
MANINFRA.NS,Man Infraconstruction Limited,Construction,Stage 3,13.03,-2.46,415797295.27,1.43,False,False,"Stage 3, weekly_vcp_ok, weekly_strong, distribution_risk",weekly_watchlist,48.86,48.86,125.29,-5.67,"[47.95, 38.71]","[30, 7]",0.9,39.0,strong
ITC.NS,ITC Limited,Fast Moving Consumer Goods,Stage 3,2.55,-13.8,5103299738.65,0.74,True,True,"Stage 3, weekly_vcp_ok, volume_dryup, weekly_volume_dryup, weekly_strong, distribution_risk",weekly_watchlist,47.8,48.8,334.83,-8.0,"[26.25, 14.14]","[6, 6]",0.9,14.0,strong
LALPATHLAB.NS,Dr. Lal Path Labs Ltd.,Healthcare,Stage 3,24.7,14.59,1294492053.79,0.9,False,False,"Stage 3, weekly_vcp_ok, weekly_strong, distribution_risk",weekly_watchlist,43.73,48.73,1518.87,10.66,"[18.7, 13.66]","[9, 6]",0.9,18.0,strong
TARIL.NS,Transformers And Rectifiers (India) Ltd.,Capital Goods,Stage 3,21.0,4.87,1559428768.29,0.5,True,False,"Stage 3, weekly_vcp_ok, volume_dryup, weekly_strong, distribution_risk",weekly_watchlist,43.49,48.49,344.3,-11.12,"[58.32, 34.81, 23.03]","[11, 5, 6]",0.95,27.0,strong
SARDAEN.NS,Sarda Energy & Minerals Limited,Metals & Mining,Stage 3,17.63,19.09,325032624.41,0.84,True,False,"Stage 3, weekly_vcp_ok, volume_dryup, weekly_strong, distribution_risk",weekly_watchlist,43.47,48.47,625.09,-10.09,"[15.78, 14.99]","[4, 3]",0.9,13.0,strong
IGIL.NS,International Gemmological Institute (India) Ltd.,Services,Stage 3,23.68,18.28,228692694.96,1.55,False,False,"Stage 3, weekly_vcp_ok, weekly_strong, distribution_risk",weekly_watchlist,48.33,48.33,385.62,-2.69,"[25.78, 15.41, 16.75, 15.84]","[2, 5, 5, 4]",0.73,26.0,strong
HCC.NS,Hindustan Construction Company Limited,Construction,Stage 3,14.79,-9.8,912676860.05,0.94,False,False,"Stage 3, weekly_vcp_ok, weekly_strong, distribution_risk",weekly_watchlist,48.3,48.3,21.33,-3.97,"[42.64, 35.89]","[7, 11]",0.9,22.0,strong
RAYMOND.NS,Raymond Limited,Textiles,Stage 3,42.13,16.81,751510631.81,1.66,False,False,"Stage 3, weekly_vcp_ok, weekly_strong, distribution_risk",weekly_watchlist,45.69,48.19,431.25,25.56,"[53.95, 25.67]","[30, 7]",0.9,39.0,strong
VMART.NS,V-Mart Retail Limited,Consumer Services,Stage 3,12.55,-16.3,242722585.65,0.17,True,True,"Stage 3, weekly_vcp_ok, volume_dryup, weekly_volume_dryup, weekly_strong, distribution_risk",weekly_watchlist,47.8,47.8,662.21,-3.85,"[37.59, 30.73]","[10, 7]",0.9,20.0,strong
DIXON.NS,Dixon Technologies (India) Limited,Consumer Durables,Stage 3,4.64,-19.57,7820656583.62,1.17,False,False,"Stage 3, weekly_vcp_ok, weekly_strong, distribution_risk",weekly_watchlist,47.8,47.8,11867.73,-5.14,"[37.65, 18.97]","[10, 7]",0.9,19.0,strong
HINDWAREAP.NS,Hindware Home Innovation Limited,Consumer Durables,Stage 3,9.96,-22.01,35855855.57,0.68,True,True,"Stage 3, weekly_vcp_ok, volume_dryup, weekly_volume_dryup, weekly_strong, distribution_risk",weekly_watchlist,47.8,47.8,257.23,-5.52,"[47.79, 33.6]","[10, 7]",0.9,20.0,strong
SUPRAJIT.NS,Suprajit Engineering Limited,Automobile and Auto Components,Stage 3,8.72,-1.25,27954658.94,0.84,True,True,"Stage 3, weekly_vcp_ok, volume_dryup, weekly_volume_dryup, weekly_strong, distribution_risk",weekly_watchlist,46.55,47.55,453.85,-7.19,"[21.44, 19.0]","[3, 6]",0.9,10.0,strong
GENUSPOWER.NS,Genus Power Infrastructures Limited,Capital Goods,Stage 3,25.07,-0.83,291836036.24,1.08,False,False,"Stage 3, weekly_vcp_ok, weekly_strong, distribution_risk",weekly_watchlist,42.22,47.22,293.51,6.67,"[43.15, 27.75]","[13, 7]",0.9,21.0,strong
IMFA.NS,Indian Metals & Ferro Alloys Limited,Metals & Mining,Stage 3,11.7,18.67,392954333.12,0.89,False,False,"Stage 3, weekly_vcp_ok, weekly_strong, distribution_risk",weekly_watchlist,42.04,47.04,1682.84,-16.05,"[29.56, 22.37]","[3, 6]",0.9,11.0,strong
GRSE.NS,Garden Reach Shipbuilders & Engineers Limited,Capital Goods,Stage 3,18.3,3.12,8150127672.02,0.7,True,False,"Stage 3, weekly_vcp_ok, volume_dryup, weekly_strong, distribution_risk",weekly_watchlist,41.94,46.94,3344.84,-19.56,"[27.22, 23.67]","[4, 13]",0.9,19.0,strong
ERIS.NS,Eris Lifesciences Limited,Healthcare,Stage 3,9.47,-1.91,279328973.55,2.0,False,False,"Stage 3, weekly_vcp_ok, weekly_strong, distribution_risk",weekly_watchlist,41.66,46.66,1531.68,-9.52,"[25.22, 19.16, 18.81]","[7, 6, 2]",0.95,20.0,strong
SJVN.NS,SJVN Limited,Power,Stage 3,4.11,-0.45,360322339.4,0.84,True,True,"Stage 3, weekly_vcp_ok, volume_dryup, weekly_volume_dryup, weekly_strong, distribution_risk",weekly_watchlist,41.27,46.27,87.59,-16.12,"[26.78, 23.28, 21.47]","[12, 4, 7]",0.95,27.0,strong
SKIPPER.NS,Skipper Limited,Capital Goods,Stage 3,32.24,2.15,399810221.87,1.03,False,False,"Stage 3, weekly_vcp_ok, weekly_strong, distribution_risk",weekly_watchlist,41.24,46.24,524.82,-12.46,"[29.26, 20.23]","[4, 4]",0.9,10.0,strong
ISGEC.NS,Isgec Heavy Engineering Limited,Construction,Stage 3,33.77,28.63,66352308.59,0.61,True,True,"Stage 3, weekly_vcp_ok, volume_dryup, weekly_volume_dryup, weekly_strong, distribution_risk",weekly_watchlist,46.04,46.04,999.75,7.39,"[29.63, 12.2]","[5, 7]",0.9,14.0,strong
FLUOROCHEM.NS,Gujarat Fluorochemicals Limited,Chemicals,Stage 3,20.91,15.99,472642166.78,0.7,True,False,"Stage 3, weekly_vcp_ok, volume_dryup, weekly_strong, distribution_risk",weekly_watchlist,43.49,45.99,3606.3,6.13,"[21.41, 18.75]","[4, 7]",0.9,13.0,strong
HBLENGINE.NS,HBL Engineering Ltd.,Capital Goods,Stage 3,14.13,-15.78,1252973476.15,0.77,True,False,"Stage 3, weekly_vcp_ok, volume_dryup, weekly_strong, distribution_risk",weekly_watchlist,40.9,45.9,984.08,-20.3,"[32.25, 29.7, 24.78]","[5, 3, 7]",0.95,20.0,strong
WAAREEENER.NS,Waaree Energies Ltd.,Capital Goods,Stage 3,8.01,1.84,4764266333.1,0.49,True,True,"Stage 3, weekly_vcp_ok, volume_dryup, weekly_volume_dryup, weekly_strong, distribution_risk",weekly_watchlist,40.79,45.79,3563.22,-14.22,"[35.35, 20.94]","[14, 4]",0.9,21.0,strong
SHANTIGEAR.NS,Shanthi Gears Limited,Capital Goods,Stage 3,5.58,3.3,7504200.81,0.54,True,False,"Stage 3, weekly_vcp_ok, volume_dryup, weekly_strong, distribution_risk",weekly_watchlist,40.69,45.69,495.0,-10.68,"[15.66, 14.29]","[6, 10]",0.9,23.0,strong
ASTRAZEN.NS,AstraZeneca Pharma India Limited,Healthcare,Stage 3,4.08,2.68,46795291.9,0.54,True,True,"Stage 3, weekly_vcp_ok, volume_dryup, weekly_volume_dryup, weekly_strong, distribution_risk",weekly_watchlist,40.48,45.48,9866.74,-12.94,"[17.29, 18.1]","[6, 8]",0.9,38.0,strong
PRINCEPIPE.NS,Prince Pipes And Fittings Limited,Capital Goods,Stage 3,11.66,-4.96,229893242.08,3.1,False,False,"Stage 3, weekly_vcp_ok, weekly_strong, distribution_risk",weekly_watchlist,40.47,45.47,358.09,-24.85,"[25.72, 25.86]","[8, 13]",0.9,41.0,strong
PAGEIND.NS,Page Industries Limited,Textiles,Stage 3,22.72,5.88,803420734.5,1.0,False,True,"Stage 3, weekly_vcp_ok, weekly_volume_dryup, weekly_strong, distribution_risk",weekly_watchlist,42.66,45.16,36227.16,5.94,"[32.7, 17.58]","[21, 6]",0.9,29.0,strong
AARTIDRUGS.NS,Aarti Drugs Limited,Healthcare,Stage 3,9.46,-6.51,59494714.94,1.01,False,False,"Stage 3, weekly_vcp_ok, weekly_strong, distribution_risk",weekly_watchlist,40.1,45.1,423.03,-10.08,"[29.49, 24.05]","[5, 8]",0.9,20.0,strong
IIFL.NS,IIFL Finance Limited,Financial Services,Stage 4,-3.22,-8.92,2261202490.51,1.75,False,False,"Stage 4, weekly_vcp_ok, weekly_strong, downtrend",weekly_watchlist,43.8,44.8,484.65,-4.65,"[29.0, 15.44]","[4, 2]",0.9,16.0,strong
JAICORPLTD.NS,Jai Corp Limited,Capital Goods,Stage 3,7.74,-11.98,59053492.23,0.32,True,True,"Stage 3, weekly_vcp_ok, volume_dryup, weekly_volume_dryup, weekly_strong, distribution_risk",weekly_watchlist,39.8,44.8,173.7,-33.46,"[40.83, 28.87]","[20, 7]",0.9,29.0,strong
CONCORDBIO.NS,Concord Biotech Limited,Healthcare,Stage 3,5.95,-16.47,257763340.58,0.49,True,False,"Stage 3, weekly_vcp_ok, volume_dryup, weekly_strong, distribution_risk",weekly_watchlist,39.8,44.8,1457.55,-22.93,"[29.71, 28.74]","[15, 8]",0.9,36.0,strong
APLLTD.NS,Alembic Pharmaceuticals Limited,Healthcare,Stage 3,4.28,-9.32,130551337.3,1.55,False,False,"Stage 3, weekly_vcp_ok, weekly_strong, distribution_risk",weekly_watchlist,39.8,44.8,828.9,-9.65,"[25.38, 23.16]","[12, 7]",0.9,20.0,strong
NOCIL.NS,NOCIL Limited,Chemicals,Stage 3,19.49,5.45,123665219.4,0.12,True,True,"Stage 3, weekly_vcp_ok, volume_dryup, weekly_volume_dryup, weekly_strong, distribution_risk",weekly_watchlist,42.29,44.79,157.07,5.8,"[34.8, 19.51]","[14, 4]",0.9,20.0,strong
SAREGAMA.NS,Saregama India Limited,"Media, Entertainment & Publication",Stage 3,26.07,11.27,3360577534.23,4.52,False,False,"Stage 3, weekly_vcp_ok, weekly_strong, distribution_risk",weekly_watchlist,44.63,44.63,370.9,9.57,"[38.08, 16.47, 16.74]","[20, 4, 3]",0.95,29.0,strong
CHAMBLFERT.NS,Chambal Fertilizers & Chemicals Limited,Chemicals,Stage 3,6.29,4.92,483026453.62,1.82,False,False,"Stage 3, weekly_vcp_ok, weekly_strong, distribution_risk",weekly_watchlist,42.02,44.52,487.85,-8.49,"[28.6, 14.68, 14.77]","[14, 4, 5]",0.95,28.0,strong
WABAG.NS,VA Tech Wabag Limited,Utilities,Stage 3,16.04,9.45,395012852.48,0.52,True,True,"Stage 3, weekly_vcp_ok, volume_dryup, weekly_volume_dryup, weekly_strong, distribution_risk",weekly_watchlist,43.45,44.45,1561.73,-9.68,"[28.72, 18.31, 12.65]","[10, 3, 3]",0.95,19.0,strong
TECHNOE.NS,Techno Electric & Engineering Company Limited,Construction,Stage 3,28.11,16.06,373842671.31,1.27,False,False,"Stage 3, weekly_vcp_ok, weekly_strong, distribution_risk",weekly_watchlist,44.22,44.22,1217.83,6.28,"[44.42, 19.55]","[21, 5]",0.9,30.0,strong
AKZOINDIA.NS,Akzo Nobel India Limited,Consumer Durables,Stage 4,4.81,-3.31,49139713.16,0.74,True,True,"Stage 4, weekly_vcp_ok, volume_dryup, weekly_volume_dryup, weekly_strong, downtrend",weekly_watchlist,43.95,43.95,3130.47,-6.46,"[28.26, 14.66]","[9, 2]",0.9,14.0,strong
TVSHLTD.NS,TVS Holdings Limited,Automobile and Auto Components,Stage 1,0.0,-4.07,58390423.45,0.65,True,True,"Stage 1, weekly_vcp_ok, volume_dryup, weekly_volume_dryup, weekly_strong, stage1_not_actionable, stage1_needs_more_base",weekly_watchlist,42.9,43.9,15731.91,-14.46,"[19.34, 15.07, 15.53]","[6, 3, 6]",0.95,18.0,strong
WHIRLPOOL.NS,Whirlpool of India Limited,Consumer Durables,Stage 4,1.78,-18.59,342838522.77,0.86,False,False,"Stage 4, weekly_vcp_ok, weekly_strong, downtrend",weekly_watchlist,43.8,43.8,947.25,-7.37,"[47.33, 18.46]","[14, 5]",0.9,21.0,strong
OLAELEC.NS,Ola Electric Mobility Ltd.,Automobile and Auto Components,Stage 3,34.81,-7.01,2422308157.0,0.54,True,True,"Stage 3, weekly_vcp_ok, volume_dryup, weekly_volume_dryup, weekly_strong, distribution_risk",weekly_watchlist,42.58,43.58,45.95,-22.72,"[56.83, 51.49]","[15, 10]",0.9,28.0,strong
CERA.NS,Cera Sanitaryware Limited,Consumer Durables,Stage 3,20.8,11.68,140767362.96,1.72,False,False,"Stage 3, weekly_vcp_ok, weekly_strong, distribution_risk",weekly_watchlist,43.05,43.05,5358.86,8.01,"[24.22, 16.61]","[12, 5]",0.9,19.0,strong
CROMPTON.NS,Crompton Greaves Consumer Electricals Limited,Consumer Durables,Stage 3,15.77,15.57,1848702781.08,1.49,False,False,"Stage 3, weekly_vcp_ok, weekly_strong, distribution_risk",weekly_watchlist,42.93,42.93,275.25,6.03,"[18.27, 19.15]","[3, 6]",0.9,12.0,strong
BANDHANBNK.NS,Bandhan Bank Limited,Financial Services,Stage 2,21.34,33.46,3472739873.15,0.63,True,False,"Stage 2, volume_dryup",weekly_watchlist,41.68,42.68,190.56,0.27,"[23.7, 26.04]","[6, 5]",0.1,22.0,weak
BAJAJHIND.NS,Bajaj Hindusthan Sugar Limited,Fast Moving Consumer Goods,Stage 3,20.96,-2.6,202582854.09,0.76,True,True,"Stage 3, weekly_vcp_ok, volume_dryup, weekly_volume_dryup, weekly_strong, distribution_risk",weekly_watchlist,41.64,42.64,23.34,-20.65,"[34.62, 18.05]","[12, 2]",0.9,33.0,strong
GRWRHITECH.NS,Garware Hi-Tech Films Limited,Capital Goods,Stage 2,34.49,46.81,936437715.07,0.98,False,False,"Stage 2, trend_template_ok",weekly_watchlist,37.6,42.6,5569.73,-0.81,[27.8],[8],0.0,8.0,weak
NIACL.NS,The New India Assurance Company Limited,Financial Services,Stage 3,16.99,0.01,167044186.29,0.35,True,True,"Stage 3, weekly_vcp_ok, volume_dryup, weekly_volume_dryup, weekly_strong, distribution_risk",weekly_watchlist,41.5,42.5,180.72,-8.1,"[33.7, 27.97]","[20, 7]",0.9,30.0,strong
DMART.NS,Avenue Supermarts Limited,Consumer Services,Stage 3,13.9,12.21,1556719744.17,0.44,True,True,"Stage 3, weekly_vcp_ok, volume_dryup, weekly_volume_dryup, weekly_strong, distribution_risk",weekly_watchlist,42.41,42.41,4652.13,-11.07,"[27.27, 9.97]","[22, 6]",0.9,29.0,strong
TATVA.NS,Tatva Chintan Pharma Chem Limited,Chemicals,Stage 3,6.02,-15.11,72246014.52,1.28,False,False,"Stage 3, weekly_vcp_ok, weekly_strong, distribution_risk",weekly_watchlist,39.8,42.3,1612.82,-26.36,"[20.79, 9.13]","[6, 28]",0.9,35.0,strong
BASF.NS,BASF India Limited,Chemicals,Stage 3,5.96,-8.33,151857997.59,1.73,False,False,"Stage 3, weekly_vcp_ok, weekly_strong, distribution_risk",weekly_watchlist,39.8,42.3,3966.93,-9.67,"[27.02, 21.16]","[16, 6]",0.9,25.0,strong
ACI.NS,Archean Chemical Industries Limited,Chemicals,Stage 3,-0.53,-5.44,103046478.83,1.32,False,False,"Stage 3, weekly_vcp_ok, weekly_strong, distribution_risk",weekly_watchlist,39.8,42.3,631.95,-17.42,"[33.47, 10.62]","[13, 8]",0.9,25.0,strong
BOMDYEING.NS,Bombay Dyeing & Mfg Company Limited,Textiles,Stage 3,8.73,-11.33,318172036.13,0.64,True,False,"Stage 3, weekly_vcp_ok, volume_dryup, weekly_strong, distribution_risk",weekly_watchlist,39.8,42.3,180.75,-33.15,"[36.05, 27.96]","[13, 8]",0.9,29.0,strong
JINDWORLD.NS,Jindal Worldwide Limited,Textiles,Stage 3,3.79,-14.13,46770797.76,1.72,False,False,"Stage 3, weekly_vcp_ok, weekly_strong, distribution_risk",weekly_watchlist,39.8,42.3,31.86,-17.88,"[41.88, 43.87]","[15, 8]",0.9,25.0,strong
PCBL.NS,PCBL LIMITED,Chemicals,Stage 3,-0.73,-6.44,662306548.2,0.86,False,True,"Stage 3, weekly_vcp_ok, weekly_volume_dryup, weekly_strong, distribution_risk",weekly_watchlist,39.8,42.3,331.23,-12.4,"[39.26, 31.5]","[19, 4]",0.9,27.0,strong
KAJARIACER.NS,Kajaria Ceramics Limited,Consumer Durables,Stage 3,17.42,4.8,437547604.31,0.48,True,False,"Stage 3, weekly_vcp_ok, volume_dryup, weekly_strong, distribution_risk",weekly_watchlist,42.02,42.02,1014.92,4.57,"[32.35, 14.13]","[16, 4]",0.9,22.0,strong
MEDANTA.NS,Global Health Limited,Healthcare,Stage 3,16.2,11.87,351334374.87,1.69,False,False,"Stage 3, weekly_vcp_ok, distribution_risk",weekly_watchlist,36.91,41.91,1246.18,-0.48,"[21.18, 18.54, 19.64]","[9, 3, 6]",0.55,24.0,moderate
JMFINANCIL.NS,JM Financial Limited,Financial Services,Stage 3,2.0,-2.92,317328941.28,0.64,True,True,"Stage 3, weekly_vcp_ok, volume_dryup, weekly_volume_dryup, weekly_strong, distribution_risk",weekly_watchlist,40.9,41.9,152.17,-14.8,"[25.74, 23.38, 22.71]","[8, 5, 6]",0.95,24.0,strong
LTFOODS.NS,LT Foods Ltd.,Fast Moving Consumer Goods,Stage 3,2.22,6.4,142797186.71,0.15,True,True,"Stage 3, weekly_vcp_ok, volume_dryup, weekly_volume_dryup, weekly_strong, distribution_risk",weekly_watchlist,40.66,41.66,472.78,-14.91,"[23.19, 23.91]","[13, 4]",0.9,23.0,strong
TATAINVEST.NS,Tata Investment Corporation Ltd.,Financial Services,Stage 3,12.51,-4.21,345564637.68,0.38,True,True,"Stage 3, weekly_vcp_ok, volume_dryup, weekly_volume_dryup, weekly_strong, distribution_risk",weekly_watchlist,40.63,41.63,763.58,-12.47,"[50.24, 27.35]","[18, 6]",0.9,26.0,strong
WONDERLA.NS,Wonderla Holidays Limited,Consumer Services,Stage 3,7.63,-1.28,73421126.89,1.12,False,False,"Stage 3, weekly_vcp_ok, weekly_strong, distribution_risk",weekly_watchlist,41.53,41.53,573.9,-15.05,"[21.24, 15.33, 11.9]","[9, 3, 3]",0.95,29.0,strong
MMTC.NS,MMTC Limited,Services,Stage 3,8.67,7.78,159322835.47,0.4,True,True,"Stage 3, weekly_vcp_ok, volume_dryup, weekly_volume_dryup, weekly_strong, distribution_risk",weekly_watchlist,41.44,41.44,72.7,-11.94,"[30.66, 31.09]","[11, 11]",0.9,27.0,strong
VARROC.NS,Varroc Engineering Limited,Automobile and Auto Components,Stage 3,8.95,-3.51,50187131.08,0.46,True,True,"Stage 3, weekly_vcp_ok, volume_dryup, weekly_volume_dryup, weekly_strong, distribution_risk",weekly_watchlist,40.34,41.34,631.1,-9.97,"[25.64, 26.67]","[7, 8]",0.9,17.0,strong
ORIENTELEC.NS,Orient Electric Limited,Consumer Durables,Stage 3,13.16,1.47,105885311.05,1.28,False,False,"Stage 3, weekly_vcp_ok, weekly_strong, distribution_risk",weekly_watchlist,41.26,41.26,201.65,-8.34,"[28.58, 19.0]","[4, 11]",0.9,22.0,strong
PFIZER.NS,Pfizer Limited,Healthcare,Stage 3,0.6,0.6,122425627.02,1.6,False,False,"Stage 3, weekly_vcp_ok, weekly_strong, distribution_risk",weekly_watchlist,36.25,41.25,5588.26,-16.77,"[18.78, 12.1, 13.67, 13.98]","[5, 7, 7, 6]",0.73,31.0,strong
AAVAS.NS,Aavas Financiers Ltd.,Financial Services,Stage 3,13.44,-9.04,104513093.09,0.33,True,True,"Stage 3, weekly_vcp_ok, volume_dryup, weekly_volume_dryup, weekly_strong, distribution_risk",weekly_watchlist,40.24,41.24,1775.0,-22.55,"[29.54, 30.24]","[8, 8]",0.9,38.0,strong
SHAREINDIA.NS,Share India Securities Limited,Financial Services,Stage 3,9.04,-4.92,86014576.27,0.97,False,True,"Stage 3, weekly_vcp_ok, weekly_volume_dryup, weekly_strong, distribution_risk",weekly_watchlist,40.21,41.21,189.8,-23.63,"[29.32, 27.43]","[7, 7]",0.9,23.0,strong
RRKABEL.NS,R R Kabel Limited,Capital Goods,Stage 2,46.1,50.36,1819021908.57,1.21,False,False,"Stage 2, trend_template_ok",weekly_watchlist,36.2,41.2,1580.96,23.04,"[17.4, 18.81]","[5, 5]",0.1,14.0,weak
TIMKEN.NS,Timken India Limited,Capital Goods,Stage 2,25.39,27.59,303552925.89,1.75,False,False,"Stage 2, trend_template_ok",weekly_watchlist,36.1,41.1,3686.04,0.71,[9.07],[9],0.0,9.0,weak
JKCEMENT.NS,J.K. Cement Ltd.,Construction Materials,Stage 3,2.46,9.79,395862698.35,0.67,True,False,"Stage 3, weekly_vcp_ok, volume_dryup, weekly_strong, distribution_risk",weekly_watchlist,41.02,41.02,6115.68,-9.31,"[29.13, 21.01]","[18, 9]",0.9,31.0,strong
KTKBANK.NS,The Karnataka Bank Limited,Financial Services,Stage 2,38.17,63.76,889395820.2,0.97,False,True,"Stage 2, trend_template_ok, weekly_volume_dryup",weekly_watchlist,40.0,41.0,275.78,-1.79,[20.45],[10],0.0,10.0,weak
SHARDAMOTR.NS,Sharda Motor Industries Limited,Automobile and Auto Components,Stage 3,3.41,-2.25,41884543.98,0.95,False,True,"Stage 3, weekly_vcp_ok, weekly_volume_dryup, weekly_strong, distribution_risk",weekly_watchlist,39.92,40.92,1018.48,-10.99,"[31.45, 31.15]","[11, 8]",0.9,20.0,strong
PRSMJOHNSN.NS,Prism Johnson Limited,Construction Materials,Stage 3,6.18,-10.28,114926082.84,0.52,True,True,"Stage 3, weekly_vcp_ok, volume_dryup, weekly_volume_dryup, weekly_strong, distribution_risk",weekly_watchlist,40.9,40.9,156.01,-24.47,"[25.76, 24.67, 7.14]","[7, 5, 3]",0.95,23.0,strong
TI.NS,Tilaknagar Industries Limited,Fast Moving Consumer Goods,Stage 3,3.96,-2.97,202526236.38,0.74,True,True,"Stage 3, weekly_vcp_ok, volume_dryup, weekly_volume_dryup, weekly_strong, distribution_risk",weekly_watchlist,39.9,40.9,490.76,-11.9,"[30.59, 11.05]","[12, 7]",0.9,21.0,strong
SUPREMEIND.NS,Supreme Industries Limited,Capital Goods,Stage 4,-3.67,4.5,890238187.7,0.4,True,True,"Stage 4, weekly_vcp_ok, volume_dryup, weekly_volume_dryup, weekly_strong, downtrend",weekly_watchlist,35.88,40.88,4081.93,-15.08,"[31.59, 6.62]","[15, 12]",0.9,31.0,strong
BANCOINDIA.NS,Banco Products (I) Limited,Automobile and Auto Components,Stage 3,1.63,-15.82,90917817.03,0.77,True,True,"Stage 3, weekly_vcp_ok, volume_dryup, weekly_volume_dryup, weekly_strong, distribution_risk",weekly_watchlist,39.8,40.8,696.44,-13.75,"[37.19, 27.79]","[11, 7]",0.9,20.0,strong
PRICOLLTD.NS,Pricol Limited,Automobile and Auto Components,Stage 3,0.12,-1.71,737074277.23,3.36,False,False,"Stage 3, weekly_vcp_ok, weekly_strong, distribution_risk",weekly_watchlist,39.8,40.8,640.52,-13.57,"[24.94, 20.4]","[3, 6]",0.9,12.0,strong
RENUKA.NS,Shree Renuka Sugars Limited,Fast Moving Consumer Goods,Stage 3,5.41,-6.65,287570875.89,0.87,False,False,"Stage 3, weekly_vcp_ok, weekly_strong, distribution_risk",weekly_watchlist,39.8,40.8,26.05,-8.12,"[31.79, 11.92]","[20, 3]",0.9,26.0,strong
TASTYBITE.NS,Tasty Bite Eatables Limited,Fast Moving Consumer Goods,Stage 3,1.31,-2.66,50112200.95,1.16,False,False,"Stage 3, weekly_vcp_ok, weekly_strong, distribution_risk",weekly_watchlist,39.8,40.8,8815.4,-15.48,"[45.11, 26.93]","[25, 5]",0.9,33.0,strong
RACE.NS,Race Eco Chain Limited,Utilities,Stage 3,15.83,-23.05,1285599.21,0.51,True,True,"Stage 3, weekly_vcp_ok, volume_dryup, weekly_volume_dryup, weekly_strong, distribution_risk",weekly_watchlist,39.8,40.8,144.92,-16.51,"[61.01, 38.58]","[20, 7]",0.9,29.0,strong
BHARTIHEXA.NS,Bharti Hexacom Ltd.,Telecommunication,Stage 4,0.48,-5.53,292413687.67,0.87,False,False,"Stage 4, weekly_vcp_ok, weekly_strong, downtrend",weekly_watchlist,35.8,40.8,1746.35,-10.16,"[17.69, 17.44]","[4, 7]",0.9,13.0,strong
KAYNES.NS,Kaynes Technology India Limited,Capital Goods,Stage 4,-11.73,-37.38,7466467120.17,1.93,False,False,"Stage 4, weekly_vcp_ok, weekly_strong, downtrend",weekly_watchlist,35.8,40.8,7718.48,-58.87,"[49.43, 19.87]","[25, 6]",0.9,33.0,strong
JISLJALEQS.NS,Jain Irrigation Systems Limited,Capital Goods,Stage 4,-13.31,-30.5,115420267.95,0.66,True,True,"Stage 4, weekly_vcp_ok, volume_dryup, weekly_volume_dryup, weekly_strong, downtrend",weekly_watchlist,35.8,40.8,38.76,-25.23,"[40.13, 29.96]","[13, 6]",0.9,21.0,strong
HINDZINC.NS,Hindustan Zinc Limited,Metals & Mining,Stage 2,17.95,43.07,4686685626.88,1.0,False,False,"Stage 2, trend_template_ok",weekly_watchlist,35.7,40.7,614.66,2.18,[33.97],[8],0.0,8.0,weak
PPLPHARMA.NS,Piramal Pharma Ltd.,Healthcare,Stage 3,14.83,0.35,1298345170.52,0.82,True,False,"Stage 3, weekly_vcp_ok, volume_dryup, distribution_risk",weekly_watchlist,35.62,40.62,185.36,-5.01,"[21.09, 19.85, 21.97]","[6, 3, 5]",0.55,20.0,moderate
GMRAIRPORT.NS,GMR Airports Ltd.,Services,Stage 3,4.96,2.1,1454390044.34,1.1,False,False,"Stage 3, weekly_vcp_ok, weekly_strong, distribution_risk",weekly_watchlist,40.51,40.51,110.55,-12.38,"[12.44, 10.31]","[7, 28]",0.9,37.0,strong
NUVOCO.NS,Nuvoco Vistas Corporation Limited,Construction Materials,Stage 3,5.16,-0.73,202379765.77,0.63,True,False,"Stage 3, weekly_vcp_ok, volume_dryup, weekly_strong, distribution_risk",weekly_watchlist,40.24,40.24,439.85,-25.21,"[31.09, 23.64]","[14, 6]",0.9,29.0,strong
PVRINOX.NS,PVR INOX Limited,"Media, Entertainment & Publication",Stage 3,3.55,-0.13,462268101.1,1.01,False,False,"Stage 3, weekly_vcp_ok, weekly_strong, distribution_risk",weekly_watchlist,40.14,40.14,1115.7,-11.48,"[26.97, 14.21]","[14, 3]",0.9,22.0,strong
GODREJPROP.NS,Godrej Properties Limited,Realty,Stage 3,2.03,-10.54,1692631148.01,0.62,True,True,"Stage 3, weekly_vcp_ok, volume_dryup, weekly_volume_dryup, weekly_strong, distribution_risk",weekly_watchlist,39.8,39.8,1897.72,-8.47,"[31.85, 24.3]","[3, 6]",0.9,12.0,strong
FIRSTCRY.NS,Brainbees Solutions Ltd.,Consumer Services,Stage 3,9.72,-19.28,580820627.98,0.62,True,True,"Stage 3, weekly_vcp_ok, volume_dryup, weekly_volume_dryup, weekly_strong, distribution_risk",weekly_watchlist,39.8,39.8,313.2,-25.26,"[36.84, 28.46]","[13, 7]",0.9,29.0,strong
CMSINFO.NS,CMS Info Systems Limited,Services,Stage 3,3.51,-4.96,219738612.43,1.48,False,False,"Stage 3, weekly_vcp_ok, weekly_strong, distribution_risk",weekly_watchlist,39.8,39.8,362.49,-16.41,"[37.13, 27.39]","[16, 17]",0.9,37.0,strong
HGS.NS,Hinduja Global Solutions Limited,Services,Stage 3,9.0,-12.52,13445528.41,0.84,True,True,"Stage 3, weekly_vcp_ok, volume_dryup, weekly_volume_dryup, weekly_strong, distribution_risk",weekly_watchlist,39.8,39.8,545.95,-25.88,"[22.9, 20.64]","[11, 4]",0.9,34.0,strong
GRINFRA.NS,G R Infraprojects Limited,Construction,Stage 3,4.74,-4.99,148266132.04,0.47,True,True,"Stage 3, weekly_vcp_ok, volume_dryup, weekly_volume_dryup, weekly_strong, distribution_risk",weekly_watchlist,39.8,39.8,1036.11,-8.71,"[33.38, 24.1]","[17, 7]",0.9,27.0,strong
HGINFRA.NS,H.G. Infra Engineering Limited,Construction,Stage 3,2.18,-21.85,120453361.51,0.46,True,True,"Stage 3, weekly_vcp_ok, volume_dryup, weekly_volume_dryup, weekly_strong, distribution_risk",weekly_watchlist,39.8,39.8,954.0,-36.76,"[48.05, 39.07]","[18, 7]",0.9,28.0,strong
INDIGO.NS,InterGlobe Aviation Limited,Services,Stage 3,-2.99,-16.33,5167285467.59,0.55,True,True,"Stage 3, weekly_vcp_ok, volume_dryup, weekly_volume_dryup, weekly_strong, distribution_risk",weekly_watchlist,39.8,39.8,5064.85,-13.07,"[23.77, 22.96]","[9, 6]",0.9,17.0,strong
RAMKY.NS,Ramky Infrastructure Limited,Construction,Stage 3,3.21,-21.21,27229314.84,0.21,True,True,"Stage 3, weekly_vcp_ok, volume_dryup, weekly_volume_dryup, weekly_strong, distribution_risk",weekly_watchlist,39.8,39.8,706.23,-37.32,"[19.89, 18.15]","[4, 4]",0.9,37.0,strong
RTNINDIA.NS,RattanIndia Enterprises Limited,Services,Stage 3,9.38,-16.29,102418758.95,0.6,True,True,"Stage 3, weekly_vcp_ok, volume_dryup, weekly_volume_dryup, weekly_strong, distribution_risk",weekly_watchlist,39.8,39.8,39.85,-14.38,"[38.89, 38.66]","[14, 4]",0.9,27.0,strong
RBLBANK.NS,RBL Bank Limited,Financial Services,Stage 2,9.91,13.39,2120613425.12,0.72,True,False,"Stage 2, trend_template_ok, volume_dryup",weekly_watchlist,38.53,39.53,341.0,-3.59,"[11.45, 12.5]","[5, 10]",0.1,20.0,weak
VBL.NS,Varun Beverages Limited,Fast Moving Consumer Goods,Stage 2,21.64,22.48,3614165870.09,0.6,True,False,"Stage 2, volume_dryup",weekly_watchlist,38.41,39.41,535.12,-2.85,[22.23],[16],0.0,16.0,weak
SUNTV.NS,Sun TV Network Limited,"Media, Entertainment & Publication",Stage 3,-3.95,2.71,255480521.8,0.67,True,False,"Stage 3, weekly_vcp_ok, volume_dryup, weekly_strong, distribution_risk",weekly_watchlist,39.0,39.0,660.7,-21.48,"[20.23, 16.95]","[3, 3]",0.9,11.0,strong
EMCURE.NS,Emcure Pharmaceuticals Ltd.,Healthcare,Stage 2,27.01,36.38,599998279.91,0.49,True,False,"Stage 2, trend_template_ok, daily_vcp_ok, volume_dryup",weekly_watchlist,33.54,38.54,1833.2,-4.46,[12.9],[6],0.0,6.0,weak
GOKEX.NS,Gokaldas Exports Limited,Textiles,Stage 4,-6.23,-17.58,261726502.79,0.58,True,True,"Stage 4, weekly_vcp_ok, volume_dryup, weekly_volume_dryup, weekly_strong, downtrend",weekly_watchlist,35.8,38.3,861.5,-20.3,"[44.39, 37.06]","[10, 5]",0.9,18.0,strong
EIDPARRY.NS,EID Parry India Limited,Chemicals,Stage 4,-4.36,-16.18,233328176.94,0.73,True,True,"Stage 4, weekly_vcp_ok, volume_dryup, weekly_volume_dryup, weekly_strong, downtrend",weekly_watchlist,35.8,38.3,943.8,-16.35,"[20.35, 20.29]","[5, 6]",0.9,13.0,strong
PDSL.NS,PDS Limited,Textiles,Stage 4,-1.19,-18.07,39427538.08,0.39,True,True,"Stage 4, weekly_vcp_ok, volume_dryup, weekly_volume_dryup, weekly_strong, downtrend",weekly_watchlist,35.8,38.3,329.58,-10.72,"[36.07, 17.93]","[7, 3]",0.9,12.0,strong
PIIND.NS,PI Industries Limited,Chemicals,Stage 4,-2.54,-11.92,1263362108.52,1.77,False,False,"Stage 4, weekly_vcp_ok, weekly_strong, downtrend",weekly_watchlist,35.8,38.3,3833.31,-28.51,"[19.64, 18.85]","[9, 12]",0.9,35.0,strong
SANDUMA.NS,Sandur Manganese & Iron Ores Limited,"Oil, Gas & Consumable Fuels",Stage 2,18.83,13.97,739448374.1,2.34,False,False,Stage 2,weekly_watchlist,37.28,38.28,224.34,0.96,[37.54],[12],0.0,12.0,weak
CGCL.NS,Capri Global Capital Limited,Financial Services,Stage 3,14.97,3.46,582405997.44,1.35,False,False,"Stage 3, weekly_vcp_ok, weekly_strong, distribution_risk",weekly_watchlist,37.24,38.24,205.26,-9.69,"[16.15, 16.47]","[3, 3]",0.9,8.0,strong
AADHARHFC.NS,Aadhar Housing Finance Ltd.,Financial Services,Stage 3,10.96,4.71,177629637.76,0.74,True,False,"Stage 3, weekly_vcp_ok, volume_dryup, weekly_strong, distribution_risk",weekly_watchlist,36.97,37.97,523.92,-9.39,"[13.1, 13.45]","[4, 3]",0.9,8.0,strong
MANAPPURAM.NS,Manappuram Finance Limited,Financial Services,Stage 2,13.23,24.08,1422417330.56,0.98,False,False,Stage 2,weekly_watchlist,36.93,37.93,318.25,1.3,[23.64],[11],0.0,11.0,weak
GODREJAGRO.NS,Godrej Agrovet Limited,Fast Moving Consumer Goods,Stage 4,-0.99,10.58,133667465.89,1.53,False,False,"Stage 4, weekly_vcp_ok, weekly_strong, downtrend",weekly_watchlist,36.76,37.76,657.85,-10.63,"[41.64, 19.17]","[26, 7]",0.9,35.0,strong
BHARATFORG.NS,Bharat Forge Limited,Capital Goods,Stage 2,16.45,46.09,2758453753.06,0.9,False,False,"Stage 2, trend_template_ok",weekly_watchlist,32.25,37.25,2047.58,-7.27,[16.81],[5],0.0,5.0,weak
PNBHOUSING.NS,PNB Housing Finance Limited,Financial Services,Stage 2,30.16,23.48,1182798812.07,0.65,True,True,"Stage 2, trend_template_ok, volume_dryup, weekly_volume_dryup",weekly_watchlist,36.16,37.16,1097.72,-3.81,[28.17],[9],0.0,9.0,weak
INDIAMART.NS,Indiamart Intermesh Limited,Consumer Services,Stage 4,-0.81,-8.3,178104637.35,0.57,True,True,"Stage 4, weekly_vcp_ok, volume_dryup, weekly_volume_dryup, weekly_strong, downtrend",weekly_watchlist,36.9,36.9,2530.32,-19.77,"[16.11, 16.47, 16.67]","[8, 9, 8]",0.95,31.0,strong
SUNDARMFIN.NS,Sundaram Finance Limited,Financial Services,Stage 4,-6.39,5.35,239389870.6,0.75,True,True,"Stage 4, weekly_vcp_ok, volume_dryup, weekly_volume_dryup, weekly_strong, downtrend",weekly_watchlist,35.8,36.8,5651.87,-20.67,"[19.88, 8.62]","[2, 27]",0.9,32.0,strong
GODIGIT.NS,Go Digit General Insurance Ltd.,Financial Services,Stage 4,1.1,-3.85,75769636.52,0.68,True,False,"Stage 4, weekly_vcp_ok, volume_dryup, weekly_strong, downtrend",weekly_watchlist,35.8,36.8,350.61,-11.63,"[17.86, 10.84]","[14, 5]",0.9,21.0,strong
PATANJALI.NS,Patanjali Foods Ltd.,Fast Moving Consumer Goods,Stage 4,-4.4,-12.09,1112883307.64,1.56,False,False,"Stage 4, weekly_vcp_ok, weekly_strong, downtrend",weekly_watchlist,35.8,36.8,539.23,-14.09,"[17.58, 16.6]","[4, 8]",0.9,14.0,strong
MGL.NS,Mahanagar Gas Limited,"Oil, Gas & Consumable Fuels",Stage 4,3.25,-4.94,229950987.1,0.64,True,True,"Stage 4, weekly_vcp_ok, volume_dryup, weekly_volume_dryup, weekly_strong, downtrend",weekly_watchlist,35.8,36.8,1235.16,-14.68,"[26.08, 27.01]","[19, 4]",0.9,27.0,strong
MRF.NS,MRF Limited,Automobile and Auto Components,Stage 4,-6.9,-11.06,935227456.75,0.82,True,False,"Stage 4, weekly_vcp_ok, volume_dryup, weekly_strong, downtrend",weekly_watchlist,35.8,36.8,152713.76,-17.45,"[20.52, 19.02]","[14, 6]",0.9,22.0,strong
UTIAMC.NS,UTI Asset Management Company Limited,Financial Services,Stage 4,-5.0,-11.14,235391944.82,0.53,True,True,"Stage 4, weekly_vcp_ok, volume_dryup, weekly_volume_dryup, weekly_strong, downtrend",weekly_watchlist,35.8,36.8,1121.76,-16.07,"[20.68, 19.94]","[6, 6]",0.9,14.0,strong
AARTIIND.NS,Aarti Industries Limited,Chemicals,Stage 2,14.01,32.55,688201222.02,0.65,True,False,"Stage 2, trend_template_ok, volume_dryup",weekly_watchlist,34.26,36.76,524.02,-7.87,[16.87],[8],0.0,8.0,weak
SAIL.NS,Steel Authority of India Limited,Metals & Mining,Stage 2,32.86,50.19,6259813275.84,1.6,False,False,"Stage 2, trend_template_ok",weekly_watchlist,31.6,36.6,210.07,-6.44,[15.43],[3],0.0,3.0,weak
KIRLOSENG.NS,Kirloskar Oil Engines Limited,Capital Goods,Stage 2,25.39,59.86,713537684.8,1.17,False,False,"Stage 2, trend_template_ok",weekly_watchlist,31.6,36.6,1775.0,-5.65,[17.98],[3],0.0,3.0,weak
POLYCAB.NS,Polycab India Limited,Capital Goods,Stage 2,26.64,28.71,4114751367.7,0.71,True,False,"Stage 2, trend_template_ok, volume_dryup",weekly_watchlist,31.54,36.54,9267.5,-0.8,[23.29],[5],0.0,5.0,weak
GUJALKALI.NS,Gujarat Alkalies and Chemicals Limited,Chemicals,Stage 2,55.69,36.28,341123260.61,0.03,True,True,"Stage 2, volume_dryup, weekly_volume_dryup",weekly_watchlist,34.0,36.5,670.47,5.73,[29.44],[19],0.0,19.0,weak
OFSS.NS,Oracle Financial Services Software Limited,Information Technology,Stage 2,54.12,31.1,2934159372.08,0.78,True,False,"Stage 2, volume_dryup",weekly_watchlist,36.4,36.4,9639.17,0.95,[22.93],[7],0.0,7.0,weak
NAM-INDIA.NS,Nippon Life India Asset Management Limited,Financial Services,Stage 2,22.18,33.82,1296825238.88,0.93,False,False,"Stage 2, trend_template_ok",weekly_watchlist,35.2,36.2,1119.86,-3.67,[21.08],[8],0.0,8.0,weak
VTL.NS,Vardhman Textiles Limited,Textiles,Stage 2,30.42,44.73,386029710.78,0.77,True,True,"Stage 2, trend_template_ok, volume_dryup, weekly_volume_dryup",weekly_watchlist,33.51,36.01,648.13,-4.39,[14.1],[5],0.0,5.0,weak
NAVINFLUOR.NS,Navin Fluorine International Limited,Chemicals,Stage 2,21.95,27.29,2218967387.32,0.57,True,False,"Stage 2, trend_template_ok, volume_dryup",weekly_watchlist,33.32,35.82,7212.6,-1.3,[18.64],[7],0.0,7.0,weak
DBREALTY.NS,D B Realty Limited,Realty,Stage 4,0.07,-11.36,509050018.52,0.71,True,False,"Stage 4, weekly_vcp_ok, volume_dryup, weekly_strong, downtrend",weekly_watchlist,35.8,35.8,137.24,-16.72,"[62.2, 39.05]","[29, 7]",0.9,38.0,strong
SWIGGY.NS,Swiggy Ltd.,Consumer Services,Stage 4,-16.28,-27.55,2545476098.5,1.02,False,False,"Stage 4, weekly_vcp_ok, weekly_strong, downtrend",weekly_watchlist,35.8,35.8,359.63,-30.28,"[28.34, 28.5]","[7, 7]",0.9,16.0,strong
ZENSARTECH.NS,Zensar Technologies Limited,Information Technology,Stage 4,-8.21,-21.46,266806573.35,1.12,False,False,"Stage 4, weekly_vcp_ok, weekly_strong, downtrend",weekly_watchlist,35.8,35.8,757.58,-35.34,"[16.44, 12.31]","[2, 2]",0.9,23.0,strong
HATHWAY.NS,Hathway Cable & Datacom Limited,"Media, Entertainment & Publication",Stage 4,-2.81,-14.25,18912656.1,0.68,True,True,"Stage 4, weekly_vcp_ok, volume_dryup, weekly_volume_dryup, weekly_strong, downtrend",weekly_watchlist,35.8,35.8,11.93,-14.76,"[35.02, 27.3]","[18, 7]",0.9,28.0,strong
ETERNAL.NS,Eternal Ltd.,Consumer Services,Stage 4,-7.65,-11.61,10240810510.8,0.55,True,True,"Stage 4, weekly_vcp_ok, volume_dryup, weekly_volume_dryup, weekly_strong, downtrend",weekly_watchlist,35.8,35.8,309.09,-21.69,"[32.01, 31.1]","[15, 5]",0.9,22.0,strong
GENSOL.NS,Gensol Engineering Limited,Services,Stage 4,-17.19,-29.54,73867.08,0.1,True,True,"Stage 4, weekly_vcp_ok, volume_dryup, weekly_volume_dryup, weekly_strong, downtrend",weekly_watchlist,35.8,35.8,29.41,-32.48,"[55.45, 38.15]","[18, 9]",0.9,29.0,strong
GREENPANEL.NS,Greenpanel Industries Limited,Consumer Durables,Stage 4,-9.5,-23.05,60331861.64,1.15,False,False,"Stage 4, weekly_vcp_ok, weekly_strong, downtrend",weekly_watchlist,35.8,35.8,250.44,-27.95,"[33.19, 34.8]","[13, 9]",0.9,29.0,strong
LAOPALA.NS,La Opala RG Limited,Consumer Durables,Stage 4,-4.25,-13.86,12925820.59,0.72,True,True,"Stage 4, weekly_vcp_ok, volume_dryup, weekly_volume_dryup, weekly_strong, downtrend",weekly_watchlist,35.8,35.8,215.38,-21.55,"[32.66, 24.6]","[27, 5]",0.9,36.0,strong
PATELENG.NS,Patel Engineering Limited,Construction,Stage 4,-1.41,-16.76,118579686.63,0.68,True,True,"Stage 4, weekly_vcp_ok, volume_dryup, weekly_volume_dryup, weekly_strong, downtrend",weekly_watchlist,35.8,35.8,31.34,-17.34,"[38.74, 29.69]","[17, 7]",0.9,28.0,strong
VIPIND.NS,VIP Industries Limited,Consumer Durables,Stage 4,-13.59,-13.94,192609087.49,1.35,False,False,"Stage 4, weekly_vcp_ok, weekly_strong, downtrend",weekly_watchlist,35.8,35.8,435.76,-31.14,"[25.3, 22.98]","[12, 5]",0.9,19.0,strong
GRANULES.NS,Granules India Limited,Healthcare,Stage 2,42.25,44.76,1027209015.66,0.71,True,False,"Stage 2, trend_template_ok, daily_vcp_ok, volume_dryup",weekly_watchlist,30.4,35.4,762.73,0.19,[15.18],[2],0.0,2.0,weak
MTARTECH.NS,Mtar Technologies Limited,Capital Goods,Stage 2,119.36,216.28,11796709080.83,2.41,False,False,"Stage 2, trend_template_ok",weekly_watchlist,30.4,35.4,7743.53,2.63,[15.59],[2],0.0,2.0,weak
GVT&D.NS,GE Vernova T&D India Ltd.,Capital Goods,Stage 2,39.32,68.74,3304052482.42,1.05,False,False,"Stage 2, trend_template_ok",weekly_watchlist,30.4,35.4,4857.49,-1.29,[15.23],[2],0.0,2.0,weak
REDTAPE.NS,Redtape Limited,Consumer Durables,Stage 3,8.26,2.37,53926145.57,1.26,False,False,"Stage 3, weekly_vcp_ok, distribution_risk",weekly_watchlist,35.16,35.16,138.94,-7.52,"[20.73, 20.23, 22.02]","[4, 2, 7]",0.55,28.0,moderate
ASTRAMICRO.NS,Astra Microwave Products Limited,Capital Goods,Stage 2,36.89,27.53,388818353.16,0.89,False,True,"Stage 2, weekly_volume_dryup",weekly_watchlist,30.04,35.04,1181.06,0.29,[19.64],[3],0.0,3.0,weak
GRAPHITE.NS,Graphite India Limited,Capital Goods,Stage 2,18.52,33.49,1328863252.8,1.19,False,False,"Stage 2, trend_template_ok",weekly_watchlist,30.0,35.0,761.33,-2.24,[25.29],[4],0.0,4.0,weak
KEI.NS,KEI Industries Limited,Capital Goods,Stage 2,22.55,35.78,2535286400.24,0.81,True,False,"Stage 2, trend_template_ok, volume_dryup",weekly_watchlist,29.43,34.43,5255.58,-0.35,[25.76],[3],0.0,3.0,weak
MAHABANK.NS,Bank of Maharashtra,Financial Services,Stage 2,26.41,42.7,1457454367.53,0.6,True,True,"Stage 2, trend_template_ok, volume_dryup, weekly_volume_dryup",weekly_watchlist,32.91,33.91,86.05,-7.31,[20.74],[5],0.0,5.0,weak
SIS.NS,SIS LIMITED,Services,Stage 2,33.23,27.97,102859493.8,0.54,True,False,"Stage 2, volume_dryup",weekly_watchlist,33.32,33.32,419.58,-6.62,[26.97],[6],0.0,6.0,weak
ASIANPAINT.NS,Asian Paints Limited,Consumer Durables,Stage 2,14.52,-1.87,2435575296.87,1.03,False,True,"Stage 2, weekly_volume_dryup",weekly_watchlist,33.27,33.27,2586.52,0.47,[27.43],[10],0.0,10.0,weak
ANGELONE.NS,Angel One Limited,Financial Services,Stage 2,41.01,32.26,2405411448.9,0.92,False,True,"Stage 2, trend_template_ok, weekly_volume_dryup",weekly_watchlist,32.13,33.13,334.95,1.4,[25.72],[4],0.0,4.0,weak
JSWSTEEL.NS,JSW Steel Limited,Metals & Mining,Stage 2,10.85,18.88,2494388832.71,1.11,False,False,Stage 2,weekly_watchlist,27.77,32.77,1309.09,-2.12,[14.18],[4],0.0,4.0,weak
SCI.NS,Shipping Corporation Of India Limited,Services,Stage 2,27.72,39.68,4203747821.03,1.41,False,False,"Stage 2, trend_template_ok",weekly_watchlist,32.74,32.74,323.36,1.2,[21.89],[5],0.0,5.0,weak
NTPC.NS,NTPC Limited,Power,Stage 2,13.43,27.97,3230416438.74,0.7,True,True,"Stage 2, volume_dryup, weekly_volume_dryup",weekly_watchlist,27.74,32.74,415.13,-6.34,[10.77],[3],0.0,3.0,weak
HONASA.NS,Honasa Consumer Ltd.,Fast Moving Consumer Goods,Stage 2,27.92,29.33,201513719.28,0.82,True,True,"Stage 2, trend_template_ok, volume_dryup, weekly_volume_dryup",weekly_watchlist,31.73,32.73,360.38,0.03,[17.99],[5],0.0,5.0,weak
MAXHEALTH.NS,Max Healthcare Institute Limited,Healthcare,Stage 3,9.29,6.41,1803530642.97,0.79,True,True,"Stage 3, weekly_vcp_ok, volume_dryup, weekly_volume_dryup, distribution_risk",weekly_watchlist,27.67,32.67,1224.04,-10.86,"[18.57, 21.22, 18.84]","[7, 10, 6]",0.55,34.0,moderate
TATASTEEL.NS,Tata Steel Limited,Metals & Mining,Stage 2,10.6,29.66,6409666666.86,1.16,False,False,"Stage 2, trend_template_ok",weekly_watchlist,27.63,32.63,224.79,-7.21,[16.26],[3],0.0,3.0,weak
BSE.NS,BSE Ltd.,Financial Services,Stage 2,60.57,56.44,15813697365.0,1.18,False,False,"Stage 2, trend_template_ok",weekly_watchlist,31.6,32.6,4091.15,2.34,[21.38],[3],0.0,3.0,weak
ABBOTINDIA.NS,Abbott India Limited,Healthcare,Stage 3,12.01,2.13,375873852.5,1.11,False,False,"Stage 3, weekly_vcp_ok, distribution_risk",weekly_watchlist,27.51,32.51,30708.65,-9.75,"[19.0, 10.52, 11.72]","[15, 3, 7]",0.55,38.0,moderate
JBCHEPHARM.NS,JB Chemicals & Pharmaceuticals Limited,Healthcare,Stage 2,17.45,30.72,625896646.42,0.99,False,False,"Stage 2, trend_template_ok",weekly_watchlist,27.22,32.22,2224.9,-2.07,[13.78],[2],0.0,2.0,weak
POWERINDIA.NS,Hitachi Energy India Limited,Capital Goods,Stage 2,66.53,78.91,4333000962.25,0.97,False,False,"Stage 2, trend_template_ok",weekly_watchlist,27.2,32.2,35156.42,3.68,[29.46],[6],0.0,6.0,weak
SUNFLAG.NS,Sunflag Iron And Steel Company Limited,Metals & Mining,Stage 2,57.84,52.73,723636918.75,0.58,True,False,"Stage 2, volume_dryup",weekly_watchlist,27.2,32.2,428.75,-14.93,[27.17],[6],0.0,6.0,weak
RADICO.NS,Radico Khaitan Limited,Fast Moving Consumer Goods,Stage 2,34.46,17.42,1516802445.76,0.9,False,False,"Stage 2, trend_template_ok",weekly_watchlist,31.19,32.19,3404.85,4.91,[18.49],[24],0.0,24.0,weak
IFCI.NS,IFCI Limited,Financial Services,Stage 2,4.2,21.89,1417900851.29,1.19,False,False,Stage 2,weekly_watchlist,31.01,32.01,64.28,-5.07,[31.89],[7],0.0,7.0,weak
MOTHERSON.NS,Samvardhana Motherson International Limited,Automobile and Auto Components,Stage 2,11.49,34.83,2663680404.96,1.12,False,False,Stage 2,weekly_watchlist,30.63,31.63,133.11,2.92,[24.25],[5],0.0,5.0,weak
CRAFTSMAN.NS,Craftsman Automation Limited,Automobile and Auto Components,Stage 2,18.31,35.34,2333368155.88,2.67,False,False,"Stage 2, trend_template_ok",weekly_watchlist,30.57,31.57,9755.04,-12.42,[20.05],[11],0.0,11.0,weak
BAJAJ-AUTO.NS,Bajaj Auto Limited,Automobile and Auto Components,Stage 2,16.45,28.28,4278948577.22,0.84,True,False,"Stage 2, trend_template_ok, daily_vcp_ok, volume_dryup",weekly_watchlist,30.47,31.47,10204.83,4.53,[12.78],[12],0.0,12.0,weak
ANURAS.NS,Anupam Rasayan India Limited,Chemicals,Stage 2,17.86,35.25,519050861.25,1.17,False,False,"Stage 2, trend_template_ok",weekly_watchlist,28.91,31.41,1417.48,-3.05,[17.39],[3],0.0,3.0,weak
J&KBANK.NS,The Jammu & Kashmir Bank Limited,Financial Services,Stage 2,41.86,39.48,681425415.88,0.61,True,True,"Stage 2, trend_template_ok, volume_dryup, weekly_volume_dryup",weekly_watchlist,30.4,31.4,145.25,-3.58,[15.94],[2],0.0,2.0,weak
JWL.NS,Jupiter Wagons Limited,Capital Goods,Stage 3,2.44,-0.62,577430147.54,0.33,True,True,"Stage 3, weekly_vcp_ok, volume_dryup, weekly_volume_dryup, distribution_risk",weekly_watchlist,26.28,31.28,358.88,-23.01,"[29.59, 31.28, 26.09]","[12, 10, 3]",0.55,28.0,moderate
NESTLEIND.NS,Nestle India Limited,Fast Moving Consumer Goods,Stage 2,17.33,20.48,2951879563.85,0.91,False,False,Stage 2,weekly_watchlist,29.78,30.78,1499.82,-6.22,[13.14],[5],0.0,5.0,weak
MCX.NS,Multi Commodity Exchange of India Limited,Financial Services,Stage 2,53.43,80.6,8910896335.72,1.09,False,True,"Stage 2, trend_template_ok, weekly_volume_dryup",weekly_watchlist,29.6,30.6,2908.08,14.26,[16.45],[8],0.0,8.0,weak
VIJAYA.NS,Vijaya Diagnostic Centre Limited,Healthcare,Stage 2,31.09,29.86,503280924.59,2.27,False,False,Stage 2,weekly_watchlist,25.3,30.3,1381.71,-8.86,[18.23],[6],0.0,6.0,weak
ABB.NS,ABB India Limited,Capital Goods,Stage 2,21.42,39.1,3175626462.64,1.39,False,False,Stage 2,weekly_watchlist,25.25,30.25,7804.27,-15.46,[12.48],[6],0.0,6.0,weak
METROPOLIS.NS,Metropolis Healthcare Limited,Healthcare,Stage 2,17.75,18.57,466411272.18,2.9,False,False,Stage 2,weekly_watchlist,25.23,30.23,494.29,6.98,[19.32],[8],0.0,8.0,weak
PFC.NS,Power Finance Corporation Limited,Financial Services,Stage 2,13.11,27.01,2989800713.55,0.72,True,True,"Stage 2, volume_dryup, weekly_volume_dryup",weekly_watchlist,29.21,30.21,487.35,-11.56,[21.84],[11],0.0,11.0,weak
AUROPHARMA.NS,Aurobindo Pharma Limited,Healthcare,Stage 2,38.23,33.75,1688122552.38,0.77,True,True,"Stage 2, trend_template_ok, volume_dryup, weekly_volume_dryup",weekly_watchlist,25.2,30.2,1462.05,5.79,[12.97],[5],0.0,5.0,weak
GRINDWELL.NS,Grindwell Norton Limited,Capital Goods,Stage 2,30.25,29.48,308211198.29,2.33,False,False,Stage 2,weekly_watchlist,25.17,30.17,1684.64,16.49,[23.0],[6],0.0,6.0,weak
THANGAMAYL.NS,Thangamayil Jewellery Limited,Consumer Durables,Stage 2,12.65,28.74,590319304.98,1.91,False,False,"Stage 2, trend_template_ok",weekly_watchlist,30.14,30.14,4380.65,-11.84,[10.07],[19],0.0,19.0,weak
SAILIFE.NS,Sai Life Sciences Ltd.,Healthcare,Stage 2,30.08,40.53,1036064475.81,1.92,False,False,"Stage 2, trend_template_ok",weekly_watchlist,25.06,30.06,1031.6,10.32,[14.48],[5],0.0,5.0,weak
ADANIPORTS.NS,Adani Ports and Special Economic Zone Limited,Services,Stage 2,22.39,28.66,5779232457.69,0.94,False,False,"Stage 2, trend_template_ok",weekly_watchlist,29.9,29.9,1827.09,-1.85,[18.34],[4],0.0,4.0,weak
NATIONALUM.NS,National Aluminium Company Limited,Metals & Mining,Stage 2,27.72,69.43,3328054120.63,0.6,True,True,"Stage 2, trend_template_ok, volume_dryup, weekly_volume_dryup",weekly_watchlist,24.8,29.8,443.72,-8.41,[21.54],[4],0.0,4.0,weak
HFCL.NS,HFCL Limited,Telecommunication,Stage 2,104.44,99.43,11008220836.74,1.23,False,False,"Stage 2, trend_template_ok",weekly_watchlist,24.8,29.8,155.57,-8.88,[16.44],[4],0.0,4.0,weak
DATAPATTNS.NS,Data Patterns (India) Limited,Capital Goods,Stage 2,47.55,35.04,5013205150.26,0.96,False,False,"Stage 2, trend_template_ok",weekly_watchlist,24.8,29.8,4310.53,-8.72,[19.65],[4],0.0,4.0,weak
ADVENZYMES.NS,Advanced Enzyme Technologies Limited,Healthcare,Stage 2,35.21,25.59,293147702.61,2.72,False,False,Stage 2,weekly_watchlist,24.08,29.08,313.45,23.21,[21.07],[5],0.0,5.0,weak
DIVISLAB.NS,Divi's Laboratories Limited,Healthcare,Stage 2,19.42,13.91,2254524657.5,1.16,False,False,Stage 2,weekly_watchlist,23.73,28.73,6490.34,5.66,[16.86],[7],0.0,7.0,weak
APARINDS.NS,Apar Industries Limited,Capital Goods,Stage 2,42.42,46.68,1211455079.15,0.64,True,True,"Stage 2, trend_template_ok, volume_dryup, weekly_volume_dryup",weekly_watchlist,23.6,28.6,10816.9,18.84,[23.97],[3],0.0,3.0,weak
ONGC.NS,Oil & Natural Gas Corporation Limited,"Oil, Gas & Consumable Fuels",Stage 2,19.29,31.33,5224826306.73,0.85,False,True,"Stage 2, trend_template_ok, weekly_volume_dryup",weekly_watchlist,27.46,28.46,308.04,-3.96,[11.83],[2],0.0,2.0,weak
BBOX.NS,Black Box Limited,Information Technology,Stage 2,86.87,88.74,1563245821.66,2.32,False,False,"Stage 2, trend_template_ok",weekly_watchlist,28.4,28.4,533.93,78.31,[24.56],[7],0.0,7.0,weak
FINCABLES.NS,Finolex Cables Limited,Capital Goods,Stage 2,35.31,41.56,640432454.3,1.04,False,False,Stage 2,weekly_watchlist,23.29,28.29,1174.85,-11.21,[22.97],[3],0.0,3.0,weak
OIL.NS,Oil India Limited,"Oil, Gas & Consumable Fuels",Stage 2,17.9,27.62,3236691676.32,1.25,False,False,"Stage 2, trend_template_ok",weekly_watchlist,26.95,27.95,505.18,-0.33,[10.24],[2],0.0,2.0,weak
NEULANDLAB.NS,Neuland Laboratories Limited,Healthcare,Stage 2,30.0,5.46,1369180811.15,1.92,False,False,Stage 2,weekly_watchlist,22.75,27.75,15518.11,7.55,[18.84],[6],0.0,6.0,weak
JSWINFRA.NS,JSW Infrastructure Ltd.,Services,Stage 3,9.25,3.2,522691192.73,0.98,False,False,"Stage 3, weekly_vcp_ok, distribution_risk",weekly_watchlist,27.35,27.35,290.51,-8.63,"[26.05, 13.4, 15.12]","[11, 6, 5]",0.55,28.0,moderate
ZYDUSWELL.NS,Zydus Wellness Limited,Fast Moving Consumer Goods,Stage 2,29.62,17.93,263064662.74,0.21,True,True,"Stage 2, trend_template_ok, volume_dryup, weekly_volume_dryup",weekly_watchlist,26.35,27.35,553.37,-10.78,[24.5],[8],0.0,8.0,weak
GICRE.NS,General Insurance Corporation of India,Financial Services,Stage 2,7.65,7.38,144447024.08,0.61,True,True,"Stage 2, volume_dryup, weekly_volume_dryup",weekly_watchlist,26.3,27.3,417.95,-7.11,[12.5],[4],0.0,4.0,weak
SANGHVIMOV.NS,Sanghvi Movers Limited,Capital Goods,Stage 3,33.59,6.93,229878689.35,2.26,False,False,"Stage 3, distribution_risk",weekly_watchlist,22.25,27.25,378.61,-6.98,"[28.87, 32.16]","[5, 6]",0.1,19.0,weak
PILANIINVS.NS,Pilani Investment and Industries Corporation Limited,Financial Services,Stage 3,7.54,-6.39,13379914.39,0.85,False,True,"Stage 3, weekly_vcp_ok, weekly_volume_dryup, distribution_risk",weekly_watchlist,26.21,27.21,5990.47,-24.4,"[16.18, 16.72, 18.16]","[7, 2, 2]",0.55,40.0,moderate
WELENT.NS,Welspun Enterprises Limited,Construction,Stage 3,7.3,0.41,214135069.98,0.76,True,False,"Stage 3, weekly_vcp_ok, volume_dryup, distribution_risk",weekly_watchlist,26.87,26.87,581.01,-14.43,"[21.08, 23.18, 21.16]","[7, 12, 7]",0.55,40.0,moderate
AJANTPHARM.NS,Ajanta Pharma Limited,Healthcare,Stage 2,14.37,34.47,440086424.56,1.19,False,False,"Stage 2, trend_template_ok",weekly_watchlist,21.68,26.68,2939.13,7.15,[16.46],[4],0.0,4.0,weak
CCL.NS,CCL Products (India) Limited,Fast Moving Consumer Goods,Stage 2,17.79,17.76,302147495.75,0.95,False,False,"Stage 2, trend_template_ok",weekly_watchlist,25.16,26.16,1219.63,-9.19,[15.86],[8],0.0,8.0,weak
KNRCON.NS,KNR Constructions Limited,Construction,Stage 3,-0.87,-13.4,345677646.44,0.36,True,True,"Stage 3, weekly_vcp_ok, volume_dryup, weekly_volume_dryup, distribution_risk",weekly_watchlist,26.1,26.1,186.33,-28.77,"[35.68, 29.96, 32.52]","[13, 5, 7]",0.55,27.0,moderate
GESHIP.NS,The Great Eastern Shipping Company Limited,Services,Stage 2,39.25,62.88,4015549959.69,3.17,False,False,"Stage 2, trend_template_ok",weekly_watchlist,26.0,26.0,1494.57,15.06,[12.52],[5],0.0,5.0,weak
DRREDDY.NS,Dr. Reddy's Laboratories Limited,Healthcare,Stage 3,10.52,14.71,3448791272.25,1.08,False,False,"Stage 3, distribution_risk",weekly_watchlist,20.72,25.72,1378.31,-4.34,"[11.18, 12.7]","[7, 3]",0.1,17.0,weak
HSCL.NS,Himadri Speciality Chemical Limited,Chemicals,Stage 2,34.49,39.78,9110937620.43,1.51,False,False,"Stage 2, trend_template_ok",weekly_watchlist,23.03,25.53,655.6,-9.92,[15.35],[3],0.0,3.0,weak
CHENNPETRO.NS,Chennai Petroleum Corporation Limited,"Oil, Gas & Consumable Fuels",Stage 2,22.95,1.68,2322414986.05,0.32,True,True,"Stage 2, daily_vcp_ok, volume_dryup, weekly_volume_dryup",weekly_watchlist,24.06,25.06,1161.73,-12.93,[30.6],[8],0.0,8.0,weak
TATAPOWER.NS,Tata Power Company Limited,Power,Stage 2,16.38,14.98,3090247915.71,0.76,True,True,"Stage 2, volume_dryup, weekly_volume_dryup",weekly_watchlist,19.94,24.94,465.71,-11.86,[12.99],[4],0.0,4.0,weak
TORNTPHARM.NS,Torrent Pharmaceuticals Limited,Healthcare,Stage 2,13.57,27.41,1177513421.47,0.87,False,True,"Stage 2, weekly_volume_dryup",weekly_watchlist,19.7,24.7,4242.41,5.35,[13.65],[3],0.0,3.0,weak
BAJAJCON.NS,Bajaj Consumer Care Limited,Fast Moving Consumer Goods,Stage 2,54.08,103.48,648899809.9,0.85,False,False,"Stage 2, trend_template_ok",weekly_watchlist,23.6,24.6,497.72,9.83,[21.7],[3],0.0,3.0,weak
HINDCOPPER.NS,Hindustan Copper Ltd.,Metals & Mining,Stage 3,8.39,76.01,3986570566.53,1.04,False,True,"Stage 3, weekly_volume_dryup, distribution_risk",weekly_watchlist,19.6,24.6,573.35,-3.7,[41.27],[8],0.0,8.0,weak
TATACOMM.NS,Tata Communications Limited,Telecommunication,Stage 3,22.73,9.52,1083792775.6,1.65,False,False,"Stage 3, distribution_risk",weekly_watchlist,19.23,24.23,1948.1,-2.66,[34.01],[24],0.0,24.0,weak
CESC.NS,CESC Limited,Power,Stage 2,23.44,11.53,888906390.43,0.66,True,False,"Stage 2, volume_dryup",weekly_watchlist,19.1,24.1,204.86,-12.21,[22.28],[3],0.0,3.0,weak
KIRLOSBROS.NS,Kirloskar Brothers Limited,Capital Goods,Stage 3,6.38,1.68,131256532.95,0.86,False,True,"Stage 3, weekly_volume_dryup, distribution_risk",weekly_watchlist,19.07,24.07,2118.7,-23.43,"[26.94, 28.49, 17.55, 20.16]","[6, 12, 5, 4]",0.47,40.0,weak
ENGINERSIN.NS,Engineers India Limited,Construction,Stage 2,18.9,28.12,1179665447.45,0.86,False,False,"Stage 2, trend_template_ok",weekly_watchlist,23.9,23.9,267.47,-11.32,[24.44],[6],0.0,6.0,weak
HIKAL.NS,Hikal Limited,Healthcare,Stage 3,8.44,-3.22,60054896.15,0.66,True,True,"Stage 3, volume_dryup, weekly_volume_dryup, distribution_risk",weekly_watchlist,18.72,23.72,222.98,-7.84,"[32.05, 34.3]","[9, 7]",0.1,17.0,weak
SANSERA.NS,Sansera Engineering Limited,Automobile and Auto Components,Stage 2,38.84,93.23,818521892.17,1.56,False,False,"Stage 2, trend_template_ok",weekly_watchlist,22.4,23.4,2677.18,6.62,[18.78],[2],0.0,2.0,weak
DEEPAKFERT.NS,Deepak Fertilizers and Petrochemicals Corporation Limited,Chemicals,Stage 3,41.66,6.65,499232592.6,0.69,True,True,"Stage 3, volume_dryup, weekly_volume_dryup, distribution_risk",weekly_watchlist,20.83,23.33,1366.79,1.24,[34.0],[12],0.0,12.0,weak
TMB.NS,Tamilnad Mercantile Bank Limited,Financial Services,Stage 2,10.34,44.5,612852928.95,0.5,True,False,"Stage 2, trend_template_ok, volume_dryup",weekly_watchlist,22.28,23.28,771.35,-10.34,[20.94],[4],0.0,4.0,weak
GRASIM.NS,Grasim Industries Limited,Construction Materials,Stage 2,16.66,22.92,3220536281.3,1.21,False,False,Stage 2,weekly_watchlist,23.16,23.16,2799.79,12.67,[16.0],[6],0.0,6.0,weak
NH.NS,Narayana Hrudayalaya Ltd.,Healthcare,Stage 3,13.46,7.64,579563375.86,1.12,False,False,"Stage 3, distribution_risk",weekly_watchlist,18.11,23.11,1903.33,1.45,[18.65],[12],0.0,12.0,weak
AGARWALEYE.NS,Dr. Agarwal's Health Care Ltd.,Healthcare,Stage 3,13.88,0.61,44952548.52,0.74,True,True,"Stage 3, volume_dryup, weekly_volume_dryup, distribution_risk",weekly_watchlist,17.45,22.45,470.57,2.24,[23.88],[12],0.0,12.0,weak
CIPLA.NS,Cipla Limited,Healthcare,Stage 3,12.21,1.27,2813616711.06,1.35,False,False,"Stage 3, distribution_risk",weekly_watchlist,17.35,22.35,1367.29,2.53,[24.29],[12],0.0,12.0,weak
DEVYANI.NS,Devyani International Limited,Consumer Services,Stage 4,-4.98,-13.88,673561975.99,0.5,True,False,"Stage 4, weekly_vcp_ok, volume_dryup, downtrend",weekly_watchlist,22.1,22.1,159.94,-28.32,"[35.99, 31.34, 33.38]","[14, 4, 7]",0.55,29.0,moderate
LINDEINDIA.NS,Linde India Limited,Chemicals,Stage 2,14.61,35.45,391884604.38,0.6,True,False,"Stage 2, volume_dryup",weekly_watchlist,19.41,21.91,8063.09,-9.76,[8.93],[2],0.0,2.0,weak
IDEA.NS,Vodafone Idea Limited,Telecommunication,Stage 3,27.58,35.52,6381285736.1,1.2,False,False,"Stage 3, distribution_risk",weekly_watchlist,16.71,21.71,13.35,2.0,[31.68],[7],0.0,7.0,weak
MARICO.NS,Marico Limited,Fast Moving Consumer Goods,Stage 2,15.29,18.67,1504737457.3,0.86,False,False,Stage 2,weekly_watchlist,20.2,21.2,773.35,7.56,[11.06],[4],0.0,4.0,weak
STARHEALTH.NS,Star Health and Allied Insurance Company Limited,Financial Services,Stage 2,17.98,10.86,409518951.31,0.72,True,False,"Stage 2, daily_vcp_ok, volume_dryup",weekly_watchlist,19.68,20.68,587.28,-10.32,[11.37],[4],0.0,4.0,weak
ADANIENT.NS,Adani Enterprises Limited,Metals & Mining,Stage 3,28.17,19.41,7654440245.31,1.2,False,False,"Stage 3, distribution_risk",weekly_watchlist,15.16,20.16,2808.01,-3.93,[23.38],[7],0.0,7.0,weak
JUBLINGREA.NS,Jubilant Ingrevia Limited,Chemicals,Stage 3,26.18,15.07,143411245.09,0.66,True,True,"Stage 3, volume_dryup, weekly_volume_dryup, distribution_risk",weekly_watchlist,16.92,19.42,766.04,-2.32,[30.59],[9],0.0,9.0,weak
ABCAPITAL.NS,Aditya Birla Capital Limited,Financial Services,Stage 3,8.03,13.6,1904139938.29,0.91,False,False,"Stage 3, distribution_risk",weekly_watchlist,18.16,19.16,360.63,-3.11,[22.02],[16],0.0,16.0,weak
GSFC.NS,Gujarat State Fertilizers & Chemicals Limited,Chemicals,Stage 3,7.43,-1.07,112471410.12,0.72,True,True,"Stage 3, volume_dryup, weekly_volume_dryup, distribution_risk",weekly_watchlist,16.64,19.14,186.64,-6.4,[25.58],[12],0.0,12.0,weak
360ONE.NS,360 ONE WAM LIMITED,Financial Services,Stage 3,7.33,13.04,944972269.53,0.58,True,True,"Stage 3, volume_dryup, weekly_volume_dryup, distribution_risk",weekly_watchlist,18.04,19.04,1183.71,-6.07,[26.71],[12],0.0,12.0,weak
RBA.NS,Restaurant Brands Asia Limited,Consumer Services,Stage 3,14.37,15.71,224693231.42,1.6,False,False,"Stage 3, distribution_risk",weekly_watchlist,19.01,19.01,69.94,-2.86,[16.79],[16],0.0,16.0,weak
ONESOURCE.NS,Onesource Specialty Pharma Ltd.,Healthcare,Stage 3,51.64,16.61,730499796.65,0.48,True,True,"Stage 3, volume_dryup, weekly_volume_dryup, distribution_risk",weekly_watchlist,13.63,18.63,1873.27,-0.61,[42.05],[4],0.0,4.0,weak
TATATECH.NS,Tata Technologies Ltd.,Information Technology,Stage 3,19.05,6.39,1805972622.4,0.83,True,False,"Stage 3, volume_dryup, distribution_risk",weekly_watchlist,18.54,18.54,671.4,-1.09,[26.46],[12],0.0,12.0,weak
RCF.NS,Rashtriya Chemicals and Fertilizers Limited,Chemicals,Stage 3,0.74,-8.16,131938624.73,0.27,True,True,"Stage 3, volume_dryup, weekly_volume_dryup, distribution_risk",weekly_watchlist,16.0,18.5,135.44,-7.43,[29.24],[12],0.0,12.0,weak
AIAENG.NS,AIA Engineering Limited,Capital Goods,Stage 3,11.21,16.89,89005499.41,0.37,True,True,"Stage 3, volume_dryup, weekly_volume_dryup, distribution_risk",weekly_watchlist,13.21,18.21,4117.19,-2.96,[22.67],[7],0.0,7.0,weak
METROBRAND.NS,Metro Brands Limited,Consumer Durables,Stage 3,11.31,9.96,50951576.76,1.61,False,False,"Stage 3, distribution_risk",weekly_watchlist,18.13,18.13,1169.0,-5.22,[27.68],[16],0.0,16.0,weak
RATEGAIN.NS,Rategain Travel Technologies Limited,Information Technology,Stage 3,20.61,-0.04,328617817.37,1.51,False,False,"Stage 3, distribution_risk",weekly_watchlist,18.06,18.06,684.65,-4.7,[38.97],[13],0.0,13.0,weak
KOLTEPATIL.NS,Kolte - Patil Developers Limited,Realty,Stage 3,16.74,3.47,17092670.9,0.2,True,True,"Stage 3, volume_dryup, weekly_volume_dryup, distribution_risk",weekly_watchlist,18.02,18.02,408.71,-3.64,[27.66],[13],0.0,13.0,weak
JBMA.NS,JBM Auto Ltd.,Automobile and Auto Components,Stage 3,18.08,10.57,1222830783.32,0.89,False,True,"Stage 3, weekly_volume_dryup, distribution_risk",weekly_watchlist,16.86,17.86,646.08,-0.55,[29.96],[10],0.0,10.0,weak
MARKSANS.NS,Marksans Pharma Limited,Healthcare,Stage 3,26.97,21.09,442620684.31,1.89,False,False,"Stage 3, distribution_risk",weekly_watchlist,12.81,17.81,192.08,12.54,[16.99],[25],0.0,25.0,weak
BIKAJI.NS,Bikaji Foods International Limited,Fast Moving Consumer Goods,Stage 3,12.69,1.7,90530711.59,0.9,False,True,"Stage 3, weekly_volume_dryup, distribution_risk",weekly_watchlist,16.64,17.64,709.99,-6.41,[22.9],[11],0.0,11.0,weak
JPPOWER.NS,Jaiprakash Power Ventures Limited,Power,Stage 3,32.21,13.92,2664270647.3,1.11,False,False,"Stage 3, distribution_risk",weekly_watchlist,12.61,17.61,21.09,-11.98,[42.3],[16],0.0,16.0,weak
NAZARA.NS,Nazara Technologies Limited,"Media, Entertainment & Publication",Stage 3,11.32,12.56,1553847533.82,2.39,False,False,"Stage 3, distribution_risk",weekly_watchlist,17.59,17.59,279.88,1.9,[26.83],[11],0.0,11.0,weak
PAYTM.NS,One 97 Communications Limited,Financial Services,Stage 3,6.72,-2.09,3877680065.56,0.65,True,False,"Stage 3, volume_dryup, distribution_risk",weekly_watchlist,16.46,17.46,1252.19,-7.71,[31.43],[12],0.0,12.0,weak
SPANDANA.NS,Spandana Sphoorty Financial Limited,Financial Services,Stage 3,4.8,-0.7,191475285.34,0.72,True,False,"Stage 3, volume_dryup, distribution_risk",weekly_watchlist,16.41,17.41,271.17,-5.57,[35.28],[13],0.0,13.0,weak
EQUITASBNK.NS,Equitas Small Finance Bank Limited,Financial Services,Stage 3,7.82,15.49,372488697.6,0.65,True,False,"Stage 3, volume_dryup, distribution_risk",weekly_watchlist,16.33,17.33,74.73,-7.72,[30.18],[10],0.0,10.0,weak
ICRA.NS,ICRA Limited,Financial Services,Stage 3,2.82,-4.17,24206751.2,0.66,True,True,"Stage 3, volume_dryup, weekly_volume_dryup, distribution_risk",weekly_watchlist,16.0,17.0,5565.72,-1.87,[23.61],[12],0.0,12.0,weak
BERGEPAINT.NS,Berger Paints (I) Limited,Consumer Durables,Stage 3,15.65,-6.17,500099422.99,2.99,False,False,"Stage 3, distribution_risk",weekly_watchlist,16.95,16.95,541.3,-7.75,[31.28],[12],0.0,12.0,weak
OBEROIRLTY.NS,Oberoi Realty Limited,Realty,Stage 3,13.8,3.75,642746841.76,0.68,True,True,"Stage 3, volume_dryup, weekly_volume_dryup, distribution_risk",weekly_watchlist,16.95,16.95,1754.9,-5.73,[20.72],[11],0.0,11.0,weak
ALKEM.NS,Alkem Laboratories Limited,Healthcare,Stage 3,9.53,5.61,493257540.38,0.63,True,True,"Stage 3, volume_dryup, weekly_volume_dryup, distribution_risk",weekly_watchlist,11.91,16.91,5735.0,-4.07,[13.51],[7],0.0,7.0,weak
INDUSINDBK.NS,IndusInd Bank Ltd.,Financial Services,Stage 3,3.25,14.84,2326576380.38,0.52,True,True,"Stage 3, volume_dryup, weekly_volume_dryup, distribution_risk",weekly_watchlist,15.81,16.81,968.85,-7.11,[21.98],[10],0.0,10.0,weak
BDL.NS,Bharat Dynamics Limited,Capital Goods,Stage 3,11.22,-7.32,1536700694.89,0.67,True,True,"Stage 3, volume_dryup, weekly_volume_dryup, distribution_risk",weekly_watchlist,11.69,16.69,1591.02,-18.05,"[20.06, 22.7, 23.84]","[5, 3, 3]",0.15,20.0,weak
COLPAL.NS,Colgate Palmolive (India) Limited,Fast Moving Consumer Goods,Stage 3,8.54,7.98,710958920.22,0.68,True,True,"Stage 3, volume_dryup, weekly_volume_dryup, distribution_risk",weekly_watchlist,15.65,16.65,2305.63,-6.1,[19.36],[10],0.0,10.0,weak
NSLNISP.NS,NMDC Steel Limited,Metals & Mining,Stage 3,18.54,13.08,304099117.62,1.38,False,False,"Stage 3, distribution_risk",weekly_watchlist,11.16,16.16,41.21,7.66,[29.15],[13],0.0,13.0,weak
SONATSOFTW.NS,Sonata Software Limited,Information Technology,Stage 3,2.88,-16.93,664505957.09,2.16,False,False,"Stage 3, distribution_risk",weekly_watchlist,16.0,16.0,291.91,-7.61,[44.45],[12],0.0,12.0,weak
SOUTHBANK.NS,The South Indian Bank Limited,Financial Services,Stage 3,8.71,13.22,668122604.65,1.0,False,False,"Stage 3, distribution_risk",weekly_watchlist,14.99,15.99,43.46,-5.63,[28.74],[9],0.0,9.0,weak
INDUSTOWER.NS,Indus Towers Limited,Telecommunication,Stage 1,-0.76,16.06,3012650020.32,1.31,False,False,"Stage 1, stage1_base_ready, stage1_not_actionable",weekly_watchlist,10.93,15.93,443.98,-2.74,[11.76],[2],0.0,2.0,weak
DEEPAKNTR.NS,Deepak Nitrite Limited,Chemicals,Stage 3,17.91,11.88,422551253.6,1.07,False,False,"Stage 3, distribution_risk",weekly_watchlist,13.38,15.88,1783.12,0.12,[26.39],[7],0.0,7.0,weak
SRF.NS,SRF Limited,Chemicals,Stage 3,3.43,1.91,1572749295.72,0.63,True,False,"Stage 3, volume_dryup, distribution_risk",weekly_watchlist,13.33,15.83,2592.43,1.08,[23.58],[9],0.0,9.0,weak
FORTIS.NS,Fortis Healthcare Limited,Healthcare,Stage 3,14.53,12.93,1181237041.65,0.96,False,True,"Stage 3, weekly_volume_dryup, distribution_risk",weekly_watchlist,10.75,15.75,984.67,-1.76,[21.55],[5],0.0,5.0,weak
POWERGRID.NS,Power Grid Corporation of India Limited,Power,Stage 3,7.5,19.18,3008417188.12,0.85,False,True,"Stage 3, weekly_volume_dryup, distribution_risk",weekly_watchlist,10.67,15.67,325.52,-7.98,[9.05],[5],0.0,5.0,weak
FDC.NS,FDC Limited,Healthcare,Stage 3,4.76,-2.36,34862830.73,1.0,False,True,"Stage 3, weekly_volume_dryup, distribution_risk",weekly_watchlist,10.64,15.64,376.96,-3.86,[21.66],[7],0.0,7.0,weak
TRITURBINE.NS,Triveni Turbine Limited,Capital Goods,Stage 3,51.62,39.92,2068208323.39,1.76,False,False,"Stage 3, distribution_risk",weekly_watchlist,10.4,15.4,607.01,16.24,[22.47],[7],0.0,7.0,weak
BHARTIARTL.NS,Bharti Airtel Limited,Telecommunication,Stage 3,1.21,-3.57,17741945941.71,1.15,False,False,"Stage 3, distribution_risk",weekly_watchlist,10.4,15.4,1906.0,-1.09,[15.08],[7],0.0,7.0,weak
ROSSARI.NS,Rossari Biotech Limited,Chemicals,Stage 3,7.74,-8.67,213895840.9,0.66,True,False,"Stage 3, volume_dryup, distribution_risk",weekly_watchlist,12.8,15.3,560.98,-7.63,[38.0],[9],0.0,9.0,weak
NIVABUPA.NS,Niva Bupa Health Insurance Company Ltd.,Financial Services,Stage 3,17.91,15.96,369264187.09,2.83,False,False,"Stage 3, distribution_risk",weekly_watchlist,13.79,14.79,81.95,2.03,[16.16],[7],0.0,7.0,weak
SUDARSCHEM.NS,Sudarshan Chemical Industries Limited,Chemicals,Stage 3,15.13,3.29,219047954.59,0.7,True,True,"Stage 3, volume_dryup, weekly_volume_dryup, distribution_risk",weekly_watchlist,12.24,14.74,979.01,0.32,[27.21],[7],0.0,7.0,weak
PREMIERENE.NS,Premier Energies Ltd.,Capital Goods,Stage 3,41.68,10.71,1519342455.38,0.69,True,True,"Stage 3, volume_dryup, weekly_volume_dryup, distribution_risk",weekly_watchlist,9.64,14.64,1053.67,-3.66,[20.02],[2],0.0,2.0,weak
JTLIND.NS,JTL INDUSTRIES LIMITED,Capital Goods,Stage 3,13.99,22.36,387865447.75,0.62,True,True,"Stage 3, volume_dryup, weekly_volume_dryup, distribution_risk",weekly_watchlist,9.63,14.63,83.79,-17.46,[50.0],[10],0.0,10.0,weak
POLYMED.NS,Poly Medicure Limited,Healthcare,Stage 3,25.2,-9.65,214547323.11,0.77,True,True,"Stage 3, volume_dryup, weekly_volume_dryup, distribution_risk",weekly_watchlist,9.55,14.55,1955.72,-20.71,[43.56],[20],0.0,20.0,weak
BLUEJET.NS,Blue Jet Healthcare Ltd.,Healthcare,Stage 3,29.46,-14.29,197373327.09,0.65,True,True,"Stage 3, volume_dryup, weekly_volume_dryup, distribution_risk",weekly_watchlist,9.52,14.52,586.95,-25.04,[52.8],[21],0.0,21.0,weak
JSL.NS,Jindal Stainless Limited,Metals & Mining,Stage 3,7.42,6.93,394142339.83,0.68,True,True,"Stage 3, volume_dryup, weekly_volume_dryup, distribution_risk",weekly_watchlist,9.44,14.44,884.45,-16.7,[18.28],[20],0.0,20.0,weak
AIIL.NS,Authum Investment & Infrastructure Ltd.,Financial Services,Stage 3,13.25,3.72,183713421.37,0.59,True,True,"Stage 3, volume_dryup, weekly_volume_dryup, distribution_risk",weekly_watchlist,13.3,14.3,527.25,-0.01,[41.43],[8],0.0,8.0,weak
LXCHEM.NS,Laxmi Organic Industries Limited,Chemicals,Stage 3,19.14,-5.13,158718927.69,1.16,False,False,"Stage 3, distribution_risk",weekly_watchlist,11.8,14.3,172.64,-7.96,[30.75],[7],0.0,7.0,weak
ATUL.NS,Atul Limited,Chemicals,Stage 3,13.98,23.53,330412682.85,0.9,False,False,"Stage 3, distribution_risk",weekly_watchlist,11.75,14.25,7192.56,-1.88,[13.42],[5],0.0,5.0,weak
ICIL.NS,Indo Count Industries Limited,Textiles,Stage 3,5.9,5.26,117424523.04,1.04,False,False,"Stage 3, distribution_risk",weekly_watchlist,11.52,14.02,312.4,-1.71,[36.76],[7],0.0,7.0,weak
HCG.NS,Healthcare Global Enterprises Limited,Healthcare,Stage 3,16.26,-6.1,108337116.09,1.27,False,False,"Stage 3, distribution_risk",weekly_watchlist,9.02,14.02,772.25,-18.81,[36.21],[23],0.0,23.0,weak
SSWL.NS,Steel Strips Wheels Limited,Automobile and Auto Components,Stage 3,3.17,10.89,55501991.76,0.98,False,False,"Stage 3, distribution_risk",weekly_watchlist,13.01,14.01,224.09,-6.07,[28.99],[8],0.0,8.0,weak
KPITTECH.NS,KPIT Technologies Limited,Information Technology,Stage 3,-6.71,-28.32,2126440806.02,1.04,False,False,"Stage 3, distribution_risk",weekly_watchlist,14.0,14.0,796.69,-5.75,[49.6],[10],0.0,10.0,weak
DCAL.NS,Dishman Carbogen Amcis Limited,Healthcare,Stage 3,15.67,-7.13,198194104.54,2.17,False,False,"Stage 3, distribution_risk",weekly_watchlist,8.85,13.85,177.89,19.11,[53.15],[15],0.0,15.0,weak
POWERMECH.NS,Power Mech Projects Limited,Construction,Stage 3,26.5,7.84,228901512.55,0.82,True,True,"Stage 3, volume_dryup, weekly_volume_dryup, distribution_risk",weekly_watchlist,13.83,13.83,2649.83,-6.64,[24.77],[7],0.0,7.0,weak
VSTIND.NS,VST Industries Limited,Fast Moving Consumer Goods,Stage 3,15.07,10.31,74625103.91,0.47,True,True,"Stage 3, volume_dryup, weekly_volume_dryup, distribution_risk",weekly_watchlist,12.74,13.74,287.28,-10.59,"[17.81, 19.68]","[6, 6]",0.1,13.0,weak
COCHINSHIP.NS,Cochin Shipyard Limited,Capital Goods,Stage 3,8.25,-1.56,4447160684.39,0.87,False,False,"Stage 3, distribution_risk",weekly_watchlist,8.67,13.67,1665.05,-8.05,[29.89],[14],0.0,14.0,weak
DCMSHRIRAM.NS,DCM Shriram Limited,Diversified,Stage 3,8.08,0.57,117208709.44,1.01,False,False,"Stage 3, distribution_risk",weekly_watchlist,11.06,13.56,1264.91,-12.34,"[20.26, 22.4]","[6, 5]",0.1,13.0,weak
DALMIASUG.NS,Dalmia Bharat Sugar and Industries Limited,Fast Moving Consumer Goods,Stage 3,26.03,19.52,105272751.79,0.15,True,True,"Stage 3, volume_dryup, weekly_volume_dryup, distribution_risk",weekly_watchlist,12.55,13.55,419.73,-17.58,[31.57],[14],0.0,14.0,weak
AARTIPHARM.NS,Aarti Pharmalabs Limited,Healthcare,Stage 3,5.11,7.67,152353761.61,0.63,True,False,"Stage 3, volume_dryup, distribution_risk",weekly_watchlist,8.48,13.48,815.42,-13.73,[28.32],[11],0.0,11.0,weak
EPIGRAL.NS,Epigral Limited,Chemicals,Stage 3,36.07,-7.05,123632812.6,0.44,True,False,"Stage 3, volume_dryup, distribution_risk",weekly_watchlist,10.9,13.4,1914.95,-33.67,[61.83],[35],0.0,35.0,weak
SKFINDIA.NS,SKF India Limited,Capital Goods,Stage 3,8.1,-5.33,53760164.83,1.16,False,True,"Stage 3, weekly_volume_dryup, distribution_risk",weekly_watchlist,8.28,13.28,1777.1,-4.37,[26.65],[5],0.0,5.0,weak
BORORENEW.NS,BOROSIL RENEWABLES LIMITED,Capital Goods,Stage 3,12.75,-10.37,437921029.99,1.47,False,False,"Stage 3, distribution_risk",weekly_watchlist,8.24,13.24,584.82,-12.47,[48.07],[20],0.0,20.0,weak
TITAGARH.NS,TITAGARH RAIL SYSTEMS LIMITED,Capital Goods,Stage 3,6.59,-4.73,1475222510.59,0.39,True,False,"Stage 3, volume_dryup, distribution_risk",weekly_watchlist,8.19,13.19,871.22,-13.58,[38.51],[13],0.0,13.0,weak
PIDILITIND.NS,Pidilite Industries Limited,Chemicals,Stage 3,6.38,7.48,1549893631.44,1.42,False,False,"Stage 3, distribution_risk",weekly_watchlist,10.59,13.09,1517.65,-2.96,[17.44],[6],0.0,6.0,weak
RPOWER.NS,Reliance Power Limited,Power,Stage 3,7.64,-23.25,1157790928.4,0.55,True,True,"Stage 3, volume_dryup, weekly_volume_dryup, distribution_risk",weekly_watchlist,8.0,13.0,30.85,-11.65,[60.24],[25],0.0,25.0,weak
HLEGLAS.NS,HLE Glascoat Limited,Capital Goods,Stage 3,6.25,-23.68,37927104.83,1.06,False,False,"Stage 3, distribution_risk",weekly_watchlist,8.0,13.0,416.23,-21.68,[47.15],[12],0.0,12.0,weak
INOXWIND.NS,Inox Wind Limited,Capital Goods,Stage 3,3.01,-23.88,1487676236.58,0.63,True,False,"Stage 3, volume_dryup, distribution_risk",weekly_watchlist,8.0,13.0,159.3,-40.36,[51.55],[27],0.0,27.0,weak
ORISSAMINE.NS,The Orissa Minerals Development Company Limited,Metals & Mining,Stage 3,2.59,-11.02,65076666.58,0.45,True,True,"Stage 3, volume_dryup, weekly_volume_dryup, distribution_risk",weekly_watchlist,8.0,13.0,4537.93,-10.1,[41.34],[13],0.0,13.0,weak
SYNGENE.NS,Syngene International Limited,Healthcare,Stage 3,16.51,-18.18,2134319719.27,0.54,True,False,"Stage 3, volume_dryup, distribution_risk",weekly_watchlist,8.0,13.0,519.46,-9.48,[44.03],[13],0.0,13.0,weak
3MINDIA.NS,3M India Limited,Diversified,Stage 3,-2.89,-1.63,107760172.75,0.67,True,True,"Stage 3, volume_dryup, weekly_volume_dryup, distribution_risk",weekly_watchlist,10.4,12.9,33954.32,-5.17,[24.45],[7],0.0,7.0,weak
POLICYBZR.NS,PB Fintech Limited,Financial Services,Stage 3,29.66,8.9,2975535882.74,1.22,False,False,"Stage 3, distribution_risk",weekly_watchlist,11.86,12.86,1549.41,17.42,[30.56],[13],0.0,13.0,weak
SENCO.NS,Senco Gold Limited,Consumer Durables,Stage 3,7.82,16.52,444546599.39,1.04,False,True,"Stage 3, weekly_volume_dryup, distribution_risk",weekly_watchlist,12.83,12.83,369.65,-6.48,[26.43],[7],0.0,7.0,weak
PARADEEP.NS,Paradeep Phosphates Limited,Chemicals,Stage 3,6.79,-14.93,931977324.49,1.38,False,False,"Stage 3, distribution_risk",weekly_watchlist,10.2,12.7,170.8,-27.57,"[36.44, 41.52]","[19, 10]",0.1,32.0,weak
KPIGREEN.NS,KPI Green Energy Limited,Power,Stage 3,13.59,1.48,777265595.1,0.56,True,False,"Stage 3, volume_dryup, distribution_risk",weekly_watchlist,7.51,12.51,508.19,-15.3,[34.67],[10],0.0,10.0,weak
VINATIORGA.NS,Vinati Organics Limited,Chemicals,Stage 4,-3.24,-11.27,115049592.01,0.98,False,False,"Stage 4, downtrend",weekly_watchlist,10.0,12.5,1436.0,-7.12,[25.51],[10],0.0,10.0,weak
CAPLIPOINT.NS,Caplin Point Laboratories Limited,Healthcare,Stage 3,25.94,12.96,446486319.16,2.49,False,False,"Stage 3, distribution_risk",weekly_watchlist,7.49,12.49,1802.95,12.37,[22.63],[8],0.0,8.0,weak
NYKAA.NS,FSN E-Commerce Ventures Limited,Consumer Services,Stage 3,9.07,10.75,866776510.17,0.75,True,True,"Stage 3, volume_dryup, weekly_volume_dryup, distribution_risk",weekly_watchlist,12.38,12.38,279.74,-1.87,[18.75],[7],0.0,7.0,weak
AGI.NS,AGI Greenpac Limited,Capital Goods,Stage 3,5.35,-17.21,916236389.75,0.29,True,False,"Stage 3, volume_dryup, distribution_risk",weekly_watchlist,7.2,12.2,699.22,-16.43,[26.3],[11],0.0,11.0,weak
TATACHEM.NS,Tata Chemicals Limited,Chemicals,Stage 3,16.6,0.04,2247299258.84,0.45,True,False,"Stage 3, volume_dryup, distribution_risk",weekly_watchlist,9.66,12.16,856.35,-11.82,[26.41],[12],0.0,12.0,weak
DHANUKA.NS,Dhanuka Agritech Limited,Chemicals,Stage 3,13.66,0.4,268822478.82,3.43,False,False,"Stage 3, distribution_risk",weekly_watchlist,9.41,11.91,1472.57,-21.11,[45.1],[26],0.0,26.0,weak
DATAMATICS.NS,Datamatics Global Services Limited,Information Technology,Stage 3,17.49,-0.89,93299024.07,1.09,False,False,"Stage 3, distribution_risk",weekly_watchlist,11.86,11.86,885.55,-8.59,"[26.65, 28.51]","[5, 6]",0.1,14.0,weak
CONCOR.NS,Container Corporation of India Limited,Services,Stage 3,7.98,6.65,647044173.87,0.95,False,True,"Stage 3, weekly_volume_dryup, distribution_risk",weekly_watchlist,11.86,11.86,537.94,-5.96,[21.28],[7],0.0,7.0,weak
BEL.NS,Bharat Electronics Limited,Capital Goods,Stage 1,2.38,9.01,5373691750.17,0.93,False,True,"Stage 1, weekly_volume_dryup, stage1_not_actionable, stage1_needs_more_base",weekly_watchlist,6.74,11.74,474.28,-11.36,[12.82],[8],0.0,8.0,weak
ZFCVINDIA.NS,ZF Commercial Vehicle Control Systems India Limited,Automobile and Auto Components,Stage 3,1.01,26.14,236702454.6,1.28,False,False,"Stage 3, distribution_risk",weekly_watchlist,10.71,11.71,15576.21,-4.77,[22.28],[5],0.0,5.0,weak
GALAXYSURF.NS,Galaxy Surfactants Limited,Chemicals,Stage 3,4.65,-6.44,23544656.94,0.6,True,True,"Stage 3, volume_dryup, weekly_volume_dryup, distribution_risk",weekly_watchlist,9.2,11.7,1963.43,-7.24,[26.73],[6],0.0,6.0,weak
UPL.NS,UPL Limited,Chemicals,Stage 3,-7.24,-8.49,1401359331.42,1.23,False,False,"Stage 3, distribution_risk",weekly_watchlist,9.2,11.7,672.88,-6.52,[26.78],[6],0.0,6.0,weak
CHALET.NS,Chalet Hotels Limited,Consumer Services,Stage 3,-0.23,0.26,109826799.25,1.13,False,False,"Stage 3, distribution_risk",weekly_watchlist,11.6,11.6,821.49,-2.44,[24.36],[8],0.0,8.0,weak
HEIDELBERG.NS,HeidelbergCement India Limited,Construction Materials,Stage 3,1.93,-5.35,8337492.93,0.59,True,True,"Stage 3, volume_dryup, weekly_volume_dryup, distribution_risk",weekly_watchlist,11.6,11.6,165.29,-4.55,[24.8],[8],0.0,8.0,weak
TRENT.NS,Trent Limited,Consumer Services,Stage 3,7.86,4.05,3013324777.93,0.56,True,True,"Stage 3, volume_dryup, weekly_volume_dryup, distribution_risk",weekly_watchlist,11.59,11.59,4505.87,-7.45,[23.81],[7],0.0,7.0,weak
CYIENTDLM.NS,Cyient DLM Limited,Capital Goods,Stage 3,21.48,-0.36,126306181.63,0.16,True,True,"Stage 3, volume_dryup, weekly_volume_dryup, distribution_risk",weekly_watchlist,6.51,11.51,440.17,-6.04,[23.79],[2],0.0,2.0,weak
SHREECEM.NS,SHREE CEMENT LIMITED,Construction Materials,Stage 4,1.2,1.83,517347500.25,0.48,True,True,"Stage 4, volume_dryup, weekly_volume_dryup, downtrend",weekly_watchlist,11.5,11.5,25990.0,-5.33,[19.72],[11],0.0,11.0,weak
HDFCAMC.NS,HDFC Asset Management Company Limited,Financial Services,Stage 3,3.16,9.8,2242117445.0,0.69,True,True,"Stage 3, volume_dryup, weekly_volume_dryup, distribution_risk",weekly_watchlist,10.5,11.5,2877.43,-5.2,[23.98],[6],0.0,6.0,weak
JUBLPHARMA.NS,Jubilant Pharmova Limited,Healthcare,Stage 3,21.0,-4.0,119610560.5,0.82,True,True,"Stage 3, volume_dryup, weekly_volume_dryup, distribution_risk",weekly_watchlist,6.5,11.5,961.03,5.27,[29.04],[9],0.0,9.0,weak
HATSUN.NS,Hatsun Agro Product Limited,Fast Moving Consumer Goods,Stage 1,9.93,-5.38,25062193.28,0.85,False,True,"Stage 1, weekly_volume_dryup, stage1_not_actionable, stage1_needs_more_base",weekly_watchlist,10.46,11.46,1023.95,-10.03,[27.46],[13],0.0,13.0,weak
CANFINHOME.NS,Can Fin Homes Limited,Financial Services,Stage 1,1.84,2.65,149020472.8,0.79,True,False,"Stage 1, volume_dryup, stage1_not_actionable, stage1_needs_more_base",weekly_watchlist,10.45,11.45,945.55,-10.59,[20.54],[13],0.0,13.0,weak
TATACONSUM.NS,TATA CONSUMER PRODUCTS LIMITED,Fast Moving Consumer Goods,Stage 3,11.94,12.24,3163276476.55,1.95,False,False,"Stage 3, distribution_risk",weekly_watchlist,10.42,11.42,1199.09,-0.35,[15.0],[5],0.0,5.0,weak
KOTAKBANK.NS,Kotak Mahindra Bank Limited,Financial Services,Stage 3,-2.38,-0.32,7383942293.9,0.75,True,False,"Stage 3, volume_dryup, distribution_risk",weekly_watchlist,10.4,11.4,387.33,-1.67,[20.56],[7],0.0,7.0,weak
BBTC.NS,Bombay Burmah Trading Corporation Limited,Fast Moving Consumer Goods,Stage 3,-7.02,-15.25,89251665.22,1.08,False,False,"Stage 3, distribution_risk",weekly_watchlist,10.4,11.4,1613.62,-5.58,[30.26],[7],0.0,7.0,weak
HINDPETRO.NS,Hindustan Petroleum Corporation Limited,"Oil, Gas & Consumable Fuels",Stage 3,-6.51,-10.89,2947109896.71,0.92,False,True,"Stage 3, weekly_volume_dryup, distribution_risk",weekly_watchlist,10.4,11.4,404.96,-3.99,[33.54],[7],0.0,7.0,weak
LICI.NS,Life Insurance Corporation Of India,Financial Services,Stage 3,-0.56,-3.89,1016303169.35,0.97,False,True,"Stage 3, weekly_volume_dryup, distribution_risk",weekly_watchlist,10.4,11.4,857.85,-6.72,[20.54],[7],0.0,7.0,weak
HONAUT.NS,Honeywell Automation India Limited,Capital Goods,Stage 3,19.98,7.11,460948065.0,2.29,False,False,"Stage 3, distribution_risk",weekly_watchlist,6.31,11.31,33157.93,5.45,[24.32],[8],0.0,8.0,weak
WOCKPHARMA.NS,Wockhardt Limited,Healthcare,Stage 3,22.48,27.7,4742253821.63,0.78,True,False,"Stage 3, volume_dryup, distribution_risk",weekly_watchlist,6.22,11.22,1781.11,-10.18,[25.72],[6],0.0,6.0,weak
HOMEFIRST.NS,Home First Finance Company India Limited,Financial Services,Stage 3,-0.37,-4.13,226538344.21,0.59,True,True,"Stage 3, volume_dryup, weekly_volume_dryup, distribution_risk",weekly_watchlist,10.2,11.2,1320.01,-18.76,"[26.33, 29.07]","[19, 5]",0.1,31.0,weak
UNITDSPR.NS,United Spirits Ltd.,Fast Moving Consumer Goods,Stage 3,-1.27,-1.86,1401295128.05,0.81,True,True,"Stage 3, volume_dryup, weekly_volume_dryup, distribution_risk",weekly_watchlist,10.2,11.2,1433.8,-11.24,"[14.25, 15.41]","[12, 7]",0.1,23.0,weak
SBILIFE.NS,SBI Life Insurance Company Limited,Financial Services,Stage 1,-0.78,2.14,2260387604.15,0.6,True,True,"Stage 1, volume_dryup, weekly_volume_dryup, stage1_not_actionable, stage1_needs_more_base",weekly_watchlist,10.14,11.14,1994.38,-6.74,[18.83],[5],0.0,5.0,weak
KSL.NS,Kalyani Steels Limited,Capital Goods,Stage 3,15.1,10.18,51392255.79,0.86,False,False,"Stage 3, distribution_risk",weekly_watchlist,6.13,11.13,916.15,-11.35,[27.34],[8],0.0,8.0,weak
CIEINDIA.NS,CIE Automotive India Limited,Automobile and Auto Components,Stage 3,10.43,18.19,434835431.06,1.09,False,False,"Stage 3, distribution_risk",weekly_watchlist,10.06,11.06,519.45,-10.91,[5.29],[11],0.0,11.0,weak
HAL.NS,Hindustan Aeronautics Limited,Capital Goods,Stage 3,11.64,0.36,6187124499.17,1.21,False,False,"Stage 3, distribution_risk",weekly_watchlist,6.0,11.0,4844.76,-9.79,[24.88],[9],0.0,9.0,weak
HARSHA.NS,Harsha Engineers International Limited,Capital Goods,Stage 3,14.01,9.99,108406414.27,1.85,False,False,"Stage 3, distribution_risk",weekly_watchlist,6.0,11.0,469.82,-13.67,[25.05],[8],0.0,8.0,weak
FCL.NS,Fineotex Chemical Limited,Chemicals,Stage 3,36.36,36.44,921200869.51,3.8,False,False,"Stage 3, distribution_risk",weekly_watchlist,8.48,10.98,24.34,29.77,[26.31],[6],0.0,6.0,weak
FEDERALBNK.NS,The Federal Bank Limited,Financial Services,Stage 3,6.13,24.75,2351397047.21,0.94,False,False,"Stage 3, distribution_risk",weekly_watchlist,9.89,10.89,302.23,-6.11,[16.13],[4],0.0,4.0,weak
INDHOTEL.NS,The Indian Hotels Company Limited,Consumer Services,Stage 3,3.48,0.94,1530327834.75,1.11,False,True,"Stage 3, weekly_volume_dryup, distribution_risk",weekly_watchlist,10.84,10.84,678.5,-3.11,[20.86],[7],0.0,7.0,weak
CREDITACC.NS,CREDITACCESS GRAMEEN LIMITED,Financial Services,Stage 3,10.39,5.74,1537804849.37,0.56,True,False,"Stage 3, volume_dryup, distribution_risk",weekly_watchlist,9.61,10.61,1499.32,-14.02,[25.31],[21],0.0,21.0,weak
EICHERMOT.NS,Eicher Motors Limited,Automobile and Auto Components,Stage 3,-6.33,9.84,3056417916.72,0.68,True,True,"Stage 3, volume_dryup, weekly_volume_dryup, distribution_risk",weekly_watchlist,9.55,10.55,7471.5,-7.76,[21.73],[6],0.0,6.0,weak
CLEAN.NS,Clean Science and Technology Limited,Chemicals,Stage 3,9.98,-9.47,306047405.22,0.74,True,True,"Stage 3, volume_dryup, weekly_volume_dryup, distribution_risk",weekly_watchlist,8.05,10.55,1209.01,-37.08,[47.82],[32],0.0,32.0,weak
IEX.NS,Indian Energy Exchange Limited,Financial Services,Stage 3,10.12,4.29,826482121.76,0.69,True,True,"Stage 3, volume_dryup, weekly_volume_dryup, distribution_risk",weekly_watchlist,9.44,10.44,134.91,-5.82,[12.32],[5],0.0,5.0,weak
FACT.NS,Fertilizers and Chemicals Travancore Limited,Chemicals,Stage 3,15.02,4.26,141400479.66,0.1,True,True,"Stage 3, volume_dryup, weekly_volume_dryup, distribution_risk",weekly_watchlist,7.93,10.43,953.37,-8.95,[30.07],[10],0.0,10.0,weak
GREENLAM.NS,Greenlam Industries Limited,Consumer Durables,Stage 3,3.0,-2.89,55173167.66,2.7,False,False,"Stage 3, distribution_risk",weekly_watchlist,10.41,10.41,247.01,-5.47,[25.77],[7],0.0,7.0,weak
ABFRL.NS,Aditya Birla Fashion and Retail Limited,Consumer Services,Stage 3,0.53,-5.52,302995899.69,0.52,True,True,"Stage 3, volume_dryup, weekly_volume_dryup, distribution_risk",weekly_watchlist,10.4,10.4,69.21,-3.54,[28.75],[7],0.0,7.0,weak
LATENTVIEW.NS,Latent View Analytics Limited,Information Technology,Stage 3,-10.64,-22.93,432865487.78,0.77,True,True,"Stage 3, volume_dryup, weekly_volume_dryup, distribution_risk",weekly_watchlist,10.4,10.4,323.65,-0.74,[48.83],[7],0.0,7.0,weak
WESTLIFE.NS,WESTLIFE FOODWORLD LIMITED,Consumer Services,Stage 3,-2.8,-5.29,57753598.58,0.83,True,True,"Stage 3, volume_dryup, weekly_volume_dryup, distribution_risk",weekly_watchlist,10.4,10.4,501.0,-6.57,[28.76],[7],0.0,7.0,weak
KPIL.NS,Kalpataru Projects International Limited,Construction,Stage 3,23.95,10.59,230762944.77,1.03,False,False,"Stage 3, distribution_risk",weekly_watchlist,10.25,10.25,1331.33,-4.1,[19.4],[4],0.0,4.0,weak
BLS.NS,BLS International Services Ltd.,Consumer Services,Stage 3,2.73,-7.76,674613846.31,0.76,True,True,"Stage 3, volume_dryup, weekly_volume_dryup, distribution_risk",weekly_watchlist,10.2,10.2,341.4,-21.31,"[33.07, 35.77]","[10, 19]",0.1,33.0,weak
AFFLE.NS,Affle (India) Limited,Information Technology,Stage 3,0.27,-6.12,1122074715.72,2.43,False,False,"Stage 3, distribution_risk",weekly_watchlist,10.2,10.2,1832.3,-21.29,"[27.74, 31.59]","[11, 11]",0.1,26.0,weak
ASHOKA.NS,Ashoka Buildcon Limited,Construction,Stage 3,-6.45,-22.23,137568432.4,0.58,True,True,"Stage 3, volume_dryup, weekly_volume_dryup, distribution_risk",weekly_watchlist,10.2,10.2,167.25,-23.21,"[34.96, 39.51]","[11, 7]",0.1,21.0,weak
GPPL.NS,Gujarat Pipavav Port Limited,Services,Stage 3,-5.49,-3.45,148089511.99,0.79,True,False,"Stage 3, volume_dryup, distribution_risk",weekly_watchlist,10.2,10.2,200.44,-23.33,"[10.61, 11.89]","[2, 28]",0.1,36.0,weak
VAIBHAVGBL.NS,Vaibhav Global Limited,Consumer Durables,Stage 3,0.56,-4.8,56673867.57,0.82,True,True,"Stage 3, volume_dryup, weekly_volume_dryup, distribution_risk",weekly_watchlist,10.2,10.2,268.55,-15.07,"[30.81, 35.05]","[12, 8]",0.1,22.0,weak
ICICIGI.NS,ICICI Lombard General Insurance Company Limited,Financial Services,Stage 3,1.3,-2.39,964158254.22,0.71,True,True,"Stage 3, volume_dryup, weekly_volume_dryup, distribution_risk",weekly_watchlist,9.2,10.2,1912.24,-5.82,[17.83],[6],0.0,6.0,weak
BALKRISIND.NS,Balkrishna Industries Limited,Automobile and Auto Components,Stage 3,-6.48,2.24,329492287.94,1.23,False,False,"Stage 3, distribution_risk",weekly_watchlist,9.2,10.2,2369.14,-6.91,[27.37],[6],0.0,6.0,weak
IDFCFIRSTB.NS,IDFC First Bank Limited,Financial Services,Stage 3,-10.16,-6.04,1528795637.65,0.72,True,True,"Stage 3, volume_dryup, weekly_volume_dryup, distribution_risk",weekly_watchlist,9.2,10.2,71.58,-4.58,[32.61],[6],0.0,6.0,weak
RHIM.NS,RHI MAGNESITA INDIA LIMITED,Capital Goods,Stage 4,-5.83,-10.21,81910732.93,1.52,False,False,"Stage 4, downtrend",weekly_watchlist,5.2,10.2,427.45,-6.7,[34.06],[6],0.0,6.0,weak
MOTILALOFS.NS,Motilal Oswal Financial Services Limited,Financial Services,Stage 3,15.64,-3.86,1047942810.52,0.69,True,False,"Stage 3, volume_dryup, distribution_risk",weekly_watchlist,9.18,10.18,1090.22,-22.66,[36.62],[31],0.0,31.0,weak
PHOENIXLTD.NS,The Phoenix Mills Limited,Realty,Stage 3,9.15,12.12,765493102.28,0.72,True,True,"Stage 3, volume_dryup, weekly_volume_dryup, distribution_risk",weekly_watchlist,10.13,10.13,1996.49,-10.06,[17.92],[20],0.0,20.0,weak
BALRAMCHIN.NS,Balrampur Chini Mills Limited,Fast Moving Consumer Goods,Stage 3,22.19,25.06,497772375.38,0.94,False,True,"Stage 3, weekly_volume_dryup, distribution_risk",weekly_watchlist,9.12,10.12,553.67,-2.93,[15.94],[2],0.0,2.0,weak
ALKYLAMINE.NS,Alkyl Amines Chemicals Limited,Chemicals,Stage 3,20.67,7.37,658878321.16,2.42,False,False,"Stage 3, distribution_risk",weekly_watchlist,7.6,10.1,1578.76,10.37,[27.37],[9],0.0,9.0,weak
HUDCO.NS,Housing & Urban Development Corporation Limited,Financial Services,Stage 3,15.12,-5.35,1409242172.58,1.07,False,False,"Stage 3, distribution_risk",weekly_watchlist,8.98,9.98,235.5,-12.48,[30.67],[12],0.0,12.0,weak
GODFRYPHLP.NS,Godfrey Phillips India Limited,Fast Moving Consumer Goods,Stage 3,19.82,-11.0,2605888082.77,1.17,False,False,"Stage 3, distribution_risk",weekly_watchlist,8.88,9.88,2489.05,-7.11,[30.47],[5],0.0,5.0,weak
EASEMYTRIP.NS,Easy Trip Planners Limited,Consumer Services,Stage 3,-8.1,13.43,128532837.78,1.04,False,True,"Stage 3, weekly_volume_dryup, distribution_risk",weekly_watchlist,9.73,9.73,8.36,-4.6,[45.57],[6],0.0,6.0,weak
EXIDEIND.NS,Exide Industries Limited,Automobile and Auto Components,Stage 3,7.81,-1.96,1275235863.57,0.69,True,False,"Stage 3, volume_dryup, distribution_risk",weekly_watchlist,8.58,9.58,380.56,-10.45,[23.61],[12],0.0,12.0,weak
IREDA.NS,Indian Renewable Energy Development Agency Ltd.,Financial Services,Stage 3,9.09,-4.49,887957691.6,0.67,True,True,"Stage 3, volume_dryup, weekly_volume_dryup, distribution_risk",weekly_watchlist,8.46,9.46,143.1,-10.64,[27.31],[12],0.0,12.0,weak
MASFIN.NS,MAS Financial Services Limited,Financial Services,Stage 3,-1.52,5.52,63727112.44,0.65,True,False,"Stage 3, volume_dryup, distribution_risk",weekly_watchlist,8.4,9.4,353.42,-13.42,[13.93],[21],0.0,21.0,weak
TANLA.NS,Tanla Platforms Limited,Information Technology,Stage 3,18.77,-5.43,1063740810.09,0.56,True,False,"Stage 3, volume_dryup, distribution_risk",weekly_watchlist,9.33,9.33,734.18,-29.71,[51.76],[28],0.0,28.0,weak
LICHSGFIN.NS,LIC Housing Finance Limited,Financial Services,Stage 3,11.58,3.49,1044681805.65,1.15,False,False,"Stage 3, distribution_risk",weekly_watchlist,8.31,9.31,569.54,-5.55,[16.78],[4],0.0,4.0,weak
ZYDUSLIFE.NS,Zydus Lifesciences Limited,Healthcare,Stage 3,22.21,20.34,1995624543.04,2.71,False,False,"Stage 3, distribution_risk",weekly_watchlist,4.26,9.26,964.59,7.45,[11.83],[5],0.0,5.0,weak
COFORGE.NS,Coforge Limited,Information Technology,Stage 3,7.77,-13.94,6189737803.91,1.21,False,False,"Stage 3, distribution_risk",weekly_watchlist,9.2,9.2,1337.24,2.97,[42.69],[6],0.0,6.0,weak
MFSL.NS,Max Financial Services Limited,Financial Services,Stage 3,-4.59,5.5,940067570.8,0.85,True,True,"Stage 3, volume_dryup, weekly_volume_dryup, distribution_risk",weekly_watchlist,8.09,9.09,1723.61,-5.66,[24.25],[5],0.0,5.0,weak
UJJIVANSFB.NS,Ujjivan Small Finance Bank Limited,Financial Services,Stage 3,-7.63,8.57,946460881.91,1.26,False,False,"Stage 3, distribution_risk",weekly_watchlist,8.09,9.09,68.12,-22.34,[12.54],[15],0.0,15.0,weak
DISHTV.NS,Dish TV India Limited,"Media, Entertainment & Publication",Stage 3,21.44,-10.75,7694713.2,0.25,True,True,"Stage 3, volume_dryup, weekly_volume_dryup, distribution_risk",weekly_watchlist,9.07,9.07,4.15,-15.12,[57.38],[12],0.0,12.0,weak
BBL.NS,Bharat Bijlee Limited,Capital Goods,Stage 3,16.17,0.44,229406293.04,1.13,False,False,"Stage 3, distribution_risk",weekly_watchlist,4.06,9.06,3275.72,-17.88,[31.24],[7],0.0,7.0,weak
AWL.NS,Adani Wilmar Limited,Fast Moving Consumer Goods,Stage 3,5.05,-17.64,637283924.24,0.46,True,True,"Stage 3, volume_dryup, weekly_volume_dryup, distribution_risk",weekly_watchlist,8.0,9.0,220.38,-10.05,[39.49],[17],0.0,17.0,weak
MINDACORP.NS,Minda Corporation Limited,Automobile and Auto Components,Stage 3,-1.9,-2.54,146576768.06,0.77,True,False,"Stage 3, volume_dryup, distribution_risk",weekly_watchlist,8.0,9.0,554.5,-3.18,[22.8],[5],0.0,5.0,weak
AEGISLOG.NS,Aegis Logistics Ltd.,"Oil, Gas & Consumable Fuels",Stage 3,11.4,0.61,344817195.51,0.6,True,True,"Stage 3, volume_dryup, weekly_volume_dryup, distribution_risk",weekly_watchlist,8.0,9.0,768.84,-5.33,[23.8],[4],0.0,4.0,weak
BAJAJHLDNG.NS,Bajaj Holdings & Investment Limited,Financial Services,Stage 3,0.63,-3.68,459827330.27,0.86,False,False,"Stage 3, distribution_risk",weekly_watchlist,8.0,9.0,10858.97,-4.21,[26.17],[5],0.0,5.0,weak
FIVESTAR.NS,Five-Star Business Finance Limited,Financial Services,Stage 3,8.8,-20.83,562895992.65,0.48,True,True,"Stage 3, volume_dryup, weekly_volume_dryup, distribution_risk",weekly_watchlist,8.0,9.0,528.87,-15.84,[49.23],[21],0.0,21.0,weak
LGBBROSLTD.NS,LG Balakrishnan & Bros Limited,Automobile and Auto Components,Stage 3,-14.17,-6.2,63370880.05,0.86,False,False,"Stage 3, distribution_risk",weekly_watchlist,8.0,9.0,2051.58,-24.32,[17.39],[18],0.0,18.0,weak
RAJRATAN.NS,Rajratan Global Wire Limited,Automobile and Auto Components,Stage 3,-4.14,-7.51,36687763.6,0.68,True,True,"Stage 3, volume_dryup, weekly_volume_dryup, distribution_risk",weekly_watchlist,8.0,9.0,502.88,-18.29,[40.02],[12],0.0,12.0,weak
SUNDRMFAST.NS,Sundram Fasteners Limited,Automobile and Auto Components,Stage 3,-1.44,-4.06,71702376.09,0.47,True,True,"Stage 3, volume_dryup, weekly_volume_dryup, distribution_risk",weekly_watchlist,8.0,9.0,1013.67,-17.71,[23.55],[13],0.0,13.0,weak
TEGA.NS,Tega Industries Limited,Capital Goods,Stage 4,5.65,-9.76,55594381.87,0.38,True,True,"Stage 4, volume_dryup, weekly_volume_dryup, downtrend",weekly_watchlist,4.0,9.0,1865.96,-15.2,[22.35],[13],0.0,13.0,weak
KEC.NS,KEC International Limited,Capital Goods,Stage 4,-12.02,-29.12,827942529.61,1.22,False,False,"Stage 4, downtrend",weekly_watchlist,4.0,9.0,618.03,-21.35,[34.49],[14],0.0,14.0,weak
SANOFI.NS,Sanofi India Limited,Healthcare,Stage 4,-11.74,-21.2,90024561.61,0.8,True,False,"Stage 4, volume_dryup, downtrend",weekly_watchlist,4.0,9.0,3566.9,-10.54,[34.45],[21],0.0,21.0,weak
TEXRAIL.NS,Texmaco Rail & Engineering Limited,Capital Goods,Stage 4,0.9,-10.27,1338945584.83,3.29,False,False,"Stage 4, downtrend",weekly_watchlist,4.0,9.0,131.29,-17.75,[45.4],[14],0.0,14.0,weak
TECHM.NS,Tech Mahindra Limited,Information Technology,Stage 3,1.08,8.56,3400005282.12,1.21,False,False,"Stage 3, distribution_risk",weekly_watchlist,8.96,8.96,1533.98,-7.43,[29.66],[5],0.0,5.0,weak
RAIN.NS,Rain Industries Limited,Chemicals,Stage 3,10.32,41.87,1326546253.96,2.59,False,False,"Stage 3, distribution_risk",weekly_watchlist,6.42,8.92,139.29,10.03,[41.76],[6],0.0,6.0,weak
SAGILITY.NS,Sagility Ltd.,Information Technology,Stage 4,-1.39,-10.09,778678411.69,1.12,False,True,"Stage 4, weekly_volume_dryup, downtrend",weekly_watchlist,8.8,8.8,43.86,-5.53,[34.01],[9],0.0,9.0,weak
INDIACEM.NS,The India Cements Limited,Construction Materials,Stage 3,0.91,6.76,789289691.03,0.18,True,False,"Stage 3, volume_dryup, distribution_risk",weekly_watchlist,8.77,8.77,486.65,-17.13,[17.07],[30],0.0,30.0,weak
KDDL.NS,KDDL Limited,Consumer Durables,Stage 3,36.32,26.73,199414798.86,2.99,False,False,"Stage 3, distribution_risk",weekly_watchlist,8.71,8.71,2599.44,10.94,[23.58],[7],0.0,7.0,weak
LTTS.NS,L&T Technology Services Ltd.,Information Technology,Stage 3,10.06,-3.25,346620894.46,0.46,True,True,"Stage 3, volume_dryup, weekly_volume_dryup, distribution_risk",weekly_watchlist,8.68,8.68,3936.88,-8.88,[36.31],[14],0.0,14.0,weak
NUCLEUS.NS,Nucleus Software Exports Limited,Information Technology,Stage 3,8.24,-1.58,38785070.95,1.29,False,True,"Stage 3, weekly_volume_dryup, distribution_risk",weekly_watchlist,8.67,8.67,1001.6,-13.67,[27.02],[15],0.0,15.0,weak
HDFCBANK.NS,HDFC Bank Limited,Financial Services,Stage 4,-10.1,-14.8,25523129500.06,0.75,True,True,"Stage 4, volume_dryup, weekly_volume_dryup, downtrend",weekly_watchlist,7.6,8.6,821.49,-7.59,[26.9],[8],0.0,8.0,weak
BPCL.NS,Bharat Petroleum Corporation Limited,"Oil, Gas & Consumable Fuels",Stage 4,-13.05,-9.34,3370870976.44,0.77,True,True,"Stage 4, volume_dryup, weekly_volume_dryup, downtrend",weekly_watchlist,7.6,8.6,320.1,-7.4,[31.93],[8],0.0,8.0,weak
CRISIL.NS,CRISIL Limited,Financial Services,Stage 4,-0.39,-0.6,235619586.51,0.55,True,True,"Stage 4, volume_dryup, weekly_volume_dryup, downtrend",weekly_watchlist,7.6,8.6,4462.45,-6.48,[23.79],[8],0.0,8.0,weak
GRAVITA.NS,Gravita India Limited,Metals & Mining,Stage 3,7.33,3.77,449967018.37,0.77,True,False,"Stage 3, volume_dryup, distribution_risk",weekly_watchlist,3.51,8.51,1849.53,-11.12,[28.17],[7],0.0,7.0,weak
SURYAROSNI.NS,Surya Roshni Limited,Capital Goods,Stage 3,13.23,-2.48,198187993.63,0.92,False,False,"Stage 3, distribution_risk",weekly_watchlist,3.47,8.47,283.04,-15.58,[30.35],[7],0.0,7.0,weak
RELIGARE.NS,Religare Enterprises Limited,Financial Services,Stage 3,9.1,-3.24,310279648.27,0.84,True,True,"Stage 3, volume_dryup, weekly_volume_dryup, distribution_risk",weekly_watchlist,7.39,8.39,237.0,-2.97,[26.89],[4],0.0,4.0,weak
PETRONET.NS,Petronet LNG Limited,"Oil, Gas & Consumable Fuels",Stage 3,-1.12,6.9,823630016.26,0.47,True,True,"Stage 3, volume_dryup, weekly_volume_dryup, distribution_risk",weekly_watchlist,7.38,8.38,287.3,-6.06,[27.9],[4],0.0,4.0,weak
ITI.NS,ITI Limited,Telecommunication,Stage 3,9.08,0.77,170314617.16,0.06,True,True,"Stage 3, volume_dryup, weekly_volume_dryup, distribution_risk",weekly_watchlist,3.38,8.38,320.46,-10.38,[22.45],[7],0.0,7.0,weak
IRB.NS,IRB Infrastructure Developers Limited,Construction,Stage 3,15.28,12.43,731122012.91,2.19,False,False,"Stage 3, distribution_risk",weekly_watchlist,8.37,8.37,22.7,0.62,[14.62],[3],0.0,3.0,weak
ULTRACEMCO.NS,UltraTech Cement Limited,Construction Materials,Stage 3,-3.73,6.71,3910584762.7,0.74,True,False,"Stage 3, volume_dryup, distribution_risk",weekly_watchlist,8.3,8.3,13132.94,-12.63,[14.11],[16],0.0,16.0,weak
YESBANK.NS,Yes Bank Limited,Financial Services,Stage 3,10.22,2.53,2683662215.45,1.06,False,False,"Stage 3, distribution_risk",weekly_watchlist,7.27,8.27,20.75,3.97,[28.3],[10],0.0,10.0,weak
GNFC.NS,Gujarat Narmada Valley Fertilizers and Chemicals Limited,Chemicals,Stage 3,19.44,13.63,435673330.41,2.5,False,False,"Stage 3, distribution_risk",weekly_watchlist,5.71,8.21,497.67,4.93,[25.7],[7],0.0,7.0,weak
CHOLAHLDNG.NS,Cholamandalam Financial Holdings Limited,Financial Services,Stage 3,-1.08,-7.8,482758137.13,0.36,True,True,"Stage 3, volume_dryup, weekly_volume_dryup, distribution_risk",weekly_watchlist,7.2,8.2,1784.12,-9.98,[33.59],[11],0.0,11.0,weak
SBFC.NS,SBFC Finance Limited,Financial Services,Stage 3,3.62,-7.67,154586672.44,0.91,False,False,"Stage 3, distribution_risk",weekly_watchlist,7.2,8.2,103.4,-11.61,[27.47],[11],0.0,11.0,weak
MSUMI.NS,Motherson Sumi Wiring India Limited,Automobile and Auto Components,Stage 3,0.9,-8.89,414350841.86,0.5,True,False,"Stage 3, volume_dryup, distribution_risk",weekly_watchlist,7.2,8.2,44.73,-10.79,[33.38],[11],0.0,11.0,weak
JYOTICNC.NS,Jyoti CNC Automation Ltd.,Capital Goods,Stage 4,-12.85,-23.21,496319149.45,0.58,True,True,"Stage 4, volume_dryup, weekly_volume_dryup, downtrend",weekly_watchlist,3.2,8.2,885.5,-24.46,[33.0],[11],0.0,11.0,weak
PNCINFRA.NS,PNC Infratech Limited,Construction,Stage 3,5.35,-10.37,96142348.8,0.76,True,True,"Stage 3, volume_dryup, weekly_volume_dryup, distribution_risk",weekly_watchlist,8.0,8.0,235.27,-9.4,[45.73],[20],0.0,20.0,weak
MANYAVAR.NS,Vedant Fashions Limited,Consumer Services,Stage 3,4.76,-23.87,122995577.77,0.6,True,True,"Stage 3, volume_dryup, weekly_volume_dryup, distribution_risk",weekly_watchlist,8.0,8.0,695.82,-39.32,[57.74],[25],0.0,25.0,weak
WIPRO.NS,Wipro Limited,Information Technology,Stage 3,0.5,-6.24,3590868651.61,0.83,True,True,"Stage 3, volume_dryup, weekly_volume_dryup, distribution_risk",weekly_watchlist,8.0,8.0,260.34,-23.28,[29.95],[14],0.0,14.0,weak
NBCC.NS,NBCC (India) Ltd.,Construction,Stage 3,2.49,-10.09,1089191306.52,1.22,False,False,"Stage 3, distribution_risk",weekly_watchlist,8.0,8.0,104.84,-11.23,[38.6],[13],0.0,13.0,weak
ECLERX.NS,eClerx Services Limited,Services,Stage 3,-6.94,-22.25,607337331.72,1.51,False,False,"Stage 3, distribution_risk",weekly_watchlist,8.0,8.0,2497.5,-38.46,[43.51],[21],0.0,21.0,weak
CYIENT.NS,Cyient Limited,Information Technology,Stage 3,-2.8,-11.3,409675084.41,0.7,True,False,"Stage 3, volume_dryup, distribution_risk",weekly_watchlist,8.0,8.0,991.23,-8.98,[37.19],[17],0.0,17.0,weak
SAKSOFT.NS,Saksoft Limited,Information Technology,Stage 3,-8.23,-28.17,83523517.32,2.09,False,False,"Stage 3, distribution_risk",weekly_watchlist,8.0,8.0,209.69,-33.96,[51.75],[19],0.0,19.0,weak
HEXT.NS,Hexaware Technologies Ltd.,Information Technology,Stage 3,-3.11,-16.89,326222220.55,1.07,False,True,"Stage 3, weekly_volume_dryup, distribution_risk",weekly_watchlist,8.0,8.0,732.36,-31.33,[50.45],[14],0.0,14.0,weak
BIRLACORPN.NS,Birla Corporation Limited,Construction Materials,Stage 3,4.7,-5.27,147400543.04,1.66,False,False,"Stage 3, distribution_risk",weekly_watchlist,8.0,8.0,990.68,2.4,[31.04],[5],0.0,5.0,weak
INTELLECT.NS,Intellect Design Arena Limited,Information Technology,Stage 3,7.03,-27.31,697571552.99,1.5,False,False,"Stage 3, distribution_risk",weekly_watchlist,8.0,8.0,1148.51,-39.36,[52.18],[21],0.0,21.0,weak
ALLCARGO.NS,Allcargo Logistics Limited,Services,Stage 3,5.2,-31.24,36048341.42,0.63,True,True,"Stage 3, volume_dryup, weekly_volume_dryup, distribution_risk",weekly_watchlist,8.0,8.0,13.7,-36.81,[80.33],[20],0.0,20.0,weak
GOCOLORS.NS,Go Fashion (India) Limited,Consumer Services,Stage 3,-3.18,-35.45,190569753.87,2.06,False,False,"Stage 3, distribution_risk",weekly_watchlist,8.0,8.0,698.0,-56.81,[68.85],[27],0.0,27.0,weak
HAPPSTMNDS.NS,Happiest Minds Technologies Limited,Information Technology,Stage 3,2.48,-17.71,279876687.05,0.2,True,True,"Stage 3, volume_dryup, weekly_volume_dryup, distribution_risk",weekly_watchlist,8.0,8.0,455.1,-18.31,[36.49],[14],0.0,14.0,weak
IRCON.NS,Ircon International Limited,Construction,Stage 3,1.32,-5.96,501036807.29,0.49,True,True,"Stage 3, volume_dryup, weekly_volume_dryup, distribution_risk",weekly_watchlist,8.0,8.0,159.96,-11.13,[38.1],[13],0.0,13.0,weak
VMM.NS,Vishal Mega Mart Ltd.,Consumer Services,Stage 3,10.62,0.67,1231163465.74,0.91,False,True,"Stage 3, weekly_volume_dryup, distribution_risk",weekly_watchlist,7.93,7.93,129.63,-4.86,[23.73],[4],0.0,4.0,weak
RAILTEL.NS,Railtel Corporation Of India Limited,Telecommunication,Stage 3,5.69,-0.78,507922051.49,0.27,True,True,"Stage 3, volume_dryup, weekly_volume_dryup, distribution_risk",weekly_watchlist,2.89,7.89,353.9,-9.27,[31.44],[7],0.0,7.0,weak
GAIL.NS,GAIL (India) Limited,"Oil, Gas & Consumable Fuels",Stage 3,1.95,-4.07,1429501109.15,0.74,True,True,"Stage 3, volume_dryup, weekly_volume_dryup, distribution_risk",weekly_watchlist,6.8,7.8,168.38,-7.41,[21.64],[4],0.0,4.0,weak
JINDALSTEL.NS,Jindal Steel & Power Limited,Metals & Mining,Stage 3,6.72,20.94,1510807277.94,0.68,True,True,"Stage 3, volume_dryup, weekly_volume_dryup, distribution_risk",weekly_watchlist,2.77,7.77,1308.49,-8.54,[14.02],[5],0.0,5.0,weak
NFL.NS,National Fertilizers Limited,Chemicals,Stage 4,-0.83,-9.71,73022028.48,0.33,True,True,"Stage 4, volume_dryup, weekly_volume_dryup, downtrend",weekly_watchlist,5.2,7.7,79.95,-6.28,[26.92],[6],0.0,6.0,weak
RELAXO.NS,Relaxo Footwears Limited,Consumer Durables,Stage 4,-9.3,-22.63,45057012.71,0.49,True,True,"Stage 4, volume_dryup, weekly_volume_dryup, downtrend",weekly_watchlist,7.6,7.6,318.56,-7.77,[41.53],[8],0.0,8.0,weak
LT.NS,Larsen & Toubro Limited,Construction,Stage 3,-0.31,6.93,9989992849.56,0.56,True,True,"Stage 3, volume_dryup, weekly_volume_dryup, distribution_risk",weekly_watchlist,7.46,7.46,4151.51,-5.37,[25.94],[4],0.0,4.0,weak
SUZLON.NS,Suzlon Energy Limited,Capital Goods,Stage 3,22.98,1.62,4813668021.26,0.74,True,False,"Stage 3, volume_dryup, distribution_risk",weekly_watchlist,2.46,7.46,58.16,-9.1,[23.65],[5],0.0,5.0,weak
GILLETTE.NS,Gillette India Limited,Fast Moving Consumer Goods,Stage 4,-3.63,2.36,197542279.38,1.01,False,False,"Stage 4, downtrend",weekly_watchlist,6.4,7.4,8291.48,-7.68,[18.92],[7],0.0,7.0,weak
HYUNDAI.NS,Hyundai Motor India Ltd.,Automobile and Auto Components,Stage 4,-7.89,-14.08,2092150332.27,1.48,False,False,"Stage 4, downtrend",weekly_watchlist,6.4,7.4,1925.06,-4.15,[29.94],[7],0.0,7.0,weak
ROUTE.NS,ROUTE MOBILE LIMITED,Telecommunication,Stage 3,3.56,-16.33,159839848.97,0.5,True,True,"Stage 3, volume_dryup, weekly_volume_dryup, distribution_risk",weekly_watchlist,2.4,7.4,581.22,-11.1,[36.96],[7],0.0,7.0,weak
ASHOKLEY.NS,Ashok Leyland Limited,Capital Goods,Stage 3,-17.72,13.63,3154269307.63,0.89,False,True,"Stage 3, weekly_volume_dryup, distribution_risk",weekly_watchlist,2.4,7.4,181.71,-14.98,[33.56],[7],0.0,7.0,weak
PTCIL.NS,PTC Industries Limited,Capital Goods,Stage 3,-6.13,-0.59,191234692.3,0.69,True,True,"Stage 3, volume_dryup, weekly_volume_dryup, distribution_risk",weekly_watchlist,2.4,7.4,17430.45,-9.85,[23.08],[7],0.0,7.0,weak
TTML.NS,Tata Teleservices (Maharashtra) Limited,Telecommunication,Stage 3,5.13,-10.94,135332072.06,0.32,True,True,"Stage 3, volume_dryup, weekly_volume_dryup, distribution_risk",weekly_watchlist,2.4,7.4,49.83,-15.35,[34.75],[7],0.0,7.0,weak
ROLEXRINGS.NS,Rolex Rings Limited,Automobile and Auto Components,Stage 3,8.53,42.67,311974245.52,0.24,True,True,"Stage 3, volume_dryup, weekly_volume_dryup, distribution_risk",weekly_watchlist,6.32,7.32,176.31,-18.22,[27.56],[6],0.0,6.0,weak
GODREJIND.NS,Godrej Industries Limited,Diversified,Stage 3,21.36,13.92,816789820.98,1.98,False,False,"Stage 3, distribution_risk",weekly_watchlist,4.73,7.23,1262.86,-11.99,[29.99],[6],0.0,6.0,weak
INDIGOPNTS.NS,Indigo Paints Limited,Consumer Durables,Stage 3,9.29,-16.51,123132808.92,1.02,False,True,"Stage 3, weekly_volume_dryup, distribution_risk",weekly_watchlist,7.2,7.2,897.57,10.48,[43.36],[11],0.0,11.0,weak
SBICARD.NS,SBI Cards and Payment Services Limited,Financial Services,Stage 4,-11.96,-19.54,1067531767.36,0.87,False,False,"Stage 4, downtrend",weekly_watchlist,6.2,7.2,799.1,-22.39,"[20.0, 22.84]","[4, 6]",0.1,12.0,weak
CEATLTD.NS,Ceat Ltd.,Automobile and Auto Components,Stage 4,-10.16,-9.44,1013435840.42,0.71,True,False,"Stage 4, volume_dryup, downtrend",weekly_watchlist,6.2,7.2,4135.52,-23.1,"[21.12, 24.11]","[13, 3]",0.1,19.0,weak
BAJAJHFL.NS,Bajaj Housing Finance Ltd.,Financial Services,Stage 4,1.11,-13.68,388988900.08,0.48,True,True,"Stage 4, volume_dryup, weekly_volume_dryup, downtrend",weekly_watchlist,6.2,7.2,98.46,-15.99,"[21.28, 23.34]","[12, 8]",0.1,28.0,weak
POONAWALLA.NS,Poonawalla Fincorp Limited,Financial Services,Stage 4,-8.84,-6.16,958395475.88,0.64,True,False,"Stage 4, volume_dryup, downtrend",weekly_watchlist,6.2,7.2,503.88,-21.35,"[24.85, 28.19]","[4, 7]",0.1,12.0,weak
RKFORGE.NS,Ramkrishna Forgings Limited,Capital Goods,Stage 3,7.79,12.84,584210642.91,0.68,True,False,"Stage 3, volume_dryup, distribution_risk",weekly_watchlist,2.06,7.06,632.09,-10.42,[21.19],[5],0.0,5.0,weak
SPLPETRO.NS,Supreme Petrochem Limited,Chemicals,Stage 3,17.17,16.21,73144023.95,0.25,True,True,"Stage 3, volume_dryup, weekly_volume_dryup, distribution_risk",weekly_watchlist,4.54,7.04,848.48,-18.78,[32.78],[6],0.0,6.0,weak
EIHOTEL.NS,EIH Limited,Consumer Services,Stage 3,3.34,-7.97,40365211.76,0.13,True,True,"Stage 3, volume_dryup, weekly_volume_dryup, distribution_risk",weekly_watchlist,6.8,6.8,341.75,-6.51,[27.61],[4],0.0,4.0,weak
BALMLAWRIE.NS,Balmer Lawrie & Company Limited,Diversified,Stage 3,12.37,4.85,62085462.31,0.94,False,False,"Stage 3, distribution_risk",weekly_watchlist,4.12,6.62,199.85,-8.31,[17.8],[7],0.0,7.0,weak
ABREL.NS,Aditya Birla Real Estate Ltd.,Forest Materials,Stage 4,-1.65,-19.55,423843107.97,1.09,False,False,"Stage 4, downtrend",weekly_watchlist,4.0,6.5,1477.58,-15.08,[41.27],[15],0.0,15.0,weak
BHARATRAS.NS,Bharat Rasayan Limited,Chemicals,Stage 4,-9.99,-36.88,15903472.82,0.5,True,True,"Stage 4, volume_dryup, weekly_volume_dryup, downtrend",weekly_watchlist,4.0,6.5,1621.53,-14.05,[57.83],[16],0.0,16.0,weak
SWANCORP.NS,Swan Corp Ltd.,Chemicals,Stage 4,-15.1,-22.78,387240302.61,0.49,True,True,"Stage 4, volume_dryup, weekly_volume_dryup, downtrend",weekly_watchlist,4.0,6.5,439.67,-27.65,[40.1],[13],0.0,13.0,weak
DCBBANK.NS,DCB Bank Limited,Financial Services,Stage 3,0.63,5.93,327026298.22,0.93,False,False,"Stage 3, distribution_risk",weekly_watchlist,5.46,6.46,206.26,-11.74,[22.46],[9],0.0,9.0,weak
SAFARI.NS,Safari Industries (India) Limited,Consumer Durables,Stage 4,-3.59,-22.38,173769701.67,1.35,False,False,"Stage 4, downtrend",weekly_watchlist,6.4,6.4,1656.79,-6.78,[36.96],[7],0.0,7.0,weak
DLF.NS,DLF Limited,Realty,Stage 4,-0.1,-12.94,1850312707.24,0.82,True,True,"Stage 4, volume_dryup, weekly_volume_dryup, downtrend",weekly_watchlist,6.4,6.4,620.0,-5.17,[27.67],[7],0.0,7.0,weak
APTUS.NS,Aptus Value Housing Finance India Limited,Financial Services,Stage 3,15.25,1.42,603350777.58,0.52,True,False,"Stage 3, volume_dryup, distribution_risk",weekly_watchlist,5.27,6.27,291.69,-9.11,[34.02],[8],0.0,8.0,weak
DALBHARAT.NS,Dalmia Bharat Limited,Construction Materials,Stage 4,-10.29,-4.54,841788411.38,1.77,False,False,"Stage 4, downtrend",weekly_watchlist,6.2,6.2,2263.95,-22.8,"[22.42, 24.01]","[12, 9]",0.1,27.0,weak
NETWORK18.NS,Network18 Media & Investments Limited,"Media, Entertainment & Publication",Stage 4,-6.01,-21.61,94790814.04,0.71,True,True,"Stage 4, volume_dryup, weekly_volume_dryup, downtrend",weekly_watchlist,6.2,6.2,37.42,-14.29,"[29.24, 33.14]","[13, 7]",0.1,28.0,weak
PNC.NS,Pritish Nandy Communications Limited,"Media, Entertainment & Publication",Stage 4,-19.28,-28.46,108943.06,0.74,True,True,"Stage 4, volume_dryup, weekly_volume_dryup, downtrend",weekly_watchlist,6.2,6.2,30.54,-39.73,"[43.92, 46.67]","[14, 15]",0.1,30.0,weak
SIGNATURE.NS,Signatureglobal (India) Ltd.,Realty,Stage 4,-17.29,-17.41,210215880.39,0.69,True,True,"Stage 4, volume_dryup, weekly_volume_dryup, downtrend",weekly_watchlist,6.2,6.2,1112.94,-26.16,"[32.82, 36.53]","[5, 6]",0.1,14.0,weak
FSL.NS,Firstsource Solutions Limited,Services,Stage 3,10.67,-19.02,2186586596.27,2.15,False,False,"Stage 3, distribution_risk",weekly_watchlist,6.0,6.0,281.34,-9.8,[42.34],[10],0.0,10.0,weak
MASTEK.NS,Mastek Limited,Information Technology,Stage 3,2.5,-19.2,88604741.55,0.7,True,True,"Stage 3, volume_dryup, weekly_volume_dryup, distribution_risk",weekly_watchlist,6.0,6.0,1799.54,-8.75,[40.28],[10],0.0,10.0,weak
EPL.NS,EPL Limited,Capital Goods,Stage 3,5.07,16.17,197125857.54,0.91,False,True,"Stage 3, weekly_volume_dryup, distribution_risk",weekly_watchlist,0.92,5.92,245.88,-12.7,[22.63],[4],0.0,4.0,weak
ELECTCAST.NS,Electrosteel Castings Limited,Capital Goods,Stage 3,12.92,8.12,322928081.26,0.7,True,False,"Stage 3, volume_dryup, distribution_risk",weekly_watchlist,0.9,5.9,96.07,-18.64,[24.49],[4],0.0,4.0,weak
RELIANCE.NS,Reliance Industries Limited,"Oil, Gas & Consumable Fuels",Stage 3,2.74,-2.47,26785138339.12,0.83,True,False,"Stage 3, volume_dryup, distribution_risk",weekly_watchlist,4.83,5.83,1475.98,-8.56,[13.39],[9],0.0,9.0,weak
INDGN.NS,Indegene Ltd.,Healthcare,Stage 3,10.36,9.34,148308417.41,0.53,True,True,"Stage 3, volume_dryup, weekly_volume_dryup, distribution_risk",weekly_watchlist,0.77,5.77,554.97,-8.24,[19.1],[4],0.0,4.0,weak
TTKPRESTIG.NS,TTK Prestige Limited,Consumer Durables,Stage 3,4.78,-9.2,454712144.79,2.34,False,False,"Stage 3, distribution_risk",weekly_watchlist,5.6,5.6,536.94,0.9,[31.05],[3],0.0,3.0,weak
BOSCHLTD.NS,Bosch Limited,Automobile and Auto Components,Stage 3,7.12,2.72,1153873667.25,0.81,True,True,"Stage 3, volume_dryup, weekly_volume_dryup, distribution_risk",weekly_watchlist,4.58,5.58,38855.0,-9.38,[25.92],[8],0.0,8.0,weak
LUPIN.NS,Lupin Limited,Healthcare,Stage 3,9.54,20.29,3427462428.96,1.42,False,False,"Stage 3, distribution_risk",weekly_watchlist,0.58,5.58,2498.36,-8.56,[8.73],[3],0.0,3.0,weak
WSTCSTPAPR.NS,West Coast Paper Mills Limited,Forest Materials,Stage 3,20.03,21.15,70312603.01,0.86,False,False,"Stage 3, distribution_risk",weekly_watchlist,2.92,5.42,539.59,-11.1,[19.35],[4],0.0,4.0,weak
DBL.NS,Dilip Buildcon Limited,Construction,Stage 3,8.42,1.6,67198610.19,0.63,True,True,"Stage 3, volume_dryup, weekly_volume_dryup, distribution_risk",weekly_watchlist,5.4,5.4,464.11,-6.74,[19.13],[2],0.0,2.0,weak
AXISBANK.NS,Axis Bank Limited,Financial Services,Stage 3,0.24,7.75,8989498270.23,0.8,True,False,"Stage 3, volume_dryup, distribution_risk",weekly_watchlist,4.4,5.4,1393.43,-10.06,[18.9],[8],0.0,8.0,weak
SHARDACROP.NS,Sharda Cropchem Limited,Chemicals,Stage 3,-18.48,23.45,803260063.51,2.56,False,False,"Stage 3, distribution_risk",weekly_watchlist,2.9,5.4,1183.92,-23.44,[35.47],[7],0.0,7.0,weak
UNOMINDA.NS,UNO Minda Limited,Automobile and Auto Components,Stage 4,-3.46,-7.73,1045716665.57,1.15,False,False,"Stage 4, downtrend",weekly_watchlist,4.2,5.2,1191.78,-9.45,"[18.25, 20.8]","[2, 5]",0.1,10.0,weak
RECLTD.NS,REC Limited,Financial Services,Stage 3,1.85,3.69,2164515545.39,0.58,True,True,"Stage 3, volume_dryup, weekly_volume_dryup, distribution_risk",weekly_watchlist,4.15,5.15,388.13,-14.02,[19.6],[8],0.0,8.0,weak
TITAN.NS,Titan Company Limited,Consumer Durables,Stage 1,4.28,13.96,6208727063.67,1.61,False,False,"Stage 1, stage1_not_actionable, stage1_needs_more_base",weekly_watchlist,5.02,5.02,4605.0,-11.33,[12.64],[6],0.0,6.0,weak
JIOFIN.NS,Jio Financial Services Limited,Financial Services,Stage 4,-2.3,-16.42,4922406195.27,0.67,True,True,"Stage 4, volume_dryup, weekly_volume_dryup, downtrend",weekly_watchlist,4.0,5.0,274.83,-14.21,[27.03],[12],0.0,12.0,weak
IOB.NS,Indian Overseas Bank,Financial Services,Stage 4,2.02,-6.64,147780810.58,0.44,True,True,"Stage 4, volume_dryup, weekly_volume_dryup, downtrend",weekly_watchlist,4.0,5.0,36.45,-7.36,[16.49],[5],0.0,5.0,weak
HDFCLIFE.NS,HDFC Life Insurance Company Limited,Financial Services,Stage 4,-5.06,-10.65,3664531355.67,0.61,True,False,"Stage 4, volume_dryup, downtrend",weekly_watchlist,4.0,5.0,651.89,-5.76,[25.56],[5],0.0,5.0,weak
CDSL.NS,Central Depository Services (India) Ltd.,Financial Services,Stage 4,-2.53,-16.57,2655533923.78,1.0,False,False,"Stage 4, downtrend",weekly_watchlist,4.0,5.0,1412.0,-15.03,[33.3],[19],0.0,19.0,weak
BAJAJFINSV.NS,Bajaj Finserv Limited,Financial Services,Stage 4,-6.4,-5.83,1975145680.85,0.77,True,True,"Stage 4, volume_dryup, weekly_volume_dryup, downtrend",weekly_watchlist,4.0,5.0,1860.0,-5.8,[23.03],[5],0.0,5.0,weak
MARUTI.NS,Maruti Suzuki India Limited,Automobile and Auto Components,Stage 4,-6.39,-9.63,5705133386.5,0.6,True,True,"Stage 4, volume_dryup, weekly_volume_dryup, downtrend",weekly_watchlist,4.0,5.0,15486.05,-15.99,[29.76],[12],0.0,12.0,weak
CANBK.NS,Canara Bank,Financial Services,Stage 4,-6.28,-5.41,2982948103.57,1.23,False,False,"Stage 4, downtrend",weekly_watchlist,4.0,5.0,162.89,-21.44,[21.02],[17],0.0,17.0,weak
IGL.NS,Indraprastha Gas Limited,"Oil, Gas & Consumable Fuels",Stage 4,-0.59,-15.65,618528252.23,1.11,False,False,"Stage 4, downtrend",weekly_watchlist,4.0,5.0,173.59,-10.82,[27.48],[13],0.0,13.0,weak
IOC.NS,Indian Oil Corporation Ltd.,"Oil, Gas & Consumable Fuels",Stage 4,-11.16,-5.82,2054265212.54,0.96,False,True,"Stage 4, weekly_volume_dryup, downtrend",weekly_watchlist,4.0,5.0,186.93,-24.82,[21.88],[12],0.0,12.0,weak
IRFC.NS,Indian Railway Finance Corporation Limited,Financial Services,Stage 4,-4.3,-9.18,1127758496.21,0.69,True,True,"Stage 4, volume_dryup, weekly_volume_dryup, downtrend",weekly_watchlist,4.0,5.0,108.57,-9.58,[35.9],[13],0.0,13.0,weak
JSWHL.NS,JSW Holdings Limited,Financial Services,Stage 4,-20.17,-19.15,45128786.7,0.52,True,True,"Stage 4, volume_dryup, weekly_volume_dryup, downtrend",weekly_watchlist,4.0,5.0,18288.95,-30.6,[50.64],[17],0.0,17.0,weak
PGHH.NS,Procter & Gamble Hygiene and Health Care Limited,Fast Moving Consumer Goods,Stage 4,-8.78,-15.49,78744376.83,0.48,True,True,"Stage 4, volume_dryup, weekly_volume_dryup, downtrend",weekly_watchlist,4.0,5.0,12081.1,-20.04,[30.62],[13],0.0,13.0,weak
PNB.NS,Punjab National Bank,Financial Services,Stage 4,-10.45,-8.01,2445492253.41,1.16,False,False,"Stage 4, downtrend",weekly_watchlist,4.0,5.0,135.39,-24.72,[21.92],[17],0.0,17.0,weak
SULA.NS,Sula Vineyards Limited,Fast Moving Consumer Goods,Stage 4,-3.28,-26.47,57416571.24,0.79,True,True,"Stage 4, volume_dryup, weekly_volume_dryup, downtrend",weekly_watchlist,4.0,5.0,240.75,-33.55,[47.07],[21],0.0,21.0,weak
UBL.NS,United Breweries Limited,Fast Moving Consumer Goods,Stage 4,-8.85,-15.94,353333385.66,0.98,False,False,"Stage 4, downtrend",weekly_watchlist,4.0,5.0,1782.21,-25.32,[24.02],[13],0.0,13.0,weak
ASTRAL.NS,Astral Limited,Capital Goods,Stage 3,-2.17,10.79,1026597546.16,0.85,False,True,"Stage 3, weekly_volume_dryup, distribution_risk",weekly_watchlist,0.0,5.0,1664.41,-11.08,[17.65],[3],0.0,3.0,weak
APLAPOLLO.NS,APL Apollo Tubes Limited,Capital Goods,Stage 4,-8.46,14.19,1294720018.21,0.67,True,False,"Stage 4, volume_dryup, downtrend",weekly_watchlist,0.0,5.0,2176.8,-14.53,[20.31],[7],0.0,7.0,weak
GLAXO.NS,GlaxoSmithKline Pharmaceuticals Limited,Healthcare,Stage 4,-2.97,1.98,201743840.85,1.15,False,False,"Stage 4, downtrend",weekly_watchlist,0.0,5.0,2534.33,-8.43,[18.46],[7],0.0,7.0,weak
ESCORTS.NS,Escorts Kubota Limited,Capital Goods,Stage 4,-9.25,-10.64,486616096.33,1.26,False,False,"Stage 4, downtrend",weekly_watchlist,0.0,5.0,3413.96,-14.93,[29.66],[7],0.0,7.0,weak
FINPIPE.NS,Finolex Industries Limited,Capital Goods,Stage 4,-2.57,-1.34,49665856.98,0.44,True,True,"Stage 4, volume_dryup, weekly_volume_dryup, downtrend",weekly_watchlist,0.0,5.0,192.74,-12.23,[25.41],[7],0.0,7.0,weak
GMMPFAUDLR.NS,GMM Pfaudler Limited,Capital Goods,Stage 4,-5.52,-20.88,59092650.08,1.06,False,False,"Stage 4, downtrend",weekly_watchlist,0.0,5.0,943.8,-9.41,[24.54],[8],0.0,8.0,weak
MAZDOCK.NS,Mazagon Dock Shipbuilders Limited,Capital Goods,Stage 3,11.57,-3.33,4073510375.14,0.54,True,True,"Stage 3, volume_dryup, weekly_volume_dryup, distribution_risk",weekly_watchlist,0.0,5.0,2814.92,-12.79,[19.63],[4],0.0,4.0,weak
SALASAR.NS,Salasar Techno Engineering Limited,Capital Goods,Stage 4,-7.55,-25.1,23534727.57,0.59,True,True,"Stage 4, volume_dryup, weekly_volume_dryup, downtrend",weekly_watchlist,0.0,5.0,7.86,-11.62,[38.44],[7],0.0,7.0,weak
TIMETECHNO.NS,Time Technoplast Limited,Capital Goods,Stage 4,-4.58,-6.38,504056340.4,0.74,True,False,"Stage 4, volume_dryup, downtrend",weekly_watchlist,0.0,5.0,201.55,-13.4,[25.75],[6],0.0,6.0,weak
VEDL.NS,Vedanta Limited,Metals & Mining,Stage 4,-41.93,-25.65,17091029141.03,1.46,False,False,"Stage 4, downtrend",weekly_watchlist,0.0,5.0,796.39,-58.59,[14.69],[2],0.0,2.0,weak
VESUVIUS.NS,Vesuvius India Limited,Capital Goods,Stage 4,-0.22,6.72,57307800.6,0.96,False,False,"Stage 4, downtrend",weekly_watchlist,0.0,5.0,542.45,-12.35,[29.22],[6],0.0,6.0,weak
VSTTILLERS.NS,V.S.T Tillers Tractors Limited,Capital Goods,Stage 4,-17.64,-8.39,59991612.67,1.1,False,True,"Stage 4, weekly_volume_dryup, downtrend",weekly_watchlist,0.0,5.0,5449.52,-15.26,[25.82],[6],0.0,6.0,weak
MUTHOOTFIN.NS,Muthoot Finance Limited,Financial Services,Stage 3,2.3,-2.0,2824289312.14,1.25,False,False,"Stage 3, distribution_risk",weekly_watchlist,3.63,4.63,3647.66,-10.28,[26.69],[8],0.0,8.0,weak
ASAHIINDIA.NS,Asahi India Glass Limited,Automobile and Auto Components,Stage 3,-2.93,-6.15,71941402.25,0.23,True,True,"Stage 3, volume_dryup, weekly_volume_dryup, distribution_risk",weekly_watchlist,3.6,4.6,956.67,-10.87,[24.23],[8],0.0,8.0,weak
M&MFIN.NS,Mahindra & Mahindra Financial Services Limited,Financial Services,Stage 3,-13.55,2.22,1359383228.42,0.66,True,False,"Stage 3, volume_dryup, distribution_risk",weekly_watchlist,3.6,4.6,341.6,-11.61,[31.31],[8],0.0,8.0,weak
HEMIPROP.NS,Hemisphere Properties India Limited,Realty,Stage 3,18.31,13.0,227087797.67,1.71,False,False,"Stage 3, distribution_risk",weekly_watchlist,4.33,4.33,133.73,11.51,[24.1],[6],0.0,6.0,weak
JUSTDIAL.NS,Just Dial Limited,Consumer Services,Stage 4,-9.98,-24.27,75317064.29,0.48,True,True,"Stage 4, volume_dryup, weekly_volume_dryup, downtrend",weekly_watchlist,4.0,4.0,714.65,-27.1,[36.76],[12],0.0,12.0,weak
LEMONTREE.NS,Lemon Tree Hotels Limited,Consumer Services,Stage 4,-2.62,-19.07,288887200.06,0.39,True,True,"Stage 4, volume_dryup, weekly_volume_dryup, downtrend",weekly_watchlist,4.0,4.0,135.64,-17.4,[40.66],[14],0.0,14.0,weak
TARC.NS,TARC Limited,Realty,Stage 4,-6.34,2.9,57614021.68,0.48,True,True,"Stage 4, volume_dryup, weekly_volume_dryup, downtrend",weekly_watchlist,4.0,4.0,166.05,-20.32,[41.44],[12],0.0,12.0,weak
MPHASIS.NS,MphasiS Limited,Information Technology,Stage 4,-1.74,-7.5,1265583879.8,0.89,False,False,"Stage 4, downtrend",weekly_watchlist,4.0,4.0,2980.21,-25.25,[32.2],[17],0.0,17.0,weak
IFBIND.NS,IFB Industries Limited,Consumer Durables,Stage 4,-5.3,-33.22,72554431.43,0.92,False,False,"Stage 4, downtrend",weekly_watchlist,4.0,4.0,1460.55,-28.66,[48.93],[14],0.0,14.0,weak
MAPMYINDIA.NS,C.E. Info Systems Limited,Information Technology,Stage 4,-14.38,-38.55,637146182.61,3.12,False,False,"Stage 4, downtrend",weekly_watchlist,4.0,4.0,1473.47,-39.19,[54.64],[13],0.0,13.0,weak
ACC.NS,ACC Limited,Construction Materials,Stage 4,-9.1,-17.29,342892460.34,1.12,False,False,"Stage 4, downtrend",weekly_watchlist,4.0,4.0,1990.48,-31.63,[34.7],[27],0.0,27.0,weak
AFCONS.NS,Afcons Infrastructure Ltd.,Construction,Stage 4,0.77,-15.27,543081268.03,1.31,False,False,"Stage 4, downtrend",weekly_watchlist,4.0,4.0,366.64,-17.86,[44.56],[24],0.0,24.0,weak
BOROLTD.NS,Borosil Limited,Consumer Durables,Stage 4,-3.28,-22.96,24613912.89,0.58,True,True,"Stage 4, volume_dryup, weekly_volume_dryup, downtrend",weekly_watchlist,4.0,4.0,269.47,-15.0,[41.19],[20],0.0,20.0,weak
BSOFT.NS,BIRLASOFT LIMITED,Information Technology,Stage 4,-8.82,-6.7,380224482.48,1.38,False,False,"Stage 4, downtrend",weekly_watchlist,4.0,4.0,474.83,-32.32,[29.15],[14],0.0,14.0,weak
DBCORP.NS,D.B.Corp Limited,"Media, Entertainment & Publication",Stage 4,-2.92,-10.9,48192239.89,2.36,False,False,"Stage 4, downtrend",weekly_watchlist,4.0,4.0,260.32,-19.81,[30.76],[14],0.0,14.0,weak
ITCHOTELS.NS,ITC Hotels Ltd.,Consumer Services,Stage 4,-6.06,-17.44,517832662.89,0.52,True,True,"Stage 4, volume_dryup, weekly_volume_dryup, downtrend",weekly_watchlist,4.0,4.0,193.84,-20.29,[31.69],[12],0.0,12.0,weak
NAUKRI.NS,Info Edge (India) Limited,Consumer Services,Stage 4,-9.93,-21.11,1541634678.43,1.03,False,True,"Stage 4, weekly_volume_dryup, downtrend",weekly_watchlist,4.0,4.0,1082.79,-14.46,[33.52],[15],0.0,15.0,weak
NIITMTS.NS,NIIT Learning Systems Limited,Consumer Services,Stage 4,-31.4,-25.71,93796902.31,2.74,False,False,"Stage 4, downtrend",weekly_watchlist,4.0,4.0,347.61,-35.33,[41.47],[14],0.0,14.0,weak
RVNL.NS,Rail Vikas Nigam Limited,Construction,Stage 4,-4.41,-6.74,1609780787.12,0.71,True,True,"Stage 4, volume_dryup, weekly_volume_dryup, downtrend",weekly_watchlist,4.0,4.0,324.57,-16.58,[37.91],[13],0.0,13.0,weak
SAMHI.NS,Samhi Hotels Limited,Consumer Services,Stage 4,-3.41,-13.85,102545527.94,0.65,True,True,"Stage 4, volume_dryup, weekly_volume_dryup, downtrend",weekly_watchlist,4.0,4.0,169.1,-13.28,[37.47],[12],0.0,12.0,weak
SYMPHONY.NS,Symphony Limited,Consumer Durables,Stage 4,-9.06,-9.12,136474146.94,0.75,True,False,"Stage 4, volume_dryup, downtrend",weekly_watchlist,4.0,4.0,895.81,-20.14,[27.01],[12],0.0,12.0,weak
TATAELXSI.NS,Tata Elxsi Limited,Information Technology,Stage 4,-6.36,-11.37,1055316311.69,0.71,True,True,"Stage 4, volume_dryup, weekly_volume_dryup, downtrend",weekly_watchlist,4.0,4.0,4761.92,-11.43,[33.34],[12],0.0,12.0,weak
TCS.NS,Tata Consultancy Services Limited,Information Technology,Stage 4,-6.46,-14.54,9654684045.26,1.08,False,False,"Stage 4, downtrend",weekly_watchlist,4.0,4.0,3355.86,-30.65,[28.23],[14],0.0,14.0,weak
ZAGGLE.NS,Zaggle Prepaid Ocean Services Limited,Information Technology,Stage 4,-13.32,-36.88,597405481.59,1.58,False,False,"Stage 4, downtrend",weekly_watchlist,4.0,4.0,369.65,-42.24,[54.11],[19],0.0,19.0,weak
AUBANK.NS,AU Small Finance Bank Limited,Financial Services,Stage 3,3.79,12.89,1859674356.55,0.6,True,True,"Stage 3, volume_dryup, weekly_volume_dryup, distribution_risk",weekly_watchlist,2.87,3.87,1081.44,-11.35,[19.97],[6],0.0,6.0,weak
CENTURYPLY.NS,Century Plyboards (India) Limited,Consumer Durables,Stage 3,8.51,6.14,40121443.87,0.42,True,True,"Stage 3, volume_dryup, weekly_volume_dryup, distribution_risk",weekly_watchlist,3.86,3.86,837.41,-8.47,[28.0],[7],0.0,7.0,weak
QUESS.NS,Quess Corp Limited,Services,Stage 3,6.21,7.83,321484414.43,0.32,True,False,"Stage 3, volume_dryup, distribution_risk",weekly_watchlist,3.8,3.8,235.26,-14.39,[24.61],[7],0.0,7.0,weak
PRUDENT.NS,Prudent Corporate Advisory Services Limited,Financial Services,Stage 3,10.94,16.43,89905618.33,1.16,False,False,"Stage 3, distribution_risk",weekly_watchlist,2.74,3.74,2955.16,-9.05,[25.52],[5],0.0,5.0,weak
MAHLIFE.NS,Mahindra Lifespace Developers Limited,Realty,Stage 3,-1.04,-6.56,80246471.88,0.77,True,False,"Stage 3, volume_dryup, distribution_risk",weekly_watchlist,3.6,3.6,363.59,-8.25,[28.12],[8],0.0,8.0,weak
ANANTRAJ.NS,Anant Raj Limited,Realty,Stage 3,1.65,-9.16,1688604715.85,0.91,False,False,"Stage 3, distribution_risk",weekly_watchlist,3.6,3.6,565.84,-9.82,[31.35],[8],0.0,8.0,weak
ARVINDFASN.NS,Arvind Fashions Limited,Consumer Services,Stage 3,-0.26,-2.95,298386371.19,0.59,True,False,"Stage 3, volume_dryup, distribution_risk",weekly_watchlist,3.6,3.6,495.87,-10.63,[28.78],[8],0.0,8.0,weak
EMUDHRA.NS,eMudhra Limited,Information Technology,Stage 3,9.51,-13.85,60786072.4,0.45,True,True,"Stage 3, volume_dryup, weekly_volume_dryup, distribution_risk",weekly_watchlist,3.6,3.6,547.45,-13.93,[38.29],[8],0.0,8.0,weak
RESPONIND.NS,Responsive Industries Limited,Consumer Durables,Stage 3,-5.02,-10.29,69588792.77,2.12,False,False,"Stage 3, distribution_risk",weekly_watchlist,3.6,3.6,189.09,-12.49,[42.02],[8],0.0,8.0,weak
HINDUNILVR.NS,Hindustan Unilever Limited,Fast Moving Consumer Goods,Stage 3,2.13,-0.65,3485333151.54,0.63,True,True,"Stage 3, volume_dryup, weekly_volume_dryup, distribution_risk",weekly_watchlist,2.55,3.55,2412.21,-9.67,[18.43],[7],0.0,7.0,weak
KANSAINER.NS,Kansai Nerolac Paints Limited,Consumer Durables,Stage 3,15.05,-3.69,202260787.87,1.05,False,False,"Stage 3, distribution_risk",weekly_watchlist,3.54,3.54,208.96,4.31,[33.65],[7],0.0,7.0,weak
CHOLAFIN.NS,Cholamandalam Investment and Finance Company Limited,Financial Services,Stage 3,-5.27,-2.51,3059222109.11,0.56,True,False,"Stage 3, volume_dryup, distribution_risk",weekly_watchlist,2.4,3.4,1737.84,-13.46,[26.86],[7],0.0,7.0,weak
ARE&M.NS,Amara Raja Energy & Mobility Ltd.,Automobile and Auto Components,Stage 3,6.13,-6.24,1542873356.8,0.24,True,True,"Stage 3, volume_dryup, weekly_volume_dryup, distribution_risk",weekly_watchlist,2.4,3.4,958.67,-14.31,[26.74],[7],0.0,7.0,weak
ICICIBANK.NS,ICICI Bank Limited,Financial Services,Stage 3,-3.81,-0.8,21706892565.54,0.96,False,False,"Stage 3, distribution_risk",weekly_watchlist,2.4,3.4,1395.54,-10.94,[17.21],[7],0.0,7.0,weak
TVSSRICHAK.NS,TVS Srichakra Limited,Automobile and Auto Components,Stage 3,-7.61,-11.7,12189292.11,0.66,True,True,"Stage 3, volume_dryup, weekly_volume_dryup, distribution_risk",weekly_watchlist,2.4,3.4,4117.19,-12.58,[33.23],[7],0.0,7.0,weak
ITDC.NS,India Tourism Development Corporation Limited,Consumer Services,Stage 3,9.29,-0.27,50328593.21,0.05,True,True,"Stage 3, volume_dryup, weekly_volume_dryup, distribution_risk",weekly_watchlist,3.3,3.3,672.57,-18.44,[38.33],[7],0.0,7.0,weak
AMBUJACEM.NS,Ambuja Cements Limited,Construction Materials,Stage 4,-8.49,-13.05,1668215823.56,0.86,False,False,"Stage 4, downtrend",weekly_watchlist,3.2,3.2,547.96,-20.35,[31.25],[11],0.0,11.0,weak
BRIGADE.NS,Brigade Enterprises Limited,Realty,Stage 4,-2.09,-19.1,205344689.09,0.33,True,True,"Stage 4, volume_dryup, weekly_volume_dryup, downtrend",weekly_watchlist,3.2,3.2,816.0,-18.08,[33.59],[11],0.0,11.0,weak
JKLAKSHMI.NS,JK Lakshmi Cement Limited,Construction Materials,Stage 4,-7.09,-16.03,107670606.75,1.66,False,False,"Stage 4, downtrend",weekly_watchlist,3.2,3.2,739.74,-16.21,[32.18],[11],0.0,11.0,weak
CSBBANK.NS,CSB Bank Limited,Financial Services,Stage 4,0.32,-5.13,292703713.13,0.77,True,False,"Stage 4, volume_dryup, downtrend",weekly_watchlist,2.0,3.0,417.2,-12.74,[43.45],[10],0.0,10.0,weak
APOLLOTYRE.NS,Apollo Tyres Limited,Automobile and Auto Components,Stage 4,-14.37,-19.66,703073686.8,1.79,False,False,"Stage 4, downtrend",weekly_watchlist,2.0,3.0,450.04,-17.36,[25.62],[10],0.0,10.0,weak
FINEORG.NS,Fine Organic Industries Limited,Chemicals,Stage 3,9.22,6.8,51001526.71,0.89,False,True,"Stage 3, weekly_volume_dryup, distribution_risk",weekly_watchlist,0.4,2.9,5153.9,-10.61,[22.16],[4],0.0,4.0,weak
NAVNETEDUL.NS,Navneet Education Limited,"Media, Entertainment & Publication",Stage 3,2.07,1.9,23187342.82,0.82,True,False,"Stage 3, volume_dryup, distribution_risk",weekly_watchlist,2.8,2.8,162.88,-9.83,[26.76],[7],0.0,7.0,weak
TVSSCS.NS,TVS Supply Chain Solutions Limited,Services,Stage 3,0.23,3.27,29142858.42,0.66,True,True,"Stage 3, volume_dryup, weekly_volume_dryup, distribution_risk",weekly_watchlist,2.75,2.75,127.72,-9.34,[34.07],[7],0.0,7.0,weak
BAYERCROP.NS,Bayer Cropscience Limited,Chemicals,Stage 3,-1.17,3.65,69157723.66,0.71,True,True,"Stage 3, volume_dryup, weekly_volume_dryup, distribution_risk",weekly_watchlist,0.25,2.75,5071.86,-14.76,[12.96],[5],0.0,5.0,weak
IKS.NS,Inventurus Knowledge Solutions Ltd.,Information Technology,Stage 3,6.61,8.65,747727810.03,0.65,True,False,"Stage 3, volume_dryup, distribution_risk",weekly_watchlist,2.73,2.73,1559.72,3.81,[28.8],[6],0.0,6.0,weak
FUSION.NS,Fusion Micro Finance Limited,Financial Services,Stage 3,3.56,13.06,136187427.99,1.12,False,False,"Stage 3, distribution_risk",weekly_watchlist,1.66,2.66,225.16,-20.18,[33.71],[5],0.0,5.0,weak
CHEMPLASTS.NS,Chemplast Sanmar Limited,Chemicals,Stage 4,-17.25,-21.88,55193270.93,0.73,True,True,"Stage 4, volume_dryup, weekly_volume_dryup, downtrend",weekly_watchlist,0.0,2.5,290.69,-21.92,[26.42],[8],0.0,8.0,weak
GARFIBRES.NS,Garware Technical Fibres Limited,Textiles,Stage 4,-2.68,-3.41,64725732.87,1.11,False,False,"Stage 4, downtrend",weekly_watchlist,0.0,2.5,692.71,-10.19,[25.0],[7],0.0,7.0,weak
ALOKINDS.NS,Alok Industries Limited,Textiles,Stage 4,-9.63,-18.73,74278284.26,1.01,False,False,"Stage 4, downtrend",weekly_watchlist,0.0,2.5,14.83,-16.5,[34.65],[8],0.0,8.0,weak
COROMANDEL.NS,Coromandel International Limited,Chemicals,Stage 4,-12.66,-6.64,775431988.28,1.07,False,False,"Stage 4, downtrend",weekly_watchlist,0.0,2.5,2201.75,-14.49,[24.21],[5],0.0,5.0,weak
GHCL.NS,GHCL Limited,Chemicals,Stage 4,-2.3,-14.84,83183180.65,1.09,False,False,"Stage 4, downtrend",weekly_watchlist,0.0,2.5,549.96,-17.42,[26.23],[7],0.0,7.0,weak
KKCL.NS,Kewal Kiran Clothing Limited,Textiles,Stage 4,-8.42,-5.58,12733241.71,1.01,False,False,"Stage 4, downtrend",weekly_watchlist,0.0,2.5,504.83,-12.89,[26.01],[6],0.0,6.0,weak
RALLIS.NS,Rallis India Limited,Chemicals,Stage 4,-7.14,10.39,154104195.96,0.95,False,False,"Stage 4, downtrend",weekly_watchlist,0.0,2.5,283.5,-11.67,[27.78],[6],0.0,6.0,weak
TRIDENT.NS,Trident Limited,Textiles,Stage 4,1.19,-4.58,149005608.19,0.56,True,True,"Stage 4, volume_dryup, weekly_volume_dryup, downtrend",weekly_watchlist,0.0,2.5,27.24,-9.65,[28.96],[6],0.0,6.0,weak
FORCEMOT.NS,FORCE MOTORS LTD,Automobile and Auto Components,Stage 3,-17.08,19.59,2572258477.45,0.83,True,False,"Stage 3, volume_dryup, distribution_risk",weekly_watchlist,1.45,2.45,23261.64,-16.86,[27.11],[6],0.0,6.0,weak
NCC.NS,NCC Limited,Construction,Stage 3,4.69,-10.31,449010969.15,0.8,True,False,"Stage 3, volume_dryup, distribution_risk",weekly_watchlist,2.4,2.4,172.07,-14.41,[19.74],[7],0.0,7.0,weak
VRLLOG.NS,VRL Logistics Limited,Services,Stage 3,-5.76,-0.82,36425587.51,1.11,False,True,"Stage 3, weekly_volume_dryup, distribution_risk",weekly_watchlist,2.4,2.4,280.49,-12.3,[25.62],[7],0.0,7.0,weak
AHLUCONT.NS,Ahluwalia Contracts (India) Limited,Construction,Stage 3,4.73,-17.06,36388213.07,0.36,True,True,"Stage 3, volume_dryup, weekly_volume_dryup, distribution_risk",weekly_watchlist,2.4,2.4,906.58,-13.71,[30.63],[7],0.0,7.0,weak
PURVA.NS,Puravankara Limited,Realty,Stage 3,1.74,-3.37,178407769.79,1.15,False,True,"Stage 3, weekly_volume_dryup, distribution_risk",weekly_watchlist,2.4,2.4,245.12,-8.86,[43.22],[7],0.0,7.0,weak
SAPPHIRE.NS,Sapphire Foods India Limited,Consumer Services,Stage 3,-8.29,-21.71,732916144.59,0.55,True,False,"Stage 3, volume_dryup, distribution_risk",weekly_watchlist,2.4,2.4,213.07,-14.39,[38.88],[7],0.0,7.0,weak
SOBHA.NS,Sobha Limited,Realty,Stage 3,1.64,-5.41,332758215.45,0.52,True,False,"Stage 3, volume_dryup, distribution_risk",weekly_watchlist,2.4,2.4,1579.76,-12.01,[27.7],[7],0.0,7.0,weak
SHRIRAMFIN.NS,Shriram Finance Ltd.,Financial Services,Stage 3,-7.01,20.23,6061763655.74,0.8,True,True,"Stage 3, volume_dryup, weekly_volume_dryup, distribution_risk",weekly_watchlist,1.32,2.32,1064.56,-14.07,[22.07],[5],0.0,5.0,weak
EDELWEISS.NS,Edelweiss Financial Services Limited,Financial Services,Stage 3,-2.04,2.81,674021157.84,0.85,False,False,"Stage 3, distribution_risk",weekly_watchlist,1.28,2.28,129.52,-15.51,[24.24],[6],0.0,6.0,weak
CUB.NS,City Union Bank Limited,Financial Services,Stage 3,-0.76,-0.84,771208388.6,0.73,True,False,"Stage 3, volume_dryup, distribution_risk",weekly_watchlist,1.2,2.2,294.02,-14.24,[30.13],[6],0.0,6.0,weak
JAMNAAUTO.NS,Jamna Auto Industries Limited,Automobile and Auto Components,Stage 3,-14.91,13.81,213722049.33,0.82,True,True,"Stage 3, volume_dryup, weekly_volume_dryup, distribution_risk",weekly_watchlist,1.2,2.2,134.69,-15.3,[27.12],[6],0.0,6.0,weak
KRBL.NS,KRBL Limited,Fast Moving Consumer Goods,Stage 3,2.6,-11.83,185693764.7,1.04,False,True,"Stage 3, weekly_volume_dryup, distribution_risk",weekly_watchlist,1.2,2.2,390.18,-13.42,[30.68],[6],0.0,6.0,weak
GATEWAY.NS,Gateway Distriparks Limited,Services,Stage 3,2.34,3.75,59034125.95,0.73,True,False,"Stage 3, volume_dryup, distribution_risk",weekly_watchlist,1.81,1.81,62.89,-11.7,[24.55],[6],0.0,6.0,weak
KARURVYSYA.NS,Karur Vysya Bank Limited,Financial Services,Stage 3,-3.44,22.4,947879958.18,0.99,False,False,"Stage 3, distribution_risk",weekly_watchlist,0.7,1.7,322.56,-10.68,[25.59],[4],0.0,4.0,weak
UNIONBANK.NS,Union Bank of India,Financial Services,Stage 3,-7.33,13.28,2338675043.19,0.6,True,True,"Stage 3, volume_dryup, weekly_volume_dryup, distribution_risk",weekly_watchlist,0.59,1.59,197.47,-18.92,[20.64],[5],0.0,5.0,weak
BLUESTARCO.NS,Blue Star Limited,Consumer Durables,Stage 3,-9.08,2.23,1045900642.2,0.82,True,False,"Stage 3, volume_dryup, distribution_risk",weekly_watchlist,1.2,1.2,1932.28,-13.96,[28.56],[6],0.0,6.0,weak
TBOTEK.NS,TBO Tek Ltd.,Consumer Services,Stage 3,-8.07,-17.27,87305511.21,0.73,True,True,"Stage 3, volume_dryup, weekly_volume_dryup, distribution_risk",weekly_watchlist,1.2,1.2,1315.0,-8.72,[37.3],[6],0.0,6.0,weak
TEAMLEASE.NS,Teamlease Services Limited,Services,Stage 3,9.75,-9.89,49250865.83,1.11,False,False,"Stage 3, distribution_risk",weekly_watchlist,1.2,1.2,1292.26,6.22,[33.21],[6],0.0,6.0,weak
TRIVENI.NS,Triveni Engineering & Industries Limited,Fast Moving Consumer Goods,Stage 3,4.25,14.21,133012459.59,0.43,True,True,"Stage 3, volume_dryup, weekly_volume_dryup, distribution_risk",weekly_watchlist,0.0,1.0,435.76,-12.29,[21.79],[3],0.0,3.0,weak
M&M.NS,Mahindra & Mahindra Limited,Automobile and Auto Components,Stage 3,-3.29,-7.42,9166626379.88,0.7,True,False,"Stage 3, volume_dryup, distribution_risk",weekly_watchlist,0.0,1.0,3404.95,-8.99,[23.53],[5],0.0,5.0,weak
CHOICEIN.NS,Choice International Limited,Financial Services,Stage 3,-3.79,-5.86,465093188.41,0.8,True,True,"Stage 3, volume_dryup, weekly_volume_dryup, distribution_risk",weekly_watchlist,0.0,1.0,737.29,-8.51,[30.17],[5],0.0,5.0,weak
TVSMOTOR.NS,TVS Motor Company Limited,Automobile and Auto Components,Stage 3,-4.62,6.19,3583847844.8,1.26,False,False,"Stage 3, distribution_risk",weekly_watchlist,0.0,1.0,3857.24,-12.35,[17.32],[2],0.0,2.0,weak
DOMS.NS,DOMS Industries Ltd.,Fast Moving Consumer Goods,Stage 4,2.45,-5.15,136583408.01,0.37,True,True,"Stage 4, volume_dryup, weekly_volume_dryup, downtrend",weekly_watchlist,0.0,1.0,2439.26,-8.19,[26.54],[5],0.0,5.0,weak
JKTYRE.NS,JK Tyre & Industries Limited,Automobile and Auto Components,Stage 4,-28.34,-11.35,364292815.77,0.62,True,True,"Stage 4, volume_dryup, weekly_volume_dryup, downtrend",weekly_watchlist,0.0,1.0,442.27,-17.61,[38.45],[7],0.0,7.0,weak
HEROMOTOCO.NS,Hero MotoCorp Limited,Automobile and Auto Components,Stage 4,-3.0,-3.94,3316514672.45,0.78,True,False,"Stage 4, volume_dryup, downtrend",weekly_watchlist,0.0,1.0,5484.5,-9.39,[16.03],[5],0.0,5.0,weak
BANKINDIA.NS,Bank of India,Financial Services,Stage 4,-10.3,3.75,1624848383.64,1.11,False,False,"Stage 4, downtrend",weekly_watchlist,0.0,1.0,154.61,-9.95,[24.58],[5],0.0,5.0,weak
ICICIPRULI.NS,ICICI Prudential Life Insurance Company Limited,Financial Services,Stage 4,-12.24,-9.91,818186137.96,1.18,False,False,"Stage 4, downtrend",weekly_watchlist,0.0,1.0,585.77,-12.92,[27.47],[5],0.0,5.0,weak
DODLA.NS,Dodla Dairy Limited,Fast Moving Consumer Goods,Stage 4,-5.34,-5.09,41675653.8,0.61,True,True,"Stage 4, volume_dryup, weekly_volume_dryup, downtrend",weekly_watchlist,0.0,1.0,1155.92,-10.13,[23.47],[5],0.0,5.0,weak
BAJFINANCE.NS,Bajaj Finance Limited,Financial Services,Stage 3,-2.6,-1.75,6989347170.68,0.7,True,True,"Stage 3, volume_dryup, weekly_volume_dryup, distribution_risk",weekly_watchlist,0.0,1.0,993.99,-8.69,[24.67],[4],0.0,4.0,weak
BANKBARODA.NS,Bank of Baroda,Financial Services,Stage 4,-5.34,-0.08,2797668181.47,1.19,False,False,"Stage 4, downtrend",weekly_watchlist,0.0,1.0,286.75,-8.25,[25.96],[5],0.0,5.0,weak
BECTORFOOD.NS,Mrs. Bectors Food Specialities Limited,Fast Moving Consumer Goods,Stage 4,-11.76,-25.15,120069108.97,0.95,False,True,"Stage 4, weekly_volume_dryup, downtrend",weekly_watchlist,0.0,1.0,213.85,-16.49,[32.13],[6],0.0,6.0,weak
BRITANNIA.NS,Britannia Industries Limited,Fast Moving Consumer Goods,Stage 3,-5.32,0.02,3045624263.95,1.48,False,False,"Stage 3, distribution_risk",weekly_watchlist,0.0,1.0,5924.0,-9.98,[13.8],[5],0.0,5.0,weak
CENTRALBK.NS,Central Bank of India,Financial Services,Stage 3,-1.24,-2.24,163159153.44,0.67,True,True,"Stage 3, volume_dryup, weekly_volume_dryup, distribution_risk",weekly_watchlist,0.0,1.0,36.93,-8.15,[23.51],[5],0.0,5.0,weak
DABUR.NS,Dabur India Limited,Fast Moving Consumer Goods,Stage 3,-5.64,-5.5,983471392.28,1.27,False,False,"Stage 3, distribution_risk",weekly_watchlist,0.0,1.0,491.36,-9.06,[23.24],[5],0.0,5.0,weak
EMAMILTD.NS,Emami Limited,Fast Moving Consumer Goods,Stage 4,-7.38,-10.28,176165131.54,0.76,True,True,"Stage 4, volume_dryup, weekly_volume_dryup, downtrend",weekly_watchlist,0.0,1.0,477.83,-13.01,[26.11],[8],0.0,8.0,weak
GODREJCP.NS,Godrej Consumer Products Ltd.,Fast Moving Consumer Goods,Stage 3,-7.95,-1.39,2022244877.02,1.14,False,False,"Stage 3, distribution_risk",weekly_watchlist,0.0,1.0,1144.32,-11.1,[22.04],[5],0.0,5.0,weak
GSPL.NS,Gujarat State Petronet Limited,"Oil, Gas & Consumable Fuels",Stage 4,-2.62,-3.86,744637075.63,0.84,True,True,"Stage 4, volume_dryup, weekly_volume_dryup, downtrend",weekly_watchlist,0.0,1.0,311.94,-13.98,[28.39],[7],0.0,7.0,weak
GUJGASLTD.NS,Gujarat Gas Limited,"Oil, Gas & Consumable Fuels",Stage 4,-1.94,-0.03,259800985.55,0.36,True,True,"Stage 4, volume_dryup, weekly_volume_dryup, downtrend",weekly_watchlist,0.0,1.0,410.72,-8.94,[30.21],[3],0.0,3.0,weak
GULFOILLUB.NS,Gulf Oil Lubricants India Limited,"Oil, Gas & Consumable Fuels",Stage 4,-11.12,-13.14,47474092.19,0.69,True,True,"Stage 4, volume_dryup, weekly_volume_dryup, downtrend",weekly_watchlist,0.0,1.0,1021.33,-12.22,[26.3],[6],0.0,6.0,weak
IDBI.NS,IDBI Bank Limited,Financial Services,Stage 3,-28.01,-20.19,728726089.77,0.38,True,True,"Stage 3, volume_dryup, weekly_volume_dryup, distribution_risk",weekly_watchlist,0.0,1.0,80.04,-8.92,[48.1],[5],0.0,5.0,weak
INDIANB.NS,Indian Bank,Financial Services,Stage 3,-3.1,1.04,2261383674.42,0.94,False,False,"Stage 3, distribution_risk",weekly_watchlist,0.0,1.0,1002.65,-18.32,[16.7],[4],0.0,4.0,weak
JYOTHYLAB.NS,Jyothy Labs Limited,Fast Moving Consumer Goods,Stage 4,-7.36,-24.57,227904685.68,1.22,False,False,"Stage 4, downtrend",weekly_watchlist,0.0,1.0,278.29,-25.78,[24.99],[5],0.0,5.0,weak
KFINTECH.NS,Kfin Technologies Limited,Financial Services,Stage 4,-10.63,-14.94,1293473779.36,1.07,False,False,"Stage 4, downtrend",weekly_watchlist,0.0,1.0,1007.76,-17.49,[18.41],[6],0.0,6.0,weak
LTF.NS,L&T Finance Ltd.,Financial Services,Stage 3,-1.44,-0.28,1458758866.31,0.9,False,False,"Stage 3, distribution_risk",weekly_watchlist,0.0,1.0,305.73,-11.74,[24.35],[5],0.0,5.0,weak
MAHSCOOTER.NS,Maharashtra Scooters Limited,Financial Services,Stage 4,-7.1,-14.89,46464765.45,0.8,True,True,"Stage 4, volume_dryup, weekly_volume_dryup, downtrend",weekly_watchlist,0.0,1.0,13500.0,-13.69,[22.9],[7],0.0,7.0,weak
MRPL.NS,Mangalore Refinery and Petrochemicals Limited,"Oil, Gas & Consumable Fuels",Stage 4,-12.61,-5.34,1697176801.4,0.73,True,True,"Stage 4, volume_dryup, weekly_volume_dryup, downtrend",weekly_watchlist,0.0,1.0,212.37,-29.29,[26.48],[8],0.0,8.0,weak
PSB.NS,Punjab & Sind Bank,Financial Services,Stage 4,-5.58,-14.48,40044587.72,0.8,True,False,"Stage 4, volume_dryup, downtrend",weekly_watchlist,0.0,1.0,26.38,-10.18,[28.04],[6],0.0,6.0,weak
SBIN.NS,State Bank of India,Financial Services,Stage 3,-12.32,8.25,17694772937.81,1.32,False,False,"Stage 3, distribution_risk",weekly_watchlist,0.0,1.0,1103.03,-13.79,[20.97],[5],0.0,5.0,weak
SUBROS.NS,Subros Limited,Automobile and Auto Components,Stage 4,-3.07,-12.11,37587570.42,0.79,True,True,"Stage 4, volume_dryup, weekly_volume_dryup, downtrend",weekly_watchlist,0.0,1.0,820.43,-12.89,[27.36],[7],0.0,7.0,weak
UCOBANK.NS,UCO Bank,Financial Services,Stage 4,-4.85,-11.31,134120495.93,0.66,True,True,"Stage 4, volume_dryup, weekly_volume_dryup, downtrend",weekly_watchlist,0.0,1.0,27.54,-9.87,[26.59],[5],0.0,5.0,weak
UTKARSHBNK.NS,Utkarsh Small Finance Bank Limited,Financial Services,Stage 3,4.11,-12.57,97919616.9,0.8,True,False,"Stage 3, volume_dryup, distribution_risk",weekly_watchlist,0.0,1.0,15.85,-16.64,[36.15],[5],0.0,5.0,weak
IMAGICAA.NS,Imagicaaworld Entertainment Limited,Consumer Services,Stage 4,-1.69,-7.13,21792952.09,0.71,True,True,"Stage 4, volume_dryup, weekly_volume_dryup, downtrend",weekly_watchlist,0.8,0.8,51.09,-16.95,[32.4],[9],0.0,9.0,weak
STARCEMENT.NS,Star Cement Limited,Construction Materials,Stage 3,6.93,0.64,40103703.33,0.59,True,True,"Stage 3, volume_dryup, weekly_volume_dryup, distribution_risk",weekly_watchlist,0.76,0.76,243.41,-11.55,[18.9],[5],0.0,5.0,weak
SHOPERSTOP.NS,Shoppers Stop Limited,Consumer Services,Stage 3,-1.46,-17.96,98004991.28,0.38,True,False,"Stage 3, volume_dryup, distribution_risk",weekly_watchlist,0.0,0.0,374.4,-12.05,[35.07],[3],0.0,3.0,weak
RSYSTEMS.NS,R Systems International Limited,Information Technology,Stage 4,-7.19,-23.68,194247517.65,0.16,True,True,"Stage 4, volume_dryup, weekly_volume_dryup, downtrend",weekly_watchlist,0.0,0.0,325.27,-16.82,[32.16],[3],0.0,3.0,weak
PERSISTENT.NS,Persistent Systems Limited,Information Technology,Stage 3,-2.92,-8.44,2969631649.76,0.82,True,True,"Stage 3, volume_dryup, weekly_volume_dryup, distribution_risk",weekly_watchlist,0.0,0.0,5615.21,-10.62,[32.1],[4],0.0,4.0,weak
NEWGEN.NS,Newgen Software Technologies Limited,Information Technology,Stage 4,-7.34,-42.66,797450228.29,0.62,True,False,"Stage 4, volume_dryup, downtrend",weekly_watchlist,0.0,0.0,534.93,-16.41,[37.09],[6],0.0,6.0,weak
PGEL.NS,PG Electroplast Limited,Consumer Durables,Stage 4,-18.01,-11.65,1098836163.72,0.58,True,True,"Stage 4, volume_dryup, weekly_volume_dryup, downtrend",weekly_watchlist,0.0,0.0,578.96,-19.81,[31.21],[6],0.0,6.0,weak
VGUARD.NS,V-Guard Industries Limited,Consumer Durables,Stage 3,1.9,-4.42,125604713.87,1.63,False,False,"Stage 3, distribution_risk",weekly_watchlist,0.0,0.0,342.55,-10.99,[18.64],[4],0.0,4.0,weak
KALYANKJIL.NS,Kalyan Jewellers India Limited,Consumer Durables,Stage 4,-8.23,-19.35,3342171070.03,2.35,False,False,"Stage 4, downtrend",weekly_watchlist,0.0,0.0,453.39,-22.14,[35.05],[3],0.0,3.0,weak
CARTRADE.NS,Cartrade Tech Limited,Consumer Services,Stage 4,-5.42,-35.75,1435379936.72,1.04,False,False,"Stage 4, downtrend",weekly_watchlist,0.0,0.0,2118.7,-16.6,[15.57],[3],0.0,3.0,weak
RAMCOCEM.NS,The Ramco Cements Limited,Construction Materials,Stage 4,-14.24,-0.16,275027733.96,1.03,False,False,"Stage 4, downtrend",weekly_watchlist,0.0,0.0,1026.24,-11.66,[29.18],[6],0.0,6.0,weak
INFY.NS,Infosys Limited,Information Technology,Stage 4,-7.2,-11.83,15951350226.62,1.08,False,False,"Stage 4, downtrend",weekly_watchlist,0.0,0.0,1379.31,-14.36,[29.68],[6],0.0,6.0,weak
TCIEXP.NS,TCI Express Limited,Services,Stage 4,-0.32,-6.87,19654991.01,1.43,False,False,"Stage 4, downtrend",weekly_watchlist,0.0,0.0,594.59,-13.82,[24.49],[6],0.0,6.0,weak
TCI.NS,Transport Corporation of India Limited,Services,Stage 4,-6.33,-10.93,32618442.2,0.65,True,True,"Stage 4, volume_dryup, weekly_volume_dryup, downtrend",weekly_watchlist,0.0,0.0,1082.69,-16.8,[21.95],[6],0.0,6.0,weak
RUSTOMJEE.NS,Keystone Realtors Limited,Realty,Stage 4,-7.82,-17.78,35326608.9,0.78,True,False,"Stage 4, volume_dryup, downtrend",weekly_watchlist,0.0,0.0,444.78,-11.62,[30.32],[7],0.0,7.0,weak
BATAINDIA.NS,Bata India Limited,Consumer Durables,Stage 4,-9.99,-23.42,84756760.36,0.56,True,True,"Stage 4, volume_dryup, weekly_volume_dryup, downtrend",weekly_watchlist,0.0,0.0,780.36,-11.73,[36.88],[7],0.0,7.0,weak
BLUEDART.NS,Blue Dart Express Limited,Services,Stage 4,-7.66,-9.88,79204184.3,1.29,False,False,"Stage 4, downtrend",weekly_watchlist,0.0,0.0,5785.61,-15.78,[21.02],[7],0.0,7.0,weak
CAMPUS.NS,Campus Activewear Limited,Consumer Durables,Stage 4,-4.99,-3.95,32881590.19,0.76,True,True,"Stage 4, volume_dryup, weekly_volume_dryup, downtrend",weekly_watchlist,0.0,0.0,257.92,-8.12,[24.42],[7],0.0,7.0,weak
HAVELLS.NS,Havells India Limited,Consumer Durables,Stage 4,-7.77,-8.64,1188462729.27,0.57,True,True,"Stage 4, volume_dryup, weekly_volume_dryup, downtrend",weekly_watchlist,0.0,0.0,1413.17,-14.4,[20.79],[6],0.0,6.0,weak
HCLTECH.NS,HCL Technologies Limited,Information Technology,Stage 4,-11.8,-16.12,4731100162.45,0.76,True,False,"Stage 4, volume_dryup, downtrend",weekly_watchlist,0.0,0.0,1449.73,-19.42,[27.1],[6],0.0,6.0,weak
IRCTC.NS,Indian Railway Catering And Tourism Corporation Ltd.,Consumer Services,Stage 4,-6.26,-15.44,654242994.35,0.56,True,True,"Stage 4, volume_dryup, weekly_volume_dryup, downtrend",weekly_watchlist,0.0,0.0,582.32,-9.47,[24.35],[6],0.0,6.0,weak
JKIL.NS,J.Kumar Infraprojects Limited,Construction,Stage 4,-5.25,-13.7,46108340.01,0.46,True,True,"Stage 4, volume_dryup, weekly_volume_dryup, downtrend",weekly_watchlist,0.0,0.0,549.86,-12.51,[29.32],[7],0.0,7.0,weak
JUBLFOOD.NS,Jubilant Foodworks Limited,Consumer Services,Stage 4,-10.05,-18.73,1144598531.28,0.98,False,True,"Stage 4, weekly_volume_dryup, downtrend",weekly_watchlist,0.0,0.0,499.62,-12.8,[28.9],[8],0.0,8.0,weak
LODHA.NS,Macrotech Developers Limited,Realty,Stage 4,-11.54,-17.16,2121999862.85,0.64,True,True,"Stage 4, volume_dryup, weekly_volume_dryup, downtrend",weekly_watchlist,0.0,0.0,976.61,-9.51,[41.54],[6],0.0,6.0,weak
MHRIL.NS,Mahindra Holidays & Resorts India Limited,Consumer Services,Stage 4,-16.81,-25.45,51857872.43,0.98,False,False,"Stage 4, downtrend",weekly_watchlist,0.0,0.0,278.05,-21.12,[29.01],[7],0.0,7.0,weak
MSTCLTD.NS,Mstc Limited,Services,Stage 4,-2.18,-6.17,62117380.4,0.58,True,True,"Stage 4, volume_dryup, weekly_volume_dryup, downtrend",weekly_watchlist,0.0,0.0,493.86,-13.69,[27.76],[7],0.0,7.0,weak
PRESTIGE.NS,Prestige Estates Projects Ltd.,Realty,Stage 4,-1.28,-10.84,728914253.2,0.63,True,True,"Stage 4, volume_dryup, weekly_volume_dryup, downtrend",weekly_watchlist,0.0,0.0,1517.35,-8.68,[32.07],[7],0.0,7.0,weak
RAJESHEXPO.NS,Rajesh Exports Limited,Consumer Durables,Stage 4,-27.65,-34.84,14495475.32,0.41,True,True,"Stage 4, volume_dryup, weekly_volume_dryup, downtrend",weekly_watchlist,0.0,0.0,132.95,-19.23,[58.22],[7],0.0,7.0,weak
REDINGTON.NS,Redington Limited,Services,Stage 4,-7.82,-15.6,761706891.31,0.65,True,True,"Stage 4, volume_dryup, weekly_volume_dryup, downtrend",weekly_watchlist,0.0,0.0,242.92,-9.51,[33.11],[5],0.0,5.0,weak
RITES.NS,RITES Limited,Construction,Stage 4,0.61,-9.13,133179370.26,0.8,True,True,"Stage 4, volume_dryup, weekly_volume_dryup, downtrend",weekly_watchlist,0.0,0.0,231.25,-11.42,[24.89],[7],0.0,7.0,weak
SUNTECK.NS,Sunteck Realty Limited,Realty,Stage 4,-21.27,-24.33,103763389.72,0.38,True,True,"Stage 4, volume_dryup, weekly_volume_dryup, downtrend",weekly_watchlist,0.0,0.0,383.07,-25.35,[35.8],[7],0.0,7.0,weak
VENTIVE.NS,Ventive Hospitality Ltd.,Consumer Services,Stage 4,-6.49,-6.47,54197724.24,1.13,False,False,"Stage 4, downtrend",weekly_watchlist,0.0,0.0,725.67,-13.62,[31.66],[8],0.0,8.0,weak
VOLTAS.NS,Voltas Limited,Consumer Durables,Stage 4,-8.85,0.71,1484892814.15,0.95,False,False,"Stage 4, downtrend",weekly_watchlist,0.0,0.0,1540.59,-17.34,[25.0],[5],0.0,5.0,weak
ZEEL.NS,Zee Entertainment Enterprises Limited,"Media, Entertainment & Publication",Stage 4,-4.16,-7.57,1288723327.5,0.92,False,False,"Stage 4, downtrend",weekly_watchlist,0.0,0.0,97.17,-14.15,[31.38],[6],0.0,6.0,weak
