ticker,Company Name,Industry,stage,rs_3m_pct,rs_6m_pct,avg_turnover_inr,notes,daily_setup_bucket,weekly_setup_bucket,combined_bucket,daily_score,weekly_score,combined_score,industry_boost,final_combined_score
ELGIEQUIP.NS,Elgi Equipments Limited,Capital Goods,Stage 2,29.36,38.79,486889888.93,"Stage 2, trend_template_ok, weekly_vcp_ok, volume_dryup, weekly_strong",watchlist,weekly_near_pivot,watchlist,88.55,72.62,81.38,10.0,91.38
CUMMINSIND.NS,Cummins India Limited,Capital Goods,Stage 2,28.34,38.37,2973366597.68,"Stage 2, trend_template_ok, weekly_vcp_ok, volume_dryup, weekly_strong",watchlist,weekly_near_pivot,watchlist,77.41,72.47,75.19,10.0,85.19
ADANIGREEN.NS,Adani Green Energy Limited,Power,Stage 2,73.91,55.0,5189626022.36,"Stage 2, trend_template_ok, weekly_vcp_ok, volume_dryup, weekly_strong",watchlist,weekly_near_pivot,watchlist,75.55,73.8,74.76,10.0,84.76
AIAENG.NS,AIA Engineering Limited,Capital Goods,Stage 2,24.18,28.18,686601820.26,"Stage 2, trend_template_ok, weekly_vcp_ok, weekly_strong",watchlist,weekly_breakout,watchlist,82.01,63.04,73.47,10.0,83.47
LAURUSLABS.NS,Laurus Labs Limited,Healthcare,Stage 2,47.85,47.84,2387844568.18,"Stage 2, trend_template_ok, daily_vcp_ok, weekly_vcp_ok, weekly_strong",near_pivot,weekly_breakout,watchlist,86.96,63.8,76.54,5.0,81.54
ARVIND.NS,Arvind Limited,Textiles,Stage 2,42.93,71.78,363791338.79,"Stage 2, trend_template_ok, weekly_vcp_ok, volume_dryup, weekly_strong",watchlist,weekly_breakout,watchlist,72.54,65.8,69.51,10.0,79.51
GMRAIRPORT.NS,GMR Airports Ltd.,Services,Stage 2,21.21,15.61,2553369938.66,"Stage 2, trend_template_ok, weekly_vcp_ok, weekly_strong",watchlist,weekly_near_pivot,watchlist,73.85,69.48,71.88,5.0,76.88
BHEL.NS,Bharat Heavy Electricals Limited,Capital Goods,Stage 2,62.76,56.94,4536728329.99,"Stage 2, trend_template_ok, weekly_vcp_ok, volume_dryup",watchlist,weekly_near_pivot,watchlist,71.97,60.1,66.63,10.0,76.63
PAGEIND.NS,Page Industries Limited,Textiles,Stage 2,24.69,17.44,1008413384.66,"Stage 2, weekly_vcp_ok, weekly_strong",watchlist,weekly_breakout,watchlist,66.62,63.11,65.04,10.0,75.04
TARIL.NS,Transformers And Rectifiers (India) Ltd.,Capital Goods,Stage 2,28.52,34.26,1293981266.14,"Stage 2, weekly_vcp_ok, weekly_strong",watchlist,weekly_near_pivot,watchlist,57.1,74.28,64.83,10.0,74.83
JINDWORLD.NS,Jindal Worldwide Limited,Textiles,Stage 2,53.09,19.86,211352329.87,"Stage 2, weekly_vcp_ok, weekly_strong",watchlist,weekly_breakout,watchlist,56.2,73.1,63.8,10.0,73.8
THERMAX.NS,Thermax Limited,Capital Goods,Stage 2,43.42,70.83,1463054963.63,"Stage 2, trend_template_ok, weekly_vcp_ok, volume_dryup, weekly_strong",watchlist,weekly_near_pivot,watchlist,55.0,73.8,63.46,10.0,73.46
TDPOWERSYS.NS,TD Power Systems Limited,Capital Goods,Stage 2,50.86,85.36,1406956528.98,"Stage 2, trend_template_ok, weekly_vcp_ok, volume_dryup, weekly_strong",watchlist,weekly_near_pivot,watchlist,54.87,73.8,63.39,10.0,73.39
TIMKEN.NS,Timken India Limited,Capital Goods,Stage 2,13.76,27.41,182462399.25,"Stage 2, trend_template_ok, daily_vcp_ok",near_pivot,weekly_watchlist,watchlist,88.58,32.52,63.35,10.0,73.35
USHAMART.NS,Usha Martin Limited,Capital Goods,Stage 2,18.03,12.41,412903279.49,"Stage 2, trend_template_ok, weekly_vcp_ok, volume_dryup, weekly_strong",watchlist,weekly_near_pivot,watchlist,56.66,69.94,62.64,10.0,72.64
KPRMILL.NS,K.P.R. Mill Ltd.,Textiles,Stage 2,37.15,28.3,760292327.55,"Stage 2, weekly_vcp_ok, weekly_strong",watchlist,weekly_breakout,watchlist,61.2,64.35,62.62,10.0,72.62
SOUTHBANK.NS,The South Indian Bank Limited,Financial Services,Stage 2,32.93,31.27,839476992.23,"Stage 2, trend_template_ok, weekly_vcp_ok, weekly_strong",watchlist,weekly_breakout,watchlist,75.1,64.22,70.2,2.0,72.2
FEDERALBNK.NS,The Federal Bank Limited,Financial Services,Stage 2,20.0,30.7,5943835320.44,"Stage 2, trend_template_ok, weekly_vcp_ok, volume_dryup, weekly_strong",watchlist,weekly_breakout,watchlist,76.43,62.07,69.97,2.0,71.97
HBLENGINE.NS,HBL Engineering Ltd.,Capital Goods,Stage 2,21.79,14.99,1327852543.82,"Stage 2, weekly_vcp_ok, volume_dryup, weekly_strong",watchlist,weekly_near_pivot,watchlist,54.47,70.58,61.72,10.0,71.72
BHARATFORG.NS,Bharat Forge Limited,Capital Goods,Stage 2,17.38,52.0,2057162034.75,"Stage 2, trend_template_ok",watchlist,weekly_watchlist,watchlist,85.13,32.94,61.64,10.0,71.64
SOLARINDS.NS,Solar Industries India Limited,Chemicals,Stage 2,35.35,59.28,2622954275.7,"Stage 2, trend_template_ok, weekly_vcp_ok, volume_dryup, weekly_strong",watchlist,weekly_breakout,watchlist,67.08,65.8,66.5,5.0,71.5
SIEMENS.NS,Siemens Ltd.,Capital Goods,Stage 2,20.27,26.73,2031083884.96,"Stage 2, trend_template_ok, weekly_vcp_ok, volume_dryup, weekly_strong",watchlist,weekly_near_pivot,watchlist,53.24,70.5,61.01,10.0,71.01
MINDACORP.NS,Minda Corporation Limited,Automobile and Auto Components,Stage 2,27.36,17.14,531548082.87,"Stage 2, trend_template_ok, weekly_vcp_ok, weekly_strong",watchlist,weekly_breakout,watchlist,74.44,62.25,68.95,2.0,70.95
TITAGARH.NS,TITAGARH RAIL SYSTEMS LIMITED,Capital Goods,Stage 2,46.56,26.9,1318178598.3,"Stage 2, weekly_vcp_ok, weekly_strong",watchlist,weekly_breakout,watchlist,57.49,65.15,60.94,10.0,70.94
STLTECH.NS,Sterlite Technologies Limited,Telecommunication,Stage 2,252.14,587.3,1805764168.61,"Stage 2, trend_template_ok, weekly_vcp_ok, volume_dryup, weekly_strong",watchlist,weekly_breakout,watchlist,54.73,66.9,60.21,10.0,70.21
SPARC.NS,Sun Pharma Advanced Research Company Limited,Healthcare,Stage 2,104.84,89.86,1988549227.55,"Stage 2, trend_template_ok, weekly_vcp_ok, volume_dryup, weekly_strong",watchlist,weekly_near_pivot,watchlist,58.12,73.8,65.18,5.0,70.18
KSB.NS,Ksb Limited,Capital Goods,Stage 2,11.57,33.48,152644560.83,"Stage 2, daily_vcp_ok, weekly_vcp_ok, volume_dryup, weekly_strong",watchlist,weekly_forming,watchlist,58.06,62.3,59.97,10.0,69.97
KIMS.NS,Krishna Institute of Medical Sciences Limited,Healthcare,Stage 2,20.48,32.45,501053977.9,"Stage 2, weekly_vcp_ok, weekly_strong",watchlist,weekly_breakout,watchlist,66.3,63.09,64.86,5.0,69.86
WELCORP.NS,Welspun Corp Limited,Capital Goods,Stage 2,77.21,88.11,968382219.53,"Stage 2, trend_template_ok, weekly_vcp_ok, volume_dryup, weekly_strong",watchlist,weekly_breakout,watchlist,54.88,65.8,59.79,10.0,69.79
ADANIPOWER.NS,Adani Power Limited,Power,Stage 2,51.64,69.88,9356872563.67,"Stage 2, trend_template_ok, weekly_vcp_ok, volume_dryup, weekly_strong",watchlist,weekly_forming,watchlist,53.95,66.9,59.78,10.0,69.78
MMTC.NS,MMTC Limited,Services,Stage 2,21.51,45.76,1287714689.36,"Stage 2, weekly_vcp_ok, weekly_strong",watchlist,weekly_breakout,watchlist,57.1,73.63,64.54,5.0,69.54
DCXINDIA.NS,DCX Systems Limited,Capital Goods,Stage 2,22.56,38.53,251726681.83,"Stage 2, weekly_vcp_ok, weekly_strong",watchlist,weekly_forming,watchlist,54.86,65.01,59.43,10.0,69.43
BOMDYEING.NS,Bombay Dyeing & Mfg Company Limited,Textiles,Stage 2,30.6,11.0,138766128.72,"Stage 2, weekly_vcp_ok, weekly_strong",watchlist,weekly_near_pivot,watchlist,50.14,69.96,59.06,10.0,69.06
SYRMA.NS,Syrma SGS Technology Limited,Capital Goods,Stage 2,74.18,93.74,1406200022.34,"Stage 2, trend_template_ok, weekly_vcp_ok, volume_dryup, weekly_strong",watchlist,weekly_breakout,watchlist,53.39,65.8,58.97,10.0,68.97
ASTERDM.NS,Aster DM Healthcare Limited,Healthcare,Stage 2,25.95,41.42,577101365.4,"Stage 2, trend_template_ok, weekly_vcp_ok, weekly_strong",watchlist,weekly_breakout,watchlist,62.62,63.74,63.12,5.0,68.12
WELSPUNLIV.NS,Welspun Living Ltd.,Textiles,Stage 2,41.51,29.09,448224569.23,"Stage 2, trend_template_ok",watchlist,weekly_watchlist,watchlist,78.58,33.06,58.1,10.0,68.1
TVSSCS.NS,TVS Supply Chain Solutions Limited,Services,Stage 2,32.38,40.33,127955258.26,"Stage 2, weekly_vcp_ok, weekly_strong",watchlist,weekly_breakout,watchlist,61.2,65.07,62.94,5.0,67.94
FLUOROCHEM.NS,Gujarat Fluorochemicals Limited,Chemicals,Stage 2,19.69,16.36,395331280.11,"Stage 2, weekly_vcp_ok, weekly_strong",watchlist,weekly_near_pivot,watchlist,57.44,69.41,62.83,5.0,67.83
SCHNEIDER.NS,Schneider Electric Infrastructure Limited,Capital Goods,Stage 2,46.89,100.37,746429646.2,"Stage 2, trend_template_ok, weekly_vcp_ok, weekly_strong",watchlist,weekly_breakout,watchlist,50.92,65.8,57.62,10.0,67.62
HFCL.NS,HFCL Limited,Telecommunication,Stage 2,194.73,232.63,8669224842.84,"Stage 2, trend_template_ok, volume_dryup",watchlist,weekly_watchlist,watchlist,77.2,32.8,57.22,10.0,67.22
RRKABEL.NS,R R Kabel Limited,Capital Goods,Stage 2,64.86,70.59,1619783498.45,"Stage 2, trend_template_ok",watchlist,weekly_watchlist,watchlist,74.41,36.2,57.22,10.0,67.22
BIOCON.NS,Biocon Ltd.,Healthcare,Stage 2,10.91,15.42,1193711788.1,"Stage 2, daily_vcp_ok, weekly_vcp_ok, volume_dryup, weekly_strong",watchlist,weekly_breakout,watchlist,55.84,68.43,61.51,5.0,66.51
SONACOMS.NS,Sona BLW Precision Forgings Limited,Automobile and Auto Components,Stage 2,21.25,33.51,846832553.05,"Stage 2, trend_template_ok, weekly_vcp_ok, volume_dryup, weekly_strong",watchlist,weekly_breakout,watchlist,64.34,64.38,64.36,2.0,66.36
INDUSINDBK.NS,IndusInd Bank Ltd.,Financial Services,Stage 2,14.23,21.43,1859771707.85,"Stage 2, trend_template_ok",watchlist,weekly_watchlist,watchlist,87.67,35.57,64.23,2.0,66.23
RAINBOW.NS,Rainbow Childrens Medicare Limited,Healthcare,Stage 2,31.42,17.97,154265990.41,"Stage 2, daily_vcp_ok, weekly_vcp_ok, weekly_strong",watchlist,weekly_breakout,watchlist,59.55,62.74,60.99,5.0,65.99
DYNAMATECH.NS,Dynamatic Technologies Limited,Capital Goods,Stage 2,8.96,31.66,186632836.55,"Stage 2, trend_template_ok, weekly_vcp_ok, volume_dryup, weekly_strong",watchlist,weekly_forming,watchlist,50.24,61.86,55.47,10.0,65.47
MSTCLTD.NS,Mstc Limited,Services,Stage 2,67.28,57.71,1928685028.98,"Stage 2, weekly_vcp_ok, weekly_strong",watchlist,weekly_breakout,watchlist,56.08,65.8,60.45,5.0,65.45
ANANDRATHI.NS,Anand Rathi Wealth Limited,Financial Services,Stage 2,21.97,32.99,1478926085.25,"Stage 2, trend_template_ok, weekly_vcp_ok, volume_dryup, weekly_strong",watchlist,weekly_breakout,watchlist,55.28,72.4,62.98,2.0,64.98
CHAMBLFERT.NS,Chambal Fertilizers & Chemicals Limited,Chemicals,Stage 2,11.6,17.38,581952929.79,"Stage 2, weekly_vcp_ok, weekly_strong",watchlist,weekly_near_pivot,watchlist,50.8,70.9,59.85,5.0,64.85
APOLLOHOSP.NS,Apollo Hospitals Enterprise Limited,Healthcare,Stage 2,15.23,30.63,3305095233.0,"Stage 2, weekly_vcp_ok, weekly_strong",watchlist,weekly_breakout,watchlist,56.3,63.49,59.54,5.0,64.54
GRANULES.NS,Granules India Limited,Healthcare,Stage 2,33.26,44.89,1112745378.78,"Stage 2, trend_template_ok, daily_vcp_ok",near_pivot,weekly_watchlist,watchlist,83.45,30.21,59.49,5.0,64.49
CGPOWER.NS,CG Power and Industrial Solutions Limited,Capital Goods,Stage 2,38.51,51.88,3769494234.83,"Stage 2, weekly_vcp_ok, weekly_strong",watchlist,weekly_breakout,watchlist,44.37,65.8,54.01,10.0,64.01
SAREGAMA.NS,Saregama India Limited,"Media, Entertainment & Publication",Stage 2,36.03,30.62,1029723884.8,"Stage 2, weekly_vcp_ok, volume_dryup, weekly_strong",watchlist,weekly_breakout,watchlist,58.73,65.57,61.81,2.0,63.81
WELENT.NS,Welspun Enterprises Limited,Construction,Stage 2,22.09,20.0,156741473.55,"Stage 2, weekly_vcp_ok, weekly_strong",watchlist,weekly_breakout,watchlist,54.03,71.11,61.72,2.0,63.72
SAMMAANCAP.NS,Sammaan Capital Ltd.,Financial Services,Stage 2,25.75,27.58,3058799152.84,"Stage 2, weekly_vcp_ok, volume_dryup, weekly_strong",watchlist,weekly_breakout,watchlist,59.58,64.23,61.67,2.0,63.67
LICI.NS,Life Insurance Corporation Of India,Financial Services,Stage 2,13.08,12.04,2084800961.21,"Stage 2, weekly_vcp_ok, weekly_strong",watchlist,weekly_breakout,watchlist,55.96,68.31,61.52,2.0,63.52
CHENNPETRO.NS,Chennai Petroleum Corporation Limited,"Oil, Gas & Consumable Fuels",Stage 2,6.62,28.88,1367022227.57,"Stage 2, trend_template_ok, weekly_vcp_ok, volume_dryup, weekly_strong",watchlist,weekly_near_pivot,watchlist,55.12,69.35,61.52,2.0,63.52
MOTHERSON.NS,Samvardhana Motherson International Limited,Automobile and Auto Components,Stage 2,28.81,29.92,3212373990.62,"Stage 2, trend_template_ok, volume_dryup",watchlist,weekly_watchlist,watchlist,85.42,31.87,61.32,2.0,63.32
PRIVISCL.NS,Privi Speciality Chemicals Limited,Chemicals,Stage 2,17.59,21.92,274361303.4,"Stage 2, trend_template_ok, weekly_vcp_ok, weekly_strong",watchlist,weekly_near_pivot,watchlist,48.85,69.75,58.26,5.0,63.26
APOLLO.NS,Apollo Micro Systems Limited,Capital Goods,Stage 2,118.75,101.57,12412940118.66,"Stage 2, weekly_vcp_ok, weekly_strong",watchlist,weekly_near_pivot,watchlist,36.15,73.8,53.09,10.0,63.09
REDINGTON.NS,Redington Limited,Services,Stage 2,26.14,10.43,2075100994.69,"Stage 2, weekly_vcp_ok, weekly_strong",watchlist,weekly_breakout,watchlist,55.91,60.66,58.05,5.0,63.05
CARBORUNIV.NS,Carborundum Universal Limited,Capital Goods,Stage 2,64.09,52.09,464243260.42,"Stage 2, weekly_vcp_ok, weekly_strong",watchlist,weekly_breakout,watchlist,41.62,66.9,53.0,10.0,63.0
PATELENG.NS,Patel Engineering Limited,Construction,Stage 2,23.96,8.69,190838469.61,"Stage 2, weekly_vcp_ok, weekly_strong",watchlist,weekly_near_pivot,watchlist,53.46,70.16,60.98,2.0,62.98
AKUMS.NS,Akums Drugs and Pharmaceuticals Ltd.,Healthcare,Stage 2,23.81,50.75,222100693.9,"Stage 2, trend_template_ok, weekly_vcp_ok, weekly_strong",watchlist,weekly_breakout,watchlist,52.38,64.46,57.82,5.0,62.82
VBL.NS,Varun Beverages Limited,Fast Moving Consumer Goods,Stage 2,29.31,20.51,2885929534.68,"Stage 2, trend_template_ok, volume_dryup",watchlist,weekly_watchlist,watchlist,82.29,38.98,62.8,0.0,62.8
AXISBANK.NS,Axis Bank Limited,Financial Services,Stage 2,10.67,18.68,9419521525.88,"Stage 2, weekly_vcp_ok, weekly_strong",watchlist,weekly_near_pivot,watchlist,54.04,68.74,60.66,2.0,62.66
SKIPPER.NS,Skipper Limited,Capital Goods,Stage 2,51.21,31.72,687361332.1,"Stage 2, weekly_vcp_ok, volume_dryup, weekly_strong",watchlist,weekly_near_pivot,watchlist,36.87,71.8,52.59,10.0,62.59
PHOENIXLTD.NS,The Phoenix Mills Limited,Realty,Stage 2,13.76,12.93,904969340.42,"Stage 2, trend_template_ok",watchlist,weekly_watchlist,watchlist,83.64,36.67,62.5,0.0,62.5
TIIL.NS,Technocraft Industries (India) Limited,Capital Goods,Stage 2,16.8,28.58,33556335.75,"Stage 2, weekly_vcp_ok, weekly_strong",watchlist,weekly_near_pivot,watchlist,36.52,71.44,52.23,10.0,62.23
AEGISLOG.NS,Aegis Logistics Ltd.,"Oil, Gas & Consumable Fuels",Stage 2,64.12,43.76,4592137671.49,"Stage 2, weekly_vcp_ok, weekly_strong",watchlist,weekly_breakout,watchlist,56.2,65.0,60.16,2.0,62.16
FCL.NS,Fineotex Chemical Limited,Chemicals,Stage 2,98.81,88.02,1183207538.2,"Stage 2, trend_template_ok, daily_vcp_ok, volume_dryup",forming_vcp,weekly_watchlist,watchlist,75.04,35.2,57.11,5.0,62.11
GABRIEL.NS,Gabriel India Limited,Automobile and Auto Components,Stage 2,40.83,32.76,524347396.4,"Stage 2, weekly_vcp_ok, weekly_strong",watchlist,weekly_breakout,watchlist,54.9,66.26,60.01,2.0,62.01
LT.NS,Larsen & Toubro Limited,Construction,Stage 2,21.93,12.44,7988503678.63,"Stage 2, daily_vcp_ok, weekly_vcp_ok, weekly_strong",watchlist,weekly_breakout,watchlist,53.11,68.44,60.01,2.0,62.01
ZEEL.NS,Zee Entertainment Enterprises Limited,"Media, Entertainment & Publication",Stage 2,51.48,30.24,7097034685.77,"Stage 2, weekly_vcp_ok, weekly_strong",watchlist,weekly_breakout,watchlist,55.15,65.8,59.94,2.0,61.94
NAVINFLUOR.NS,Navin Fluorine International Limited,Chemicals,Stage 2,17.97,32.23,1094840872.06,"Stage 2, trend_template_ok, daily_vcp_ok, volume_dryup",forming_vcp,weekly_watchlist,watchlist,76.08,33.42,56.88,5.0,61.88
JTLIND.NS,JTL INDUSTRIES LIMITED,Capital Goods,Stage 2,55.71,40.63,234029196.81,Stage 2,watchlist,weekly_watchlist,watchlist,61.2,40.0,51.66,10.0,61.66
PAISALO.NS,Paisalo Digital Limited,Financial Services,Stage 2,69.83,69.46,684520744.99,"Stage 2, trend_template_ok, weekly_vcp_ok, volume_dryup, weekly_strong",watchlist,weekly_breakout,watchlist,53.62,66.9,59.6,2.0,61.6
INGERRAND.NS,Ingersoll Rand (India) Limited,Capital Goods,Stage 2,26.69,41.94,140084630.63,"Stage 2, weekly_vcp_ok, weekly_strong",watchlist,weekly_near_pivot,watchlist,34.25,72.66,51.53,10.0,61.53
JBCHEPHARM.NS,JB Chemicals & Pharmaceuticals Limited,Healthcare,Stage 2,3.82,31.25,609466961.13,"Stage 2, trend_template_ok, daily_vcp_ok",near_pivot,weekly_watchlist,watchlist,81.48,25.91,56.47,5.0,61.47
APARINDS.NS,Apar Industries Limited,Capital Goods,Stage 2,67.79,92.93,2533084140.05,"Stage 2, trend_template_ok",watchlist,weekly_watchlist,watchlist,73.95,23.6,51.29,10.0,61.29
HONAUT.NS,Honeywell Automation India Limited,Capital Goods,Stage 2,26.26,17.77,314153392.0,"Stage 2, weekly_vcp_ok, volume_dryup, weekly_strong",watchlist,weekly_breakout,watchlist,35.65,70.2,51.2,10.0,61.2
VARROC.NS,Varroc Engineering Limited,Automobile and Auto Components,Stage 2,15.51,5.15,89221765.86,"Stage 2, weekly_vcp_ok, weekly_strong",watchlist,weekly_near_pivot,watchlist,51.77,67.87,59.02,2.0,61.02
STAR.NS,Strides Pharma Science Limited,Healthcare,Stage 2,21.93,34.36,257052734.17,"Stage 2, trend_template_ok, weekly_vcp_ok, volume_dryup, weekly_strong",watchlist,weekly_forming,watchlist,53.01,59.03,55.72,5.0,60.72
ITI.NS,ITI Limited,Telecommunication,Stage 1,11.97,12.13,294024856.32,"Stage 1, weekly_vcp_ok, volume_dryup, weekly_strong, stage1_not_actionable, stage1_needs_more_base",watchlist,weekly_watchlist,watchlist,48.85,52.21,50.36,10.0,60.36
OLAELEC.NS,Ola Electric Mobility Ltd.,Automobile and Auto Components,Stage 2,78.11,36.23,8309649020.91,"Stage 2, weekly_vcp_ok, weekly_strong",watchlist,weekly_forming,watchlist,51.2,66.9,58.27,2.0,60.27
SAMHI.NS,Samhi Hotels Limited,Consumer Services,Stage 2,15.09,7.73,164101571.55,"Stage 2, weekly_vcp_ok, weekly_strong",watchlist,weekly_breakout,watchlist,53.64,68.08,60.14,0.0,60.14
MGL.NS,Mahanagar Gas Limited,"Oil, Gas & Consumable Fuels",Stage 2,19.02,17.59,278840916.06,"Stage 2, weekly_vcp_ok, weekly_strong",watchlist,weekly_near_pivot,watchlist,48.86,69.46,58.13,2.0,60.13
VMART.NS,V-Mart Retail Limited,Consumer Services,Stage 2,49.5,13.49,151318803.21,"Stage 2, daily_vcp_ok, weekly_vcp_ok, volume_dryup, weekly_strong",watchlist,weekly_breakout,watchlist,56.48,64.1,59.91,0.0,59.91
RBLBANK.NS,RBL Bank Limited,Financial Services,Stage 2,27.87,35.39,1779967677.04,"Stage 2, trend_template_ok",watchlist,weekly_watchlist,watchlist,77.02,34.53,57.9,2.0,59.9
SAILIFE.NS,Sai Life Sciences Ltd.,Healthcare,Stage 2,18.75,46.01,544462560.08,"Stage 2, trend_template_ok, volume_dryup",watchlist,weekly_watchlist,watchlist,72.52,32.48,54.5,5.0,59.5
IFCI.NS,IFCI Limited,Financial Services,Stage 2,56.34,89.83,10478796837.87,"Stage 2, trend_template_ok",watchlist,weekly_watchlist,watchlist,81.0,28.4,57.33,2.0,59.33
SFL.NS,Sheela Foam Limited,Consumer Durables,Stage 2,32.91,30.55,212916201.58,"Stage 2, weekly_vcp_ok, weekly_strong",watchlist,weekly_breakout,watchlist,55.08,64.15,59.16,0.0,59.16
TMB.NS,Tamilnad Mercantile Bank Limited,Financial Services,Stage 2,29.98,64.06,264933385.73,"Stage 2, trend_template_ok, volume_dryup",watchlist,weekly_watchlist,watchlist,77.08,32.8,57.15,2.0,59.15
JSWINFRA.NS,JSW Infrastructure Ltd.,Services,Stage 2,20.21,22.58,771607280.25,"Stage 2, weekly_vcp_ok",watchlist,weekly_forming,watchlist,58.5,48.38,53.95,5.0,58.95
TEJASNET.NS,Tejas Networks Limited,Telecommunication,Stage 2,44.44,47.57,7114394294.13,"Stage 2, weekly_vcp_ok, weekly_strong",watchlist,weekly_breakout,watchlist,35.01,65.8,48.87,10.0,58.87
KTKBANK.NS,The Karnataka Bank Limited,Financial Services,Stage 2,16.92,45.74,623417608.58,"Stage 2, trend_template_ok, volume_dryup",watchlist,weekly_watchlist,watchlist,71.62,38.27,56.61,2.0,58.61
NETWEB.NS,Netweb Technologies India Limited,Information Technology,Stage 2,53.87,65.75,13316698398.67,"Stage 2, trend_template_ok, weekly_vcp_ok, weekly_strong",watchlist,weekly_breakout,watchlist,51.66,65.8,58.02,0.0,58.02
ICIL.NS,Indo Count Industries Limited,Textiles,Stage 2,69.03,51.12,439825555.71,"Stage 2, trend_template_ok",watchlist,weekly_watchlist,watchlist,63.92,28.4,47.94,10.0,57.94
RATNAMANI.NS,Ratnamani Metals & Tubes Limited,Capital Goods,Stage 2,13.55,26.68,74507498.31,"Stage 2, weekly_vcp_ok, volume_dryup, weekly_strong",watchlist,weekly_forming,watchlist,36.39,61.82,47.83,10.0,57.83
MIDHANI.NS,Mishra Dhatu Nigam Limited,Capital Goods,Stage 2,39.96,58.1,734318380.1,"Stage 2, weekly_vcp_ok, weekly_strong",watchlist,weekly_breakout,watchlist,33.0,65.8,47.76,10.0,57.76
KRBL.NS,KRBL Limited,Fast Moving Consumer Goods,Stage 2,30.14,5.92,185744940.44,"Stage 2, weekly_vcp_ok, weekly_strong",watchlist,weekly_near_pivot,watchlist,47.93,69.41,57.6,0.0,57.6
YATHARTH.NS,Yatharth Hospital & Trauma Care Services Limited,Healthcare,Stage 2,27.47,32.93,333004427.35,"Stage 2, weekly_vcp_ok, volume_dryup, weekly_strong",watchlist,weekly_near_pivot,watchlist,37.48,71.04,52.58,5.0,57.58
RAIN.NS,Rain Industries Limited,Chemicals,Stage 2,75.35,77.71,1593850975.55,"Stage 2, trend_template_ok",watchlist,weekly_watchlist,watchlist,73.22,27.2,52.51,5.0,57.51
JSWSTEEL.NS,JSW Steel Limited,Metals & Mining,Stage 2,12.03,27.12,1788175203.73,"Stage 2, trend_template_ok, daily_vcp_ok, volume_dryup",forming_vcp,weekly_watchlist,watchlist,71.84,28.72,52.44,5.0,57.44
SIS.NS,SIS LIMITED,Services,Stage 2,51.9,40.63,71640187.42,"Stage 2, trend_template_ok",watchlist,weekly_watchlist,watchlist,66.24,35.2,52.27,5.0,57.27
ABB.NS,ABB India Limited,Capital Goods,Stage 2,15.29,48.55,2407450036.1,"Stage 2, trend_template_ok, volume_dryup",watchlist,weekly_watchlist,watchlist,55.51,37.18,47.26,10.0,57.26
TORNTPHARM.NS,Torrent Pharmaceuticals Limited,Healthcare,Stage 2,3.58,26.33,2647336390.93,"Stage 2, trend_template_ok",watchlist,weekly_watchlist,watchlist,72.87,26.59,52.04,5.0,57.04
EQUITASBNK.NS,Equitas Small Finance Bank Limited,Financial Services,Stage 2,35.75,41.07,376519097.67,"Stage 2, trend_template_ok",watchlist,weekly_watchlist,watchlist,73.58,31.68,54.73,2.0,56.73
VIJAYA.NS,Vijaya Diagnostic Centre Limited,Healthcare,Stage 2,46.0,47.16,311531642.83,"Stage 2, trend_template_ok, volume_dryup",watchlist,weekly_watchlist,watchlist,64.91,35.2,51.54,5.0,56.54
BALAMINES.NS,Balaji Amines Limited,Chemicals,Stage 2,108.13,103.61,1205944506.25,"Stage 2, weekly_vcp_ok, volume_dryup, weekly_strong",watchlist,weekly_breakout,watchlist,39.46,65.8,51.31,5.0,56.31
TVSSRICHAK.NS,TVS Srichakra Limited,Automobile and Auto Components,Stage 2,13.34,5.21,38858098.56,"Stage 2, weekly_vcp_ok, volume_dryup, weekly_strong",watchlist,weekly_near_pivot,watchlist,43.23,67.66,54.22,2.0,56.22
IDEA.NS,Vodafone Idea Limited,Telecommunication,Stage 2,65.06,41.86,8638848848.78,"Stage 2, trend_template_ok",watchlist,weekly_watchlist,watchlist,54.12,36.4,46.15,10.0,56.15
POLYCAB.NS,Polycab India Limited,Capital Goods,Stage 2,39.27,50.91,2683294795.43,"Stage 2, trend_template_ok, volume_dryup",watchlist,weekly_watchlist,watchlist,55.67,34.0,45.92,10.0,55.92
AUBANK.NS,AU Small Finance Bank Limited,Financial Services,Stage 2,12.75,12.13,1682213838.71,"Stage 2, trend_template_ok",watchlist,weekly_watchlist,watchlist,73.31,29.69,53.68,2.0,55.68
ADANIPORTS.NS,Adani Ports and Special Economic Zone Limited,Services,Stage 2,34.09,31.81,3885030821.1,"Stage 2, trend_template_ok",watchlist,weekly_watchlist,watchlist,65.94,31.39,50.39,5.0,55.39
NYKAA.NS,FSN E-Commerce Ventures Limited,Consumer Services,Stage 2,24.44,31.15,2339195180.59,"Stage 2, trend_template_ok",watchlist,weekly_watchlist,watchlist,78.76,25.96,55.0,0.0,55.0
VTL.NS,Vardhman Textiles Limited,Textiles,Stage 2,22.39,54.23,257482549.64,"Stage 2, trend_template_ok",watchlist,weekly_watchlist,watchlist,54.23,33.66,44.97,10.0,54.97
NUVAMA.NS,Nuvama Wealth Management Ltd.,Financial Services,Stage 2,50.75,30.26,804077598.3,"Stage 2, trend_template_ok",watchlist,weekly_watchlist,watchlist,68.3,34.0,52.87,2.0,54.87
CYIENTDLM.NS,Cyient DLM Limited,Capital Goods,Stage 2,56.79,20.45,107684662.28,"Stage 2, volume_dryup",watchlist,weekly_watchlist,watchlist,56.62,30.12,44.7,10.0,54.7
NAM-INDIA.NS,Nippon Life India Asset Management Limited,Financial Services,Stage 2,36.78,45.01,1231163898.86,"Stage 2, trend_template_ok",watchlist,weekly_watchlist,watchlist,71.44,29.6,52.61,2.0,54.61
KIRLOSENG.NS,Kirloskar Oil Engines Limited,Capital Goods,Stage 2,38.29,70.39,716899458.02,"Stage 2, trend_template_ok, volume_dryup",watchlist,weekly_watchlist,watchlist,55.15,31.6,44.55,10.0,54.55
GOKEX.NS,Gokaldas Exports Limited,Textiles,Stage 3,40.13,8.78,615982088.07,"Stage 3, weekly_vcp_ok, weekly_strong, distribution_risk",watchlist,weekly_watchlist,watchlist,37.83,52.69,44.52,10.0,54.52
HLEGLAS.NS,HLE Glascoat Limited,Capital Goods,Stage 2,30.56,-9.27,339703862.84,"Stage 2, volume_dryup",watchlist,weekly_watchlist,watchlist,51.33,36.13,44.49,10.0,54.49
GRWRHITECH.NS,Garware Hi-Tech Films Limited,Capital Goods,Stage 2,82.26,99.05,538673009.58,"Stage 2, trend_template_ok, volume_dryup",watchlist,weekly_watchlist,watchlist,56.64,29.6,44.47,10.0,54.47
LALPATHLAB.NS,Dr. Lal Path Labs Ltd.,Healthcare,Stage 2,21.59,24.28,1090323540.18,"Stage 2, weekly_vcp_ok, weekly_strong",watchlist,weekly_near_pivot,watchlist,32.34,70.39,49.46,5.0,54.46
POWERINDIA.NS,Hitachi Energy India Limited,Capital Goods,Stage 2,47.78,100.39,7010862535.5,"Stage 2, trend_template_ok",watchlist,weekly_watchlist,watchlist,51.9,35.2,44.39,10.0,54.39
KEI.NS,KEI Industries Limited,Capital Goods,Stage 2,31.83,45.09,1254510195.44,"Stage 2, trend_template_ok, volume_dryup",watchlist,weekly_watchlist,watchlist,54.98,31.29,44.32,10.0,54.32
AUROPHARMA.NS,Aurobindo Pharma Limited,Healthcare,Stage 2,18.23,34.95,1842246269.48,"Stage 2, trend_template_ok",watchlist,weekly_watchlist,watchlist,63.93,31.32,49.26,5.0,54.26
CAMS.NS,Computer Age Management Services Limited,Financial Services,Stage 2,26.81,20.54,891242300.77,"Stage 2, weekly_vcp_ok, volume_dryup, weekly_strong",watchlist,weekly_near_pivot,watchlist,37.09,70.53,52.14,2.0,54.14
SCHAEFFLER.NS,Schaeffler India Limited,Automobile and Auto Components,Stage 2,8.44,23.25,332219534.26,"Stage 2, weekly_vcp_ok, volume_dryup, weekly_strong",watchlist,weekly_near_pivot,watchlist,38.21,68.97,52.05,2.0,54.05
PRINCEPIPE.NS,Prince Pipes And Fittings Limited,Capital Goods,Stage 2,11.4,19.1,130910987.29,Stage 2,watchlist,weekly_watchlist,watchlist,49.77,37.05,44.05,10.0,54.05
CRAFTSMAN.NS,Craftsman Automation Limited,Automobile and Auto Components,Stage 2,40.55,46.11,753189869.73,"Stage 2, trend_template_ok, volume_dryup",watchlist,weekly_watchlist,watchlist,60.68,41.2,51.91,2.0,53.91
JBMA.NS,JBM Auto Ltd.,Automobile and Auto Components,Stage 2,30.66,39.48,1425173213.69,Stage 2,watchlist,weekly_watchlist,watchlist,62.4,39.01,51.87,2.0,53.87
SHILPAMED.NS,Shilpa Medicare Limited,Healthcare,Stage 2,73.34,77.74,739069230.26,"Stage 2, weekly_vcp_ok, weekly_strong",watchlist,weekly_breakout,watchlist,35.0,65.8,48.86,5.0,53.86
SANGHVIMOV.NS,Sanghvi Movers Limited,Capital Goods,Stage 2,67.32,40.89,174887753.03,Stage 2,watchlist,weekly_watchlist,watchlist,50.1,36.2,43.85,10.0,53.85
PTCIL.NS,PTC Industries Limited,Capital Goods,Stage 2,3.19,12.37,741672380.55,Stage 2,watchlist,weekly_watchlist,watchlist,55.03,29.96,43.75,10.0,53.75
ADANIENSOL.NS,Adani Energy Solutions Limited,Power,Stage 2,48.11,62.01,4787511906.14,"Stage 2, trend_template_ok, volume_dryup",watchlist,weekly_watchlist,watchlist,54.65,30.4,43.74,10.0,53.74
AGI.NS,AGI Greenpac Limited,Capital Goods,Stage 2,43.86,9.09,148369341.35,"Stage 2, volume_dryup",watchlist,weekly_watchlist,watchlist,54.49,30.49,43.69,10.0,53.69
OLECTRA.NS,Olectra Greentech Limited,Automobile and Auto Components,Stage 2,50.08,38.7,1700175636.71,"Stage 2, weekly_vcp_ok, weekly_strong",watchlist,weekly_breakout,watchlist,38.88,66.9,51.49,2.0,53.49
EPL.NS,EPL Limited,Capital Goods,Stage 2,20.02,13.89,116821280.02,"Stage 2, volume_dryup",watchlist,weekly_watchlist,watchlist,55.88,28.19,43.42,10.0,53.42
TRITURBINE.NS,Triveni Turbine Limited,Capital Goods,Stage 2,42.69,36.2,795574681.88,"Stage 2, trend_template_ok, volume_dryup",watchlist,weekly_watchlist,watchlist,55.5,28.29,43.26,10.0,53.26
ATGL.NS,Adani Total Gas Limited,"Oil, Gas & Consumable Fuels",Stage 2,28.99,32.25,9051699171.59,"Stage 2, weekly_vcp_ok, volume_dryup, weekly_strong",watchlist,weekly_forming,watchlist,40.86,63.92,51.24,2.0,53.24
MAHABANK.NS,Bank of Maharashtra,Financial Services,Stage 2,44.35,71.64,1356580277.77,"Stage 2, trend_template_ok",watchlist,weekly_watchlist,watchlist,74.72,22.4,51.18,2.0,53.18
NIACL.NS,The New India Assurance Company Limited,Financial Services,Stage 2,53.77,32.51,2096043037.7,"Stage 2, weekly_vcp_ok, weekly_strong",watchlist,weekly_breakout,watchlist,39.0,65.8,51.06,2.0,53.06
TATACOMM.NS,Tata Communications Limited,Telecommunication,Stage 2,37.45,17.61,1539081239.39,Stage 2,watchlist,weekly_watchlist,watchlist,45.87,39.51,43.01,10.0,53.01
MTARTECH.NS,Mtar Technologies Limited,Capital Goods,Stage 2,137.95,268.86,16553243557.2,"Stage 2, trend_template_ok",watchlist,weekly_watchlist,watchlist,53.3,30.4,43.0,10.0,53.0
FINCABLES.NS,Finolex Cables Limited,Capital Goods,Stage 2,35.18,59.76,778870833.96,"Stage 2, trend_template_ok",watchlist,weekly_watchlist,watchlist,52.0,31.6,42.82,10.0,52.82
GLAND.NS,Gland Pharma Limited,Healthcare,Stage 2,35.88,39.92,1299717646.95,"Stage 2, weekly_vcp_ok, weekly_strong",watchlist,weekly_forming,watchlist,33.38,65.38,47.78,5.0,52.78
METROPOLIS.NS,Metropolis Healthcare Limited,Healthcare,Stage 2,19.64,24.99,107589724.07,"Stage 2, volume_dryup",watchlist,weekly_watchlist,watchlist,58.94,34.06,47.74,5.0,52.74
NEOGEN.NS,Neogen Chemicals Limited,Chemicals,Stage 2,40.89,86.35,259130674.67,"Stage 2, weekly_vcp_ok, weekly_strong",watchlist,weekly_breakout,watchlist,32.88,65.8,47.69,5.0,52.69
SHYAMMETL.NS,Shyam Metalics and Energy Limited,Metals & Mining,Stage 2,21.63,28.44,697297693.2,"Stage 2, weekly_vcp_ok, weekly_strong",watchlist,weekly_breakout,watchlist,34.94,62.81,47.48,5.0,52.48
GRINDWELL.NS,Grindwell Norton Limited,Capital Goods,Stage 2,47.63,45.48,121047929.95,"Stage 2, trend_template_ok, volume_dryup",watchlist,weekly_watchlist,watchlist,54.88,27.2,42.42,10.0,52.42
JAMNAAUTO.NS,Jamna Auto Industries Limited,Automobile and Auto Components,Stage 2,11.28,11.04,380085337.57,"Stage 2, weekly_vcp_ok, weekly_strong",watchlist,weekly_near_pivot,watchlist,35.87,68.03,50.34,2.0,52.34
SURYAROSNI.NS,Surya Roshni Limited,Capital Goods,Stage 3,28.59,9.12,501899265.68,"Stage 3, weekly_vcp_ok, volume_dryup, weekly_strong, distribution_risk",watchlist,weekly_watchlist,watchlist,34.73,51.57,42.31,10.0,52.31
FINEORG.NS,Fine Organic Industries Limited,Chemicals,Stage 2,21.8,31.01,64011764.46,Stage 2,watchlist,weekly_watchlist,watchlist,61.38,30.08,47.3,5.0,52.3
HARSHA.NS,Harsha Engineers International Limited,Capital Goods,Stage 2,23.73,23.74,120283154.99,Stage 2,watchlist,weekly_watchlist,watchlist,54.95,26.35,42.08,10.0,52.08
DCBBANK.NS,DCB Bank Limited,Financial Services,Stage 2,7.69,19.24,157872215.15,"Stage 2, trend_template_ok, volume_dryup",watchlist,weekly_watchlist,watchlist,69.7,25.49,49.81,2.0,51.81
LLOYDSME.NS,Lloyds Metals And Energy Limited,Metals & Mining,Stage 2,47.25,43.19,821956054.93,"Stage 2, trend_template_ok, volume_dryup",watchlist,weekly_watchlist,watchlist,55.22,36.2,46.66,5.0,51.66
BANDHANBNK.NS,Bandhan Bank Limited,Financial Services,Stage 2,29.82,48.56,1913044469.87,"Stage 2, trend_template_ok, volume_dryup",watchlist,weekly_watchlist,watchlist,54.12,44.04,49.58,2.0,51.58
NIVABUPA.NS,Niva Bupa Health Insurance Company Ltd.,Financial Services,Stage 2,19.55,19.94,164285836.48,Stage 2,watchlist,weekly_watchlist,watchlist,63.65,32.35,49.56,2.0,51.56
REDTAPE.NS,Redtape Limited,Consumer Durables,Stage 2,10.53,16.31,263028560.73,"Stage 2, daily_vcp_ok, weekly_vcp_ok, volume_dryup",watchlist,weekly_near_pivot,watchlist,48.88,54.78,51.54,0.0,51.54
RAJRATAN.NS,Rajratan Global Wire Limited,Automobile and Auto Components,Stage 2,13.7,4.76,26673532.53,"Stage 2, weekly_vcp_ok, weekly_strong",watchlist,weekly_forming,watchlist,40.13,59.65,48.91,2.0,50.91
IPCALAB.NS,IPCA Laboratories Limited,Healthcare,Stage 2,0.85,18.62,392802088.04,"Stage 2, weekly_vcp_ok, weekly_strong",watchlist,weekly_near_pivot,watchlist,30.96,64.08,45.86,5.0,50.86
QUESS.NS,Quess Corp Limited,Services,Stage 2,39.74,34.2,379491097.44,"Stage 2, volume_dryup",watchlist,weekly_watchlist,watchlist,53.93,35.79,45.77,5.0,50.77
KIRLOSIND.NS,Kirloskar Industries Limited,Capital Goods,Stage 3,31.68,18.93,103455605.6,"Stage 3, weekly_vcp_ok, weekly_strong, distribution_risk",watchlist,weekly_watchlist,watchlist,37.14,44.86,40.61,10.0,50.61
TATATECH.NS,Tata Technologies Ltd.,Information Technology,Stage 2,42.41,25.24,1216416168.2,"Stage 2, daily_vcp_ok, volume_dryup",watchlist,weekly_watchlist,watchlist,58.46,40.76,50.5,0.0,50.5
ABCAPITAL.NS,Aditya Birla Capital Limited,Financial Services,Stage 2,18.53,16.2,1142584938.75,"Stage 2, trend_template_ok, volume_dryup",watchlist,weekly_watchlist,watchlist,57.39,37.47,48.43,2.0,50.43
GVT&D.NS,GE Vernova T&D India Ltd.,Capital Goods,Stage 2,45.27,94.1,4559170263.37,"Stage 2, trend_template_ok",watchlist,weekly_watchlist,watchlist,54.93,22.4,40.29,10.0,50.29
ZFCVINDIA.NS,ZF Commercial Vehicle Control Systems India Limited,Automobile and Auto Components,Stage 2,16.16,15.22,235261362.6,"Stage 2, weekly_vcp_ok, weekly_strong",watchlist,weekly_breakout,watchlist,31.06,68.94,48.11,2.0,50.11
CERA.NS,Cera Sanitaryware Limited,Consumer Durables,Stage 2,33.67,28.28,193120591.12,"Stage 2, weekly_vcp_ok, weekly_strong",watchlist,weekly_breakout,watchlist,38.71,63.99,50.09,0.0,50.09
INOXINDIA.NS,INOX India Ltd.,Capital Goods,Stage 2,60.53,77.43,1046460253.66,"Stage 2, trend_template_ok",watchlist,weekly_watchlist,watchlist,53.38,23.6,39.98,10.0,49.98
EICHERMOT.NS,Eicher Motors Limited,Automobile and Auto Components,Stage 2,10.21,14.49,3942239748.85,"Stage 2, weekly_vcp_ok, weekly_strong",watchlist,weekly_near_pivot,watchlist,31.32,68.27,47.95,2.0,49.95
DIVISLAB.NS,Divi's Laboratories Limited,Healthcare,Stage 2,7.99,14.24,2429977149.4,Stage 2,watchlist,weekly_watchlist,watchlist,56.62,30.62,44.92,5.0,49.92
ZENTEC.NS,Zen Technologies Ltd.,Capital Goods,Stage 2,39.09,54.27,2099400622.18,"Stage 2, trend_template_ok",watchlist,weekly_watchlist,watchlist,53.89,22.4,39.72,10.0,49.72
TEGA.NS,Tega Industries Limited,Capital Goods,Stage 1,4.08,1.64,459571704.64,"Stage 1, weekly_vcp_ok, volume_dryup, weekly_strong, stage1_not_actionable, stage1_needs_more_base",watchlist,weekly_watchlist,watchlist,30.88,50.37,39.65,10.0,49.65
ACE.NS,Action Construction Equipment Limited,Capital Goods,Stage 3,15.05,10.79,314733371.78,"Stage 3, weekly_vcp_ok, weekly_strong, distribution_risk",watchlist,weekly_watchlist,watchlist,30.68,50.38,39.55,10.0,49.55
JAYNECOIND.NS,Jayaswal Neco Industries Limited,Capital Goods,Stage 3,26.01,33.41,418981087.04,"Stage 3, weekly_vcp_ok, volume_dryup, weekly_strong, distribution_risk",watchlist,weekly_watchlist,watchlist,35.1,44.94,39.53,10.0,49.53
ZYDUSLIFE.NS,Zydus Lifesciences Limited,Healthcare,Stage 2,20.38,24.44,1597675285.81,"Stage 2, daily_vcp_ok, volume_dryup",watchlist,weekly_watchlist,watchlist,55.96,30.48,44.49,5.0,49.49
DATAPATTNS.NS,Data Patterns (India) Limited,Capital Goods,Stage 2,46.25,103.22,6026264963.86,"Stage 2, trend_template_ok",watchlist,weekly_watchlist,watchlist,51.34,24.8,39.4,10.0,49.4
TRIDENT.NS,Trident Limited,Textiles,Stage 3,9.94,5.84,141690755.59,"Stage 3, weekly_vcp_ok, weekly_strong, distribution_risk",watchlist,weekly_watchlist,watchlist,31.07,49.38,39.31,10.0,49.31
ADANIENT.NS,Adani Enterprises Limited,Metals & Mining,Stage 2,55.12,43.97,6904012315.42,"Stage 2, volume_dryup",watchlist,weekly_watchlist,watchlist,50.75,36.4,44.29,5.0,49.29
RADICO.NS,Radico Khaitan Limited,Fast Moving Consumer Goods,Stage 2,43.47,26.74,1068501740.89,"Stage 2, trend_template_ok",watchlist,weekly_watchlist,watchlist,55.89,41.02,49.2,0.0,49.2
BEML.NS,BEML Limited,Capital Goods,Stage 3,14.88,11.92,430986908.23,"Stage 3, weekly_vcp_ok, volume_dryup, weekly_strong, distribution_risk",watchlist,weekly_watchlist,watchlist,36.41,42.48,39.14,10.0,49.14
ELECON.NS,Elecon Engineering Company Limited,Capital Goods,Stage 2,39.18,21.6,346244994.92,Stage 2,watchlist,weekly_watchlist,watchlist,47.63,28.48,39.01,10.0,49.01
AARTIIND.NS,Aarti Industries Limited,Chemicals,Stage 2,15.81,39.63,819654007.1,"Stage 2, trend_template_ok",watchlist,weekly_watchlist,watchlist,50.79,35.14,43.75,5.0,48.75
EDELWEISS.NS,Edelweiss Financial Services Limited,Financial Services,Stage 2,16.5,26.57,520050020.97,Stage 2,watchlist,weekly_watchlist,watchlist,59.01,31.51,46.64,2.0,48.64
KDDL.NS,KDDL Limited,Consumer Durables,Stage 2,25.93,34.88,89021589.54,"Stage 2, volume_dryup",watchlist,weekly_watchlist,watchlist,60.2,34.48,48.63,0.0,48.63
SCI.NS,Shipping Corporation Of India Limited,Services,Stage 2,33.83,60.09,1936195022.54,"Stage 2, trend_template_ok, volume_dryup",watchlist,weekly_watchlist,watchlist,58.0,26.0,43.6,5.0,48.6
GRAVITA.NS,Gravita India Limited,Metals & Mining,Stage 2,20.51,1.6,290727576.56,Stage 2,watchlist,weekly_watchlist,watchlist,54.18,30.61,43.57,5.0,48.57
MARKSANS.NS,Marksans Pharma Limited,Healthcare,Stage 2,59.04,49.5,1298345393.94,"Stage 2, trend_template_ok",watchlist,weekly_watchlist,watchlist,51.24,34.0,43.48,5.0,48.48
ARVINDFASN.NS,Arvind Fashions Limited,Consumer Services,Stage 2,17.76,3.29,87609595.21,"Stage 2, volume_dryup",watchlist,weekly_watchlist,watchlist,62.14,31.71,48.45,0.0,48.45
GENUSPOWER.NS,Genus Power Infrastructures Limited,Capital Goods,Stage 3,31.27,16.35,205387292.66,"Stage 3, weekly_vcp_ok, weekly_strong, distribution_risk",watchlist,weekly_watchlist,watchlist,26.71,52.56,38.34,10.0,48.34
BBL.NS,Bharat Bijlee Limited,Capital Goods,Stage 1,19.44,9.65,69787998.97,"Stage 1, weekly_vcp_ok, volume_dryup, weekly_strong, stage1_not_actionable, stage1_needs_more_base",watchlist,weekly_watchlist,watchlist,33.11,44.71,38.33,10.0,48.33
WOCKPHARMA.NS,Wockhardt Limited,Healthcare,Stage 2,67.55,55.8,7140256147.92,"Stage 2, trend_template_ok, volume_dryup",watchlist,weekly_watchlist,watchlist,56.42,27.2,43.27,5.0,48.27
LINDEINDIA.NS,Linde India Limited,Chemicals,Stage 2,4.57,31.24,256644591.93,"Stage 2, daily_vcp_ok, volume_dryup",watchlist,weekly_watchlist,watchlist,57.34,25.98,43.23,5.0,48.23
UNIONBANK.NS,Union Bank of India,Financial Services,Stage 2,0.26,22.65,2311633782.66,"Stage 2, weekly_vcp_ok, weekly_strong",watchlist,weekly_forming,watchlist,34.85,60.09,46.21,2.0,48.21
CROMPTON.NS,Crompton Greaves Consumer Electricals Limited,Consumer Durables,Stage 2,11.7,18.28,637377448.44,"Stage 2, weekly_vcp_ok, volume_dryup, weekly_strong",watchlist,weekly_forming,watchlist,37.8,60.8,48.15,0.0,48.15
BAJAJ-AUTO.NS,Bajaj Auto Limited,Automobile and Auto Components,Stage 2,13.27,22.57,3624291431.47,Stage 2,watchlist,weekly_watchlist,watchlist,53.06,37.58,46.09,2.0,48.09
NLCINDIA.NS,NLC India Ltd.,Power,Stage 3,22.54,42.75,2754422179.71,"Stage 3, weekly_vcp_ok, weekly_strong, distribution_risk",watchlist,weekly_watchlist,watchlist,31.06,46.33,37.93,10.0,47.93
BOSCHLTD.NS,Bosch Limited,Automobile and Auto Components,Stage 2,27.81,18.75,1614979080.75,"Stage 2, weekly_vcp_ok, weekly_strong",watchlist,weekly_breakout,watchlist,32.19,62.46,45.81,2.0,47.81
EMCURE.NS,Emcure Pharmaceuticals Ltd.,Healthcare,Stage 2,18.92,35.4,298390755.13,"Stage 2, trend_template_ok",watchlist,weekly_watchlist,watchlist,51.05,32.63,42.76,5.0,47.76
RCF.NS,Rashtriya Chemicals and Fertilizers Limited,Chemicals,Stage 3,16.27,7.06,297840047.7,"Stage 3, weekly_vcp_ok, weekly_strong, distribution_risk",watchlist,weekly_watchlist,watchlist,36.52,50.13,42.64,5.0,47.64
IGIL.NS,International Gemmological Institute (India) Ltd.,Services,Stage 1,3.42,20.97,198417500.71,"Stage 1, stage1_base_ready, weekly_vcp_ok, weekly_strong, stage1_not_actionable",watchlist,weekly_watchlist,watchlist,35.13,51.57,42.53,5.0,47.53
FACT.NS,Fertilizers and Chemicals Travancore Limited,Chemicals,Stage 3,10.47,10.49,1033700654.8,"Stage 3, weekly_vcp_ok, weekly_strong, distribution_risk",watchlist,weekly_watchlist,watchlist,35.48,51.0,42.46,5.0,47.46
BBOX.NS,Black Box Limited,Information Technology,Stage 2,102.91,112.02,911102804.25,"Stage 2, trend_template_ok, volume_dryup",watchlist,weekly_watchlist,watchlist,56.5,36.4,47.45,0.0,47.45
ANGELONE.NS,Angel One Limited,Financial Services,Stage 2,51.46,51.31,2300163035.03,"Stage 2, trend_template_ok, volume_dryup",watchlist,weekly_watchlist,watchlist,55.51,32.8,45.29,2.0,47.29
MARICO.NS,Marico Limited,Fast Moving Consumer Goods,Stage 2,8.39,18.5,1560673017.04,Stage 2,watchlist,weekly_watchlist,watchlist,63.23,27.49,47.15,0.0,47.15
PRUDENT.NS,Prudent Corporate Advisory Services Limited,Financial Services,Stage 2,26.62,20.94,72370696.34,Stage 2,watchlist,weekly_watchlist,watchlist,56.89,30.76,45.13,2.0,47.13
HSCL.NS,Himadri Speciality Chemical Limited,Chemicals,Stage 2,46.65,52.27,8505908080.23,"Stage 2, trend_template_ok",watchlist,weekly_watchlist,watchlist,51.72,30.4,42.13,5.0,47.13
PDSL.NS,PDS Limited,Textiles,Stage 1,21.17,2.35,76497001.41,"Stage 1, weekly_vcp_ok, weekly_strong, stage1_not_actionable, stage1_needs_more_base",watchlist,weekly_watchlist,watchlist,24.68,52.15,37.04,10.0,47.04
NH.NS,Narayana Hrudayalaya Ltd.,Healthcare,Stage 2,12.15,8.03,696829253.29,Stage 2,watchlist,weekly_watchlist,watchlist,46.8,36.02,41.95,5.0,46.95
PCBL.NS,PCBL LIMITED,Chemicals,Stage 3,24.19,7.82,309595837.46,"Stage 3, weekly_vcp_ok, volume_dryup, weekly_strong, distribution_risk",watchlist,weekly_watchlist,watchlist,33.3,52.1,41.76,5.0,46.76
JISLJALEQS.NS,Jain Irrigation Systems Limited,Capital Goods,Stage 3,12.76,-4.34,162630550.01,"Stage 3, weekly_vcp_ok, weekly_strong, distribution_risk",watchlist,weekly_watchlist,watchlist,33.26,40.64,36.58,10.0,46.58
STARHEALTH.NS,Star Health and Allied Insurance Company Limited,Financial Services,Stage 2,26.36,33.49,535845321.19,"Stage 2, trend_template_ok",watchlist,weekly_watchlist,watchlist,56.61,29.58,44.45,2.0,46.45
AETHER.NS,Aether Industries Limited,Chemicals,Stage 2,6.94,42.57,334004874.07,"Stage 2, trend_template_ok, volume_dryup",watchlist,weekly_watchlist,watchlist,53.59,26.55,41.42,5.0,46.42
JINDALSAW.NS,Jindal Saw Limited,Capital Goods,Stage 2,37.21,71.01,711320739.07,"Stage 2, volume_dryup",watchlist,weekly_watchlist,watchlist,39.05,32.8,36.24,10.0,46.24
GATEWAY.NS,Gateway Distriparks Limited,Services,Stage 3,16.04,13.62,46000589.56,"Stage 3, weekly_vcp_ok, weekly_strong, distribution_risk",watchlist,weekly_watchlist,watchlist,32.89,50.77,40.94,5.0,45.94
RATEGAIN.NS,Rategain Travel Technologies Limited,Information Technology,Stage 2,76.74,38.57,518856256.02,Stage 2,watchlist,weekly_watchlist,watchlist,55.35,34.0,45.74,0.0,45.74
SSWL.NS,Steel Strips Wheels Limited,Automobile and Auto Components,Stage 3,26.01,26.74,176535969.13,"Stage 3, weekly_vcp_ok, weekly_strong, distribution_risk",watchlist,weekly_watchlist,watchlist,36.01,53.07,43.69,2.0,45.69
PIDILITIND.NS,Pidilite Industries Limited,Chemicals,Stage 2,18.87,16.71,1401589779.42,Stage 2,watchlist,weekly_watchlist,watchlist,55.34,22.76,40.68,5.0,45.68
SANSERA.NS,Sansera Engineering Limited,Automobile and Auto Components,Stage 2,36.15,84.11,654507201.88,"Stage 2, trend_template_ok, volume_dryup",watchlist,weekly_watchlist,watchlist,54.47,30.4,43.64,2.0,45.64
SUNFLAG.NS,Sunflag Iron And Steel Company Limited,Metals & Mining,Stage 2,64.9,45.87,174931201.18,"Stage 2, trend_template_ok, volume_dryup",watchlist,weekly_watchlist,watchlist,51.35,27.2,40.48,5.0,45.48
VENUSPIPES.NS,Venus Pipes & Tubes Limited,Capital Goods,Stage 2,52.49,33.21,170625030.91,Stage 2,watchlist,weekly_watchlist,watchlist,38.62,31.6,35.46,10.0,45.46
BHARTIHEXA.NS,Bharti Hexacom Ltd.,Telecommunication,Stage 3,-7.92,-7.37,152485562.9,"Stage 3, weekly_vcp_ok, weekly_strong, distribution_risk",watchlist,weekly_watchlist,watchlist,31.82,39.8,35.41,10.0,45.41
BANCOINDIA.NS,Banco Products (I) Limited,Automobile and Auto Components,Stage 2,13.74,2.88,244738779.87,"Stage 2, weekly_vcp_ok, weekly_strong",watchlist,weekly_near_pivot,watchlist,23.41,67.46,43.23,2.0,45.23
KEC.NS,KEC International Limited,Capital Goods,Stage 3,-5.01,-15.33,496183363.74,"Stage 3, weekly_vcp_ok, volume_dryup, weekly_strong, distribution_risk",watchlist,weekly_watchlist,watchlist,31.5,39.8,35.23,10.0,45.23
ASIANPAINT.NS,Asian Paints Limited,Consumer Durables,Stage 2,23.19,5.91,3566548596.11,Stage 2,watchlist,weekly_watchlist,watchlist,53.6,34.91,45.19,0.0,45.19
GRASIM.NS,Grasim Industries Limited,Construction Materials,Stage 2,18.94,20.03,2069476715.22,"Stage 2, daily_vcp_ok, volume_dryup",watchlist,weekly_watchlist,watchlist,56.56,31.1,45.1,0.0,45.1
GLENMARK.NS,Glenmark Pharmaceuticals Limited,Healthcare,Stage 3,3.7,21.42,1576108375.6,"Stage 3, weekly_vcp_ok, volume_dryup, weekly_strong, distribution_risk",watchlist,weekly_watchlist,watchlist,37.26,43.41,40.03,5.0,45.03
INDIGOPNTS.NS,Indigo Paints Limited,Consumer Durables,Stage 2,35.88,-6.63,123624099.88,"Stage 2, volume_dryup",watchlist,weekly_watchlist,watchlist,52.12,36.12,44.92,0.0,44.92
PETRONET.NS,Petronet LNG Limited,"Oil, Gas & Consumable Fuels",Stage 1,5.99,16.51,944050008.43,"Stage 1, stage1_base_ready, weekly_vcp_ok, weekly_strong, stage1_not_actionable",watchlist,weekly_watchlist,watchlist,32.82,55.05,42.82,2.0,44.82
IFBIND.NS,IFB Industries Limited,Consumer Durables,Stage 2,28.47,-9.4,378051254.67,"Stage 2, volume_dryup",watchlist,weekly_watchlist,watchlist,52.01,35.91,44.77,0.0,44.77
APLLTD.NS,Alembic Pharmaceuticals Limited,Healthcare,Stage 3,14.58,-2.12,115988613.95,"Stage 3, weekly_vcp_ok, weekly_strong, distribution_risk",watchlist,weekly_watchlist,watchlist,32.1,49.05,39.73,5.0,44.73
ENGINERSIN.NS,Engineers India Limited,Construction,Stage 2,31.73,37.81,914847728.85,"Stage 2, trend_template_ok",watchlist,weekly_watchlist,watchlist,53.62,29.35,42.7,2.0,44.7
INDIGO.NS,InterGlobe Aviation Limited,Services,Stage 3,13.32,8.76,5253027083.36,"Stage 3, weekly_vcp_ok, weekly_strong, distribution_risk",watchlist,weekly_watchlist,watchlist,30.31,51.11,39.67,5.0,44.67
CIEINDIA.NS,CIE Automotive India Limited,Automobile and Auto Components,Stage 2,-4.02,26.56,107099359.96,"Stage 2, daily_vcp_ok, volume_dryup",watchlist,weekly_watchlist,watchlist,54.95,27.45,42.58,2.0,44.58
HATHWAY.NS,Hathway Cable & Datacom Limited,"Media, Entertainment & Publication",Stage 3,22.45,5.88,54439281.41,"Stage 3, weekly_vcp_ok, weekly_strong, distribution_risk",watchlist,weekly_watchlist,watchlist,35.03,51.73,42.55,2.0,44.55
RAYMOND.NS,Raymond Limited,Textiles,Stage 2,56.82,43.06,367703806.45,"Stage 2, volume_dryup",watchlist,weekly_watchlist,watchlist,32.93,36.4,34.49,10.0,44.49
HONASA.NS,Honasa Consumer Ltd.,Fast Moving Consumer Goods,Stage 2,48.88,68.41,903467650.46,"Stage 2, trend_template_ok, volume_dryup",watchlist,weekly_watchlist,watchlist,53.02,34.0,44.46,0.0,44.46
ABSLAMC.NS,Aditya Birla Sun Life AMC Limited,Financial Services,Stage 2,24.65,60.57,454032504.84,"Stage 2, trend_template_ok",watchlist,weekly_watchlist,watchlist,50.88,32.0,42.38,2.0,44.38
SHRIRAMFIN.NS,Shriram Finance Ltd.,Financial Services,Stage 2,3.65,23.74,5380814268.79,Stage 2,watchlist,weekly_watchlist,watchlist,52.73,28.74,41.93,2.0,43.93
ITDC.NS,India Tourism Development Corporation Limited,Consumer Services,Stage 2,38.26,21.1,824790483.2,"Stage 2, volume_dryup",watchlist,weekly_watchlist,watchlist,60.01,23.94,43.78,0.0,43.78
TTML.NS,Tata Teleservices (Maharashtra) Limited,Telecommunication,Stage 3,14.67,-4.91,335923040.46,"Stage 3, weekly_vcp_ok, weekly_strong, distribution_risk",watchlist,weekly_watchlist,watchlist,27.8,40.78,33.64,10.0,43.64
AADHARHFC.NS,Aadhar Housing Finance Ltd.,Financial Services,Stage 3,9.48,15.71,243884323.78,"Stage 3, weekly_vcp_ok, weekly_strong, distribution_risk",watchlist,weekly_watchlist,watchlist,37.47,45.92,41.27,2.0,43.27
NATIONALUM.NS,National Aluminium Company Limited,Metals & Mining,Stage 3,-1.6,44.72,6039735800.12,"Stage 3, weekly_vcp_ok, weekly_strong, distribution_risk",watchlist,weekly_watchlist,watchlist,33.41,44.11,38.22,5.0,43.22
CCL.NS,CCL Products (India) Limited,Fast Moving Consumer Goods,Stage 2,8.13,22.48,779552680.66,"Stage 2, trend_template_ok",watchlist,weekly_watchlist,watchlist,51.69,32.66,43.13,0.0,43.13
DEEPAKFERT.NS,Deepak Fertilizers and Petrochemicals Corporation Limited,Chemicals,Stage 2,69.25,36.49,581281208.76,Stage 2,watchlist,weekly_watchlist,watchlist,34.97,42.0,38.13,5.0,43.13
PREMIERENE.NS,Premier Energies Ltd.,Capital Goods,Stage 2,23.16,26.86,1845710844.8,"Stage 2, volume_dryup",watchlist,weekly_watchlist,watchlist,37.25,27.4,32.82,10.0,42.82
VINATIORGA.NS,Vinati Organics Limited,Chemicals,Stage 3,-6.99,-7.03,105303374.31,"Stage 3, weekly_vcp_ok, weekly_strong, distribution_risk",watchlist,weekly_watchlist,watchlist,29.15,47.8,37.54,5.0,42.54
SANOFI.NS,Sanofi India Limited,Healthcare,Stage 3,-2.47,-10.98,83839366.95,"Stage 3, weekly_vcp_ok, volume_dryup, weekly_strong, distribution_risk",watchlist,weekly_watchlist,watchlist,29.14,47.8,37.54,5.0,42.54
BHARTIARTL.NS,Bharti Airtel Limited,Telecommunication,Stage 1,2.76,-1.55,16664035359.05,"Stage 1, stage1_not_actionable, stage1_needs_more_base",watchlist,weekly_watchlist,watchlist,44.2,18.12,32.46,10.0,42.46
IMFA.NS,Indian Metals & Ferro Alloys Limited,Metals & Mining,Stage 3,15.25,11.22,301082775.69,"Stage 3, weekly_vcp_ok, volume_dryup, weekly_strong, distribution_risk",watchlist,weekly_watchlist,watchlist,34.01,41.65,37.45,5.0,42.45
NESTLEIND.NS,Nestle India Limited,Fast Moving Consumer Goods,Stage 2,17.43,23.02,2901444984.09,"Stage 2, trend_template_ok, volume_dryup",watchlist,weekly_watchlist,watchlist,52.36,30.05,42.32,0.0,42.32
LTF.NS,L&T Finance Ltd.,Financial Services,Stage 2,10.95,3.68,1374357682.63,Stage 2,watchlist,weekly_watchlist,watchlist,50.79,27.46,40.29,2.0,42.29
SUNPHARMA.NS,Sun Pharmaceutical Industries Limited,Healthcare,Stage 3,3.55,11.01,4702341103.13,"Stage 3, weekly_vcp_ok, volume_dryup, distribution_risk",watchlist,weekly_watchlist,watchlist,38.56,35.56,37.21,5.0,42.21
TRIVENI.NS,Triveni Engineering & Industries Limited,Fast Moving Consumer Goods,Stage 2,15.91,15.54,167572063.94,Stage 2,watchlist,weekly_watchlist,watchlist,54.85,26.74,42.2,0.0,42.2
RTNINDIA.NS,RattanIndia Enterprises Limited,Services,Stage 3,29.22,-4.91,136297305.03,"Stage 3, weekly_vcp_ok, volume_dryup, weekly_strong, distribution_risk",watchlist,weekly_watchlist,watchlist,32.02,43.33,37.11,5.0,42.11
IKS.NS,Inventurus Knowledge Solutions Ltd.,Information Technology,Stage 2,23.44,7.52,226139054.28,"Stage 2, trend_template_ok, volume_dryup",watchlist,weekly_watchlist,watchlist,51.72,30.3,42.08,0.0,42.08
DATAMATICS.NS,Datamatics Global Services Limited,Information Technology,Stage 2,15.84,5.97,96475342.15,"Stage 2, volume_dryup",watchlist,weekly_watchlist,watchlist,44.93,38.38,41.98,0.0,41.98
WABAG.NS,VA Tech Wabag Limited,Utilities,Stage 2,63.34,60.84,1141640757.64,Stage 2,watchlist,weekly_watchlist,watchlist,38.75,23.6,31.93,10.0,41.93
CONCORDBIO.NS,Concord Biotech Limited,Healthcare,Stage 3,17.61,6.6,813741504.58,"Stage 3, weekly_vcp_ok, weekly_strong, distribution_risk",watchlist,weekly_watchlist,watchlist,32.49,42.22,36.87,5.0,41.87
JWL.NS,Jupiter Wagons Limited,Capital Goods,Stage 4,3.97,15.41,693874748.49,"Stage 4, weekly_vcp_ok, volume_dryup, weekly_strong, downtrend",watchlist,weekly_watchlist,watchlist,30.04,34.07,31.85,10.0,41.85
RKFORGE.NS,Ramkrishna Forgings Limited,Capital Goods,Stage 2,12.12,26.45,191922497.52,"Stage 2, volume_dryup",watchlist,weekly_watchlist,watchlist,33.16,29.86,31.67,10.0,41.67
FIVESTAR.NS,Five-Star Business Finance Limited,Financial Services,Stage 3,36.03,-4.38,861206796.31,"Stage 3, weekly_vcp_ok, weekly_strong, distribution_risk",watchlist,weekly_watchlist,watchlist,30.36,50.96,39.63,2.0,41.63
KSL.NS,Kalyani Steels Limited,Capital Goods,Stage 2,27.66,20.66,31170155.82,"Stage 2, volume_dryup",watchlist,weekly_watchlist,watchlist,35.66,26.43,31.51,10.0,41.51
SUMICHEM.NS,Sumitomo Chemical India Limited,Chemicals,Stage 3,16.58,8.7,133549734.37,"Stage 3, weekly_vcp_ok, volume_dryup, weekly_strong, distribution_risk",watchlist,weekly_watchlist,watchlist,30.77,43.43,36.47,5.0,41.47
BANKBARODA.NS,Bank of Baroda,Financial Services,Stage 3,4.6,8.69,3813051942.64,"Stage 3, weekly_vcp_ok, weekly_strong, distribution_risk",watchlist,weekly_watchlist,watchlist,31.45,49.13,39.41,2.0,41.41
HNDFDS.NS,Hindustan Foods Limited,Fast Moving Consumer Goods,Stage 1,12.22,11.3,32088873.94,"Stage 1, stage1_base_ready, weekly_vcp_ok, weekly_strong, stage1_not_actionable",watchlist,weekly_watchlist,watchlist,30.13,55.15,41.39,0.0,41.39
BAJAJCON.NS,Bajaj Consumer Care Limited,Fast Moving Consumer Goods,Stage 2,79.93,154.6,406100649.13,"Stage 2, trend_template_ok, volume_dryup",watchlist,weekly_watchlist,watchlist,55.5,23.6,41.15,0.0,41.15
BSE.NS,BSE Ltd.,Financial Services,Stage 2,37.04,60.64,15550583044.97,"Stage 2, trend_template_ok",watchlist,weekly_watchlist,watchlist,51.85,23.6,39.14,2.0,41.14
ASTRAMICRO.NS,Astra Microwave Products Limited,Capital Goods,Stage 2,83.51,96.64,2866005594.48,Stage 2,watchlist,weekly_watchlist,watchlist,37.31,23.6,31.14,10.0,41.14
GNFC.NS,Gujarat Narmada Valley Fertilizers and Chemicals Limited,Chemicals,Stage 2,36.62,23.64,241574355.21,Stage 2,watchlist,weekly_watchlist,watchlist,37.51,34.43,36.12,5.0,41.12
JSWENERGY.NS,JSW Energy Limited,Power,Stage 2,11.24,28.17,1996165112.28,"Stage 2, volume_dryup",watchlist,weekly_watchlist,watchlist,34.92,26.34,31.06,10.0,41.06
ACMESOLAR.NS,ACME Solar Holdings Ltd.,Power,Stage 2,27.03,51.61,1019938360.32,"Stage 2, volume_dryup",watchlist,weekly_watchlist,watchlist,36.13,24.66,30.97,10.0,40.97
CDSL.NS,Central Depository Services (India) Ltd.,Financial Services,Stage 3,12.91,0.57,2397049625.73,"Stage 3, weekly_vcp_ok, weekly_strong, distribution_risk",watchlist,weekly_watchlist,watchlist,30.57,49.15,38.93,2.0,40.93
ERIS.NS,Eris Lifesciences Limited,Healthcare,Stage 3,9.49,-0.4,91508689.45,"Stage 3, weekly_vcp_ok, volume_dryup, weekly_strong, distribution_risk",watchlist,weekly_watchlist,watchlist,24.31,49.81,35.78,5.0,40.78
SBIN.NS,State Bank of India,Financial Services,Stage 3,-1.37,15.79,13932321252.76,"Stage 3, weekly_vcp_ok, weekly_strong, distribution_risk",watchlist,weekly_watchlist,watchlist,30.2,49.24,38.77,2.0,40.77
CASTROLIND.NS,Castrol India Limited,"Oil, Gas & Consumable Fuels",Stage 3,0.53,12.35,188656184.37,"Stage 3, weekly_vcp_ok, weekly_strong, distribution_risk",watchlist,weekly_watchlist,watchlist,29.39,50.19,38.75,2.0,40.75
MANAPPURAM.NS,Manappuram Finance Limited,Financial Services,Stage 2,18.99,19.49,777860442.34,"Stage 2, volume_dryup",watchlist,weekly_watchlist,watchlist,40.1,37.05,38.73,2.0,40.73
TITAN.NS,Titan Company Limited,Consumer Durables,Stage 2,7.63,20.91,3635999868.31,"Stage 2, volume_dryup",watchlist,weekly_watchlist,watchlist,49.42,30.05,40.7,0.0,40.7
RELAXO.NS,Relaxo Footwears Limited,Consumer Durables,Stage 3,22.77,-3.45,403927022.35,"Stage 3, weekly_vcp_ok, volume_dryup, weekly_strong, distribution_risk",watchlist,weekly_watchlist,watchlist,33.13,49.73,40.6,0.0,40.6
J&KBANK.NS,The Jammu & Kashmir Bank Limited,Financial Services,Stage 2,36.1,70.73,625237832.54,"Stage 2, trend_template_ok",watchlist,weekly_watchlist,watchlist,51.55,22.4,38.43,2.0,40.43
SUPREMEIND.NS,Supreme Industries Limited,Capital Goods,Stage 4,-10.1,13.2,520262035.86,"Stage 4, weekly_vcp_ok, volume_dryup, weekly_strong, downtrend",watchlist,weekly_watchlist,watchlist,25.71,36.11,30.39,10.0,40.39
EIDPARRY.NS,EID Parry India Limited,Chemicals,Stage 3,-16.06,-23.69,366632783.39,"Stage 3, weekly_vcp_ok, weekly_strong, distribution_risk",watchlist,weekly_watchlist,watchlist,31.58,39.8,35.28,5.0,40.28
JLHL.NS,Jupiter Life Line Hospitals Limited,Healthcare,Stage 1,2.94,3.06,26475039.26,"Stage 1, weekly_vcp_ok, volume_dryup, weekly_strong, stage1_not_actionable, stage1_needs_more_base",watchlist,weekly_watchlist,watchlist,22.55,50.4,35.08,5.0,40.08
CHALET.NS,Chalet Hotels Limited,Consumer Services,Stage 3,7.62,0.41,140637478.31,"Stage 3, weekly_vcp_ok, weekly_strong, distribution_risk",watchlist,weekly_watchlist,watchlist,33.0,48.6,40.02,0.0,40.02
NEULANDLAB.NS,Neuland Laboratories Limited,Healthcare,Stage 2,41.5,17.66,588756727.8,"Stage 2, volume_dryup",watchlist,weekly_watchlist,watchlist,36.54,33.12,35.0,5.0,40.0
DELHIVERY.NS,Delhivery Limited,Services,Stage 1,9.71,23.14,949279209.38,"Stage 1, stage1_base_ready, weekly_vcp_ok, weekly_strong, stage1_not_actionable",watchlist,weekly_watchlist,watchlist,17.51,56.08,34.87,5.0,39.87
BALRAMCHIN.NS,Balrampur Chini Mills Limited,Fast Moving Consumer Goods,Stage 2,8.09,28.54,335073343.97,"Stage 2, daily_vcp_ok",watchlist,weekly_watchlist,watchlist,51.15,26.06,39.86,0.0,39.86
MAHSCOOTER.NS,Maharashtra Scooters Limited,Financial Services,Stage 3,-2.47,-2.84,79323580.15,"Stage 3, weekly_vcp_ok, volume_dryup, weekly_strong, distribution_risk",watchlist,weekly_watchlist,watchlist,29.71,47.8,37.85,2.0,39.85
IGL.NS,Indraprastha Gas Limited,"Oil, Gas & Consumable Fuels",Stage 3,7.22,-3.56,510814973.85,"Stage 3, weekly_vcp_ok, volume_dryup, weekly_strong, distribution_risk",watchlist,weekly_watchlist,watchlist,29.35,48.17,37.82,2.0,39.82
ALKYLAMINE.NS,Alkyl Amines Chemicals Limited,Chemicals,Stage 2,41.76,24.64,396658758.92,"Stage 2, volume_dryup",watchlist,weekly_watchlist,watchlist,32.62,37.44,34.79,5.0,39.79
BANKINDIA.NS,Bank of India,Financial Services,Stage 3,2.0,14.43,1379589757.28,"Stage 3, weekly_vcp_ok, weekly_strong, distribution_risk",watchlist,weekly_watchlist,watchlist,28.16,49.44,37.74,2.0,39.74
GALLANTT.NS,Gallantt Ispat Limited,Capital Goods,Stage 3,28.31,27.73,98603781.92,"Stage 3, weekly_vcp_ok, volume_dryup, weekly_strong, distribution_risk",watchlist,weekly_watchlist,watchlist,15.1,47.6,29.73,10.0,39.73
ISGEC.NS,Isgec Heavy Engineering Limited,Construction,Stage 3,0.36,20.81,54633273.23,"Stage 3, weekly_vcp_ok, volume_dryup, weekly_strong, distribution_risk",watchlist,weekly_watchlist,watchlist,34.22,41.92,37.69,2.0,39.69
MASFIN.NS,MAS Financial Services Limited,Financial Services,Stage 2,7.1,9.48,30343506.35,"Stage 2, volume_dryup",watchlist,weekly_watchlist,watchlist,45.87,27.66,37.68,2.0,39.68
CMSINFO.NS,CMS Info Systems Limited,Services,Stage 3,3.47,-5.21,97999500.64,"Stage 3, weekly_vcp_ok, volume_dryup, weekly_strong, distribution_risk",watchlist,weekly_watchlist,watchlist,29.52,40.9,34.64,5.0,39.64
BASF.NS,BASF India Limited,Chemicals,Stage 3,4.02,-0.72,50553147.38,"Stage 3, weekly_vcp_ok, volume_dryup, weekly_strong, distribution_risk",watchlist,weekly_watchlist,watchlist,30.0,40.13,34.56,5.0,39.56
CLEAN.NS,Clean Science and Technology Limited,Chemicals,Stage 3,10.59,-4.22,182216179.65,"Stage 3, weekly_vcp_ok, volume_dryup, weekly_strong, distribution_risk",watchlist,weekly_watchlist,watchlist,29.71,40.44,34.54,5.0,39.54
NSLNISP.NS,NMDC Steel Limited,Metals & Mining,Stage 2,28.25,25.51,767462791.38,"Stage 2, volume_dryup",watchlist,weekly_watchlist,watchlist,36.84,31.38,34.38,5.0,39.38
SHANTIGEAR.NS,Shanthi Gears Limited,Capital Goods,Stage 3,-1.78,3.76,5428715.2,"Stage 3, weekly_vcp_ok, weekly_strong, distribution_risk",watchlist,weekly_watchlist,watchlist,20.3,40.0,29.16,10.0,39.16
HINDWAREAP.NS,Hindware Home Innovation Limited,Consumer Durables,Stage 3,20.6,0.57,196908766.86,"Stage 3, weekly_vcp_ok, weekly_strong, distribution_risk",watchlist,weekly_watchlist,watchlist,29.32,51.02,39.09,0.0,39.09
THANGAMAYL.NS,Thangamayil Jewellery Limited,Consumer Durables,Stage 2,60.64,72.37,1251250811.92,"Stage 2, trend_template_ok",watchlist,weekly_watchlist,watchlist,50.75,24.8,39.07,0.0,39.07
LUXIND.NS,Lux Industries Limited,Textiles,Stage 1,35.32,19.13,76607216.03,"Stage 1, weekly_vcp_ok, volume_dryup, weekly_strong, stage1_not_actionable, stage1_needs_more_base",watchlist,weekly_watchlist,watchlist,13.95,47.25,28.93,10.0,38.93
GULFOILLUB.NS,Gulf Oil Lubricants India Limited,"Oil, Gas & Consumable Fuels",Stage 3,9.08,-4.96,99443002.99,"Stage 3, weekly_vcp_ok, weekly_strong, distribution_risk",watchlist,weekly_watchlist,watchlist,27.61,48.21,36.88,2.0,38.88
TATAINVEST.NS,Tata Investment Corporation Ltd.,Financial Services,Stage 1,12.18,5.77,304836393.66,"Stage 1, weekly_vcp_ok, volume_dryup, weekly_strong, stage1_not_actionable, stage1_needs_more_base",watchlist,weekly_watchlist,watchlist,31.24,43.59,36.8,2.0,38.8
CAPLIPOINT.NS,Caplin Point Laboratories Limited,Healthcare,Stage 2,50.36,36.74,482924802.85,Stage 2,watchlist,weekly_watchlist,watchlist,37.24,29.6,33.8,5.0,38.8
TATVA.NS,Tatva Chintan Pharma Chem Limited,Chemicals,Stage 3,1.46,-6.39,50603782.95,"Stage 3, weekly_vcp_ok, volume_dryup, weekly_strong, distribution_risk",watchlist,weekly_watchlist,watchlist,28.57,39.8,33.62,5.0,38.62
IIFL.NS,IIFL Finance Limited,Financial Services,Stage 3,12.14,3.09,1394517660.55,"Stage 3, weekly_vcp_ok, volume_dryup, weekly_strong, distribution_risk",watchlist,weekly_watchlist,watchlist,32.72,41.32,36.59,2.0,38.59
BALKRISIND.NS,Balkrishna Industries Limited,Automobile and Auto Components,Stage 3,1.46,2.36,526871870.13,"Stage 3, weekly_vcp_ok, weekly_strong, distribution_risk",watchlist,weekly_watchlist,watchlist,27.08,48.18,36.58,2.0,38.58
JAICORPLTD.NS,Jai Corp Limited,Capital Goods,Stage 1,21.09,3.64,74203345.49,"Stage 1, weekly_vcp_ok, weekly_strong, stage1_not_actionable, stage1_needs_more_base",watchlist,weekly_watchlist,watchlist,9.18,52.27,28.57,10.0,38.57
APOLLOTYRE.NS,Apollo Tyres Limited,Automobile and Auto Components,Stage 3,-0.39,-6.38,584254098.86,"Stage 3, weekly_vcp_ok, weekly_strong, distribution_risk",watchlist,weekly_watchlist,watchlist,27.25,47.8,36.5,2.0,38.5
BPCL.NS,Bharat Petroleum Corporation Limited,"Oil, Gas & Consumable Fuels",Stage 1,5.37,-6.61,2887330552.84,"Stage 1, weekly_vcp_ok, weekly_strong, stage1_not_actionable, stage1_needs_more_base",watchlist,weekly_watchlist,watchlist,25.61,49.8,36.5,2.0,38.5
PRESTIGE.NS,Prestige Estates Projects Ltd.,Realty,Stage 3,16.25,0.96,996272392.4,"Stage 3, weekly_vcp_ok, weekly_strong, distribution_risk",watchlist,weekly_watchlist,watchlist,29.28,49.52,38.39,0.0,38.39
LODHA.NS,Macrotech Developers Limited,Realty,Stage 3,10.42,-5.88,1843443566.15,"Stage 3, weekly_vcp_ok, volume_dryup, weekly_strong, distribution_risk",watchlist,weekly_watchlist,watchlist,30.07,48.25,38.25,0.0,38.25
HEG.NS,HEG Limited,Capital Goods,Stage 1,6.96,8.87,408350842.87,"Stage 1, weekly_vcp_ok, volume_dryup, weekly_strong, stage1_not_actionable, stage1_needs_more_base",watchlist,weekly_watchlist,watchlist,15.58,43.38,28.09,10.0,38.09
KIRLOSBROS.NS,Kirloskar Brothers Limited,Capital Goods,Stage 2,23.09,25.27,206456541.44,Stage 2,watchlist,weekly_watchlist,watchlist,33.25,21.64,28.03,10.0,38.03
GRSE.NS,Garden Reach Shipbuilders & Engineers Limited,Capital Goods,Stage 3,20.06,33.36,2296717489.8,"Stage 3, weekly_vcp_ok, volume_dryup, weekly_strong, distribution_risk",watchlist,weekly_watchlist,watchlist,13.97,45.14,28.0,10.0,38.0
TATAPOWER.NS,Tata Power Company Limited,Power,Stage 1,-0.87,14.1,2142295786.28,"Stage 1, stage1_base_ready, weekly_vcp_ok, weekly_strong, stage1_not_actionable",watchlist,weekly_watchlist,watchlist,12.82,46.12,27.8,10.0,37.8
ARE&M.NS,Amara Raja Energy & Mobility Ltd.,Automobile and Auto Components,Stage 3,7.98,-0.89,1126073123.25,"Stage 3, weekly_vcp_ok, volume_dryup, weekly_strong, distribution_risk",watchlist,weekly_watchlist,watchlist,31.78,40.51,35.71,2.0,37.71
MEDANTA.NS,Global Health Limited,Healthcare,Stage 3,19.41,18.85,282213906.64,"Stage 3, weekly_vcp_ok, distribution_risk",watchlist,weekly_watchlist,watchlist,28.42,37.93,32.7,5.0,37.7
GPIL.NS,Godawari Power And Ispat limited,Capital Goods,Stage 3,5.51,20.88,459662257.18,"Stage 3, weekly_vcp_ok, volume_dryup, weekly_strong, distribution_risk",watchlist,weekly_watchlist,watchlist,14.37,43.54,27.5,10.0,37.5
TRENT.NS,Trent Limited,Consumer Services,Stage 3,36.48,-12.83,4470122178.42,"Stage 3, weekly_vcp_ok, weekly_strong, distribution_risk",watchlist,weekly_watchlist,watchlist,32.73,43.27,37.47,0.0,37.47
KARURVYSYA.NS,Karur Vysya Bank Limited,Financial Services,Stage 2,5.51,24.45,749712559.08,Stage 2,watchlist,weekly_watchlist,watchlist,48.06,19.8,35.34,2.0,37.34
TECHNOE.NS,Techno Electric & Engineering Company Limited,Construction,Stage 3,-3.3,7.89,610873820.44,"Stage 3, weekly_vcp_ok, volume_dryup, weekly_strong, distribution_risk",watchlist,weekly_watchlist,watchlist,31.13,40.26,35.24,2.0,37.24
ADVENZYMES.NS,Advanced Enzyme Technologies Limited,Healthcare,Stage 2,35.0,30.94,54414032.22,"Stage 2, volume_dryup",watchlist,weekly_watchlist,watchlist,38.5,24.59,32.24,5.0,37.24
ANANTRAJ.NS,Anant Raj Limited,Realty,Stage 1,14.34,6.81,1775127466.91,"Stage 1, weekly_vcp_ok, volume_dryup, weekly_strong, stage1_not_actionable, stage1_needs_more_base",watchlist,weekly_watchlist,watchlist,31.66,43.91,37.17,0.0,37.17
NAZARA.NS,Nazara Technologies Limited,"Media, Entertainment & Publication",Stage 2,20.86,33.25,511953338.37,"Stage 2, volume_dryup",watchlist,weekly_watchlist,watchlist,32.36,38.61,35.17,2.0,37.17
SAFARI.NS,Safari Industries (India) Limited,Consumer Durables,Stage 3,7.37,-18.97,209575666.97,"Stage 3, weekly_vcp_ok, volume_dryup, weekly_strong, distribution_risk",watchlist,weekly_watchlist,watchlist,28.45,47.8,37.16,0.0,37.16
ASAHIINDIA.NS,Asahi India Glass Limited,Automobile and Auto Components,Stage 3,-1.24,-7.02,111372775.79,"Stage 3, weekly_vcp_ok, volume_dryup, weekly_strong, distribution_risk",watchlist,weekly_watchlist,watchlist,31.2,39.8,35.07,2.0,37.07
TMPV.NS,Tata Motors Passenger Vehicles Ltd.,Automobile and Auto Components,Stage 3,15.36,12.47,5161707589.35,"Stage 3, weekly_vcp_ok, weekly_strong, distribution_risk",watchlist,weekly_watchlist,watchlist,29.52,41.78,35.04,2.0,37.04
BERGEPAINT.NS,Berger Paints (I) Limited,Consumer Durables,Stage 2,32.67,10.0,384302437.5,Stage 2,watchlist,weekly_watchlist,watchlist,36.02,38.27,37.03,0.0,37.03
TBOTEK.NS,TBO Tek Ltd.,Consumer Services,Stage 3,32.31,-3.66,303177778.94,"Stage 3, weekly_vcp_ok, weekly_strong, distribution_risk",watchlist,weekly_watchlist,watchlist,32.05,42.67,36.83,0.0,36.83
CUB.NS,City Union Bank Limited,Financial Services,Stage 3,5.56,3.1,547141044.83,"Stage 3, weekly_vcp_ok, weekly_strong, distribution_risk",watchlist,weekly_watchlist,watchlist,29.96,40.67,34.78,2.0,36.78
POWERMECH.NS,Power Mech Projects Limited,Construction,Stage 2,42.66,31.08,363714619.66,Stage 2,watchlist,weekly_watchlist,watchlist,45.33,21.77,34.73,2.0,36.73
VOLTAMP.NS,Voltamp Transformers Limited,Capital Goods,Stage 2,19.88,37.2,396601183.68,"Stage 2, volume_dryup",watchlist,weekly_watchlist,watchlist,32.08,20.11,26.69,10.0,36.69
BHARATRAS.NS,Bharat Rasayan Limited,Chemicals,Stage 3,4.46,-33.05,22491447.91,"Stage 3, weekly_vcp_ok, volume_dryup, weekly_strong, distribution_risk",watchlist,weekly_watchlist,watchlist,25.0,39.8,31.66,5.0,36.66
JKPAPER.NS,JK Paper Limited,Forest Materials,Stage 1,3.02,3.57,74763243.06,"Stage 1, weekly_vcp_ok, volume_dryup, weekly_strong, stage1_not_actionable, stage1_needs_more_base",watchlist,weekly_watchlist,watchlist,31.76,42.46,36.58,0.0,36.58
HCLTECH.NS,HCL Technologies Limited,Information Technology,Stage 3,-13.91,-22.0,4425985275.6,"Stage 3, weekly_vcp_ok, weekly_strong, distribution_risk",watchlist,weekly_watchlist,watchlist,33.82,39.8,36.51,0.0,36.51
INDIAMART.NS,Indiamart Intermesh Limited,Consumer Services,Stage 3,4.12,3.91,160909616.76,"Stage 3, weekly_vcp_ok, weekly_strong, distribution_risk",watchlist,weekly_watchlist,watchlist,31.2,42.8,36.42,0.0,36.42
GODREJPROP.NS,Godrej Properties Limited,Realty,Stage 3,13.88,-3.06,1027173249.05,"Stage 3, weekly_vcp_ok, volume_dryup, weekly_strong, distribution_risk",watchlist,weekly_watchlist,watchlist,32.76,40.88,36.41,0.0,36.41
TECHM.NS,Tech Mahindra Limited,Information Technology,Stage 1,3.32,-2.94,3629368008.6,"Stage 1, weekly_vcp_ok, weekly_strong, stage1_not_actionable, stage1_needs_more_base",watchlist,weekly_watchlist,watchlist,31.82,41.84,36.33,0.0,36.33
TEAMLEASE.NS,Teamlease Services Limited,Services,Stage 2,23.56,-0.82,33116505.03,Stage 2,watchlist,weekly_watchlist,watchlist,32.67,29.47,31.23,5.0,36.23
DIXON.NS,Dixon Technologies (India) Limited,Consumer Durables,Stage 3,20.96,2.11,6103330323.15,"Stage 3, weekly_vcp_ok, weekly_strong, distribution_risk",watchlist,weekly_watchlist,watchlist,31.31,42.11,36.17,0.0,36.17
JUSTDIAL.NS,Just Dial Limited,Consumer Services,Stage 3,2.71,-15.77,67653560.21,"Stage 3, weekly_vcp_ok, weekly_strong, distribution_risk",watchlist,weekly_watchlist,watchlist,33.18,39.8,36.16,0.0,36.16
PERSISTENT.NS,Persistent Systems Limited,Information Technology,Stage 3,3.08,-15.05,3135475377.4,"Stage 3, weekly_vcp_ok, weekly_strong, distribution_risk",watchlist,weekly_watchlist,watchlist,33.16,39.8,36.15,0.0,36.15
TASTYBITE.NS,Tasty Bite Eatables Limited,Fast Moving Consumer Goods,Stage 3,19.78,9.75,24183521.93,"Stage 3, weekly_vcp_ok, weekly_strong, distribution_risk",watchlist,weekly_watchlist,watchlist,24.13,50.75,36.11,0.0,36.11
INFY.NS,Infosys Limited,Information Technology,Stage 3,-13.84,-25.14,18188127739.01,"Stage 3, weekly_vcp_ok, weekly_strong, distribution_risk",watchlist,weekly_watchlist,watchlist,33.06,39.8,36.09,0.0,36.09
IDBI.NS,IDBI Bank Limited,Financial Services,Stage 3,16.44,-7.45,1902071094.38,"Stage 3, weekly_vcp_ok, weekly_strong, distribution_risk",watchlist,weekly_watchlist,watchlist,28.67,40.7,34.08,2.0,36.08
MPHASIS.NS,MphasiS Limited,Information Technology,Stage 3,8.92,-13.06,1189989894.96,"Stage 3, weekly_vcp_ok, weekly_strong, distribution_risk",watchlist,weekly_watchlist,watchlist,32.99,39.8,36.05,0.0,36.05
NATCOPHARM.NS,Natco Pharma Limited,Healthcare,Stage 1,-7.06,4.36,985095534.38,"Stage 1, weekly_vcp_ok, weekly_strong, stage1_not_actionable, stage1_needs_more_base",watchlist,weekly_watchlist,watchlist,22.77,41.0,30.97,5.0,35.97
NUVOCO.NS,Nuvoco Vistas Corporation Limited,Construction Materials,Stage 3,7.98,-4.32,178979065.43,"Stage 3, weekly_vcp_ok, volume_dryup, weekly_strong, distribution_risk",watchlist,weekly_watchlist,watchlist,32.47,40.17,35.94,0.0,35.94
DRREDDY.NS,Dr. Reddy's Laboratories Limited,Healthcare,Stage 1,-2.02,7.82,1894466086.73,"Stage 1, stage1_base_ready, volume_dryup, stage1_not_actionable",watchlist,weekly_watchlist,watchlist,36.78,23.78,30.93,5.0,35.93
TCS.NS,Tata Consultancy Services Limited,Information Technology,Stage 3,-10.41,-24.04,12889560111.25,"Stage 3, weekly_vcp_ok, weekly_strong, distribution_risk",watchlist,weekly_watchlist,watchlist,32.75,39.8,35.92,0.0,35.92
NAVA.NS,NAVA LIMITED,Power,Stage 1,12.31,16.71,227735257.43,"Stage 1, weekly_vcp_ok, volume_dryup, weekly_strong, stage1_not_actionable, stage1_needs_more_base",watchlist,weekly_watchlist,watchlist,9.62,45.8,25.9,10.0,35.9
GODREJAGRO.NS,Godrej Agrovet Limited,Fast Moving Consumer Goods,Stage 3,-1.65,8.11,51541208.05,"Stage 3, weekly_vcp_ok, volume_dryup, weekly_strong, distribution_risk",watchlist,weekly_watchlist,watchlist,31.22,41.55,35.87,0.0,35.87
ETERNAL.NS,Eternal Ltd.,Consumer Services,Stage 3,13.71,0.72,7067333344.83,"Stage 3, weekly_vcp_ok, weekly_strong, distribution_risk",watchlist,weekly_watchlist,watchlist,30.57,42.34,35.87,0.0,35.87
ROUTE.NS,ROUTE MOBILE LIMITED,Telecommunication,Stage 3,12.53,-11.6,93921647.68,"Stage 3, weekly_vcp_ok, volume_dryup, weekly_strong, distribution_risk",watchlist,weekly_watchlist,watchlist,7.79,47.89,25.84,10.0,35.84
HGS.NS,Hinduja Global Solutions Limited,Services,Stage 3,15.32,3.26,41957917.35,"Stage 3, weekly_vcp_ok, weekly_strong, distribution_risk",watchlist,weekly_watchlist,watchlist,21.96,41.66,30.83,5.0,35.83
LATENTVIEW.NS,Latent View Analytics Limited,Information Technology,Stage 3,9.23,-30.57,251766893.42,"Stage 3, weekly_vcp_ok, volume_dryup, weekly_strong, distribution_risk",watchlist,weekly_watchlist,watchlist,32.14,39.8,35.59,0.0,35.59
VIPIND.NS,VIP Industries Limited,Consumer Durables,Stage 3,-3.7,-2.29,679959625.63,"Stage 3, weekly_vcp_ok, volume_dryup, weekly_strong, distribution_risk",watchlist,weekly_watchlist,watchlist,31.2,40.9,35.56,0.0,35.56
AARTIDRUGS.NS,Aarti Drugs Limited,Healthcare,Stage 3,7.87,4.51,46275299.3,"Stage 3, weekly_vcp_ok, weekly_strong, distribution_risk",watchlist,weekly_watchlist,watchlist,21.98,41.04,30.56,5.0,35.56
KSCL.NS,Kaveri Seed Company Limited,Fast Moving Consumer Goods,Stage 3,9.04,-4.31,75311650.33,"Stage 3, weekly_vcp_ok, volume_dryup, weekly_strong, distribution_risk",watchlist,weekly_watchlist,watchlist,31.67,40.27,35.54,0.0,35.54
PRICOLLTD.NS,Pricol Limited,Automobile and Auto Components,Stage 3,2.71,-3.77,236814795.35,"Stage 3, weekly_vcp_ok, volume_dryup, weekly_strong, distribution_risk",watchlist,weekly_watchlist,watchlist,28.34,39.8,33.5,2.0,35.5
IOC.NS,Indian Oil Corporation Ltd.,"Oil, Gas & Consumable Fuels",Stage 1,-1.34,-3.18,1944344489.28,"Stage 1, weekly_vcp_ok, weekly_strong, stage1_not_actionable, stage1_needs_more_base",watchlist,weekly_watchlist,watchlist,26.7,41.8,33.49,2.0,35.49
NAUKRI.NS,Info Edge (India) Limited,Consumer Services,Stage 3,-0.43,-18.48,2316003097.19,"Stage 3, weekly_vcp_ok, volume_dryup, weekly_strong, distribution_risk",watchlist,weekly_watchlist,watchlist,31.89,39.8,35.45,0.0,35.45
KOLTEPATIL.NS,Kolte - Patil Developers Limited,Realty,Stage 3,13.28,7.33,20944409.62,"Stage 3, weekly_vcp_ok, volume_dryup, weekly_strong, distribution_risk",watchlist,weekly_watchlist,watchlist,23.64,49.86,35.44,0.0,35.44
CANBK.NS,Canara Bank,Financial Services,Stage 3,2.1,-0.22,4081779306.66,"Stage 3, weekly_vcp_ok, weekly_strong, distribution_risk",watchlist,weekly_watchlist,watchlist,28.06,39.99,33.43,2.0,35.43
TORNTPOWER.NS,Torrent Power Limited,Power,Stage 3,-2.07,22.23,616052580.19,"Stage 3, weekly_vcp_ok, volume_dryup, weekly_strong, distribution_risk",watchlist,weekly_watchlist,watchlist,10.89,42.92,25.3,10.0,35.3
BDL.NS,Bharat Dynamics Limited,Capital Goods,Stage 3,7.36,11.89,1959346745.71,"Stage 3, distribution_risk",watchlist,weekly_watchlist,watchlist,35.13,13.22,25.27,10.0,35.27
MASTEK.NS,Mastek Limited,Information Technology,Stage 3,8.82,-17.68,96809763.62,"Stage 3, weekly_vcp_ok, volume_dryup, weekly_strong, distribution_risk",watchlist,weekly_watchlist,watchlist,31.52,39.8,35.25,0.0,35.25
PARADEEP.NS,Paradeep Phosphates Limited,Chemicals,Stage 3,18.58,-4.35,486908082.86,"Stage 3, weekly_vcp_ok, distribution_risk",watchlist,weekly_watchlist,watchlist,32.46,27.52,30.24,5.0,35.24
VMM.NS,Vishal Mega Mart Ltd.,Consumer Services,Stage 3,13.33,-3.54,1211500814.19,"Stage 3, weekly_vcp_ok, weekly_strong, distribution_risk",watchlist,weekly_watchlist,watchlist,30.99,39.98,35.04,0.0,35.04
UNITDSPR.NS,United Spirits Ltd.,Fast Moving Consumer Goods,Stage 1,0.62,0.9,1042851215.92,"Stage 1, weekly_vcp_ok, stage1_not_actionable, stage1_needs_more_base",watchlist,weekly_watchlist,watchlist,33.97,36.25,35.0,0.0,35.0
CSBBANK.NS,CSB Bank Limited,Financial Services,Stage 3,-4.49,1.07,122989501.09,"Stage 3, weekly_vcp_ok, volume_dryup, weekly_strong, distribution_risk",watchlist,weekly_watchlist,watchlist,27.27,39.8,32.91,2.0,34.91
AFCONS.NS,Afcons Infrastructure Ltd.,Construction,Stage 3,11.0,-11.2,696078482.32,"Stage 3, weekly_vcp_ok, weekly_strong, distribution_risk",watchlist,weekly_watchlist,watchlist,27.2,39.8,32.87,2.0,34.87
CAMPUS.NS,Campus Activewear Limited,Consumer Durables,Stage 3,2.15,-1.44,169042912.62,"Stage 3, weekly_vcp_ok, weekly_strong, distribution_risk",watchlist,weekly_watchlist,watchlist,30.72,39.87,34.84,0.0,34.84
PRAJIND.NS,Praj Industries Limited,Capital Goods,Stage 3,7.92,10.18,384467562.43,"Stage 3, weekly_vcp_ok, volume_dryup, weekly_strong, distribution_risk",watchlist,weekly_watchlist,watchlist,10.94,41.61,24.74,10.0,34.74
DODLA.NS,Dodla Dairy Limited,Fast Moving Consumer Goods,Stage 3,-0.88,-0.98,17868691.93,"Stage 3, weekly_vcp_ok, volume_dryup, weekly_strong, distribution_risk",watchlist,weekly_watchlist,watchlist,23.97,47.8,34.69,0.0,34.69
SJVN.NS,SJVN Limited,Power,Stage 3,4.21,11.03,202586308.16,"Stage 3, weekly_vcp_ok, volume_dryup, weekly_strong, distribution_risk",watchlist,weekly_watchlist,watchlist,10.15,42.42,24.67,10.0,34.67
PGEL.NS,PG Electroplast Limited,Consumer Durables,Stage 3,9.25,7.23,1915473356.34,"Stage 3, weekly_vcp_ok, weekly_strong, distribution_risk",watchlist,weekly_watchlist,watchlist,22.55,49.45,34.66,0.0,34.66
ASTRAL.NS,Astral Limited,Capital Goods,Stage 3,-7.82,15.73,966605582.13,"Stage 3, volume_dryup, distribution_risk",watchlist,weekly_watchlist,watchlist,32.56,14.79,24.56,10.0,34.56
TCI.NS,Transport Corporation of India Limited,Services,Stage 3,-1.17,0.3,42920239.5,"Stage 3, weekly_vcp_ok, weekly_strong, distribution_risk",watchlist,weekly_watchlist,watchlist,21.11,39.8,29.52,5.0,34.52
GOCOLORS.NS,Go Fashion (India) Limited,Consumer Services,Stage 3,31.41,-16.0,1056544282.08,"Stage 3, weekly_vcp_ok, weekly_strong, distribution_risk",watchlist,weekly_watchlist,watchlist,28.74,41.34,34.41,0.0,34.41
TIINDIA.NS,Tube Investments of India Limited,Automobile and Auto Components,Stage 2,28.03,33.6,984715120.12,Stage 2,watchlist,weekly_watchlist,watchlist,34.53,29.76,32.38,2.0,34.38
MAXHEALTH.NS,Max Healthcare Institute Limited,Healthcare,Stage 3,13.03,13.98,3249469146.4,"Stage 3, weekly_vcp_ok, distribution_risk",watchlist,weekly_watchlist,watchlist,29.78,28.8,29.34,5.0,34.34
NEWGEN.NS,Newgen Software Technologies Limited,Information Technology,Stage 3,7.73,-34.47,1972987157.85,"Stage 3, weekly_vcp_ok, volume_dryup, weekly_strong, distribution_risk",watchlist,weekly_watchlist,watchlist,29.73,39.8,34.26,0.0,34.26
IRCTC.NS,Indian Railway Catering And Tourism Corporation Ltd.,Consumer Services,Stage 3,-3.02,-13.75,497420329.57,"Stage 3, weekly_vcp_ok, volume_dryup, weekly_strong, distribution_risk",watchlist,weekly_watchlist,watchlist,29.68,39.8,34.23,0.0,34.23
HUDCO.NS,Housing & Urban Development Corporation Limited,Financial Services,Stage 1,20.84,9.48,431808226.53,"Stage 1, weekly_vcp_ok, volume_dryup, weekly_strong, stage1_not_actionable, stage1_needs_more_base",watchlist,weekly_watchlist,watchlist,21.56,44.83,32.03,2.0,34.03
AJANTPHARM.NS,Ajanta Pharma Limited,Healthcare,Stage 2,2.29,25.87,371283871.81,Stage 2,watchlist,weekly_watchlist,watchlist,29.82,27.62,28.83,5.0,33.83
YESBANK.NS,Yes Bank Limited,Financial Services,Stage 2,36.34,25.67,3396163725.49,Stage 2,watchlist,weekly_watchlist,watchlist,33.01,30.2,31.75,2.0,33.75
NTPCGREEN.NS,NTPC Green Energy Ltd.,Power,Stage 1,-4.7,14.11,420534768.6,"Stage 1, weekly_vcp_ok, volume_dryup, weekly_strong, stage1_not_actionable, stage1_needs_more_base",watchlist,weekly_watchlist,watchlist,8.19,42.74,23.74,10.0,33.74
MANKIND.NS,Mankind Pharma Limited,Healthcare,Stage 1,12.96,22.44,1168856510.15,"Stage 1, weekly_vcp_ok, volume_dryup, weekly_strong, stage1_not_actionable, stage1_needs_more_base",watchlist,weekly_watchlist,watchlist,15.11,45.34,28.71,5.0,33.71
MOTILALOFS.NS,Motilal Oswal Financial Services Limited,Financial Services,Stage 2,40.25,23.07,937125906.18,Stage 2,watchlist,weekly_watchlist,watchlist,31.07,32.33,31.64,2.0,33.64
UTIAMC.NS,UTI Asset Management Company Limited,Financial Services,Stage 3,-1.05,-6.84,69984018.05,"Stage 3, weekly_vcp_ok, volume_dryup, weekly_strong, distribution_risk",watchlist,weekly_watchlist,watchlist,24.97,39.8,31.64,2.0,33.64
SUPRAJIT.NS,Suprajit Engineering Limited,Automobile and Auto Components,Stage 1,12.69,9.52,186327467.37,"Stage 1, stage1_base_ready, weekly_vcp_ok, volume_dryup, weekly_strong, stage1_not_actionable",watchlist,weekly_watchlist,watchlist,17.97,48.12,31.54,2.0,33.54
JKCEMENT.NS,J.K. Cement Ltd.,Construction Materials,Stage 3,8.22,6.14,411835116.5,"Stage 3, weekly_vcp_ok, weekly_strong, distribution_risk",watchlist,weekly_watchlist,watchlist,27.14,41.24,33.48,0.0,33.48
VOLTAS.NS,Voltas Limited,Consumer Durables,Stage 3,-1.8,5.43,1514199665.26,"Stage 3, weekly_vcp_ok, weekly_strong, distribution_risk",watchlist,weekly_watchlist,watchlist,28.0,40.16,33.47,0.0,33.47
FIRSTCRY.NS,Brainbees Solutions Ltd.,Consumer Services,Stage 3,0.88,-17.62,517968550.08,"Stage 3, weekly_vcp_ok, volume_dryup, weekly_strong, distribution_risk",watchlist,weekly_watchlist,watchlist,28.2,39.8,33.42,0.0,33.42
TI.NS,Tilaknagar Industries Limited,Fast Moving Consumer Goods,Stage 3,0.04,7.36,259043969.47,"Stage 3, weekly_vcp_ok, weekly_strong, distribution_risk",watchlist,weekly_watchlist,watchlist,27.58,40.54,33.41,0.0,33.41
NBCC.NS,NBCC (India) Ltd.,Construction,Stage 2,32.22,9.66,2382995241.62,Stage 2,watchlist,weekly_watchlist,watchlist,32.25,30.19,31.32,2.0,33.32
EXIDEIND.NS,Exide Industries Limited,Automobile and Auto Components,Stage 1,24.31,12.47,1488770004.93,"Stage 1, volume_dryup, stage1_not_actionable, stage1_needs_more_base",watchlist,weekly_watchlist,watchlist,38.87,21.68,31.13,2.0,33.13
OFSS.NS,Oracle Financial Services Software Limited,Information Technology,Stage 2,53.85,36.36,2544359891.62,"Stage 2, volume_dryup",watchlist,weekly_watchlist,watchlist,36.81,28.4,33.03,0.0,33.03
GMDCLTD.NS,Gujarat Mineral Development Corporation Limited,Metals & Mining,Stage 3,12.91,29.69,1375687746.97,"Stage 3, weekly_vcp_ok, volume_dryup, weekly_strong, distribution_risk",watchlist,weekly_watchlist,watchlist,13.89,45.16,27.96,5.0,32.96
NHPC.NS,NHPC Limited,Power,Stage 3,-2.38,10.2,3383580372.43,"Stage 3, weekly_vcp_ok, weekly_strong, distribution_risk",watchlist,weekly_watchlist,watchlist,8.54,40.58,22.96,10.0,32.96
BLUEJET.NS,Blue Jet Healthcare Ltd.,Healthcare,Stage 2,38.41,4.33,563605689.92,Stage 2,watchlist,weekly_watchlist,watchlist,26.02,30.27,27.93,5.0,32.93
SHAREINDIA.NS,Share India Securities Limited,Financial Services,Stage 3,11.55,-13.16,49085116.63,"Stage 3, weekly_vcp_ok, volume_dryup, weekly_strong, distribution_risk",watchlist,weekly_watchlist,watchlist,23.31,39.8,30.73,2.0,32.73
RBA.NS,Restaurant Brands Asia Limited,Consumer Services,Stage 2,17.61,22.95,473305217.07,Stage 2,watchlist,weekly_watchlist,watchlist,34.83,30.06,32.68,0.0,32.68
WSTCSTPAPR.NS,West Coast Paper Mills Limited,Forest Materials,Stage 2,20.44,33.54,75634548.01,"Stage 2, volume_dryup",watchlist,weekly_watchlist,watchlist,36.63,27.8,32.66,0.0,32.66
NOCIL.NS,NOCIL Limited,Chemicals,Stage 3,11.73,11.78,51977013.24,"Stage 3, weekly_vcp_ok, volume_dryup, weekly_strong, distribution_risk",watchlist,weekly_watchlist,watchlist,15.73,42.15,27.62,5.0,32.62
TVSHLTD.NS,TVS Holdings Limited,Automobile and Auto Components,Stage 3,-6.38,-0.79,49520840.15,"Stage 3, weekly_vcp_ok, weekly_strong, distribution_risk",watchlist,weekly_watchlist,watchlist,21.2,42.0,30.56,2.0,32.56
TEXRAIL.NS,Texmaco Rail & Engineering Limited,Capital Goods,Stage 3,20.48,-4.22,273064917.57,"Stage 3, volume_dryup, distribution_risk",watchlist,weekly_watchlist,watchlist,32.83,9.63,22.39,10.0,32.39
BAJAJHFL.NS,Bajaj Housing Finance Ltd.,Financial Services,Stage 3,6.25,1.22,398130447.45,"Stage 3, weekly_vcp_ok, distribution_risk",watchlist,weekly_watchlist,watchlist,32.95,26.85,30.21,2.0,32.21
ZYDUSWELL.NS,Zydus Wellness Limited,Fast Moving Consumer Goods,Stage 2,21.77,27.85,161539738.24,"Stage 2, volume_dryup",watchlist,weekly_watchlist,watchlist,36.09,27.36,32.16,0.0,32.16
LTFOODS.NS,LT Foods Ltd.,Fast Moving Consumer Goods,Stage 3,-1.88,4.68,211386421.68,"Stage 3, weekly_vcp_ok, weekly_strong, distribution_risk",watchlist,weekly_watchlist,watchlist,25.64,40.08,32.14,0.0,32.14
NMDC.NS,NMDC Limited,Metals & Mining,Stage 3,11.61,25.7,2889491306.57,"Stage 3, weekly_vcp_ok, weekly_strong, distribution_risk",watchlist,weekly_watchlist,watchlist,14.25,42.73,27.07,5.0,32.07
KPIL.NS,Kalpataru Projects International Limited,Construction,Stage 2,29.18,28.63,412567144.83,Stage 2,watchlist,weekly_watchlist,watchlist,35.65,22.58,29.77,2.0,31.77
IMAGICAA.NS,Imagicaaworld Entertainment Limited,Consumer Services,Stage 3,6.57,-3.02,30125221.31,"Stage 3, weekly_vcp_ok, weekly_strong, distribution_risk",watchlist,weekly_watchlist,watchlist,24.55,40.15,31.57,0.0,31.57
CGCL.NS,Capri Global Capital Limited,Financial Services,Stage 2,29.39,31.47,633190094.33,Stage 2,watchlist,weekly_watchlist,watchlist,36.89,20.49,29.51,2.0,31.51
DMART.NS,Avenue Supermarts Limited,Consumer Services,Stage 3,10.74,19.85,2375730441.39,"Stage 3, weekly_vcp_ok, weekly_strong, distribution_risk",watchlist,weekly_watchlist,watchlist,15.58,50.86,31.46,0.0,31.46
MRF.NS,MRF Limited,Automobile and Auto Components,Stage 4,-3.29,-7.92,763278353.75,"Stage 4, weekly_vcp_ok, weekly_strong, downtrend",watchlist,weekly_watchlist,watchlist,23.37,36.9,29.46,2.0,31.46
WHIRLPOOL.NS,Whirlpool of India Limited,Consumer Durables,Stage 3,-3.9,-6.16,172685888.12,"Stage 3, weekly_vcp_ok, volume_dryup, weekly_strong, distribution_risk",watchlist,weekly_watchlist,watchlist,24.5,39.8,31.39,0.0,31.39
JPPOWER.NS,Jaiprakash Power Ventures Limited,Power,Stage 1,5.99,8.59,3046152432.35,"Stage 1, volume_dryup, stage1_not_actionable, stage1_needs_more_base",watchlist,weekly_watchlist,watchlist,29.28,11.46,21.26,10.0,31.26
SENCO.NS,Senco Gold Limited,Consumer Durables,Stage 1,15.04,14.87,241934585.48,"Stage 1, weekly_vcp_ok, volume_dryup, weekly_strong, stage1_not_actionable, stage1_needs_more_base",watchlist,weekly_watchlist,watchlist,13.45,52.79,31.15,0.0,31.15
OBEROIRLTY.NS,Oberoi Realty Limited,Realty,Stage 1,12.62,11.56,724966437.59,"Stage 1, stage1_base_ready, weekly_vcp_ok, weekly_strong, stage1_not_actionable",watchlist,weekly_watchlist,watchlist,11.34,55.22,31.09,0.0,31.09
IRB.NS,IRB Infrastructure Developers Limited,Construction,Stage 1,1.41,12.66,301888169.72,"Stage 1, stage1_base_ready, weekly_vcp_ok, volume_dryup, weekly_strong, stage1_not_actionable",watchlist,weekly_watchlist,watchlist,15.0,46.21,29.04,2.0,31.04
GODIGIT.NS,Go Digit General Insurance Ltd.,Financial Services,Stage 4,-8.84,-3.61,341202245.62,"Stage 4, weekly_vcp_ok, volume_dryup, weekly_strong, downtrend",watchlist,weekly_watchlist,watchlist,23.38,35.8,28.97,2.0,30.97
CIPLA.NS,Cipla Limited,Healthcare,Stage 3,8.28,-1.04,2112415515.1,"Stage 3, volume_dryup, distribution_risk",watchlist,weekly_watchlist,watchlist,32.66,16.72,25.49,5.0,30.49
SBFC.NS,SBFC Finance Limited,Financial Services,Stage 3,9.51,0.28,98124226.93,"Stage 3, volume_dryup, distribution_risk",watchlist,weekly_watchlist,watchlist,38.5,16.18,28.46,2.0,30.46
IONEXCHANG.NS,ION Exchange (India) Limited,Construction,Stage 3,6.49,1.23,167554140.34,"Stage 3, weekly_vcp_ok, weekly_strong, distribution_risk",watchlist,weekly_watchlist,watchlist,17.57,41.67,28.41,2.0,30.41
RAILTEL.NS,Railtel Corporation Of India Limited,Telecommunication,Stage 3,16.27,5.26,239227571.04,"Stage 3, volume_dryup, distribution_risk",watchlist,weekly_watchlist,watchlist,33.35,4.55,20.39,10.0,30.39
HCC.NS,Hindustan Construction Company Limited,Construction,Stage 3,76.52,63.99,1345168997.3,"Stage 3, weekly_vcp_ok, weekly_strong, distribution_risk",watchlist,weekly_watchlist,watchlist,11.87,47.8,28.04,2.0,30.04
ASTRAZEN.NS,AstraZeneca Pharma India Limited,Healthcare,Stage 1,-1.08,1.34,98792907.0,"Stage 1, weekly_vcp_ok, volume_dryup, weekly_strong, stage1_not_actionable, stage1_needs_more_base",watchlist,weekly_watchlist,watchlist,10.28,42.93,24.97,5.0,29.97
ABBOTINDIA.NS,Abbott India Limited,Healthcare,Stage 3,-2.96,2.69,204029095.5,"Stage 3, weekly_vcp_ok, volume_dryup, distribution_risk",watchlist,weekly_watchlist,watchlist,23.91,26.1,24.9,5.0,29.9
PIIND.NS,PI Industries Limited,Chemicals,Stage 3,-4.85,-4.6,1062540007.19,"Stage 3, weekly_vcp_ok, weekly_strong, distribution_risk",watchlist,weekly_watchlist,watchlist,12.55,39.8,24.81,5.0,29.81
CREDITACC.NS,CREDITACCESS GRAMEEN LIMITED,Financial Services,Stage 3,20.06,17.84,292900517.95,"Stage 3, volume_dryup, distribution_risk",watchlist,weekly_watchlist,watchlist,40.89,11.79,27.8,2.0,29.8
ENDURANCE.NS,Endurance Technologies Limited,Automobile and Auto Components,Stage 1,13.39,7.87,283873965.89,"Stage 1, weekly_vcp_ok, weekly_strong, stage1_not_actionable, stage1_needs_more_base",watchlist,weekly_watchlist,watchlist,8.06,51.93,27.8,2.0,29.8
LUPIN.NS,Lupin Limited,Healthcare,Stage 3,2.61,19.1,1945882439.0,"Stage 3, volume_dryup, distribution_risk",watchlist,weekly_watchlist,watchlist,38.04,7.77,24.42,5.0,29.42
SWIGGY.NS,Swiggy Ltd.,Consumer Services,Stage 4,-12.14,-28.51,2985752367.49,"Stage 4, weekly_vcp_ok, weekly_strong, downtrend",watchlist,weekly_watchlist,watchlist,24.1,35.8,29.37,0.0,29.37
ALKEM.NS,Alkem Laboratories Limited,Healthcare,Stage 1,0.72,3.45,990645566.73,"Stage 1, volume_dryup, stage1_not_actionable, stage1_needs_more_base",watchlist,weekly_watchlist,watchlist,33.5,12.82,24.19,5.0,29.19
BOROLTD.NS,Borosil Limited,Consumer Durables,Stage 3,0.47,-15.04,21379115.75,"Stage 3, weekly_vcp_ok, weekly_strong, distribution_risk",watchlist,weekly_watchlist,watchlist,20.43,39.8,29.15,0.0,29.15
INOXWIND.NS,Inox Wind Limited,Capital Goods,Stage 3,14.37,-20.21,1490647737.54,"Stage 3, distribution_risk",watchlist,weekly_watchlist,watchlist,28.22,8.0,19.12,10.0,29.12
HINDCOPPER.NS,Hindustan Copper Ltd.,Metals & Mining,Stage 3,6.81,46.85,1906303187.15,"Stage 3, volume_dryup, distribution_risk",watchlist,weekly_watchlist,watchlist,36.23,8.97,23.96,5.0,28.96
BLS.NS,BLS International Services Ltd.,Consumer Services,Stage 3,9.4,-5.83,349041643.75,"Stage 3, weekly_vcp_ok, volume_dryup, distribution_risk",watchlist,weekly_watchlist,watchlist,30.82,26.46,28.86,0.0,28.86
FORTIS.NS,Fortis Healthcare Limited,Healthcare,Stage 1,15.84,18.37,1450088122.4,"Stage 1, stage1_not_actionable, stage1_needs_more_base",watchlist,weekly_watchlist,watchlist,32.33,13.42,23.82,5.0,28.82
INDUSTOWER.NS,Indus Towers Limited,Telecommunication,Stage 3,-5.45,8.79,2821431179.46,"Stage 3, distribution_risk",watchlist,weekly_watchlist,watchlist,27.98,7.53,18.78,10.0,28.78
RACE.NS,Race Eco Chain Limited,Utilities,Stage 3,1.57,-17.96,1622733.5,"Stage 3, weekly_vcp_ok, volume_dryup, weekly_strong, distribution_risk",watchlist,weekly_watchlist,watchlist,1.44,39.8,18.7,10.0,28.7
JUBLPHARMA.NS,Jubilant Pharmova Limited,Healthcare,Stage 3,10.98,-1.16,88305240.77,"Stage 3, volume_dryup, distribution_risk",watchlist,weekly_watchlist,watchlist,31.74,13.78,23.66,5.0,28.66
ESABINDIA.NS,Esab India Limited,Capital Goods,Stage 3,6.76,1.38,31145461.52,"Stage 3, weekly_vcp_ok, volume_dryup, weekly_strong, distribution_risk",watchlist,weekly_watchlist,watchlist,0.69,40.61,18.65,10.0,28.65
HINDALCO.NS,Hindalco Industries Limited,Metals & Mining,Stage 3,10.76,26.8,7257810325.52,"Stage 3, weekly_vcp_ok, weekly_strong, distribution_risk",watchlist,weekly_watchlist,watchlist,10.78,39.16,23.55,5.0,28.55
KKCL.NS,Kewal Kiran Clothing Limited,Textiles,Stage 3,9.94,11.22,12248109.49,"Stage 3, distribution_risk",watchlist,weekly_watchlist,watchlist,24.47,11.32,18.55,10.0,28.55
HIKAL.NS,Hikal Limited,Healthcare,Stage 3,21.57,-7.76,73069637.59,"Stage 3, distribution_risk",watchlist,weekly_watchlist,watchlist,33.33,11.58,23.54,5.0,28.54
MEDPLUS.NS,Medplus Health Services Limited,Consumer Services,Stage 1,-1.94,12.31,168201374.76,"Stage 1, weekly_vcp_ok, weekly_strong, stage1_not_actionable, stage1_needs_more_base",watchlist,weekly_watchlist,watchlist,8.21,53.04,28.38,0.0,28.38
360ONE.NS,360 ONE WAM LIMITED,Financial Services,Stage 1,8.86,9.43,1112898694.69,"Stage 1, stage1_not_actionable, stage1_needs_more_base",watchlist,weekly_watchlist,watchlist,31.7,19.83,26.36,2.0,28.36
MFSL.NS,Max Financial Services Limited,Financial Services,Stage 1,0.71,8.13,940924042.01,"Stage 1, stage1_base_ready, stage1_not_actionable",watchlist,weekly_watchlist,watchlist,36.53,13.88,26.34,2.0,28.34
PNCINFRA.NS,PNC Infratech Limited,Construction,Stage 3,19.41,-1.47,129860643.59,"Stage 3, distribution_risk",watchlist,weekly_watchlist,watchlist,33.13,17.79,26.23,2.0,28.23
INDGN.NS,Indegene Ltd.,Healthcare,Stage 3,17.63,8.11,102244117.1,"Stage 3, distribution_risk",watchlist,weekly_watchlist,watchlist,34.4,9.37,23.14,5.0,28.14
AMBER.NS,Amber Enterprises India Limited,Consumer Durables,Stage 2,16.32,27.69,3203545811.6,Stage 2,watchlist,weekly_watchlist,watchlist,35.74,18.8,28.12,0.0,28.12
CANFINHOME.NS,Can Fin Homes Limited,Financial Services,Stage 3,5.2,4.35,159481349.98,"Stage 3, distribution_risk",watchlist,weekly_watchlist,watchlist,33.16,16.96,25.87,2.0,27.87
TATACHEM.NS,Tata Chemicals Limited,Chemicals,Stage 3,14.42,6.31,616515432.15,"Stage 3, volume_dryup, distribution_risk",watchlist,weekly_watchlist,watchlist,33.27,10.07,22.83,5.0,27.83
SRF.NS,SRF Limited,Chemicals,Stage 1,7.49,-2.69,1326792777.8,"Stage 1, stage1_not_actionable, stage1_needs_more_base",watchlist,weekly_watchlist,watchlist,28.75,15.28,22.69,5.0,27.69
APTUS.NS,Aptus Value Housing Finance India Limited,Financial Services,Stage 3,27.92,3.36,197481648.91,"Stage 3, volume_dryup, distribution_risk",watchlist,weekly_watchlist,watchlist,34.33,14.73,25.51,2.0,27.51
AGARWALEYE.NS,Dr. Agarwal's Health Care Ltd.,Healthcare,Stage 1,5.7,1.51,34788778.59,"Stage 1, stage1_not_actionable, stage1_needs_more_base",watchlist,weekly_watchlist,watchlist,25.4,18.72,22.39,5.0,27.39
CESC.NS,CESC Limited,Power,Stage 3,7.83,9.67,346362397.25,"Stage 3, volume_dryup, distribution_risk",watchlist,weekly_watchlist,watchlist,31.57,0.0,17.36,10.0,27.36
RESPONIND.NS,Responsive Industries Limited,Consumer Durables,Stage 2,18.75,5.82,60589040.96,"Stage 2, volume_dryup",watchlist,weekly_watchlist,watchlist,29.73,24.06,27.18,0.0,27.18
PNC.NS,Pritish Nandy Communications Limited,"Media, Entertainment & Publication",Stage 3,7.57,-8.6,250209.84,"Stage 3, weekly_vcp_ok, distribution_risk",watchlist,weekly_watchlist,watchlist,24.2,26.1,25.05,2.0,27.05
AARTIPHARM.NS,Aarti Pharmalabs Limited,Healthcare,Stage 3,5.07,2.74,160212974.95,"Stage 3, distribution_risk",watchlist,weekly_watchlist,watchlist,33.53,7.98,22.03,5.0,27.03
NFL.NS,National Fertilizers Limited,Chemicals,Stage 3,12.43,-1.93,126002815.14,"Stage 3, distribution_risk",watchlist,weekly_watchlist,watchlist,31.63,10.25,22.01,5.0,27.01
UNOMINDA.NS,UNO Minda Limited,Automobile and Auto Components,Stage 1,5.66,-2.65,838801821.51,"Stage 1, weekly_vcp_ok, stage1_not_actionable, stage1_needs_more_base",watchlist,weekly_watchlist,watchlist,22.04,28.4,24.9,2.0,26.9
TIMETECHNO.NS,Time Technoplast Limited,Capital Goods,Stage 3,11.64,3.91,501171718.81,"Stage 3, distribution_risk",watchlist,weekly_watchlist,watchlist,28.38,2.76,16.85,10.0,26.85
RPOWER.NS,Reliance Power Limited,Power,Stage 3,17.89,-19.06,1017820518.81,"Stage 3, volume_dryup, distribution_risk",watchlist,weekly_watchlist,watchlist,24.07,8.0,16.84,10.0,26.84
HDFCAMC.NS,HDFC Asset Management Company Limited,Financial Services,Stage 3,13.89,17.15,2411337596.57,"Stage 3, distribution_risk",watchlist,weekly_watchlist,watchlist,35.02,12.3,24.8,2.0,26.8
APLAPOLLO.NS,APL Apollo Tubes Limited,Capital Goods,Stage 3,-4.85,13.88,1479062481.35,"Stage 3, distribution_risk",watchlist,weekly_watchlist,watchlist,27.43,3.3,16.57,10.0,26.57
KOTAKBANK.NS,Kotak Mahindra Bank Limited,Financial Services,Stage 1,6.62,-0.33,5671252728.13,"Stage 1, stage1_not_actionable, stage1_needs_more_base",watchlist,weekly_watchlist,watchlist,33.98,13.03,24.55,2.0,26.55
NESCO.NS,Nesco Limited,Services,Stage 3,4.86,-1.4,58044551.66,"Stage 3, weekly_vcp_ok, weekly_strong, distribution_risk",watchlist,weekly_watchlist,watchlist,6.09,40.15,21.42,5.0,26.42
ICICIBANK.NS,ICICI Bank Limited,Financial Services,Stage 3,5.88,7.37,20990951239.32,"Stage 3, distribution_risk",watchlist,weekly_watchlist,watchlist,34.53,11.73,24.27,2.0,26.27
ECLERX.NS,eClerx Services Limited,Services,Stage 3,-4.45,-28.55,288929603.96,"Stage 3, volume_dryup, distribution_risk",watchlist,weekly_watchlist,watchlist,32.1,8.0,21.26,5.0,26.26
SUNDRMFAST.NS,Sundram Fasteners Limited,Automobile and Auto Components,Stage 3,6.48,1.74,66883861.22,"Stage 3, distribution_risk",watchlist,weekly_watchlist,watchlist,30.27,16.82,24.22,2.0,26.22
AAVAS.NS,Aavas Financiers Ltd.,Financial Services,Stage 3,31.28,7.78,266039603.24,"Stage 3, distribution_risk",watchlist,weekly_watchlist,watchlist,31.27,15.51,24.18,2.0,26.18
ICICIGI.NS,ICICI Lombard General Insurance Company Limited,Financial Services,Stage 3,2.92,4.22,1270258454.88,"Stage 3, distribution_risk",watchlist,weekly_watchlist,watchlist,35.66,9.91,24.07,2.0,26.07
BSOFT.NS,BIRLASOFT LIMITED,Information Technology,Stage 3,-12.12,-16.61,483835640.88,"Stage 3, weekly_vcp_ok, volume_dryup, weekly_strong, distribution_risk",watchlist,weekly_watchlist,watchlist,14.78,39.8,26.04,0.0,26.04
HCG.NS,Healthcare Global Enterprises Limited,Healthcare,Stage 1,9.98,-5.84,80011955.53,"Stage 1, volume_dryup, stage1_not_actionable, stage1_needs_more_base",watchlist,weekly_watchlist,watchlist,29.69,10.41,21.01,5.0,26.01
RAMKY.NS,Ramky Infrastructure Limited,Construction,Stage 4,-13.57,-15.57,33007801.79,"Stage 4, weekly_vcp_ok, weekly_strong, downtrend",watchlist,weekly_watchlist,watchlist,14.08,35.8,23.85,2.0,25.85
SWANCORP.NS,Swan Corp Ltd.,Chemicals,Stage 3,-3.88,-25.16,216654051.68,"Stage 3, volume_dryup, distribution_risk",watchlist,weekly_watchlist,watchlist,31.2,8.0,20.76,5.0,25.76
ITCHOTELS.NS,ITC Hotels Ltd.,Consumer Services,Stage 3,10.83,-2.57,583312046.2,"Stage 3, distribution_risk",watchlist,weekly_watchlist,watchlist,33.03,16.83,25.74,0.0,25.74
TVSMOTOR.NS,TVS Motor Company Limited,Automobile and Auto Components,Stage 3,-1.81,2.75,3644330439.12,"Stage 3, weekly_vcp_ok, weekly_strong, distribution_risk",watchlist,weekly_watchlist,watchlist,10.52,39.89,23.74,2.0,25.74
FINPIPE.NS,Finolex Industries Limited,Capital Goods,Stage 3,-2.94,14.08,500896357.16,"Stage 3, distribution_risk",watchlist,weekly_watchlist,watchlist,25.69,3.51,15.71,10.0,25.71
SKFINDIA.NS,SKF India Limited,Capital Goods,Stage 3,2.73,-1.28,36634224.83,"Stage 3, distribution_risk",watchlist,weekly_watchlist,watchlist,21.9,8.14,15.71,10.0,25.71
ROLEXRINGS.NS,Rolex Rings Limited,Automobile and Auto Components,Stage 3,19.84,19.04,158722539.37,"Stage 3, volume_dryup, distribution_risk",watchlist,weekly_watchlist,watchlist,38.63,5.09,23.54,2.0,25.54
ACI.NS,Archean Chemical Industries Limited,Chemicals,Stage 3,-9.54,12.19,125098018.28,"Stage 3, weekly_vcp_ok, weekly_strong, distribution_risk",watchlist,weekly_watchlist,watchlist,4.52,40.07,20.52,5.0,25.52
BAJFINANCE.NS,Bajaj Finance Limited,Financial Services,Stage 1,13.74,4.03,9690105796.62,"Stage 1, stage1_not_actionable, stage1_needs_more_base",watchlist,weekly_watchlist,watchlist,34.06,10.58,23.49,2.0,25.49
SHARDAMOTR.NS,Sharda Motor Industries Limited,Automobile and Auto Components,Stage 3,2.83,-3.79,65261938.98,"Stage 3, weekly_vcp_ok, volume_dryup, weekly_strong, distribution_risk",watchlist,weekly_watchlist,watchlist,10.12,39.8,23.48,2.0,25.48
ITC.NS,ITC Limited,Fast Moving Consumer Goods,Stage 3,-1.0,-15.46,5037486118.36,"Stage 3, weekly_vcp_ok, volume_dryup, weekly_strong, distribution_risk",watchlist,weekly_watchlist,watchlist,7.1,47.8,25.41,0.0,25.41
UTKARSHBNK.NS,Utkarsh Small Finance Bank Limited,Financial Services,Stage 3,23.19,7.94,134506561.05,"Stage 3, distribution_risk",watchlist,weekly_watchlist,watchlist,33.45,11.11,23.4,2.0,25.4
RITES.NS,RITES Limited,Construction,Stage 3,10.05,4.18,186435567.87,"Stage 3, volume_dryup, distribution_risk",watchlist,weekly_watchlist,watchlist,32.62,11.82,23.26,2.0,25.26
COROMANDEL.NS,Coromandel International Limited,Chemicals,Stage 3,0.27,-2.72,777965385.42,"Stage 3, distribution_risk",watchlist,weekly_watchlist,watchlist,30.13,8.0,20.17,5.0,25.17
ASHOKLEY.NS,Ashok Leyland Limited,Capital Goods,Stage 3,-7.31,3.71,4790256038.52,"Stage 3, distribution_risk",watchlist,weekly_watchlist,watchlist,25.58,2.4,15.15,10.0,25.15
MAZDOCK.NS,Mazagon Dock Shipbuilders Limited,Capital Goods,Stage 3,4.83,15.02,1772756950.42,"Stage 3, volume_dryup, distribution_risk",watchlist,weekly_watchlist,watchlist,26.88,0.78,15.14,10.0,25.14
TANLA.NS,Tanla Platforms Limited,Information Technology,Stage 3,25.42,3.4,208021530.04,"Stage 3, weekly_vcp_ok, volume_dryup, weekly_strong, distribution_risk",watchlist,weekly_watchlist,watchlist,10.76,42.68,25.12,0.0,25.12
CARTRADE.NS,Cartrade Tech Limited,Consumer Services,Stage 2,54.02,1.62,3908568708.28,Stage 2,watchlist,weekly_watchlist,watchlist,28.19,21.16,25.03,0.0,25.03
SANDUMA.NS,Sandur Manganese & Iron Ores Limited,"Oil, Gas & Consumable Fuels",Stage 3,15.55,11.49,303944564.12,"Stage 3, volume_dryup, distribution_risk",watchlist,weekly_watchlist,watchlist,33.03,10.7,22.98,2.0,24.98
RECLTD.NS,REC Limited,Financial Services,Stage 3,5.78,16.56,1781842013.8,"Stage 3, volume_dryup, distribution_risk",watchlist,weekly_watchlist,watchlist,36.82,5.83,22.87,2.0,24.87
GAIL.NS,GAIL (India) Limited,"Oil, Gas & Consumable Fuels",Stage 1,18.71,13.87,1850842035.39,"Stage 1, stage1_not_actionable, stage1_needs_more_base",watchlist,weekly_watchlist,watchlist,31.72,12.06,22.87,2.0,24.87
GILLETTE.NS,Gillette India Limited,Fast Moving Consumer Goods,Stage 3,-3.79,8.14,265362535.85,"Stage 3, weekly_vcp_ok, weekly_strong, distribution_risk",watchlist,weekly_watchlist,watchlist,5.67,48.24,24.83,0.0,24.83
BIKAJI.NS,Bikaji Foods International Limited,Fast Moving Consumer Goods,Stage 3,4.94,-3.81,137192835.88,"Stage 3, weekly_vcp_ok, weekly_strong, distribution_risk",watchlist,weekly_watchlist,watchlist,5.86,47.91,24.78,0.0,24.78
JUBLINGREA.NS,Jubilant Ingrevia Limited,Chemicals,Stage 3,9.78,0.39,213894129.49,"Stage 3, volume_dryup, distribution_risk",watchlist,weekly_watchlist,watchlist,30.88,5.82,19.6,5.0,24.6
FDC.NS,FDC Limited,Healthcare,Stage 3,13.69,1.5,248379160.09,"Stage 3, volume_dryup, distribution_risk",watchlist,weekly_watchlist,watchlist,32.32,3.92,19.54,5.0,24.54
PVRINOX.NS,PVR INOX Limited,"Media, Entertainment & Publication",Stage 3,-6.69,-3.16,167357414.75,"Stage 3, weekly_vcp_ok, volume_dryup, weekly_strong, distribution_risk",watchlist,weekly_watchlist,watchlist,8.39,39.8,22.52,2.0,24.52
DELTACORP.NS,Delta Corp Limited,Consumer Services,Stage 3,21.03,1.61,601331352.45,"Stage 3, weekly_vcp_ok, volume_dryup, weekly_strong, distribution_risk",watchlist,weekly_watchlist,watchlist,10.14,42.06,24.5,0.0,24.5
CHOLAHLDNG.NS,Cholamandalam Financial Holdings Limited,Financial Services,Stage 3,8.21,-5.03,321671405.63,"Stage 3, distribution_risk",watchlist,weekly_watchlist,watchlist,28.16,15.52,22.47,2.0,24.47
SUDARSCHEM.NS,Sudarshan Chemical Industries Limited,Chemicals,Stage 3,10.14,2.82,258298685.81,"Stage 3, volume_dryup, distribution_risk",watchlist,weekly_watchlist,watchlist,32.37,3.7,19.47,5.0,24.47
COFORGE.NS,Coforge Limited,Information Technology,Stage 3,32.13,-12.68,4932556746.02,"Stage 3, distribution_risk",watchlist,weekly_watchlist,watchlist,35.13,11.15,24.34,0.0,24.34
TCIEXP.NS,TCI Express Limited,Services,Stage 3,7.97,1.33,7761684.27,"Stage 3, weekly_vcp_ok, volume_dryup, weekly_strong, distribution_risk",watchlist,weekly_watchlist,watchlist,1.81,40.73,19.32,5.0,24.32
WONDERLA.NS,Wonderla Holidays Limited,Consumer Services,Stage 4,-8.57,-2.06,18868714.8,"Stage 4, weekly_vcp_ok, volume_dryup, weekly_strong, downtrend",watchlist,weekly_watchlist,watchlist,13.95,36.9,24.28,0.0,24.28
TATAELXSI.NS,Tata Elxsi Limited,Information Technology,Stage 3,0.62,-8.9,1161674249.64,"Stage 3, weekly_vcp_ok, weekly_strong, distribution_risk",watchlist,weekly_watchlist,watchlist,11.35,39.8,24.15,0.0,24.15
DEVYANI.NS,Devyani International Limited,Consumer Services,Stage 3,8.91,-0.27,367177395.78,"Stage 3, weekly_vcp_ok, distribution_risk",watchlist,weekly_watchlist,watchlist,21.76,26.96,24.1,0.0,24.1
ROSSARI.NS,Rossari Biotech Limited,Chemicals,Stage 3,33.02,6.6,68635149.91,"Stage 3, volume_dryup, distribution_risk",watchlist,weekly_watchlist,watchlist,20.84,16.76,19.0,5.0,24.0
UPL.NS,UPL Limited,Chemicals,Stage 3,-2.35,-10.64,1157300654.48,"Stage 3, distribution_risk",watchlist,weekly_watchlist,watchlist,33.49,1.2,18.96,5.0,23.96
PFIZER.NS,Pfizer Limited,Healthcare,Stage 3,-7.73,-1.9,123001016.27,"Stage 3, weekly_vcp_ok, weekly_strong, distribution_risk",watchlist,weekly_watchlist,watchlist,4.75,36.13,18.87,5.0,23.87
ESCORTS.NS,Escorts Kubota Limited,Capital Goods,Stage 4,-4.12,-14.36,444434361.17,"Stage 4, downtrend",watchlist,weekly_watchlist,watchlist,25.2,0.0,13.86,10.0,23.86
GPPL.NS,Gujarat Pipavav Port Limited,Services,Stage 3,0.51,-11.99,343269033.1,"Stage 3, distribution_risk",watchlist,weekly_watchlist,watchlist,25.9,10.2,18.84,5.0,23.84
RELIGARE.NS,Religare Enterprises Limited,Financial Services,Stage 3,12.1,18.87,265398294.14,"Stage 3, distribution_risk",watchlist,weekly_watchlist,watchlist,31.47,9.9,21.76,2.0,23.76
RENUKA.NS,Shree Renuka Sugars Limited,Fast Moving Consumer Goods,Stage 3,-4.86,-3.52,226893041.01,"Stage 3, weekly_vcp_ok, weekly_strong, distribution_risk",watchlist,weekly_watchlist,watchlist,10.62,39.8,23.75,0.0,23.75
SUZLON.NS,Suzlon Energy Limited,Capital Goods,Stage 3,42.24,21.79,6588856697.02,"Stage 3, distribution_risk",watchlist,weekly_watchlist,watchlist,16.09,10.8,13.71,10.0,23.71
DHANUKA.NS,Dhanuka Agritech Limited,Chemicals,Stage 3,4.52,-2.87,52473362.34,"Stage 3, volume_dryup, distribution_risk",watchlist,weekly_watchlist,watchlist,27.24,8.17,18.66,5.0,23.66
IOB.NS,Indian Overseas Bank,Financial Services,Stage 3,9.04,10.11,164243598.47,"Stage 3, distribution_risk",watchlist,weekly_watchlist,watchlist,31.19,9.91,21.61,2.0,23.61
VESUVIUS.NS,Vesuvius India Limited,Capital Goods,Stage 3,-4.02,9.09,25105920.08,"Stage 3, volume_dryup, distribution_risk",watchlist,weekly_watchlist,watchlist,23.33,1.71,13.6,10.0,23.6
IRCON.NS,Ircon International Limited,Construction,Stage 3,8.64,-0.9,258045788.15,"Stage 3, volume_dryup, distribution_risk",watchlist,weekly_watchlist,watchlist,31.97,8.77,21.53,2.0,23.53
LTM.NS,LTIMindtree Ltd.,Information Technology,Stage 3,-9.33,-30.07,1971186230.4,"Stage 3, weekly_vcp_ok, weekly_strong, distribution_risk",watchlist,weekly_watchlist,watchlist,10.12,39.8,23.48,0.0,23.48
HYUNDAI.NS,Hyundai Motor India Ltd.,Automobile and Auto Components,Stage 3,-0.72,-5.89,3778256776.45,"Stage 3, volume_dryup, distribution_risk",watchlist,weekly_watchlist,watchlist,30.45,10.4,21.43,2.0,23.43
JMFINANCIL.NS,JM Financial Limited,Financial Services,Stage 3,2.9,-1.37,475137449.42,"Stage 3, weekly_vcp_ok, weekly_strong, distribution_risk",watchlist,weekly_watchlist,watchlist,5.28,41.05,21.38,2.0,23.38
DCAL.NS,Dishman Carbogen Amcis Limited,Healthcare,Stage 3,-2.38,-18.17,63873695.97,"Stage 3, volume_dryup, distribution_risk",watchlist,weekly_watchlist,watchlist,26.84,8.0,18.36,5.0,23.36
POWERGRID.NS,Power Grid Corporation of India Limited,Power,Stage 1,-3.33,21.0,3643496954.99,"Stage 1, stage1_base_ready, volume_dryup, stage1_not_actionable",watchlist,weekly_watchlist,watchlist,18.74,6.77,13.35,10.0,23.35
INDHOTEL.NS,The Indian Hotels Company Limited,Consumer Services,Stage 3,16.27,9.43,1468969024.85,"Stage 3, distribution_risk",watchlist,weekly_watchlist,watchlist,38.35,4.97,23.33,0.0,23.33
ACC.NS,ACC Limited,Construction Materials,Stage 3,-1.97,-15.38,236396016.16,"Stage 3, volume_dryup, distribution_risk",watchlist,weekly_watchlist,watchlist,29.33,16.0,23.33,0.0,23.33
SHREECEM.NS,SHREE CEMENT LIMITED,Construction Materials,Stage 3,5.62,4.08,715617663.5,"Stage 3, distribution_risk",watchlist,weekly_watchlist,watchlist,29.07,16.17,23.27,0.0,23.27
HINDZINC.NS,Hindustan Zinc Limited,Metals & Mining,Stage 3,11.54,7.04,2448963374.18,"Stage 3, volume_dryup, distribution_risk",watchlist,weekly_watchlist,watchlist,28.71,5.46,18.25,5.0,23.25
UCOBANK.NS,UCO Bank,Financial Services,Stage 3,11.1,6.23,359148829.44,"Stage 3, distribution_risk",watchlist,weekly_watchlist,watchlist,30.55,9.73,21.18,2.0,23.18
BORORENEW.NS,BOROSIL RENEWABLES LIMITED,Capital Goods,Stage 3,42.76,20.38,641772694.42,"Stage 3, distribution_risk",watchlist,weekly_watchlist,watchlist,12.25,14.31,13.18,10.0,23.18
HINDPETRO.NS,Hindustan Petroleum Corporation Limited,"Oil, Gas & Consumable Fuels",Stage 1,18.89,-7.95,2535772234.69,"Stage 1, stage1_not_actionable, stage1_needs_more_base",watchlist,weekly_watchlist,watchlist,27.29,13.49,21.08,2.0,23.08
SPANDANA.NS,Spandana Sphoorty Financial Limited,Financial Services,Stage 1,20.8,0.85,80531135.01,"Stage 1, stage1_not_actionable, stage1_needs_more_base",watchlist,weekly_watchlist,watchlist,28.26,12.16,21.02,2.0,23.02
PPLPHARMA.NS,Piramal Pharma Ltd.,Healthcare,Stage 3,15.25,2.45,429963605.56,"Stage 3, weekly_vcp_ok, volume_dryup, distribution_risk",watchlist,weekly_watchlist,watchlist,9.89,27.87,17.98,5.0,22.98
GENSOL.NS,Gensol Engineering Limited,Services,Stage 3,7.7,-6.77,1979697.59,"Stage 3, weekly_vcp_ok, weekly_strong, distribution_risk",watchlist,weekly_watchlist,watchlist,0.0,39.89,17.95,5.0,22.95
GALAXYSURF.NS,Galaxy Surfactants Limited,Chemicals,Stage 3,10.61,5.86,37391916.15,"Stage 3, distribution_risk",watchlist,weekly_watchlist,watchlist,23.72,10.85,17.93,5.0,22.93
HOMEFIRST.NS,Home First Finance Company India Limited,Financial Services,Stage 3,16.02,5.92,241590929.09,"Stage 3, distribution_risk",watchlist,weekly_watchlist,watchlist,27.89,12.39,20.92,2.0,22.92
3MINDIA.NS,3M India Limited,Diversified,Stage 1,-1.38,0.95,102579854.25,"Stage 1, volume_dryup, stage1_not_actionable, stage1_needs_more_base",watchlist,weekly_watchlist,watchlist,31.47,12.4,22.89,0.0,22.89
HGINFRA.NS,H.G. Infra Engineering Limited,Construction,Stage 3,18.84,-14.66,214331189.91,"Stage 3, weekly_vcp_ok, weekly_strong, distribution_risk",watchlist,weekly_watchlist,watchlist,4.79,40.22,20.73,2.0,22.73
ONESOURCE.NS,Onesource Specialty Pharma Ltd.,Healthcare,Stage 3,7.93,7.23,392610226.36,"Stage 3, volume_dryup, distribution_risk",watchlist,weekly_watchlist,watchlist,31.97,0.32,17.73,5.0,22.73
UBL.NS,United Breweries Limited,Fast Moving Consumer Goods,Stage 3,-16.32,-8.93,206179368.83,"Stage 3, volume_dryup, distribution_risk",watchlist,weekly_watchlist,watchlist,34.7,8.0,22.69,0.0,22.69
WAAREEENER.NS,Waaree Energies Ltd.,Capital Goods,Stage 1,-2.8,16.37,3162164433.55,"Stage 1, volume_dryup, stage1_not_actionable, stage1_needs_more_base",watchlist,weekly_watchlist,watchlist,21.24,2.16,12.65,10.0,22.65
ORISSAMINE.NS,The Orissa Minerals Development Company Limited,Metals & Mining,Stage 3,17.53,-4.95,33893236.03,"Stage 3, volume_dryup, distribution_risk",watchlist,weekly_watchlist,watchlist,24.46,9.26,17.62,5.0,22.62
PAYTM.NS,One 97 Communications Limited,Financial Services,Stage 3,2.8,-6.26,2223974712.15,"Stage 3, distribution_risk",watchlist,weekly_watchlist,watchlist,30.91,8.0,20.6,2.0,22.6
BLUEDART.NS,Blue Dart Express Limited,Services,Stage 3,-3.88,0.94,67025901.46,"Stage 3, distribution_risk",watchlist,weekly_watchlist,watchlist,29.97,2.4,17.56,5.0,22.56
HEXT.NS,Hexaware Technologies Ltd.,Information Technology,Stage 3,18.78,-25.34,320524765.86,"Stage 3, distribution_risk",watchlist,weekly_watchlist,watchlist,27.91,16.0,22.55,0.0,22.55
ZENSARTECH.NS,Zensar Technologies Limited,Information Technology,Stage 3,-21.61,-30.51,391220608.59,"Stage 3, weekly_vcp_ok, weekly_strong, distribution_risk",watchlist,weekly_watchlist,watchlist,8.43,39.8,22.55,0.0,22.55
CHOICEIN.NS,Choice International Limited,Financial Services,Stage 3,10.73,3.82,456619774.21,"Stage 3, distribution_risk",watchlist,weekly_watchlist,watchlist,29.59,9.45,20.53,2.0,22.53
BAJAJHLDNG.NS,Bajaj Holdings & Investment Limited,Financial Services,Stage 3,8.54,4.24,448981820.2,"Stage 3, distribution_risk",watchlist,weekly_watchlist,watchlist,29.7,9.28,20.51,2.0,22.51
ICRA.NS,ICRA Limited,Financial Services,Stage 3,-0.31,-4.12,47513547.5,"Stage 3, distribution_risk",watchlist,weekly_watchlist,watchlist,24.2,16.0,20.51,2.0,22.51
GLAXO.NS,GlaxoSmithKline Pharmaceuticals Limited,Healthcare,Stage 4,-1.21,0.4,324283120.89,"Stage 4, downtrend",watchlist,weekly_watchlist,watchlist,26.58,6.4,17.5,5.0,22.5
BATAINDIA.NS,Bata India Limited,Consumer Durables,Stage 3,13.56,-12.59,676176741.89,"Stage 3, distribution_risk",watchlist,weekly_watchlist,watchlist,32.3,10.5,22.49,0.0,22.49
CENTURYPLY.NS,Century Plyboards (India) Limited,Consumer Durables,Stage 1,13.15,-0.8,121779617.64,"Stage 1, volume_dryup, stage1_not_actionable, stage1_needs_more_base",watchlist,weekly_watchlist,watchlist,36.19,5.64,22.44,0.0,22.44
NETWORK18.NS,Network18 Media & Investments Limited,"Media, Entertainment & Publication",Stage 3,10.31,-10.94,495513925.48,"Stage 3, distribution_risk",watchlist,weekly_watchlist,watchlist,28.82,10.2,20.44,2.0,22.44
NIITMTS.NS,NIIT Learning Systems Limited,Consumer Services,Stage 3,-21.67,-34.74,123561504.85,"Stage 3, weekly_vcp_ok, weekly_strong, distribution_risk",watchlist,weekly_watchlist,watchlist,8.22,39.8,22.43,0.0,22.43
WIPRO.NS,Wipro Limited,Information Technology,Stage 3,-5.87,-21.17,6894429245.46,"Stage 3, weekly_vcp_ok, weekly_strong, distribution_risk",watchlist,weekly_watchlist,watchlist,8.13,39.8,22.38,0.0,22.38
JINDALSTEL.NS,Jindal Steel & Power Limited,Metals & Mining,Stage 3,-1.87,21.41,1243577066.95,"Stage 3, distribution_risk",watchlist,weekly_watchlist,watchlist,29.93,1.95,17.34,5.0,22.34
VAIBHAVGBL.NS,Vaibhav Global Limited,Consumer Durables,Stage 1,12.29,11.16,82750801.98,"Stage 1, stage1_not_actionable, stage1_needs_more_base",watchlist,weekly_watchlist,watchlist,28.48,14.54,22.21,0.0,22.21
GHCL.NS,GHCL Limited,Chemicals,Stage 3,-0.39,-13.98,197644599.5,"Stage 3, distribution_risk",watchlist,weekly_watchlist,watchlist,29.01,2.4,17.04,5.0,22.04
VSTTILLERS.NS,V.S.T Tillers Tractors Limited,Capital Goods,Stage 3,-13.72,-12.71,43363540.32,"Stage 3, volume_dryup, distribution_risk",watchlist,weekly_watchlist,watchlist,20.75,1.2,11.95,10.0,21.95
HAL.NS,Hindustan Aeronautics Limited,Capital Goods,Stage 1,14.09,12.92,4200542695.89,"Stage 1, volume_dryup, stage1_not_actionable, stage1_needs_more_base",watchlist,weekly_watchlist,watchlist,13.71,9.5,11.82,10.0,21.82
SALASAR.NS,Salasar Techno Engineering Limited,Capital Goods,Stage 3,0.48,-13.02,24116615.15,"Stage 3, distribution_risk",watchlist,weekly_watchlist,watchlist,19.4,2.4,11.75,10.0,21.75
LICHSGFIN.NS,LIC Housing Finance Limited,Financial Services,Stage 1,11.9,12.59,710725519.47,"Stage 1, stage1_not_actionable, stage1_needs_more_base",watchlist,weekly_watchlist,watchlist,33.19,3.25,19.72,2.0,21.72
INTELLECT.NS,Intellect Design Arena Limited,Information Technology,Stage 3,11.13,-19.19,353387353.2,"Stage 3, weekly_vcp_ok, volume_dryup, weekly_strong, distribution_risk",watchlist,weekly_watchlist,watchlist,6.88,39.8,21.69,0.0,21.69
GARFIBRES.NS,Garware Technical Fibres Limited,Textiles,Stage 3,28.32,26.23,221775803.87,"Stage 3, distribution_risk",watchlist,weekly_watchlist,watchlist,14.71,7.86,11.63,10.0,21.63
IDFCFIRSTB.NS,IDFC First Bank Limited,Financial Services,Stage 1,23.84,1.53,2170136307.35,"Stage 1, stage1_not_actionable, stage1_needs_more_base",watchlist,weekly_watchlist,watchlist,30.74,5.74,19.49,2.0,21.49
ANURAS.NS,Anupam Rasayan India Limited,Chemicals,Stage 3,1.13,4.52,395140776.84,"Stage 3, distribution_risk",watchlist,weekly_watchlist,watchlist,29.99,0.0,16.49,5.0,21.49
IRFC.NS,Indian Railway Finance Corporation Limited,Financial Services,Stage 3,2.87,-1.66,908053586.58,"Stage 3, distribution_risk",watchlist,weekly_watchlist,watchlist,28.78,8.12,19.48,2.0,21.48
PNB.NS,Punjab National Bank,Financial Services,Stage 1,0.4,1.61,2110294752.91,"Stage 1, stage1_not_actionable, stage1_needs_more_base",watchlist,weekly_watchlist,watchlist,25.28,12.4,19.48,2.0,21.48
CHEMPLASTS.NS,Chemplast Sanmar Limited,Chemicals,Stage 3,-24.03,-6.97,224737233.29,"Stage 3, distribution_risk",watchlist,weekly_watchlist,watchlist,26.9,3.6,16.41,5.0,21.41
PGHH.NS,Procter & Gamble Hygiene and Health Care Limited,Fast Moving Consumer Goods,Stage 3,-8.33,-19.34,154219853.8,"Stage 3, distribution_risk",watchlist,weekly_watchlist,watchlist,32.2,8.0,21.31,0.0,21.31
INDIACEM.NS,The India Cements Limited,Construction Materials,Stage 3,3.54,-7.2,60901610.77,"Stage 3, volume_dryup, distribution_risk",watchlist,weekly_watchlist,watchlist,32.1,8.0,21.26,0.0,21.26
ATUL.NS,Atul Limited,Chemicals,Stage 1,2.36,18.12,122505322.4,"Stage 1, volume_dryup, stage1_not_actionable, stage1_needs_more_base",watchlist,weekly_watchlist,watchlist,25.95,4.05,16.1,5.0,21.1
DLF.NS,DLF Limited,Realty,Stage 3,13.34,-0.77,2636023729.62,"Stage 3, distribution_risk",watchlist,weekly_watchlist,watchlist,28.59,11.66,20.97,0.0,20.97
BBTC.NS,Bombay Burmah Trading Corporation Limited,Fast Moving Consumer Goods,Stage 3,-0.31,-10.05,51899475.58,"Stage 3, volume_dryup, distribution_risk",watchlist,weekly_watchlist,watchlist,29.47,10.4,20.89,0.0,20.89
ZAGGLE.NS,Zaggle Prepaid Ocean Services Limited,Information Technology,Stage 3,1.05,-32.11,188055985.07,"Stage 3, volume_dryup, distribution_risk",watchlist,weekly_watchlist,watchlist,30.95,8.0,20.62,0.0,20.62
ABREL.NS,Aditya Birla Real Estate Ltd.,Forest Materials,Stage 3,6.76,-18.92,246234686.35,"Stage 3, distribution_risk",watchlist,weekly_watchlist,watchlist,30.81,8.0,20.55,0.0,20.55
SBILIFE.NS,SBI Life Insurance Company Limited,Financial Services,Stage 3,-7.24,-2.51,1655775171.36,"Stage 3, volume_dryup, distribution_risk",watchlist,weekly_watchlist,watchlist,27.14,8.0,18.53,2.0,20.53
LEMONTREE.NS,Lemon Tree Hotels Limited,Consumer Services,Stage 3,4.36,-20.94,369619945.84,"Stage 3, volume_dryup, distribution_risk",watchlist,weekly_watchlist,watchlist,30.73,8.0,20.5,0.0,20.5
PATANJALI.NS,Patanjali Foods Ltd.,Fast Moving Consumer Goods,Stage 3,-12.59,-14.37,1333768813.08,"Stage 3, weekly_vcp_ok, weekly_strong, distribution_risk",watchlist,weekly_watchlist,watchlist,4.62,39.8,20.45,0.0,20.45
ORIENTELEC.NS,Orient Electric Limited,Consumer Durables,Stage 3,8.13,8.94,31895708.38,"Stage 3, weekly_vcp_ok, volume_dryup, weekly_strong, distribution_risk",watchlist,weekly_watchlist,watchlist,3.08,41.51,20.37,0.0,20.37
GRINFRA.NS,G R Infraprojects Limited,Construction,Stage 3,-1.42,-6.05,36224463.75,"Stage 3, weekly_vcp_ok, volume_dryup, weekly_strong, distribution_risk",watchlist,weekly_watchlist,watchlist,0.75,39.8,18.32,2.0,20.32
COCHINSHIP.NS,Cochin Shipyard Limited,Capital Goods,Stage 3,5.26,5.05,1525222828.99,"Stage 3, volume_dryup, distribution_risk",watchlist,weekly_watchlist,watchlist,11.12,9.03,10.18,10.0,20.18
CRISIL.NS,CRISIL Limited,Financial Services,Stage 3,2.61,2.48,170587922.27,"Stage 3, distribution_risk",watchlist,weekly_watchlist,watchlist,23.04,12.11,18.12,2.0,20.12
IEX.NS,Indian Energy Exchange Limited,Financial Services,Stage 3,3.64,-2.17,536877928.03,"Stage 3, volume_dryup, distribution_risk",watchlist,weekly_watchlist,watchlist,32.8,0.15,18.11,2.0,20.11
SUNDARMFIN.NS,Sundaram Finance Limited,Financial Services,Stage 4,-8.76,1.35,488804888.22,"Stage 4, weekly_vcp_ok, weekly_strong, downtrend",watchlist,weekly_watchlist,watchlist,3.56,35.8,18.07,2.0,20.07
JSL.NS,Jindal Stainless Limited,Metals & Mining,Stage 4,-3.4,-3.83,529243982.06,"Stage 4, downtrend",watchlist,weekly_watchlist,watchlist,23.98,4.0,14.99,5.0,19.99
SHARDACROP.NS,Sharda Cropchem Limited,Chemicals,Stage 4,-12.78,4.65,236636895.47,"Stage 4, volume_dryup, downtrend",watchlist,weekly_watchlist,watchlist,27.2,0.0,14.96,5.0,19.96
SBICARD.NS,SBI Cards and Payment Services Limited,Financial Services,Stage 4,-12.97,-18.0,693771117.88,"Stage 4, volume_dryup, downtrend",watchlist,weekly_watchlist,watchlist,27.36,6.2,17.84,2.0,19.84
SOBHA.NS,Sobha Limited,Realty,Stage 3,9.86,4.46,118280319.6,"Stage 3, volume_dryup, distribution_risk",watchlist,weekly_watchlist,watchlist,32.63,3.83,19.67,0.0,19.67
GICRE.NS,General Insurance Corporation of India,Financial Services,Stage 1,0.34,7.94,774140291.35,"Stage 1, stage1_not_actionable, stage1_needs_more_base",watchlist,weekly_watchlist,watchlist,30.73,1.63,17.64,2.0,19.64
GUJALKALI.NS,Gujarat Alkalies and Chemicals Limited,Chemicals,Stage 3,29.44,34.41,58638837.86,"Stage 3, volume_dryup, distribution_risk",watchlist,weekly_watchlist,watchlist,14.75,14.39,14.59,5.0,19.59
LTTS.NS,L&T Technology Services Ltd.,Information Technology,Stage 3,-0.16,-17.03,393373062.69,"Stage 3, distribution_risk",watchlist,weekly_watchlist,watchlist,28.81,8.0,19.45,0.0,19.45
AMBUJACEM.NS,Ambuja Cements Limited,Construction Materials,Stage 3,-0.38,-13.48,1440190249.18,"Stage 3, volume_dryup, distribution_risk",watchlist,weekly_watchlist,watchlist,29.43,7.2,19.43,0.0,19.43
JYOTICNC.NS,Jyoti CNC Automation Ltd.,Capital Goods,Stage 3,-2.5,-13.33,1533632593.41,"Stage 3, distribution_risk",watchlist,weekly_watchlist,watchlist,11.12,7.2,9.36,10.0,19.36
KANSAINER.NS,Kansai Nerolac Paints Limited,Consumer Durables,Stage 3,18.81,1.08,77983828.45,"Stage 3, distribution_risk",watchlist,weekly_watchlist,watchlist,24.83,12.39,19.23,0.0,19.23
AFFLE.NS,Affle (India) Limited,Information Technology,Stage 4,10.71,-4.88,332213429.28,"Stage 4, volume_dryup, downtrend",watchlist,weekly_watchlist,watchlist,29.16,6.78,19.09,0.0,19.09
BEL.NS,Bharat Electronics Limited,Capital Goods,Stage 3,-2.74,18.99,4981593141.76,"Stage 3, distribution_risk",watchlist,weekly_watchlist,watchlist,12.25,5.23,9.09,10.0,19.09
KPIGREEN.NS,KPI Green Energy Limited,Power,Stage 3,7.52,5.99,262638271.59,"Stage 3, volume_dryup, distribution_risk",watchlist,weekly_watchlist,watchlist,10.48,7.35,9.07,10.0,19.07
MAHSEAMLES.NS,Maharashtra Seamless Limited,Capital Goods,Stage 3,11.96,20.34,64469174.74,"Stage 3, volume_dryup, distribution_risk",watchlist,weekly_watchlist,watchlist,10.83,6.83,9.03,10.0,19.03
DOMS.NS,DOMS Industries Ltd.,Fast Moving Consumer Goods,Stage 3,-0.5,-2.96,1018495983.05,"Stage 3, distribution_risk",watchlist,weekly_watchlist,watchlist,28.03,8.0,19.02,0.0,19.02
HDFCBANK.NS,HDFC Bank Limited,Financial Services,Stage 3,-2.52,-11.63,28718854352.41,"Stage 3, distribution_risk",watchlist,weekly_watchlist,watchlist,21.43,11.6,17.01,2.0,19.01
MRPL.NS,Mangalore Refinery and Petrochemicals Limited,"Oil, Gas & Consumable Fuels",Stage 4,-18.39,14.01,1218284251.91,"Stage 4, weekly_vcp_ok, weekly_strong, downtrend",watchlist,weekly_watchlist,watchlist,1.25,35.8,16.8,2.0,18.8
ABFRL.NS,Aditya Birla Fashion and Retail Limited,Consumer Services,Stage 3,4.83,-12.8,308915365.69,"Stage 3, volume_dryup, distribution_risk",watchlist,weekly_watchlist,watchlist,32.1,2.4,18.73,0.0,18.73
EIHOTEL.NS,EIH Limited,Consumer Services,Stage 3,0.6,-4.16,61161314.28,"Stage 3, distribution_risk",watchlist,weekly_watchlist,watchlist,28.39,6.8,18.67,0.0,18.67
COLPAL.NS,Colgate Palmolive (India) Limited,Fast Moving Consumer Goods,Stage 3,5.14,4.64,1052164424.08,"Stage 3, distribution_risk",watchlist,weekly_watchlist,watchlist,28.18,6.98,18.64,0.0,18.64
HDFCLIFE.NS,HDFC Life Insurance Company Limited,Financial Services,Stage 4,-8.07,-13.36,1676754436.29,"Stage 4, volume_dryup, downtrend",watchlist,weekly_watchlist,watchlist,26.97,4.0,16.63,2.0,18.63
JKLAKSHMI.NS,JK Lakshmi Cement Limited,Construction Materials,Stage 3,0.04,-13.19,85283292.73,"Stage 3, distribution_risk",watchlist,weekly_watchlist,watchlist,27.87,7.2,18.57,0.0,18.57
RELIANCE.NS,Reliance Industries Limited,"Oil, Gas & Consumable Fuels",Stage 3,-6.83,-7.01,22527687888.96,"Stage 3, distribution_risk",watchlist,weekly_watchlist,watchlist,26.17,4.8,16.55,2.0,18.55
HEIDELBERG.NS,HeidelbergCement India Limited,Construction Materials,Stage 3,0.17,-3.24,26359032.98,"Stage 3, distribution_risk",watchlist,weekly_watchlist,watchlist,24.2,11.6,18.53,0.0,18.53
AHLUCONT.NS,Ahluwalia Contracts (India) Limited,Construction,Stage 3,11.83,-4.7,36950875.12,"Stage 3, distribution_risk",watchlist,weekly_watchlist,watchlist,20.95,11.11,16.52,2.0,18.52
JUBLFOOD.NS,Jubilant Foodworks Limited,Consumer Services,Stage 3,-9.58,-16.57,2009391588.97,"Stage 3, volume_dryup, distribution_risk",watchlist,weekly_watchlist,watchlist,30.7,3.6,18.51,0.0,18.51
FORCEMOT.NS,FORCE MOTORS LTD,Automobile and Auto Components,Stage 3,-11.88,17.01,1996627867.75,"Stage 3, distribution_risk",watchlist,weekly_watchlist,watchlist,28.61,1.71,16.51,2.0,18.51
JKTYRE.NS,JK Tyre & Industries Limited,Automobile and Auto Components,Stage 3,-4.61,-5.83,761481760.54,"Stage 3, distribution_risk",watchlist,weekly_watchlist,watchlist,27.94,2.4,16.45,2.0,18.45
GREENPANEL.NS,Greenpanel Industries Limited,Consumer Durables,Stage 3,-4.78,-11.17,33760350.42,"Stage 3, weekly_vcp_ok, volume_dryup, weekly_strong, distribution_risk",watchlist,weekly_watchlist,watchlist,0.0,40.9,18.41,0.0,18.41
LAOPALA.NS,La Opala RG Limited,Consumer Durables,Stage 3,-3.11,-2.14,16999684.03,"Stage 3, weekly_vcp_ok, weekly_strong, distribution_risk",watchlist,weekly_watchlist,watchlist,0.0,40.9,18.41,0.0,18.41
PSB.NS,Punjab & Sind Bank,Financial Services,Stage 3,8.36,1.15,49261661.95,"Stage 3, distribution_risk",watchlist,weekly_watchlist,watchlist,21.47,10.15,16.38,2.0,18.38
KNRCON.NS,KNR Constructions Limited,Construction,Stage 3,17.04,5.76,227887622.14,"Stage 3, weekly_vcp_ok, distribution_risk",watchlist,weekly_watchlist,watchlist,6.54,28.38,16.37,2.0,18.37
DBCORP.NS,D.B.Corp Limited,"Media, Entertainment & Publication",Stage 3,-5.57,-11.73,9490532.72,"Stage 3, volume_dryup, distribution_risk",watchlist,weekly_watchlist,watchlist,23.2,8.0,16.36,2.0,18.36
HINDUNILVR.NS,Hindustan Unilever Limited,Fast Moving Consumer Goods,Stage 3,3.81,4.25,4856453436.51,"Stage 3, volume_dryup, distribution_risk",watchlist,weekly_watchlist,watchlist,30.7,3.21,18.33,0.0,18.33
BRIGADE.NS,Brigade Enterprises Limited,Realty,Stage 3,8.59,-7.63,422357362.32,"Stage 3, distribution_risk",watchlist,weekly_watchlist,watchlist,27.3,7.3,18.3,0.0,18.3
NTPC.NS,NTPC Limited,Power,Stage 3,-4.04,22.54,4785746745.6,"Stage 3, distribution_risk",watchlist,weekly_watchlist,watchlist,14.41,0.0,7.93,10.0,17.93
CYIENT.NS,Cyient Limited,Information Technology,Stage 3,1.69,-16.76,504495396.02,"Stage 3, distribution_risk",watchlist,weekly_watchlist,watchlist,25.6,8.0,17.68,0.0,17.68
CENTRALBK.NS,Central Bank of India,Financial Services,Stage 3,-2.52,1.16,641354493.03,"Stage 3, distribution_risk",watchlist,weekly_watchlist,watchlist,28.4,0.0,15.62,2.0,17.62
GRAPHITE.NS,Graphite India Limited,Capital Goods,Stage 3,4.8,27.84,587683833.7,"Stage 3, volume_dryup, distribution_risk",watchlist,weekly_watchlist,watchlist,11.51,2.06,7.26,10.0,17.26
GODFRYPHLP.NS,Godfrey Phillips India Limited,Fast Moving Consumer Goods,Stage 3,11.94,-11.17,725555355.92,"Stage 3, volume_dryup, distribution_risk",watchlist,weekly_watchlist,watchlist,31.28,0.08,17.24,0.0,17.24
PRSMJOHNSN.NS,Prism Johnson Limited,Construction Materials,Stage 3,-7.49,0.48,63661202.4,"Stage 3, volume_dryup, distribution_risk",watchlist,weekly_watchlist,watchlist,31.2,0.0,17.16,0.0,17.16
MAHLIFE.NS,Mahindra Lifespace Developers Limited,Realty,Stage 1,-2.62,-3.96,41172313.86,"Stage 1, volume_dryup, stage1_not_actionable, stage1_needs_more_base",watchlist,weekly_watchlist,watchlist,19.86,13.6,17.04,0.0,17.04
SPLPETRO.NS,Supreme Petrochem Limited,Chemicals,Stage 3,13.25,25.11,55837940.39,"Stage 3, distribution_risk",watchlist,weekly_watchlist,watchlist,17.42,5.04,11.85,5.0,16.85
DABUR.NS,Dabur India Limited,Fast Moving Consumer Goods,Stage 3,-3.39,-6.49,985724229.19,"Stage 3, volume_dryup, distribution_risk",watchlist,weekly_watchlist,watchlist,30.52,0.0,16.79,0.0,16.79
SAKSOFT.NS,Saksoft Limited,Information Technology,Stage 4,17.89,-23.79,57935722.91,"Stage 4, volume_dryup, downtrend",watchlist,weekly_watchlist,watchlist,27.2,4.0,16.76,0.0,16.76
SAIL.NS,Steel Authority of India Limited,Metals & Mining,Stage 3,16.2,46.1,3671749398.78,"Stage 3, volume_dryup, distribution_risk",watchlist,weekly_watchlist,watchlist,18.16,3.83,11.71,5.0,16.71
BLUESTARCO.NS,Blue Star Limited,Consumer Durables,Stage 3,-5.59,-0.87,745019123.77,"Stage 3, distribution_risk",watchlist,weekly_watchlist,watchlist,28.97,1.2,16.47,0.0,16.47
BAJAJFINSV.NS,Bajaj Finserv Limited,Financial Services,Stage 3,1.35,-4.65,1561689103.17,"Stage 3, distribution_risk",watchlist,weekly_watchlist,watchlist,19.52,8.0,14.34,2.0,16.34
PFC.NS,Power Finance Corporation Limited,Financial Services,Stage 3,3.65,38.51,2522196587.25,"Stage 3, distribution_risk",watchlist,weekly_watchlist,watchlist,16.73,11.42,14.34,2.0,16.34
LGBBROSLTD.NS,LG Balakrishnan & Bros Limited,Automobile and Auto Components,Stage 3,-12.63,-8.21,39293724.09,"Stage 3, volume_dryup, distribution_risk",watchlist,weekly_watchlist,watchlist,19.44,8.0,14.29,2.0,16.29
ALOKINDS.NS,Alok Industries Limited,Textiles,Stage 3,1.59,-7.65,134773354.14,"Stage 3, distribution_risk",watchlist,weekly_watchlist,watchlist,8.42,3.6,6.25,10.0,16.25
HAPPSTMNDS.NS,Happiest Minds Technologies Limited,Information Technology,Stage 3,-8.91,-20.81,327500408.04,"Stage 3, distribution_risk",watchlist,weekly_watchlist,watchlist,25.57,4.8,16.22,0.0,16.22
SAPPHIRE.NS,Sapphire Foods India Limited,Consumer Services,Stage 3,13.35,-9.88,311640408.27,"Stage 3, distribution_risk",watchlist,weekly_watchlist,watchlist,27.17,2.75,16.18,0.0,16.18
EMAMILTD.NS,Emami Limited,Fast Moving Consumer Goods,Stage 4,0.09,-14.35,162965987.94,"Stage 4, downtrend",watchlist,weekly_watchlist,watchlist,29.39,0.0,16.16,0.0,16.16
TARC.NS,TARC Limited,Realty,Stage 3,-0.94,-7.55,44092326.27,"Stage 3, volume_dryup, distribution_risk",watchlist,weekly_watchlist,watchlist,22.82,8.0,16.15,0.0,16.15
GODREJCP.NS,Godrej Consumer Products Ltd.,Fast Moving Consumer Goods,Stage 3,-3.46,-6.58,1415224714.08,"Stage 3, volume_dryup, distribution_risk",watchlist,weekly_watchlist,watchlist,29.32,0.0,16.13,0.0,16.13
ALLCARGO.NS,Allcargo Logistics Limited,Services,Stage 4,6.41,-12.87,41351223.43,"Stage 4, downtrend",watchlist,weekly_watchlist,watchlist,16.82,4.0,11.05,5.0,16.05
NAVNETEDUL.NS,Navneet Education Limited,"Media, Entertainment & Publication",Stage 3,9.0,7.91,22797322.44,"Stage 3, distribution_risk",watchlist,weekly_watchlist,watchlist,22.11,4.09,14.0,2.0,16.0
M&M.NS,Mahindra & Mahindra Limited,Automobile and Auto Components,Stage 3,-0.87,-7.08,10103951536.74,"Stage 3, distribution_risk",watchlist,weekly_watchlist,watchlist,25.43,0.0,13.99,2.0,15.99
METROBRAND.NS,Metro Brands Limited,Consumer Durables,Stage 3,3.85,-0.45,26145530.5,"Stage 3, distribution_risk",watchlist,weekly_watchlist,watchlist,22.22,8.34,15.97,0.0,15.97
VRLLOG.NS,VRL Logistics Limited,Services,Stage 3,-4.99,-1.66,36739245.91,"Stage 3, volume_dryup, distribution_risk",watchlist,weekly_watchlist,watchlist,17.93,2.4,10.94,5.0,15.94
VENTIVE.NS,Ventive Hospitality Ltd.,Consumer Services,Stage 3,-3.27,-0.48,33235849.13,"Stage 3, distribution_risk",watchlist,weekly_watchlist,watchlist,19.2,11.6,15.78,0.0,15.78
SHOPERSTOP.NS,Shoppers Stop Limited,Consumer Services,Stage 3,22.84,-11.19,18083758.61,"Stage 3, volume_dryup, distribution_risk",watchlist,weekly_watchlist,watchlist,23.12,6.77,15.76,0.0,15.76
VGUARD.NS,V-Guard Industries Limited,Consumer Durables,Stage 3,-8.07,3.14,72013414.4,"Stage 3, volume_dryup, distribution_risk",watchlist,weekly_watchlist,watchlist,28.62,0.0,15.74,0.0,15.74
RTNPOWER.NS,RattanIndia Power Limited,Power,Stage 3,10.92,7.49,165602748.05,"Stage 3, volume_dryup, distribution_risk",watchlist,weekly_watchlist,watchlist,10.43,0.0,5.74,10.0,15.74
ELECTCAST.NS,Electrosteel Castings Limited,Capital Goods,Stage 3,11.23,17.11,243825098.08,"Stage 3, distribution_risk",watchlist,weekly_watchlist,watchlist,9.04,1.63,5.71,10.0,15.71
PNBHOUSING.NS,PNB Housing Finance Limited,Financial Services,Stage 3,25.44,19.89,779474410.63,"Stage 3, volume_dryup, distribution_risk",watchlist,weekly_watchlist,watchlist,17.28,9.33,13.7,2.0,15.7
JSWHL.NS,JSW Holdings Limited,Financial Services,Stage 3,-23.1,-30.67,48236239.0,"Stage 3, distribution_risk",watchlist,weekly_watchlist,watchlist,18.08,8.0,13.54,2.0,15.54
BECTORFOOD.NS,Mrs. Bectors Food Specialities Limited,Fast Moving Consumer Goods,Stage 3,2.29,-16.01,137182547.27,"Stage 3, distribution_risk",watchlist,weekly_watchlist,watchlist,27.2,1.2,15.5,0.0,15.5
COHANCE.NS,Cohance Lifesciences Ltd.,Healthcare,Stage 3,33.79,-14.99,307392467.8,"Stage 3, volume_dryup, distribution_risk",watchlist,weekly_watchlist,watchlist,11.01,9.88,10.5,5.0,15.5
DEEPAKNTR.NS,Deepak Nitrite Limited,Chemicals,Stage 3,14.52,10.88,170306157.14,"Stage 3, volume_dryup, distribution_risk",watchlist,weekly_watchlist,watchlist,14.56,4.94,10.23,5.0,15.23
RHIM.NS,RHI MAGNESITA INDIA LIMITED,Capital Goods,Stage 3,-1.64,-5.13,375535735.39,"Stage 3, volume_dryup, distribution_risk",watchlist,weekly_watchlist,watchlist,8.0,1.2,4.94,10.0,14.94
PURVA.NS,Puravankara Limited,Realty,Stage 3,14.02,-1.09,34622436.96,"Stage 3, volume_dryup, distribution_risk",watchlist,weekly_watchlist,watchlist,23.99,3.69,14.86,0.0,14.86
PILANIINVS.NS,Pilani Investment and Industries Corporation Limited,Financial Services,Stage 4,-9.39,-5.76,12918193.99,"Stage 4, volume_dryup, downtrend",watchlist,weekly_watchlist,watchlist,17.7,6.2,12.53,2.0,14.53
KAYNES.NS,Kaynes Technology India Limited,Capital Goods,Stage 3,-10.63,-12.72,3229569073.37,"Stage 3, volume_dryup, distribution_risk",watchlist,weekly_watchlist,watchlist,8.0,0.0,4.4,10.0,14.4
HAVELLS.NS,Havells India Limited,Consumer Durables,Stage 4,-10.5,-7.31,1062448202.49,"Stage 4, volume_dryup, downtrend",watchlist,weekly_watchlist,watchlist,25.82,0.0,14.2,0.0,14.2
KAJARIACER.NS,Kajaria Ceramics Limited,Consumer Durables,Stage 3,25.2,15.64,234444145.63,"Stage 3, volume_dryup, distribution_risk",watchlist,weekly_watchlist,watchlist,17.83,9.68,14.16,0.0,14.16
SYNGENE.NS,Syngene International Limited,Healthcare,Stage 3,6.23,-24.02,410082755.64,"Stage 3, volume_dryup, distribution_risk",watchlist,weekly_watchlist,watchlist,10.0,8.0,9.1,5.0,14.1
INDIANB.NS,Indian Bank,Financial Services,Stage 3,1.6,22.47,3149467880.44,"Stage 3, volume_dryup, distribution_risk",watchlist,weekly_watchlist,watchlist,20.98,1.21,12.08,2.0,14.08
POONAWALLA.NS,Poonawalla Fincorp Limited,Financial Services,Stage 3,4.78,4.38,726804383.0,"Stage 3, distribution_risk",watchlist,weekly_watchlist,watchlist,12.79,11.12,12.04,2.0,14.04
HEROMOTOCO.NS,Hero MotoCorp Limited,Automobile and Auto Components,Stage 3,-5.65,-5.0,2691163171.7,"Stage 3, volume_dryup, distribution_risk",watchlist,weekly_watchlist,watchlist,21.86,0.0,12.02,2.0,14.02
GMMPFAUDLR.NS,GMM Pfaudler Limited,Capital Goods,Stage 4,-10.05,-15.26,142624658.03,"Stage 4, volume_dryup, downtrend",watchlist,weekly_watchlist,watchlist,6.88,0.0,3.78,10.0,13.78
JIOFIN.NS,Jio Financial Services Limited,Financial Services,Stage 3,0.26,-8.8,2828382117.98,"Stage 3, volume_dryup, distribution_risk",watchlist,weekly_watchlist,watchlist,8.29,16.0,11.76,2.0,13.76
JKIL.NS,J.Kumar Infraprojects Limited,Construction,Stage 3,-0.61,-1.48,45511175.7,"Stage 3, distribution_risk",watchlist,weekly_watchlist,watchlist,19.2,2.4,11.64,2.0,13.64
RAMCOCEM.NS,The Ramco Cements Limited,Construction Materials,Stage 4,-8.25,-7.87,166688383.17,"Stage 4, volume_dryup, downtrend",watchlist,weekly_watchlist,watchlist,24.6,0.0,13.53,0.0,13.53
EMUDHRA.NS,eMudhra Limited,Information Technology,Stage 3,10.07,-15.91,29304133.37,"Stage 3, volume_dryup, distribution_risk",watchlist,weekly_watchlist,watchlist,21.65,3.6,13.53,0.0,13.53
DBL.NS,Dilip Buildcon Limited,Construction,Stage 3,-1.35,6.0,43204856.89,"Stage 3, distribution_risk",watchlist,weekly_watchlist,watchlist,20.95,0.0,11.52,2.0,13.52
MARUTI.NS,Maruti Suzuki India Limited,Automobile and Auto Components,Stage 3,4.49,-10.5,5410055743.75,"Stage 3, distribution_risk",watchlist,weekly_watchlist,watchlist,7.85,16.0,11.52,2.0,13.52
CHOLAFIN.NS,Cholamandalam Investment and Finance Company Limited,Financial Services,Stage 1,14.55,9.07,2484089921.89,"Stage 1, stage1_not_actionable, stage1_needs_more_base",watchlist,weekly_watchlist,watchlist,8.74,14.76,11.45,2.0,13.45
WESTLIFE.NS,WESTLIFE FOODWORLD LIMITED,Consumer Services,Stage 3,6.53,-4.22,31004786.76,"Stage 3, volume_dryup, distribution_risk",watchlist,weekly_watchlist,watchlist,22.22,2.63,13.4,0.0,13.4
LXCHEM.NS,Laxmi Organic Industries Limited,Chemicals,Stage 3,26.42,-4.17,472938930.47,"Stage 3, volume_dryup, distribution_risk",watchlist,weekly_watchlist,watchlist,11.35,4.62,8.32,5.0,13.32
GESHIP.NS,The Great Eastern Shipping Company Limited,Services,Stage 3,-1.4,38.95,1214958712.23,"Stage 3, volume_dryup, distribution_risk",watchlist,weekly_watchlist,watchlist,11.38,3.76,7.95,5.0,12.95
POLYMED.NS,Poly Medicure Limited,Healthcare,Stage 3,24.19,-7.6,335450069.38,"Stage 3, distribution_risk",watchlist,weekly_watchlist,watchlist,6.53,9.66,7.94,5.0,12.94
HATSUN.NS,Hatsun Agro Product Limited,Fast Moving Consumer Goods,Stage 1,-6.75,1.23,17840117.5,"Stage 1, volume_dryup, stage1_not_actionable, stage1_needs_more_base",watchlist,weekly_watchlist,watchlist,19.89,4.4,12.92,0.0,12.92
MHRIL.NS,Mahindra Holidays & Resorts India Limited,Consumer Services,Stage 4,-10.95,-14.72,188781031.35,"Stage 4, downtrend",watchlist,weekly_watchlist,watchlist,23.2,0.0,12.76,0.0,12.76
TTKPRESTIG.NS,TTK Prestige Limited,Consumer Durables,Stage 3,9.9,-5.14,44317085.89,"Stage 3, volume_dryup, distribution_risk",watchlist,weekly_watchlist,watchlist,22.93,0.0,12.61,0.0,12.61
TATASTEEL.NS,Tata Steel Limited,Metals & Mining,Stage 3,4.76,27.02,5884234725.66,"Stage 3, distribution_risk",watchlist,weekly_watchlist,watchlist,13.12,0.78,7.57,5.0,12.57
GREENLAM.NS,Greenlam Industries Limited,Consumer Durables,Stage 1,16.19,7.81,145780877.35,"Stage 1, volume_dryup, stage1_not_actionable, stage1_needs_more_base",watchlist,weekly_watchlist,watchlist,17.14,6.8,12.49,0.0,12.49
MCX.NS,Multi Commodity Exchange of India Limited,Financial Services,Stage 3,8.97,47.65,10673095357.42,"Stage 3, distribution_risk",watchlist,weekly_watchlist,watchlist,11.43,9.26,10.45,2.0,12.45
SUNTV.NS,Sun TV Network Limited,"Media, Entertainment & Publication",Stage 3,-14.93,2.78,241522898.0,"Stage 3, volume_dryup, distribution_risk",watchlist,weekly_watchlist,watchlist,15.0,4.8,10.41,2.0,12.41
RUSTOMJEE.NS,Keystone Realtors Limited,Realty,Stage 3,-1.41,-19.44,12482763.09,"Stage 3, volume_dryup, distribution_risk",watchlist,weekly_watchlist,watchlist,20.32,2.4,12.26,0.0,12.26
GSFC.NS,Gujarat State Fertilizers & Chemicals Limited,Chemicals,Stage 3,4.72,4.3,111534191.11,"Stage 3, distribution_risk",watchlist,weekly_watchlist,watchlist,5.9,8.9,7.25,5.0,12.25
RALLIS.NS,Rallis India Limited,Chemicals,Stage 3,-5.94,-4.19,105565583.35,"Stage 3, distribution_risk",watchlist,weekly_watchlist,watchlist,11.87,1.2,7.07,5.0,12.07
IREDA.NS,Indian Renewable Energy Development Agency Ltd.,Financial Services,Stage 3,7.81,5.06,958131018.95,"Stage 3, volume_dryup, distribution_risk",watchlist,weekly_watchlist,watchlist,10.54,9.29,9.98,2.0,11.98
FSL.NS,Firstsource Solutions Limited,Services,Stage 3,9.28,-18.34,470559168.45,"Stage 3, volume_dryup, distribution_risk",watchlist,weekly_watchlist,watchlist,7.75,6.0,6.96,5.0,11.96
CONCOR.NS,Container Corporation of India Limited,Services,Stage 3,5.23,3.49,864062975.32,"Stage 3, distribution_risk",watchlist,weekly_watchlist,watchlist,9.7,3.27,6.81,5.0,11.81
VSTIND.NS,VST Industries Limited,Fast Moving Consumer Goods,Stage 3,17.3,11.5,63503386.84,"Stage 3, volume_dryup, distribution_risk",watchlist,weekly_watchlist,watchlist,12.54,10.88,11.79,0.0,11.79
COALINDIA.NS,Coal India Limited,"Oil, Gas & Consumable Fuels",Stage 3,-2.47,26.66,10108043628.03,"Stage 3, volume_dryup, distribution_risk",watchlist,weekly_watchlist,watchlist,16.79,1.22,9.78,2.0,11.78
SIGNATURE.NS,Signatureglobal (India) Ltd.,Realty,Stage 3,-2.2,-21.06,229351680.06,"Stage 3, distribution_risk",watchlist,weekly_watchlist,watchlist,12.88,10.2,11.67,0.0,11.67
RAJESHEXPO.NS,Rajesh Exports Limited,Consumer Durables,Stage 3,-3.09,-42.36,37595075.72,"Stage 3, distribution_risk",watchlist,weekly_watchlist,watchlist,19.07,2.4,11.57,0.0,11.57
SONATSOFTW.NS,Sonata Software Limited,Information Technology,Stage 3,26.41,-4.74,1143538306.94,"Stage 3, distribution_risk",watchlist,weekly_watchlist,watchlist,5.92,18.17,11.43,0.0,11.43
AIIL.NS,Authum Investment & Infrastructure Ltd.,Financial Services,Stage 3,11.32,5.91,911045497.34,"Stage 3, distribution_risk",watchlist,weekly_watchlist,watchlist,5.85,13.32,9.21,2.0,11.21
GODREJIND.NS,Godrej Industries Limited,Diversified,Stage 3,33.24,17.65,158161173.99,"Stage 3, volume_dryup, distribution_risk",watchlist,weekly_watchlist,watchlist,15.21,6.29,11.2,0.0,11.2
SARDAEN.NS,Sarda Energy & Minerals Limited,Metals & Mining,Stage 3,0.92,11.34,256852809.81,"Stage 3, volume_dryup, distribution_risk",watchlist,weekly_watchlist,watchlist,11.1,0.03,6.12,5.0,11.12
ASHOKA.NS,Ashoka Buildcon Limited,Construction,Stage 3,17.84,-12.93,361833210.85,"Stage 3, distribution_risk",watchlist,weekly_watchlist,watchlist,7.49,10.69,8.93,2.0,10.93
EPIGRAL.NS,Epigral Limited,Chemicals,Stage 3,31.62,-11.36,33992463.71,"Stage 3, volume_dryup, distribution_risk",watchlist,weekly_watchlist,watchlist,2.28,10.03,5.77,5.0,10.77
SULA.NS,Sula Vineyards Limited,Fast Moving Consumer Goods,Stage 3,2.13,-17.05,38045792.52,"Stage 3, distribution_risk",watchlist,weekly_watchlist,watchlist,12.95,8.0,10.72,0.0,10.72
ULTRACEMCO.NS,UltraTech Cement Limited,Construction Materials,Stage 3,3.28,6.31,4352861180.95,"Stage 3, distribution_risk",watchlist,weekly_watchlist,watchlist,11.61,8.96,10.42,0.0,10.42
CEATLTD.NS,Ceat Ltd.,Automobile and Auto Components,Stage 3,-2.71,0.55,391295750.54,"Stage 3, distribution_risk",watchlist,weekly_watchlist,watchlist,6.51,10.2,8.17,2.0,10.17
POLICYBZR.NS,PB Fintech Limited,Financial Services,Stage 3,8.11,-2.29,2546118457.39,"Stage 3, volume_dryup, distribution_risk",watchlist,weekly_watchlist,watchlist,7.74,8.58,8.12,2.0,10.12
BAYERCROP.NS,Bayer Cropscience Limited,Chemicals,Stage 3,-6.27,5.97,140389035.86,"Stage 3, distribution_risk",watchlist,weekly_watchlist,watchlist,9.22,0.0,5.07,5.0,10.07
SYMPHONY.NS,Symphony Limited,Consumer Durables,Stage 3,-12.77,-10.98,51121381.46,"Stage 3, volume_dryup, distribution_risk",watchlist,weekly_watchlist,watchlist,11.62,8.0,9.99,0.0,9.99
MUTHOOTFIN.NS,Muthoot Finance Limited,Financial Services,Stage 3,-6.49,-8.49,2207161882.01,"Stage 3, distribution_risk",watchlist,weekly_watchlist,watchlist,11.52,3.6,7.96,2.0,9.96
ONGC.NS,Oil & Natural Gas Corporation Limited,"Oil, Gas & Consumable Fuels",Stage 3,-10.32,16.02,4422574756.54,"Stage 3, distribution_risk",watchlist,weekly_watchlist,watchlist,14.44,0.0,7.94,2.0,9.94
AWL.NS,Adani Wilmar Limited,Fast Moving Consumer Goods,Stage 3,3.27,-15.46,528139828.71,"Stage 3, distribution_risk",watchlist,weekly_watchlist,watchlist,11.38,8.0,9.86,0.0,9.86
DISHTV.NS,Dish TV India Limited,"Media, Entertainment & Publication",Stage 3,41.09,-8.73,7959262.35,"Stage 3, volume_dryup, distribution_risk",watchlist,weekly_watchlist,watchlist,4.86,11.24,7.73,2.0,9.73
MANYAVAR.NS,Vedant Fashions Limited,Consumer Services,Stage 3,11.54,-23.0,59548579.29,"Stage 3, volume_dryup, distribution_risk",watchlist,weekly_watchlist,watchlist,10.87,8.0,9.58,0.0,9.58
RVNL.NS,Rail Vikas Nigam Limited,Construction,Stage 3,-8.83,-12.53,3006784232.81,"Stage 3, distribution_risk",watchlist,weekly_watchlist,watchlist,7.23,8.0,7.58,2.0,9.58
FUSION.NS,Fusion Micro Finance Limited,Financial Services,Stage 3,10.67,22.76,77878853.39,"Stage 3, distribution_risk",watchlist,weekly_watchlist,watchlist,10.75,3.34,7.42,2.0,9.42
EASEMYTRIP.NS,Easy Trip Planners Limited,Consumer Services,Stage 3,13.72,11.87,620963841.47,"Stage 3, distribution_risk",watchlist,weekly_watchlist,watchlist,7.43,11.76,9.38,0.0,9.38
M&MFIN.NS,Mahindra & Mahindra Financial Services Limited,Financial Services,Stage 3,-7.42,-8.57,622876807.35,"Stage 3, volume_dryup, distribution_risk",watchlist,weekly_watchlist,watchlist,10.16,3.6,7.21,2.0,9.21
BIRLACORPN.NS,Birla Corporation Limited,Construction Materials,Stage 3,23.16,2.4,58019266.22,"Stage 3, distribution_risk",watchlist,weekly_watchlist,watchlist,7.57,10.56,8.92,0.0,8.92
MSUMI.NS,Motherson Sumi Wiring India Limited,Automobile and Auto Components,Stage 3,0.21,-7.96,370142943.01,"Stage 3, distribution_risk",watchlist,weekly_watchlist,watchlist,6.34,7.2,6.73,2.0,8.73
UJJIVANSFB.NS,Ujjivan Small Finance Bank Limited,Financial Services,Stage 3,7.27,13.18,508318886.32,"Stage 3, volume_dryup, distribution_risk",watchlist,weekly_watchlist,watchlist,12.07,0.0,6.64,2.0,8.64
DALMIASUG.NS,Dalmia Bharat Sugar and Industries Limited,Fast Moving Consumer Goods,Stage 1,10.43,20.47,27954393.26,"Stage 1, volume_dryup, stage1_not_actionable, stage1_needs_more_base",watchlist,weekly_watchlist,watchlist,4.84,13.09,8.55,0.0,8.55
DBREALTY.NS,D B Realty Limited,Realty,Stage 3,20.21,9.53,102680368.09,"Stage 3, volume_dryup, distribution_risk",watchlist,weekly_watchlist,watchlist,10.72,5.37,8.31,0.0,8.31
HEMIPROP.NS,Hemisphere Properties India Limited,Realty,Stage 1,0.92,16.27,68100155.6,"Stage 1, volume_dryup, stage1_not_actionable, stage1_needs_more_base",watchlist,weekly_watchlist,watchlist,10.84,4.92,8.18,0.0,8.18
TATACONSUM.NS,TATA CONSUMER PRODUCTS LIMITED,Fast Moving Consumer Goods,Stage 1,5.47,2.82,2152761539.22,"Stage 1, volume_dryup, stage1_not_actionable, stage1_needs_more_base",watchlist,weekly_watchlist,watchlist,12.46,2.83,8.13,0.0,8.13
NCC.NS,NCC Limited,Construction,Stage 3,7.48,8.14,285059402.07,"Stage 3, distribution_risk",watchlist,weekly_watchlist,watchlist,7.8,3.96,6.07,2.0,8.07
DALBHARAT.NS,Dalmia Bharat Limited,Construction Materials,Stage 4,-12.21,-9.09,425876506.08,"Stage 4, downtrend",watchlist,weekly_watchlist,watchlist,9.18,6.2,7.84,0.0,7.84
KPITTECH.NS,KPIT Technologies Limited,Information Technology,Stage 3,13.52,-27.02,1022255280.16,"Stage 3, volume_dryup, distribution_risk",watchlist,weekly_watchlist,watchlist,9.33,6.0,7.83,0.0,7.83
GUJGASLTD.NS,Gujarat Gas Limited,"Oil, Gas & Consumable Fuels",Stage 3,7.81,8.33,299383855.71,"Stage 3, volume_dryup, distribution_risk",watchlist,weekly_watchlist,watchlist,10.27,0.0,5.65,2.0,7.65
MAPMYINDIA.NS,C.E. Info Systems Limited,Information Technology,Stage 3,-0.8,-38.05,259957351.74,"Stage 3, distribution_risk",watchlist,weekly_watchlist,watchlist,6.93,8.0,7.41,0.0,7.41
MANINFRA.NS,Man Infraconstruction Limited,Construction,Stage 3,15.04,-9.97,234643043.44,"Stage 3, distribution_risk",watchlist,weekly_watchlist,watchlist,7.38,2.91,5.37,2.0,7.37
VEDL.NS,Vedanta Limited,Metals & Mining,Stage 4,-55.87,-38.52,6353732454.44,"Stage 4, volume_dryup, downtrend",watchlist,weekly_watchlist,watchlist,3.87,0.0,2.13,5.0,7.13
BRITANNIA.NS,Britannia Industries Limited,Fast Moving Consumer Goods,Stage 4,-10.27,-6.97,1738768138.62,"Stage 4, volume_dryup, downtrend",watchlist,weekly_watchlist,watchlist,12.58,0.0,6.92,0.0,6.92
SAGILITY.NS,Sagility Ltd.,Information Technology,Stage 3,3.78,-14.44,536088440.36,"Stage 3, distribution_risk",watchlist,weekly_watchlist,watchlist,8.28,4.8,6.71,0.0,6.71
NUCLEUS.NS,Nucleus Software Exports Limited,Information Technology,Stage 3,-5.8,-7.99,139718496.45,"Stage 3, distribution_risk",watchlist,weekly_watchlist,watchlist,5.62,8.0,6.69,0.0,6.69
ICICIPRULI.NS,ICICI Prudential Life Insurance Company Limited,Financial Services,Stage 3,-12.64,-12.57,870868757.37,"Stage 3, distribution_risk",watchlist,weekly_watchlist,watchlist,8.46,0.0,4.65,2.0,6.65
SUNTECK.NS,Sunteck Realty Limited,Realty,Stage 3,3.65,-9.7,126265588.04,"Stage 3, volume_dryup, distribution_risk",watchlist,weekly_watchlist,watchlist,9.5,2.4,6.31,0.0,6.31
OIL.NS,Oil India Limited,"Oil, Gas & Consumable Fuels",Stage 3,-14.18,14.44,1984443464.18,"Stage 3, distribution_risk",watchlist,weekly_watchlist,watchlist,3.65,4.83,4.18,2.0,6.18
DCMSHRIRAM.NS,DCM Shriram Limited,Diversified,Stage 3,-1.23,-6.78,46478022.07,"Stage 3, volume_dryup, distribution_risk",watchlist,weekly_watchlist,watchlist,1.6,10.2,5.47,0.0,5.47
BAJAJHIND.NS,Bajaj Hindusthan Sugar Limited,Fast Moving Consumer Goods,Stage 3,20.79,11.2,147755425.53,"Stage 3, distribution_risk",watchlist,weekly_watchlist,watchlist,8.86,0.0,4.87,0.0,4.87
SUBROS.NS,Subros Limited,Automobile and Auto Components,Stage 3,9.12,-4.16,27253259.04,"Stage 3, distribution_risk",watchlist,weekly_watchlist,watchlist,2.82,2.9,2.86,2.0,4.86
RSYSTEMS.NS,R Systems International Limited,Information Technology,Stage 3,-1.77,-28.01,69069222.57,"Stage 3, volume_dryup, distribution_risk",watchlist,weekly_watchlist,watchlist,7.75,0.0,4.26,0.0,4.26
JYOTHYLAB.NS,Jyothy Labs Limited,Fast Moving Consumer Goods,Stage 3,-4.63,-21.83,166441340.64,"Stage 3, distribution_risk",watchlist,weekly_watchlist,watchlist,6.24,0.0,3.43,0.0,3.43
KFINTECH.NS,Kfin Technologies Limited,Financial Services,Stage 4,-1.56,-3.43,918399568.43,"Stage 4, downtrend",watchlist,weekly_watchlist,watchlist,2.52,0.0,1.39,2.0,3.39
STARCEMENT.NS,Star Cement Limited,Construction Materials,Stage 3,-0.3,5.77,98776473.44,"Stage 3, distribution_risk",watchlist,weekly_watchlist,watchlist,4.92,0.55,2.95,0.0,2.95
BALMLAWRIE.NS,Balmer Lawrie & Company Limited,Diversified,Stage 3,10.05,15.21,30692978.92,"Stage 3, distribution_risk",watchlist,weekly_watchlist,watchlist,0.4,4.93,2.44,0.0,2.44
KALYANKJIL.NS,Kalyan Jewellers India Limited,Consumer Durables,Stage 3,0.82,-11.43,3585077145.35,"Stage 3, distribution_risk",watchlist,weekly_watchlist,watchlist,3.75,0.0,2.06,0.0,2.06
